{"blimp": {"by_uid": {"adjunct_island": 0.5960000157356262, "anaphor_gender_agreement": 0.47200000286102295, "anaphor_number_agreement": 0.7429999709129333, "animate_subject_passive": 0.6679999828338623, "animate_subject_trans": 0.7099999785423279, "causative": 0.46700000762939453, "complex_NP_island": 0.45100000500679016, "coordinate_structure_constraint_complex_left_branch": 0.1860000044107437, "coordinate_structure_constraint_object_extraction": 0.5040000081062317, "determiner_noun_agreement_1": 0.8880000114440918, "determiner_noun_agreement_2": 0.8849999904632568, "determiner_noun_agreement_irregular_1": 0.7440000176429749, "determiner_noun_agreement_irregular_2": 0.8370000123977661, "determiner_noun_agreement_with_adj_2": 0.8240000009536743, "determiner_noun_agreement_with_adj_irregular_1": 0.6819999814033508, "determiner_noun_agreement_with_adj_irregular_2": 0.7730000019073486, "determiner_noun_agreement_with_adjective_1": 0.8420000076293945, "distractor_agreement_relational_noun": 0.28200000524520874, "distractor_agreement_relative_clause": 0.29600000381469727, "drop_argument": 0.6949999928474426, "ellipsis_n_bar_1": 0.5419999957084656, "ellipsis_n_bar_2": 0.6700000166893005, "existential_there_object_raising": 0.722000002861023, "existential_there_quantifiers_1": 0.8799999952316284, "existential_there_quantifiers_2": 0.20200000703334808, "existential_there_subject_raising": 0.746999979019165, "expletive_it_object_raising": 0.6970000267028809, "inchoative": 0.4099999964237213, "intransitive": 0.593999981880188, "irregular_past_participle_adjectives": 0.9350000023841858, "irregular_past_participle_verbs": 0.8009999990463257, "irregular_plural_subject_verb_agreement_1": 0.6069999933242798, "irregular_plural_subject_verb_agreement_2": 0.7120000123977661, "left_branch_island_echo_question": 0.5339999794960022, "left_branch_island_simple_question": 0.23199999332427979, "matrix_question_npi_licensor_present": 0.2460000067949295, "npi_present_1": 0.23499999940395355, "npi_present_2": 0.3479999899864197, "only_npi_licensor_present": 0.753000020980835, "only_npi_scope": 0.7799999713897705, "passive_1": 0.8510000109672546, "passive_2": 0.8240000009536743, "principle_A_c_command": 0.4519999921321869, "principle_A_case_1": 1.0, "principle_A_case_2": 0.6549999713897705, "principle_A_domain_1": 0.9240000247955322, "principle_A_domain_2": 0.7020000219345093, "principle_A_domain_3": 0.4569999873638153, "principle_A_reconstruction": 0.3400000035762787, "regular_plural_subject_verb_agreement_1": 0.6869999766349792, "regular_plural_subject_verb_agreement_2": 0.6959999799728394, "sentential_negation_npi_licensor_present": 0.9900000095367432, "sentential_negation_npi_scope": 0.2630000114440918, "sentential_subject_island": 0.31299999356269836, "superlative_quantifiers_1": 0.656000018119812, "superlative_quantifiers_2": 0.32600000500679016, "tough_vs_raising_1": 0.3199999928474426, "tough_vs_raising_2": 0.7229999899864197, "transitive": 0.7229999899864197, "wh_island": 0.4169999957084656, "wh_questions_object_gap": 0.5519999861717224, "wh_questions_subject_gap": 0.8930000066757202, "wh_questions_subject_gap_long_distance": 0.9629999995231628, "wh_vs_that_no_gap": 0.972000002861023, "wh_vs_that_no_gap_long_distance": 0.9869999885559082, "wh_vs_that_with_gap": 0.11500000208616257, "wh_vs_that_with_gap_long_distance": 0.04100000113248825}, "by_phenomenon": {"island_effects": 0.4041249994188547, "anaphor_agreement": 0.6074999868869781, "s-selection": 0.6889999806880951, "argument_structure": 0.6519999972411564, "determiner_noun_agreement": 0.8093750029802322, "subject_verb_agreement": 0.546666661898295, "ellipsis": 0.6060000061988831, "control_raising": 0.6417999982833862, "quantifiers": 0.5160000063478947, "irregular_forms": 0.8680000007152557, "npi_licensing": 0.5164285727909633, "binding": 0.6471428573131561, "filler_gap_dependency": 0.6461428552865982}}, "paloma": 106.73408471333441}