{"blimp": {"by_uid": {"adjunct_island": 0.6240000128746033, "anaphor_gender_agreement": 0.5440000295639038, "anaphor_number_agreement": 0.8389999866485596, "animate_subject_passive": 0.6940000057220459, "animate_subject_trans": 0.718999981880188, "causative": 0.4690000116825104, "complex_NP_island": 0.5099999904632568, "coordinate_structure_constraint_complex_left_branch": 0.1889999955892563, "coordinate_structure_constraint_object_extraction": 0.47600001096725464, "determiner_noun_agreement_1": 0.9110000133514404, "determiner_noun_agreement_2": 0.878000020980835, "determiner_noun_agreement_irregular_1": 0.753000020980835, "determiner_noun_agreement_irregular_2": 0.8149999976158142, "determiner_noun_agreement_with_adj_2": 0.7919999957084656, "determiner_noun_agreement_with_adj_irregular_1": 0.6759999990463257, "determiner_noun_agreement_with_adj_irregular_2": 0.7419999837875366, "determiner_noun_agreement_with_adjective_1": 0.8389999866485596, "distractor_agreement_relational_noun": 0.33899998664855957, "distractor_agreement_relative_clause": 0.2980000078678131, "drop_argument": 0.7200000286102295, "ellipsis_n_bar_1": 0.5709999799728394, "ellipsis_n_bar_2": 0.6930000185966492, "existential_there_object_raising": 0.7200000286102295, "existential_there_quantifiers_1": 0.9350000023841858, "existential_there_quantifiers_2": 0.3269999921321869, "existential_there_subject_raising": 0.699999988079071, "expletive_it_object_raising": 0.7059999704360962, "inchoative": 0.4090000092983246, "intransitive": 0.6140000224113464, "irregular_past_participle_adjectives": 0.9409999847412109, "irregular_past_participle_verbs": 0.8270000219345093, "irregular_plural_subject_verb_agreement_1": 0.6510000228881836, "irregular_plural_subject_verb_agreement_2": 0.7839999794960022, "left_branch_island_echo_question": 0.5989999771118164, "left_branch_island_simple_question": 0.19599999487400055, "matrix_question_npi_licensor_present": 0.21899999678134918, "npi_present_1": 0.2930000126361847, "npi_present_2": 0.4269999861717224, "only_npi_licensor_present": 0.3160000145435333, "only_npi_scope": 0.7260000109672546, "passive_1": 0.8320000171661377, "passive_2": 0.8090000152587891, "principle_A_c_command": 0.4749999940395355, "principle_A_case_1": 1.0, "principle_A_case_2": 0.6589999794960022, "principle_A_domain_1": 0.8560000061988831, "principle_A_domain_2": 0.7300000190734863, "principle_A_domain_3": 0.46299999952316284, "principle_A_reconstruction": 0.4269999861717224, "regular_plural_subject_verb_agreement_1": 0.7409999966621399, "regular_plural_subject_verb_agreement_2": 0.8270000219345093, "sentential_negation_npi_licensor_present": 0.9879999756813049, "sentential_negation_npi_scope": 0.19699999690055847, "sentential_subject_island": 0.40400001406669617, "superlative_quantifiers_1": 0.36000001430511475, "superlative_quantifiers_2": 0.5139999985694885, "tough_vs_raising_1": 0.35199999809265137, "tough_vs_raising_2": 0.7149999737739563, "transitive": 0.7080000042915344, "wh_island": 0.5759999752044678, "wh_questions_object_gap": 0.5220000147819519, "wh_questions_subject_gap": 0.8939999938011169, "wh_questions_subject_gap_long_distance": 0.9599999785423279, "wh_vs_that_no_gap": 0.9729999899864197, "wh_vs_that_no_gap_long_distance": 0.9869999885559082, "wh_vs_that_with_gap": 0.14499999582767487, "wh_vs_that_with_gap_long_distance": 0.052000001072883606}, "by_phenomenon": {"island_effects": 0.446749996393919, "anaphor_agreement": 0.6915000081062317, "s-selection": 0.7064999938011169, "argument_structure": 0.651571444102696, "determiner_noun_agreement": 0.8007500022649765, "subject_verb_agreement": 0.6066666692495346, "ellipsis": 0.6319999992847443, "control_raising": 0.6385999917984009, "quantifiers": 0.534000001847744, "irregular_forms": 0.8840000033378601, "npi_licensing": 0.4522857133831297, "binding": 0.6585714263575417, "filler_gap_dependency": 0.6475714232240405}}, "paloma": 87.87159849725118}