{"blimp": {"by_uid": {"adjunct_island": 0.6269999742507935, "anaphor_gender_agreement": 0.49399998784065247, "anaphor_number_agreement": 0.8090000152587891, "animate_subject_passive": 0.6830000281333923, "animate_subject_trans": 0.7210000157356262, "causative": 0.4659999907016754, "complex_NP_island": 0.49399998784065247, "coordinate_structure_constraint_complex_left_branch": 0.18400000035762787, "coordinate_structure_constraint_object_extraction": 0.47999998927116394, "determiner_noun_agreement_1": 0.9110000133514404, "determiner_noun_agreement_2": 0.8939999938011169, "determiner_noun_agreement_irregular_1": 0.7480000257492065, "determiner_noun_agreement_irregular_2": 0.8220000267028809, "determiner_noun_agreement_with_adj_2": 0.8050000071525574, "determiner_noun_agreement_with_adj_irregular_1": 0.6809999942779541, "determiner_noun_agreement_with_adj_irregular_2": 0.7459999918937683, "determiner_noun_agreement_with_adjective_1": 0.8479999899864197, "distractor_agreement_relational_noun": 0.3400000035762787, "distractor_agreement_relative_clause": 0.29899999499320984, "drop_argument": 0.7200000286102295, "ellipsis_n_bar_1": 0.5559999942779541, "ellipsis_n_bar_2": 0.6759999990463257, "existential_there_object_raising": 0.7170000076293945, "existential_there_quantifiers_1": 0.9300000071525574, "existential_there_quantifiers_2": 0.29899999499320984, "existential_there_subject_raising": 0.7039999961853027, "expletive_it_object_raising": 0.7039999961853027, "inchoative": 0.4090000092983246, "intransitive": 0.6079999804496765, "irregular_past_participle_adjectives": 0.9480000138282776, "irregular_past_participle_verbs": 0.8100000023841858, "irregular_plural_subject_verb_agreement_1": 0.6589999794960022, "irregular_plural_subject_verb_agreement_2": 0.777999997138977, "left_branch_island_echo_question": 0.6010000109672546, "left_branch_island_simple_question": 0.1899999976158142, "matrix_question_npi_licensor_present": 0.22699999809265137, "npi_present_1": 0.33000001311302185, "npi_present_2": 0.4699999988079071, "only_npi_licensor_present": 0.31700000166893005, "only_npi_scope": 0.7300000190734863, "passive_1": 0.8220000267028809, "passive_2": 0.7950000166893005, "principle_A_c_command": 0.49300000071525574, "principle_A_case_1": 1.0, "principle_A_case_2": 0.6520000100135803, "principle_A_domain_1": 0.8700000047683716, "principle_A_domain_2": 0.7210000157356262, "principle_A_domain_3": 0.47099998593330383, "principle_A_reconstruction": 0.4129999876022339, "regular_plural_subject_verb_agreement_1": 0.7400000095367432, "regular_plural_subject_verb_agreement_2": 0.8230000138282776, "sentential_negation_npi_licensor_present": 0.9909999966621399, "sentential_negation_npi_scope": 0.20399999618530273, "sentential_subject_island": 0.4050000011920929, "superlative_quantifiers_1": 0.41499999165534973, "superlative_quantifiers_2": 0.4880000054836273, "tough_vs_raising_1": 0.36899998784065247, "tough_vs_raising_2": 0.6970000267028809, "transitive": 0.7110000252723694, "wh_island": 0.5759999752044678, "wh_questions_object_gap": 0.5389999747276306, "wh_questions_subject_gap": 0.8999999761581421, "wh_questions_subject_gap_long_distance": 0.9610000252723694, "wh_vs_that_no_gap": 0.9729999899864197, "wh_vs_that_no_gap_long_distance": 0.9869999885559082, "wh_vs_that_with_gap": 0.14300000667572021, "wh_vs_that_with_gap_long_distance": 0.04800000041723251}, "by_phenomenon": {"island_effects": 0.4446249920874834, "anaphor_agreement": 0.6515000015497208, "s-selection": 0.7020000219345093, "argument_structure": 0.6472857253892081, "determiner_noun_agreement": 0.806875005364418, "subject_verb_agreement": 0.6064999997615814, "ellipsis": 0.6159999966621399, "control_raising": 0.6382000029087067, "quantifiers": 0.5329999998211861, "irregular_forms": 0.8790000081062317, "npi_licensing": 0.4670000033719199, "binding": 0.6600000006811959, "filler_gap_dependency": 0.6501428516847747}}, "paloma": 87.81763719822887}