{"blimp": {"by_uid": {"adjunct_island": 0.6190000176429749, "anaphor_gender_agreement": 0.5460000038146973, "anaphor_number_agreement": 0.8309999704360962, "animate_subject_passive": 0.6769999861717224, "animate_subject_trans": 0.722000002861023, "causative": 0.47099998593330383, "complex_NP_island": 0.5070000290870667, "coordinate_structure_constraint_complex_left_branch": 0.1850000023841858, "coordinate_structure_constraint_object_extraction": 0.48399999737739563, "determiner_noun_agreement_1": 0.906000018119812, "determiner_noun_agreement_2": 0.8849999904632568, "determiner_noun_agreement_irregular_1": 0.7760000228881836, "determiner_noun_agreement_irregular_2": 0.8220000267028809, "determiner_noun_agreement_with_adj_2": 0.8059999942779541, "determiner_noun_agreement_with_adj_irregular_1": 0.6800000071525574, "determiner_noun_agreement_with_adj_irregular_2": 0.7419999837875366, "determiner_noun_agreement_with_adjective_1": 0.847000002861023, "distractor_agreement_relational_noun": 0.32499998807907104, "distractor_agreement_relative_clause": 0.3050000071525574, "drop_argument": 0.7310000061988831, "ellipsis_n_bar_1": 0.5659999847412109, "ellipsis_n_bar_2": 0.6850000023841858, "existential_there_object_raising": 0.7210000157356262, "existential_there_quantifiers_1": 0.9330000281333923, "existential_there_quantifiers_2": 0.2720000147819519, "existential_there_subject_raising": 0.722000002861023, "expletive_it_object_raising": 0.7049999833106995, "inchoative": 0.4169999957084656, "intransitive": 0.6190000176429749, "irregular_past_participle_adjectives": 0.9509999752044678, "irregular_past_participle_verbs": 0.8090000152587891, "irregular_plural_subject_verb_agreement_1": 0.652999997138977, "irregular_plural_subject_verb_agreement_2": 0.7940000295639038, "left_branch_island_echo_question": 0.5709999799728394, "left_branch_island_simple_question": 0.19099999964237213, "matrix_question_npi_licensor_present": 0.24400000274181366, "npi_present_1": 0.3109999895095825, "npi_present_2": 0.45399999618530273, "only_npi_licensor_present": 0.3310000002384186, "only_npi_scope": 0.7730000019073486, "passive_1": 0.8389999866485596, "passive_2": 0.8119999766349792, "principle_A_c_command": 0.4699999988079071, "principle_A_case_1": 1.0, "principle_A_case_2": 0.6520000100135803, "principle_A_domain_1": 0.8389999866485596, "principle_A_domain_2": 0.7329999804496765, "principle_A_domain_3": 0.46799999475479126, "principle_A_reconstruction": 0.4230000078678131, "regular_plural_subject_verb_agreement_1": 0.7250000238418579, "regular_plural_subject_verb_agreement_2": 0.8140000104904175, "sentential_negation_npi_licensor_present": 0.9850000143051147, "sentential_negation_npi_scope": 0.1979999989271164, "sentential_subject_island": 0.40400001406669617, "superlative_quantifiers_1": 0.3529999852180481, "superlative_quantifiers_2": 0.4819999933242798, "tough_vs_raising_1": 0.36800000071525574, "tough_vs_raising_2": 0.7039999961853027, "transitive": 0.7039999961853027, "wh_island": 0.5199999809265137, "wh_questions_object_gap": 0.5299999713897705, "wh_questions_subject_gap": 0.9020000100135803, "wh_questions_subject_gap_long_distance": 0.9620000123977661, "wh_vs_that_no_gap": 0.9710000157356262, "wh_vs_that_no_gap_long_distance": 0.9890000224113464, "wh_vs_that_with_gap": 0.14399999380111694, "wh_vs_that_with_gap_long_distance": 0.05000000074505806}, "by_phenomenon": {"island_effects": 0.43512500263750553, "anaphor_agreement": 0.6884999871253967, "s-selection": 0.6994999945163727, "argument_structure": 0.6561428521360669, "determiner_noun_agreement": 0.8080000057816505, "subject_verb_agreement": 0.6026666760444641, "ellipsis": 0.6254999935626984, "control_raising": 0.6439999997615814, "quantifiers": 0.510000005364418, "irregular_forms": 0.8799999952316284, "npi_licensing": 0.4708571434020996, "binding": 0.6549999969346183, "filler_gap_dependency": 0.6497142894991806}}, "paloma": 89.25919468809919}