{"blimp": {"by_uid": {"adjunct_island": 0.6190000176429749, "anaphor_gender_agreement": 0.5170000195503235, "anaphor_number_agreement": 0.8140000104904175, "animate_subject_passive": 0.6629999876022339, "animate_subject_trans": 0.7200000286102295, "causative": 0.4659999907016754, "complex_NP_island": 0.5120000243186951, "coordinate_structure_constraint_complex_left_branch": 0.1899999976158142, "coordinate_structure_constraint_object_extraction": 0.44699999690055847, "determiner_noun_agreement_1": 0.8989999890327454, "determiner_noun_agreement_2": 0.871999979019165, "determiner_noun_agreement_irregular_1": 0.7490000128746033, "determiner_noun_agreement_irregular_2": 0.8059999942779541, "determiner_noun_agreement_with_adj_2": 0.7990000247955322, "determiner_noun_agreement_with_adj_irregular_1": 0.6700000166893005, "determiner_noun_agreement_with_adj_irregular_2": 0.7279999852180481, "determiner_noun_agreement_with_adjective_1": 0.8500000238418579, "distractor_agreement_relational_noun": 0.3019999861717224, "distractor_agreement_relative_clause": 0.296999990940094, "drop_argument": 0.7239999771118164, "ellipsis_n_bar_1": 0.5419999957084656, "ellipsis_n_bar_2": 0.6669999957084656, "existential_there_object_raising": 0.7149999737739563, "existential_there_quantifiers_1": 0.9200000166893005, "existential_there_quantifiers_2": 0.2290000021457672, "existential_there_subject_raising": 0.7289999723434448, "expletive_it_object_raising": 0.6990000009536743, "inchoative": 0.40799999237060547, "intransitive": 0.6200000047683716, "irregular_past_participle_adjectives": 0.9070000052452087, "irregular_past_participle_verbs": 0.7919999957084656, "irregular_plural_subject_verb_agreement_1": 0.6340000033378601, "irregular_plural_subject_verb_agreement_2": 0.7749999761581421, "left_branch_island_echo_question": 0.5789999961853027, "left_branch_island_simple_question": 0.18299999833106995, "matrix_question_npi_licensor_present": 0.2280000001192093, "npi_present_1": 0.2809999883174896, "npi_present_2": 0.4440000057220459, "only_npi_licensor_present": 0.34299999475479126, "only_npi_scope": 0.796999990940094, "passive_1": 0.8230000138282776, "passive_2": 0.7990000247955322, "principle_A_c_command": 0.48100000619888306, "principle_A_case_1": 1.0, "principle_A_case_2": 0.6230000257492065, "principle_A_domain_1": 0.8740000128746033, "principle_A_domain_2": 0.7120000123977661, "principle_A_domain_3": 0.46399998664855957, "principle_A_reconstruction": 0.42800000309944153, "regular_plural_subject_verb_agreement_1": 0.7229999899864197, "regular_plural_subject_verb_agreement_2": 0.796999990940094, "sentential_negation_npi_licensor_present": 0.9850000143051147, "sentential_negation_npi_scope": 0.22499999403953552, "sentential_subject_island": 0.38499999046325684, "superlative_quantifiers_1": 0.4390000104904175, "superlative_quantifiers_2": 0.47099998593330383, "tough_vs_raising_1": 0.3540000021457672, "tough_vs_raising_2": 0.6970000267028809, "transitive": 0.6990000009536743, "wh_island": 0.546999990940094, "wh_questions_object_gap": 0.5950000286102295, "wh_questions_subject_gap": 0.9049999713897705, "wh_questions_subject_gap_long_distance": 0.9729999899864197, "wh_vs_that_no_gap": 0.984000027179718, "wh_vs_that_no_gap_long_distance": 0.9940000176429749, "wh_vs_that_with_gap": 0.10300000011920929, "wh_vs_that_with_gap_long_distance": 0.03200000151991844}, "by_phenomenon": {"island_effects": 0.43275000154972076, "anaphor_agreement": 0.6655000150203705, "s-selection": 0.6915000081062317, "argument_structure": 0.6484285720757076, "determiner_noun_agreement": 0.7966250032186508, "subject_verb_agreement": 0.5879999895890554, "ellipsis": 0.6044999957084656, "control_raising": 0.6387999951839447, "quantifiers": 0.5147500038146973, "irregular_forms": 0.8495000004768372, "npi_licensing": 0.4718571411711829, "binding": 0.6545714352812085, "filler_gap_dependency": 0.6551428623497486}}, "paloma": 91.89389105474493}