{"blimp": {"by_uid": {"adjunct_island": 0.6420000195503235, "anaphor_gender_agreement": 0.5139999985694885, "anaphor_number_agreement": 0.8100000023841858, "animate_subject_passive": 0.6899999976158142, "animate_subject_trans": 0.7260000109672546, "causative": 0.47099998593330383, "complex_NP_island": 0.49799999594688416, "coordinate_structure_constraint_complex_left_branch": 0.16500000655651093, "coordinate_structure_constraint_object_extraction": 0.46399998664855957, "determiner_noun_agreement_1": 0.9139999747276306, "determiner_noun_agreement_2": 0.8889999985694885, "determiner_noun_agreement_irregular_1": 0.765999972820282, "determiner_noun_agreement_irregular_2": 0.8069999814033508, "determiner_noun_agreement_with_adj_2": 0.796999990940094, "determiner_noun_agreement_with_adj_irregular_1": 0.671999990940094, "determiner_noun_agreement_with_adj_irregular_2": 0.7279999852180481, "determiner_noun_agreement_with_adjective_1": 0.843999981880188, "distractor_agreement_relational_noun": 0.3440000116825104, "distractor_agreement_relative_clause": 0.30000001192092896, "drop_argument": 0.718999981880188, "ellipsis_n_bar_1": 0.5419999957084656, "ellipsis_n_bar_2": 0.6990000009536743, "existential_there_object_raising": 0.7129999995231628, "existential_there_quantifiers_1": 0.9419999718666077, "existential_there_quantifiers_2": 0.2919999957084656, "existential_there_subject_raising": 0.7110000252723694, "expletive_it_object_raising": 0.7049999833106995, "inchoative": 0.4169999957084656, "intransitive": 0.6169999837875366, "irregular_past_participle_adjectives": 0.9470000267028809, "irregular_past_participle_verbs": 0.8199999928474426, "irregular_plural_subject_verb_agreement_1": 0.6470000147819519, "irregular_plural_subject_verb_agreement_2": 0.7940000295639038, "left_branch_island_echo_question": 0.5699999928474426, "left_branch_island_simple_question": 0.1899999976158142, "matrix_question_npi_licensor_present": 0.22599999606609344, "npi_present_1": 0.2849999964237213, "npi_present_2": 0.41999998688697815, "only_npi_licensor_present": 0.3479999899864197, "only_npi_scope": 0.7549999952316284, "passive_1": 0.8349999785423279, "passive_2": 0.8119999766349792, "principle_A_c_command": 0.4909999966621399, "principle_A_case_1": 1.0, "principle_A_case_2": 0.6710000038146973, "principle_A_domain_1": 0.8889999985694885, "principle_A_domain_2": 0.718999981880188, "principle_A_domain_3": 0.47200000286102295, "principle_A_reconstruction": 0.4230000078678131, "regular_plural_subject_verb_agreement_1": 0.7409999966621399, "regular_plural_subject_verb_agreement_2": 0.824999988079071, "sentential_negation_npi_licensor_present": 0.9879999756813049, "sentential_negation_npi_scope": 0.23899999260902405, "sentential_subject_island": 0.39100000262260437, "superlative_quantifiers_1": 0.39100000262260437, "superlative_quantifiers_2": 0.4690000116825104, "tough_vs_raising_1": 0.3630000054836273, "tough_vs_raising_2": 0.718999981880188, "transitive": 0.7160000205039978, "wh_island": 0.6000000238418579, "wh_questions_object_gap": 0.5239999890327454, "wh_questions_subject_gap": 0.8830000162124634, "wh_questions_subject_gap_long_distance": 0.9599999785423279, "wh_vs_that_no_gap": 0.9729999899864197, "wh_vs_that_no_gap_long_distance": 0.9879999756813049, "wh_vs_that_with_gap": 0.14900000393390656, "wh_vs_that_with_gap_long_distance": 0.04600000008940697}, "by_phenomenon": {"island_effects": 0.44000000320374966, "anaphor_agreement": 0.6620000004768372, "s-selection": 0.7080000042915344, "argument_structure": 0.6552857032843998, "determiner_noun_agreement": 0.802124984562397, "subject_verb_agreement": 0.608500008781751, "ellipsis": 0.62049999833107, "control_raising": 0.6421999990940094, "quantifiers": 0.523499995470047, "irregular_forms": 0.8835000097751617, "npi_licensing": 0.46585713326931, "binding": 0.6664285702364785, "filler_gap_dependency": 0.6461428504969392}}, "paloma": 86.1084442287372}