{"blimp": {"by_uid": {"adjunct_island": 0.6110000014305115, "anaphor_gender_agreement": 0.4790000021457672, "anaphor_number_agreement": 0.7760000228881836, "animate_subject_passive": 0.6729999780654907, "animate_subject_trans": 0.7200000286102295, "causative": 0.46700000762939453, "complex_NP_island": 0.4580000042915344, "coordinate_structure_constraint_complex_left_branch": 0.16500000655651093, "coordinate_structure_constraint_object_extraction": 0.4860000014305115, "determiner_noun_agreement_1": 0.890999972820282, "determiner_noun_agreement_2": 0.8790000081062317, "determiner_noun_agreement_irregular_1": 0.7549999952316284, "determiner_noun_agreement_irregular_2": 0.8230000138282776, "determiner_noun_agreement_with_adj_2": 0.8109999895095825, "determiner_noun_agreement_with_adj_irregular_1": 0.6830000281333923, "determiner_noun_agreement_with_adj_irregular_2": 0.7580000162124634, "determiner_noun_agreement_with_adjective_1": 0.8479999899864197, "distractor_agreement_relational_noun": 0.2750000059604645, "distractor_agreement_relative_clause": 0.2939999997615814, "drop_argument": 0.7239999771118164, "ellipsis_n_bar_1": 0.5580000281333923, "ellipsis_n_bar_2": 0.6800000071525574, "existential_there_object_raising": 0.7310000061988831, "existential_there_quantifiers_1": 0.8980000019073486, "existential_there_quantifiers_2": 0.1809999942779541, "existential_there_subject_raising": 0.7419999837875366, "expletive_it_object_raising": 0.7099999785423279, "inchoative": 0.40700000524520874, "intransitive": 0.6110000014305115, "irregular_past_participle_adjectives": 0.9089999794960022, "irregular_past_participle_verbs": 0.8259999752044678, "irregular_plural_subject_verb_agreement_1": 0.6269999742507935, "irregular_plural_subject_verb_agreement_2": 0.7350000143051147, "left_branch_island_echo_question": 0.5260000228881836, "left_branch_island_simple_question": 0.17900000512599945, "matrix_question_npi_licensor_present": 0.25699999928474426, "npi_present_1": 0.21899999678134918, "npi_present_2": 0.3799999952316284, "only_npi_licensor_present": 0.5680000185966492, "only_npi_scope": 0.7979999780654907, "passive_1": 0.8550000190734863, "passive_2": 0.8209999799728394, "principle_A_c_command": 0.4819999933242798, "principle_A_case_1": 1.0, "principle_A_case_2": 0.6190000176429749, "principle_A_domain_1": 0.9200000166893005, "principle_A_domain_2": 0.7039999961853027, "principle_A_domain_3": 0.4490000009536743, "principle_A_reconstruction": 0.4099999964237213, "regular_plural_subject_verb_agreement_1": 0.722000002861023, "regular_plural_subject_verb_agreement_2": 0.7329999804496765, "sentential_negation_npi_licensor_present": 0.9929999709129333, "sentential_negation_npi_scope": 0.27900001406669617, "sentential_subject_island": 0.3799999952316284, "superlative_quantifiers_1": 0.6499999761581421, "superlative_quantifiers_2": 0.4350000023841858, "tough_vs_raising_1": 0.34599998593330383, "tough_vs_raising_2": 0.6970000267028809, "transitive": 0.7139999866485596, "wh_island": 0.5099999904632568, "wh_questions_object_gap": 0.5690000057220459, "wh_questions_subject_gap": 0.9049999713897705, "wh_questions_subject_gap_long_distance": 0.9639999866485596, "wh_vs_that_no_gap": 0.9760000109672546, "wh_vs_that_no_gap_long_distance": 0.9950000047683716, "wh_vs_that_with_gap": 0.11599999666213989, "wh_vs_that_with_gap_long_distance": 0.032999999821186066}, "by_phenomenon": {"island_effects": 0.4143750034272671, "anaphor_agreement": 0.6275000125169754, "s-selection": 0.6965000033378601, "argument_structure": 0.6569999967302594, "determiner_noun_agreement": 0.8060000017285347, "subject_verb_agreement": 0.5643333295981089, "ellipsis": 0.6190000176429749, "control_raising": 0.6451999962329864, "quantifiers": 0.5409999936819077, "irregular_forms": 0.867499977350235, "npi_licensing": 0.4991428532770702, "binding": 0.6548571458884648, "filler_gap_dependency": 0.6511428537113326}}, "paloma": 98.12470950889255}