{"blimp": {"by_uid": {"adjunct_island": 0.609000027179718, "anaphor_gender_agreement": 0.5139999985694885, "anaphor_number_agreement": 0.8330000042915344, "animate_subject_passive": 0.6650000214576721, "animate_subject_trans": 0.7260000109672546, "causative": 0.46399998664855957, "complex_NP_island": 0.5, "coordinate_structure_constraint_complex_left_branch": 0.1889999955892563, "coordinate_structure_constraint_object_extraction": 0.4880000054836273, "determiner_noun_agreement_1": 0.8980000019073486, "determiner_noun_agreement_2": 0.8740000128746033, "determiner_noun_agreement_irregular_1": 0.7400000095367432, "determiner_noun_agreement_irregular_2": 0.8130000233650208, "determiner_noun_agreement_with_adj_2": 0.8050000071525574, "determiner_noun_agreement_with_adj_irregular_1": 0.6759999990463257, "determiner_noun_agreement_with_adj_irregular_2": 0.7419999837875366, "determiner_noun_agreement_with_adjective_1": 0.8389999866485596, "distractor_agreement_relational_noun": 0.29100000858306885, "distractor_agreement_relative_clause": 0.2980000078678131, "drop_argument": 0.7210000157356262, "ellipsis_n_bar_1": 0.5429999828338623, "ellipsis_n_bar_2": 0.6890000104904175, "existential_there_object_raising": 0.718999981880188, "existential_there_quantifiers_1": 0.9160000085830688, "existential_there_quantifiers_2": 0.20800000429153442, "existential_there_subject_raising": 0.7239999771118164, "expletive_it_object_raising": 0.6970000267028809, "inchoative": 0.41100001335144043, "intransitive": 0.6100000143051147, "irregular_past_participle_adjectives": 0.9169999957084656, "irregular_past_participle_verbs": 0.7990000247955322, "irregular_plural_subject_verb_agreement_1": 0.6320000290870667, "irregular_plural_subject_verb_agreement_2": 0.7580000162124634, "left_branch_island_echo_question": 0.5799999833106995, "left_branch_island_simple_question": 0.19200000166893005, "matrix_question_npi_licensor_present": 0.2370000034570694, "npi_present_1": 0.2639999985694885, "npi_present_2": 0.42800000309944153, "only_npi_licensor_present": 0.375, "only_npi_scope": 0.7850000262260437, "passive_1": 0.8410000205039978, "passive_2": 0.8119999766349792, "principle_A_c_command": 0.4339999854564667, "principle_A_case_1": 1.0, "principle_A_case_2": 0.6370000243186951, "principle_A_domain_1": 0.8629999756813049, "principle_A_domain_2": 0.7269999980926514, "principle_A_domain_3": 0.46000000834465027, "principle_A_reconstruction": 0.4180000126361847, "regular_plural_subject_verb_agreement_1": 0.7149999737739563, "regular_plural_subject_verb_agreement_2": 0.7820000052452087, "sentential_negation_npi_licensor_present": 0.9900000095367432, "sentential_negation_npi_scope": 0.2280000001192093, "sentential_subject_island": 0.3869999945163727, "superlative_quantifiers_1": 0.47699999809265137, "superlative_quantifiers_2": 0.4690000116825104, "tough_vs_raising_1": 0.3409999907016754, "tough_vs_raising_2": 0.7149999737739563, "transitive": 0.7160000205039978, "wh_island": 0.5199999809265137, "wh_questions_object_gap": 0.5920000076293945, "wh_questions_subject_gap": 0.8960000276565552, "wh_questions_subject_gap_long_distance": 0.9739999771118164, "wh_vs_that_no_gap": 0.9860000014305115, "wh_vs_that_no_gap_long_distance": 0.996999979019165, "wh_vs_that_with_gap": 0.1120000034570694, "wh_vs_that_with_gap_long_distance": 0.03099999949336052}, "by_phenomenon": {"island_effects": 0.4331249985843897, "anaphor_agreement": 0.6735000014305115, "s-selection": 0.6955000162124634, "argument_structure": 0.653571435383388, "determiner_noun_agreement": 0.7983750030398369, "subject_verb_agreement": 0.5793333401282629, "ellipsis": 0.6159999966621399, "control_raising": 0.6391999900341034, "quantifiers": 0.5175000056624413, "irregular_forms": 0.8580000102519989, "npi_licensing": 0.4724285772868565, "binding": 0.6484285720757076, "filler_gap_dependency": 0.6554285708282676}}, "paloma": 92.95201926613518}