{"blimp": {"by_uid": {"adjunct_island": 0.5879999995231628, "anaphor_gender_agreement": 0.43700000643730164, "anaphor_number_agreement": 0.6740000247955322, "animate_subject_passive": 0.6859999895095825, "animate_subject_trans": 0.6420000195503235, "causative": 0.5049999952316284, "complex_NP_island": 0.4519999921321869, "coordinate_structure_constraint_complex_left_branch": 0.2590000033378601, "coordinate_structure_constraint_object_extraction": 0.5619999766349792, "determiner_noun_agreement_1": 0.8939999938011169, "determiner_noun_agreement_2": 0.8970000147819519, "determiner_noun_agreement_irregular_1": 0.7480000257492065, "determiner_noun_agreement_irregular_2": 0.8199999928474426, "determiner_noun_agreement_with_adj_2": 0.8399999737739563, "determiner_noun_agreement_with_adj_irregular_1": 0.6779999732971191, "determiner_noun_agreement_with_adj_irregular_2": 0.777999997138977, "determiner_noun_agreement_with_adjective_1": 0.8230000138282776, "distractor_agreement_relational_noun": 0.29600000381469727, "distractor_agreement_relative_clause": 0.3100000023841858, "drop_argument": 0.6970000267028809, "ellipsis_n_bar_1": 0.5090000033378601, "ellipsis_n_bar_2": 0.6460000276565552, "existential_there_object_raising": 0.7390000224113464, "existential_there_quantifiers_1": 0.875, "existential_there_quantifiers_2": 0.25699999928474426, "existential_there_subject_raising": 0.7149999737739563, "expletive_it_object_raising": 0.7039999961853027, "inchoative": 0.3889999985694885, "intransitive": 0.5460000038146973, "irregular_past_participle_adjectives": 0.8489999771118164, "irregular_past_participle_verbs": 0.7649999856948853, "irregular_plural_subject_verb_agreement_1": 0.5709999799728394, "irregular_plural_subject_verb_agreement_2": 0.6800000071525574, "left_branch_island_echo_question": 0.4519999921321869, "left_branch_island_simple_question": 0.3089999854564667, "matrix_question_npi_licensor_present": 0.2849999964237213, "npi_present_1": 0.38600000739097595, "npi_present_2": 0.3529999852180481, "only_npi_licensor_present": 0.7879999876022339, "only_npi_scope": 0.8019999861717224, "passive_1": 0.8389999866485596, "passive_2": 0.8230000138282776, "principle_A_c_command": 0.5350000262260437, "principle_A_case_1": 1.0, "principle_A_case_2": 0.6489999890327454, "principle_A_domain_1": 0.9359999895095825, "principle_A_domain_2": 0.6880000233650208, "principle_A_domain_3": 0.4569999873638153, "principle_A_reconstruction": 0.2939999997615814, "regular_plural_subject_verb_agreement_1": 0.6629999876022339, "regular_plural_subject_verb_agreement_2": 0.656000018119812, "sentential_negation_npi_licensor_present": 0.9779999852180481, "sentential_negation_npi_scope": 0.29899999499320984, "sentential_subject_island": 0.32199999690055847, "superlative_quantifiers_1": 0.7609999775886536, "superlative_quantifiers_2": 0.30000001192092896, "tough_vs_raising_1": 0.35499998927116394, "tough_vs_raising_2": 0.6930000185966492, "transitive": 0.7310000061988831, "wh_island": 0.38999998569488525, "wh_questions_object_gap": 0.5920000076293945, "wh_questions_subject_gap": 0.8880000114440918, "wh_questions_subject_gap_long_distance": 0.9399999976158142, "wh_vs_that_no_gap": 0.953000009059906, "wh_vs_that_no_gap_long_distance": 0.9710000157356262, "wh_vs_that_with_gap": 0.12600000202655792, "wh_vs_that_with_gap_long_distance": 0.05299999937415123}, "by_phenomenon": {"island_effects": 0.4167499914765358, "anaphor_agreement": 0.5555000156164169, "s-selection": 0.664000004529953, "argument_structure": 0.6471428615706307, "determiner_noun_agreement": 0.809749998152256, "subject_verb_agreement": 0.5293333331743876, "ellipsis": 0.5775000154972076, "control_raising": 0.6412000000476837, "quantifiers": 0.5482499971985817, "irregular_forms": 0.8069999814033508, "npi_licensing": 0.5558571347168514, "binding": 0.6512857164655413, "filler_gap_dependency": 0.6461428632693631}}, "paloma": 134.56569157228236}