{"blimp": {"by_uid": {"adjunct_island": 0.5630000233650208, "anaphor_gender_agreement": 0.4650000035762787, "anaphor_number_agreement": 0.7210000157356262, "animate_subject_passive": 0.6930000185966492, "animate_subject_trans": 0.6449999809265137, "causative": 0.4880000054836273, "complex_NP_island": 0.44600000977516174, "coordinate_structure_constraint_complex_left_branch": 0.25699999928474426, "coordinate_structure_constraint_object_extraction": 0.5419999957084656, "determiner_noun_agreement_1": 0.9020000100135803, "determiner_noun_agreement_2": 0.9110000133514404, "determiner_noun_agreement_irregular_1": 0.7490000128746033, "determiner_noun_agreement_irregular_2": 0.8360000252723694, "determiner_noun_agreement_with_adj_2": 0.8320000171661377, "determiner_noun_agreement_with_adj_irregular_1": 0.6759999990463257, "determiner_noun_agreement_with_adj_irregular_2": 0.7770000100135803, "determiner_noun_agreement_with_adjective_1": 0.8360000252723694, "distractor_agreement_relational_noun": 0.28999999165534973, "distractor_agreement_relative_clause": 0.2840000092983246, "drop_argument": 0.7009999752044678, "ellipsis_n_bar_1": 0.5429999828338623, "ellipsis_n_bar_2": 0.6570000052452087, "existential_there_object_raising": 0.7300000190734863, "existential_there_quantifiers_1": 0.875, "existential_there_quantifiers_2": 0.20800000429153442, "existential_there_subject_raising": 0.7020000219345093, "expletive_it_object_raising": 0.6959999799728394, "inchoative": 0.39500001072883606, "intransitive": 0.5509999990463257, "irregular_past_participle_adjectives": 0.8889999985694885, "irregular_past_participle_verbs": 0.7789999842643738, "irregular_plural_subject_verb_agreement_1": 0.5820000171661377, "irregular_plural_subject_verb_agreement_2": 0.6610000133514404, "left_branch_island_echo_question": 0.5289999842643738, "left_branch_island_simple_question": 0.33000001311302185, "matrix_question_npi_licensor_present": 0.2849999964237213, "npi_present_1": 0.3569999933242798, "npi_present_2": 0.34299999475479126, "only_npi_licensor_present": 0.8050000071525574, "only_npi_scope": 0.8209999799728394, "passive_1": 0.8460000157356262, "passive_2": 0.8330000042915344, "principle_A_c_command": 0.5090000033378601, "principle_A_case_1": 1.0, "principle_A_case_2": 0.6420000195503235, "principle_A_domain_1": 0.9279999732971191, "principle_A_domain_2": 0.6940000057220459, "principle_A_domain_3": 0.45899999141693115, "principle_A_reconstruction": 0.32600000500679016, "regular_plural_subject_verb_agreement_1": 0.6729999780654907, "regular_plural_subject_verb_agreement_2": 0.6600000262260437, "sentential_negation_npi_licensor_present": 0.9760000109672546, "sentential_negation_npi_scope": 0.3059999942779541, "sentential_subject_island": 0.3089999854564667, "superlative_quantifiers_1": 0.753000020980835, "superlative_quantifiers_2": 0.29100000858306885, "tough_vs_raising_1": 0.3449999988079071, "tough_vs_raising_2": 0.6970000267028809, "transitive": 0.7250000238418579, "wh_island": 0.37700000405311584, "wh_questions_object_gap": 0.6000000238418579, "wh_questions_subject_gap": 0.8809999823570251, "wh_questions_subject_gap_long_distance": 0.9470000267028809, "wh_vs_that_no_gap": 0.9629999995231628, "wh_vs_that_no_gap_long_distance": 0.968999981880188, "wh_vs_that_with_gap": 0.12600000202655792, "wh_vs_that_with_gap_long_distance": 0.04899999871850014}, "by_phenomenon": {"island_effects": 0.4191250018775463, "anaphor_agreement": 0.5930000096559525, "s-selection": 0.6689999997615814, "argument_structure": 0.6484285763331822, "determiner_noun_agreement": 0.8148750141263008, "subject_verb_agreement": 0.5250000059604645, "ellipsis": 0.5999999940395355, "control_raising": 0.6340000092983246, "quantifiers": 0.5317500084638596, "irregular_forms": 0.8339999914169312, "npi_licensing": 0.5561428538390568, "binding": 0.6511428569044385, "filler_gap_dependency": 0.6478571450071675}}, "paloma": 124.4998598700201}