{"blimp": {"by_uid": {"adjunct_island": 0.703000009059906, "anaphor_gender_agreement": 0.546999990940094, "anaphor_number_agreement": 0.6309999823570251, "animate_subject_passive": 0.6869999766349792, "animate_subject_trans": 0.6370000243186951, "causative": 0.46399998664855957, "complex_NP_island": 0.4959999918937683, "coordinate_structure_constraint_complex_left_branch": 0.296999990940094, "coordinate_structure_constraint_object_extraction": 0.42500001192092896, "determiner_noun_agreement_1": 0.7649999856948853, "determiner_noun_agreement_2": 0.75, "determiner_noun_agreement_irregular_1": 0.6690000295639038, "determiner_noun_agreement_irregular_2": 0.7239999771118164, "determiner_noun_agreement_with_adj_2": 0.5799999833106995, "determiner_noun_agreement_with_adj_irregular_1": 0.5509999990463257, "determiner_noun_agreement_with_adj_irregular_2": 0.578000009059906, "determiner_noun_agreement_with_adjective_1": 0.6159999966621399, "distractor_agreement_relational_noun": 0.34599998593330383, "distractor_agreement_relative_clause": 0.3869999945163727, "drop_argument": 0.7080000042915344, "ellipsis_n_bar_1": 0.257999986410141, "ellipsis_n_bar_2": 0.46700000762939453, "existential_there_object_raising": 0.7450000047683716, "existential_there_quantifiers_1": 0.8640000224113464, "existential_there_quantifiers_2": 0.2630000114440918, "existential_there_subject_raising": 0.5389999747276306, "expletive_it_object_raising": 0.7110000252723694, "inchoative": 0.367000013589859, "intransitive": 0.5529999732971191, "irregular_past_participle_adjectives": 0.4269999861717224, "irregular_past_participle_verbs": 0.7360000014305115, "irregular_plural_subject_verb_agreement_1": 0.5770000219345093, "irregular_plural_subject_verb_agreement_2": 0.6349999904632568, "left_branch_island_echo_question": 0.5059999823570251, "left_branch_island_simple_question": 0.34599998593330383, "matrix_question_npi_licensor_present": 0.18199999630451202, "npi_present_1": 0.33799999952316284, "npi_present_2": 0.33500000834465027, "only_npi_licensor_present": 0.7239999771118164, "only_npi_scope": 0.5920000076293945, "passive_1": 0.7910000085830688, "passive_2": 0.7839999794960022, "principle_A_c_command": 0.6330000162124634, "principle_A_case_1": 1.0, "principle_A_case_2": 0.6079999804496765, "principle_A_domain_1": 0.8840000033378601, "principle_A_domain_2": 0.5669999718666077, "principle_A_domain_3": 0.4690000116825104, "principle_A_reconstruction": 0.3319999873638153, "regular_plural_subject_verb_agreement_1": 0.5910000205039978, "regular_plural_subject_verb_agreement_2": 0.5370000004768372, "sentential_negation_npi_licensor_present": 0.9819999933242798, "sentential_negation_npi_scope": 0.3779999911785126, "sentential_subject_island": 0.4480000138282776, "superlative_quantifiers_1": 0.4909999966621399, "superlative_quantifiers_2": 0.49000000953674316, "tough_vs_raising_1": 0.35100001096725464, "tough_vs_raising_2": 0.6759999990463257, "transitive": 0.6570000052452087, "wh_island": 0.6629999876022339, "wh_questions_object_gap": 0.6489999890327454, "wh_questions_subject_gap": 0.8970000147819519, "wh_questions_subject_gap_long_distance": 0.9409999847412109, "wh_vs_that_no_gap": 0.949999988079071, "wh_vs_that_no_gap_long_distance": 0.9480000138282776, "wh_vs_that_with_gap": 0.0820000022649765, "wh_vs_that_with_gap_long_distance": 0.05999999865889549}, "by_phenomenon": {"island_effects": 0.4854999966919422, "anaphor_agreement": 0.5889999866485596, "s-selection": 0.6620000004768372, "argument_structure": 0.6177142815930503, "determiner_noun_agreement": 0.6541249975562096, "subject_verb_agreement": 0.5121666689713796, "ellipsis": 0.36249999701976776, "control_raising": 0.6044000029563904, "quantifiers": 0.5270000100135803, "irregular_forms": 0.5814999938011169, "npi_licensing": 0.504428567630904, "binding": 0.6418571387018476, "filler_gap_dependency": 0.6467142844838756}}, "paloma": 394.33208814348495}