{"blimp": {"by_uid": {"adjunct_island": 0.5950000286102295, "anaphor_gender_agreement": 0.4580000042915344, "anaphor_number_agreement": 0.753000020980835, "animate_subject_passive": 0.6660000085830688, "animate_subject_trans": 0.7110000252723694, "causative": 0.47600001096725464, "complex_NP_island": 0.4490000009536743, "coordinate_structure_constraint_complex_left_branch": 0.19099999964237213, "coordinate_structure_constraint_object_extraction": 0.5109999775886536, "determiner_noun_agreement_1": 0.890999972820282, "determiner_noun_agreement_2": 0.8889999985694885, "determiner_noun_agreement_irregular_1": 0.753000020980835, "determiner_noun_agreement_irregular_2": 0.8429999947547913, "determiner_noun_agreement_with_adj_2": 0.8429999947547913, "determiner_noun_agreement_with_adj_irregular_1": 0.6909999847412109, "determiner_noun_agreement_with_adj_irregular_2": 0.7820000052452087, "determiner_noun_agreement_with_adjective_1": 0.8489999771118164, "distractor_agreement_relational_noun": 0.30300000309944153, "distractor_agreement_relative_clause": 0.29899999499320984, "drop_argument": 0.6959999799728394, "ellipsis_n_bar_1": 0.5600000023841858, "ellipsis_n_bar_2": 0.675000011920929, "existential_there_object_raising": 0.722000002861023, "existential_there_quantifiers_1": 0.8830000162124634, "existential_there_quantifiers_2": 0.2150000035762787, "existential_there_subject_raising": 0.7570000290870667, "expletive_it_object_raising": 0.6970000267028809, "inchoative": 0.4020000100135803, "intransitive": 0.597000002861023, "irregular_past_participle_adjectives": 0.9279999732971191, "irregular_past_participle_verbs": 0.8019999861717224, "irregular_plural_subject_verb_agreement_1": 0.6060000061988831, "irregular_plural_subject_verb_agreement_2": 0.7200000286102295, "left_branch_island_echo_question": 0.5260000228881836, "left_branch_island_simple_question": 0.2160000056028366, "matrix_question_npi_licensor_present": 0.25, "npi_present_1": 0.2370000034570694, "npi_present_2": 0.34700000286102295, "only_npi_licensor_present": 0.7820000052452087, "only_npi_scope": 0.8019999861717224, "passive_1": 0.8569999933242798, "passive_2": 0.8180000185966492, "principle_A_c_command": 0.4729999899864197, "principle_A_case_1": 1.0, "principle_A_case_2": 0.6489999890327454, "principle_A_domain_1": 0.9610000252723694, "principle_A_domain_2": 0.699999988079071, "principle_A_domain_3": 0.46000000834465027, "principle_A_reconstruction": 0.3190000057220459, "regular_plural_subject_verb_agreement_1": 0.6859999895095825, "regular_plural_subject_verb_agreement_2": 0.6909999847412109, "sentential_negation_npi_licensor_present": 0.9919999837875366, "sentential_negation_npi_scope": 0.2809999883174896, "sentential_subject_island": 0.3140000104904175, "superlative_quantifiers_1": 0.6700000166893005, "superlative_quantifiers_2": 0.31299999356269836, "tough_vs_raising_1": 0.3109999895095825, "tough_vs_raising_2": 0.7239999771118164, "transitive": 0.7200000286102295, "wh_island": 0.4399999976158142, "wh_questions_object_gap": 0.5989999771118164, "wh_questions_subject_gap": 0.8960000276565552, "wh_questions_subject_gap_long_distance": 0.9559999704360962, "wh_vs_that_no_gap": 0.9769999980926514, "wh_vs_that_no_gap_long_distance": 0.9909999966621399, "wh_vs_that_with_gap": 0.1080000028014183, "wh_vs_that_with_gap_long_distance": 0.035999998450279236}, "by_phenomenon": {"island_effects": 0.4052500054240227, "anaphor_agreement": 0.6055000126361847, "s-selection": 0.6885000169277191, "argument_structure": 0.6522857206208366, "determiner_noun_agreement": 0.817624993622303, "subject_verb_agreement": 0.5508333345254263, "ellipsis": 0.6175000071525574, "control_raising": 0.6422000050544738, "quantifiers": 0.5202500075101852, "irregular_forms": 0.8649999797344208, "npi_licensing": 0.52728570997715, "binding": 0.6517142866339002, "filler_gap_dependency": 0.6518571387444224}}, "paloma": 107.36363473370515}