{"blimp": {"by_uid": {"adjunct_island": 0.6449999809265137, "anaphor_gender_agreement": 0.5220000147819519, "anaphor_number_agreement": 0.824999988079071, "animate_subject_passive": 0.6880000233650208, "animate_subject_trans": 0.734000027179718, "causative": 0.47699999809265137, "complex_NP_island": 0.5180000066757202, "coordinate_structure_constraint_complex_left_branch": 0.17299999296665192, "coordinate_structure_constraint_object_extraction": 0.4790000021457672, "determiner_noun_agreement_1": 0.9150000214576721, "determiner_noun_agreement_2": 0.8820000290870667, "determiner_noun_agreement_irregular_1": 0.7620000243186951, "determiner_noun_agreement_irregular_2": 0.8140000104904175, "determiner_noun_agreement_with_adj_2": 0.7919999957084656, "determiner_noun_agreement_with_adj_irregular_1": 0.6690000295639038, "determiner_noun_agreement_with_adj_irregular_2": 0.7310000061988831, "determiner_noun_agreement_with_adjective_1": 0.8399999737739563, "distractor_agreement_relational_noun": 0.3540000021457672, "distractor_agreement_relative_clause": 0.2930000126361847, "drop_argument": 0.7170000076293945, "ellipsis_n_bar_1": 0.5569999814033508, "ellipsis_n_bar_2": 0.7009999752044678, "existential_there_object_raising": 0.7250000238418579, "existential_there_quantifiers_1": 0.9319999814033508, "existential_there_quantifiers_2": 0.3019999861717224, "existential_there_subject_raising": 0.7229999899864197, "expletive_it_object_raising": 0.7039999961853027, "inchoative": 0.4180000126361847, "intransitive": 0.609000027179718, "irregular_past_participle_adjectives": 0.9419999718666077, "irregular_past_participle_verbs": 0.8140000104904175, "irregular_plural_subject_verb_agreement_1": 0.6570000052452087, "irregular_plural_subject_verb_agreement_2": 0.7799999713897705, "left_branch_island_echo_question": 0.5860000252723694, "left_branch_island_simple_question": 0.19599999487400055, "matrix_question_npi_licensor_present": 0.2280000001192093, "npi_present_1": 0.3179999887943268, "npi_present_2": 0.4490000009536743, "only_npi_licensor_present": 0.32199999690055847, "only_npi_scope": 0.7390000224113464, "passive_1": 0.8289999961853027, "passive_2": 0.8090000152587891, "principle_A_c_command": 0.460999995470047, "principle_A_case_1": 1.0, "principle_A_case_2": 0.6579999923706055, "principle_A_domain_1": 0.8740000128746033, "principle_A_domain_2": 0.7310000061988831, "principle_A_domain_3": 0.4749999940395355, "principle_A_reconstruction": 0.42100000381469727, "regular_plural_subject_verb_agreement_1": 0.7390000224113464, "regular_plural_subject_verb_agreement_2": 0.8289999961853027, "sentential_negation_npi_licensor_present": 0.9860000014305115, "sentential_negation_npi_scope": 0.210999995470047, "sentential_subject_island": 0.3970000147819519, "superlative_quantifiers_1": 0.3540000021457672, "superlative_quantifiers_2": 0.5199999809265137, "tough_vs_raising_1": 0.35100001096725464, "tough_vs_raising_2": 0.7179999947547913, "transitive": 0.7149999737739563, "wh_island": 0.5860000252723694, "wh_questions_object_gap": 0.5180000066757202, "wh_questions_subject_gap": 0.8920000195503235, "wh_questions_subject_gap_long_distance": 0.9620000123977661, "wh_vs_that_no_gap": 0.9710000157356262, "wh_vs_that_no_gap_long_distance": 0.9860000014305115, "wh_vs_that_with_gap": 0.14399999380111694, "wh_vs_that_with_gap_long_distance": 0.04899999871850014}, "by_phenomenon": {"island_effects": 0.44750000536441803, "anaphor_agreement": 0.6735000014305115, "s-selection": 0.7110000252723694, "argument_structure": 0.6534285758222852, "determiner_noun_agreement": 0.8006250113248825, "subject_verb_agreement": 0.6086666683355967, "ellipsis": 0.6289999783039093, "control_raising": 0.6442000031471252, "quantifiers": 0.5269999876618385, "irregular_forms": 0.8779999911785126, "npi_licensing": 0.46471428658281055, "binding": 0.6600000006811959, "filler_gap_dependency": 0.6460000069013664}}, "paloma": 87.00226773833563}