{"blimp": {"by_uid": {"adjunct_island": 0.6119999885559082, "anaphor_gender_agreement": 0.4860000014305115, "anaphor_number_agreement": 0.7799999713897705, "animate_subject_passive": 0.6639999747276306, "animate_subject_trans": 0.7089999914169312, "causative": 0.4650000035762787, "complex_NP_island": 0.5009999871253967, "coordinate_structure_constraint_complex_left_branch": 0.18000000715255737, "coordinate_structure_constraint_object_extraction": 0.46399998664855957, "determiner_noun_agreement_1": 0.8939999938011169, "determiner_noun_agreement_2": 0.8889999985694885, "determiner_noun_agreement_irregular_1": 0.746999979019165, "determiner_noun_agreement_irregular_2": 0.8169999718666077, "determiner_noun_agreement_with_adj_2": 0.8059999942779541, "determiner_noun_agreement_with_adj_irregular_1": 0.6850000023841858, "determiner_noun_agreement_with_adj_irregular_2": 0.7509999871253967, "determiner_noun_agreement_with_adjective_1": 0.8420000076293945, "distractor_agreement_relational_noun": 0.2709999978542328, "distractor_agreement_relative_clause": 0.29899999499320984, "drop_argument": 0.7210000157356262, "ellipsis_n_bar_1": 0.5490000247955322, "ellipsis_n_bar_2": 0.6779999732971191, "existential_there_object_raising": 0.7289999723434448, "existential_there_quantifiers_1": 0.902999997138977, "existential_there_quantifiers_2": 0.20600000023841858, "existential_there_subject_raising": 0.7279999852180481, "expletive_it_object_raising": 0.7070000171661377, "inchoative": 0.40700000524520874, "intransitive": 0.6050000190734863, "irregular_past_participle_adjectives": 0.9049999713897705, "irregular_past_participle_verbs": 0.8040000200271606, "irregular_plural_subject_verb_agreement_1": 0.6190000176429749, "irregular_plural_subject_verb_agreement_2": 0.7419999837875366, "left_branch_island_echo_question": 0.5270000100135803, "left_branch_island_simple_question": 0.18799999356269836, "matrix_question_npi_licensor_present": 0.25600001215934753, "npi_present_1": 0.24199999868869781, "npi_present_2": 0.42399999499320984, "only_npi_licensor_present": 0.5270000100135803, "only_npi_scope": 0.8320000171661377, "passive_1": 0.8420000076293945, "passive_2": 0.8040000200271606, "principle_A_c_command": 0.49399998784065247, "principle_A_case_1": 1.0, "principle_A_case_2": 0.6259999871253967, "principle_A_domain_1": 0.902999997138977, "principle_A_domain_2": 0.7110000252723694, "principle_A_domain_3": 0.4620000123977661, "principle_A_reconstruction": 0.41100001335144043, "regular_plural_subject_verb_agreement_1": 0.718999981880188, "regular_plural_subject_verb_agreement_2": 0.7570000290870667, "sentential_negation_npi_licensor_present": 0.9929999709129333, "sentential_negation_npi_scope": 0.22300000488758087, "sentential_subject_island": 0.4009999930858612, "superlative_quantifiers_1": 0.5440000295639038, "superlative_quantifiers_2": 0.4269999861717224, "tough_vs_raising_1": 0.34599998593330383, "tough_vs_raising_2": 0.6990000009536743, "transitive": 0.7089999914169312, "wh_island": 0.546999990940094, "wh_questions_object_gap": 0.5820000171661377, "wh_questions_subject_gap": 0.902999997138977, "wh_questions_subject_gap_long_distance": 0.9700000286102295, "wh_vs_that_no_gap": 0.9819999933242798, "wh_vs_that_no_gap_long_distance": 0.9929999709129333, "wh_vs_that_with_gap": 0.10700000077486038, "wh_vs_that_with_gap_long_distance": 0.03200000151991844}, "by_phenomenon": {"island_effects": 0.42749999463558197, "anaphor_agreement": 0.632999986410141, "s-selection": 0.6864999830722809, "argument_structure": 0.650428580386298, "determiner_noun_agreement": 0.8038749918341637, "subject_verb_agreement": 0.5678333342075348, "ellipsis": 0.6134999990463257, "control_raising": 0.6417999923229217, "quantifiers": 0.5200000032782555, "irregular_forms": 0.8544999957084656, "npi_licensing": 0.49957142983164105, "binding": 0.6581428604466575, "filler_gap_dependency": 0.6527142870639052}}, "paloma": 96.11573464338788}