{"blimp": {"by_uid": {"adjunct_island": 0.593999981880188, "anaphor_gender_agreement": 0.5090000033378601, "anaphor_number_agreement": 0.7960000038146973, "animate_subject_passive": 0.6690000295639038, "animate_subject_trans": 0.718999981880188, "causative": 0.46299999952316284, "complex_NP_island": 0.453000009059906, "coordinate_structure_constraint_complex_left_branch": 0.17499999701976776, "coordinate_structure_constraint_object_extraction": 0.5109999775886536, "determiner_noun_agreement_1": 0.8949999809265137, "determiner_noun_agreement_2": 0.8849999904632568, "determiner_noun_agreement_irregular_1": 0.7580000162124634, "determiner_noun_agreement_irregular_2": 0.8349999785423279, "determiner_noun_agreement_with_adj_2": 0.8259999752044678, "determiner_noun_agreement_with_adj_irregular_1": 0.6890000104904175, "determiner_noun_agreement_with_adj_irregular_2": 0.7549999952316284, "determiner_noun_agreement_with_adjective_1": 0.8500000238418579, "distractor_agreement_relational_noun": 0.27300000190734863, "distractor_agreement_relative_clause": 0.3009999990463257, "drop_argument": 0.7099999785423279, "ellipsis_n_bar_1": 0.5370000004768372, "ellipsis_n_bar_2": 0.6759999990463257, "existential_there_object_raising": 0.7260000109672546, "existential_there_quantifiers_1": 0.9049999713897705, "existential_there_quantifiers_2": 0.20900000631809235, "existential_there_subject_raising": 0.7580000162124634, "expletive_it_object_raising": 0.7059999704360962, "inchoative": 0.41200000047683716, "intransitive": 0.6029999852180481, "irregular_past_participle_adjectives": 0.8939999938011169, "irregular_past_participle_verbs": 0.8100000023841858, "irregular_plural_subject_verb_agreement_1": 0.621999979019165, "irregular_plural_subject_verb_agreement_2": 0.7179999947547913, "left_branch_island_echo_question": 0.515999972820282, "left_branch_island_simple_question": 0.20000000298023224, "matrix_question_npi_licensor_present": 0.23999999463558197, "npi_present_1": 0.20800000429153442, "npi_present_2": 0.33399999141693115, "only_npi_licensor_present": 0.7099999785423279, "only_npi_scope": 0.8339999914169312, "passive_1": 0.8539999723434448, "passive_2": 0.8159999847412109, "principle_A_c_command": 0.46399998664855957, "principle_A_case_1": 1.0, "principle_A_case_2": 0.628000020980835, "principle_A_domain_1": 0.9190000295639038, "principle_A_domain_2": 0.7020000219345093, "principle_A_domain_3": 0.44699999690055847, "principle_A_reconstruction": 0.3840000033378601, "regular_plural_subject_verb_agreement_1": 0.699999988079071, "regular_plural_subject_verb_agreement_2": 0.7070000171661377, "sentential_negation_npi_licensor_present": 0.9909999966621399, "sentential_negation_npi_scope": 0.26899999380111694, "sentential_subject_island": 0.35899999737739563, "superlative_quantifiers_1": 0.6510000228881836, "superlative_quantifiers_2": 0.4180000126361847, "tough_vs_raising_1": 0.3240000009536743, "tough_vs_raising_2": 0.722000002861023, "transitive": 0.7149999737739563, "wh_island": 0.48399999737739563, "wh_questions_object_gap": 0.5659999847412109, "wh_questions_subject_gap": 0.8989999890327454, "wh_questions_subject_gap_long_distance": 0.9620000123977661, "wh_vs_that_no_gap": 0.9710000157356262, "wh_vs_that_no_gap_long_distance": 0.9929999709129333, "wh_vs_that_with_gap": 0.12300000339746475, "wh_vs_that_with_gap_long_distance": 0.03500000014901161}, "by_phenomenon": {"island_effects": 0.4114999920129776, "anaphor_agreement": 0.6525000035762787, "s-selection": 0.6940000057220459, "argument_structure": 0.653285699231284, "determiner_noun_agreement": 0.8116249963641167, "subject_verb_agreement": 0.5534999966621399, "ellipsis": 0.6064999997615814, "control_raising": 0.6472000002861023, "quantifiers": 0.5457500033080578, "irregular_forms": 0.8519999980926514, "npi_licensing": 0.5122857072523662, "binding": 0.6491428656237466, "filler_gap_dependency": 0.6498571394809655}}, "paloma": 100.57642375891217}