{"blimp": {"by_uid": {"adjunct_island": 0.5960000157356262, "anaphor_gender_agreement": 0.49300000071525574, "anaphor_number_agreement": 0.6930000185966492, "animate_subject_passive": 0.7139999866485596, "animate_subject_trans": 0.656000018119812, "causative": 0.46299999952316284, "complex_NP_island": 0.4860000014305115, "coordinate_structure_constraint_complex_left_branch": 0.27900001406669617, "coordinate_structure_constraint_object_extraction": 0.5929999947547913, "determiner_noun_agreement_1": 0.8550000190734863, "determiner_noun_agreement_2": 0.8339999914169312, "determiner_noun_agreement_irregular_1": 0.6990000009536743, "determiner_noun_agreement_irregular_2": 0.7559999823570251, "determiner_noun_agreement_with_adj_2": 0.718999981880188, "determiner_noun_agreement_with_adj_irregular_1": 0.6110000014305115, "determiner_noun_agreement_with_adj_irregular_2": 0.675000011920929, "determiner_noun_agreement_with_adjective_1": 0.7289999723434448, "distractor_agreement_relational_noun": 0.27799999713897705, "distractor_agreement_relative_clause": 0.3230000138282776, "drop_argument": 0.6919999718666077, "ellipsis_n_bar_1": 0.4050000011920929, "ellipsis_n_bar_2": 0.5149999856948853, "existential_there_object_raising": 0.746999979019165, "existential_there_quantifiers_1": 0.8799999952316284, "existential_there_quantifiers_2": 0.3199999928474426, "existential_there_subject_raising": 0.5950000286102295, "expletive_it_object_raising": 0.7149999737739563, "inchoative": 0.36500000953674316, "intransitive": 0.5379999876022339, "irregular_past_participle_adjectives": 0.5339999794960022, "irregular_past_participle_verbs": 0.7689999938011169, "irregular_plural_subject_verb_agreement_1": 0.5889999866485596, "irregular_plural_subject_verb_agreement_2": 0.6549999713897705, "left_branch_island_echo_question": 0.4580000042915344, "left_branch_island_simple_question": 0.39500001072883606, "matrix_question_npi_licensor_present": 0.18799999356269836, "npi_present_1": 0.4000000059604645, "npi_present_2": 0.32899999618530273, "only_npi_licensor_present": 0.6679999828338623, "only_npi_scope": 0.7950000166893005, "passive_1": 0.824999988079071, "passive_2": 0.8190000057220459, "principle_A_c_command": 0.6570000052452087, "principle_A_case_1": 1.0, "principle_A_case_2": 0.6340000033378601, "principle_A_domain_1": 0.9269999861717224, "principle_A_domain_2": 0.5979999899864197, "principle_A_domain_3": 0.4699999988079071, "principle_A_reconstruction": 0.34200000762939453, "regular_plural_subject_verb_agreement_1": 0.6370000243186951, "regular_plural_subject_verb_agreement_2": 0.5839999914169312, "sentential_negation_npi_licensor_present": 0.9760000109672546, "sentential_negation_npi_scope": 0.3319999873638153, "sentential_subject_island": 0.4480000138282776, "superlative_quantifiers_1": 0.6700000166893005, "superlative_quantifiers_2": 0.5550000071525574, "tough_vs_raising_1": 0.35199999809265137, "tough_vs_raising_2": 0.6940000057220459, "transitive": 0.6779999732971191, "wh_island": 0.6650000214576721, "wh_questions_object_gap": 0.6349999904632568, "wh_questions_subject_gap": 0.8989999890327454, "wh_questions_subject_gap_long_distance": 0.9559999704360962, "wh_vs_that_no_gap": 0.9549999833106995, "wh_vs_that_no_gap_long_distance": 0.9559999704360962, "wh_vs_that_with_gap": 0.0820000022649765, "wh_vs_that_with_gap_long_distance": 0.05400000140070915}, "by_phenomenon": {"island_effects": 0.49000000953674316, "anaphor_agreement": 0.5930000096559525, "s-selection": 0.6850000023841858, "argument_structure": 0.6257142765181405, "determiner_noun_agreement": 0.7347499951720238, "subject_verb_agreement": 0.5109999974568685, "ellipsis": 0.4599999934434891, "control_raising": 0.6205999970436096, "quantifiers": 0.6062500029802322, "irregular_forms": 0.6514999866485596, "npi_licensing": 0.5268571419375283, "binding": 0.6611428558826447, "filler_gap_dependency": 0.6481428439063686}}, "paloma": 315.3009035781701}