{"blimp": {"by_uid": {"adjunct_island": 0.6179999709129333, "anaphor_gender_agreement": 0.5099999904632568, "anaphor_number_agreement": 0.8080000281333923, "animate_subject_passive": 0.6790000200271606, "animate_subject_trans": 0.7129999995231628, "causative": 0.47099998593330383, "complex_NP_island": 0.5070000290870667, "coordinate_structure_constraint_complex_left_branch": 0.2029999941587448, "coordinate_structure_constraint_object_extraction": 0.4659999907016754, "determiner_noun_agreement_1": 0.9049999713897705, "determiner_noun_agreement_2": 0.8840000033378601, "determiner_noun_agreement_irregular_1": 0.7540000081062317, "determiner_noun_agreement_irregular_2": 0.8109999895095825, "determiner_noun_agreement_with_adj_2": 0.8019999861717224, "determiner_noun_agreement_with_adj_irregular_1": 0.6840000152587891, "determiner_noun_agreement_with_adj_irregular_2": 0.7400000095367432, "determiner_noun_agreement_with_adjective_1": 0.8320000171661377, "distractor_agreement_relational_noun": 0.30399999022483826, "distractor_agreement_relative_clause": 0.2939999997615814, "drop_argument": 0.7239999771118164, "ellipsis_n_bar_1": 0.5529999732971191, "ellipsis_n_bar_2": 0.6909999847412109, "existential_there_object_raising": 0.7179999947547913, "existential_there_quantifiers_1": 0.9290000200271606, "existential_there_quantifiers_2": 0.289000004529953, "existential_there_subject_raising": 0.734000027179718, "expletive_it_object_raising": 0.7049999833106995, "inchoative": 0.4090000092983246, "intransitive": 0.609000027179718, "irregular_past_participle_adjectives": 0.9269999861717224, "irregular_past_participle_verbs": 0.8140000104904175, "irregular_plural_subject_verb_agreement_1": 0.6389999985694885, "irregular_plural_subject_verb_agreement_2": 0.7699999809265137, "left_branch_island_echo_question": 0.574999988079071, "left_branch_island_simple_question": 0.20800000429153442, "matrix_question_npi_licensor_present": 0.23399999737739563, "npi_present_1": 0.296999990940094, "npi_present_2": 0.4560000002384186, "only_npi_licensor_present": 0.3440000116825104, "only_npi_scope": 0.7599999904632568, "passive_1": 0.8379999995231628, "passive_2": 0.8130000233650208, "principle_A_c_command": 0.5009999871253967, "principle_A_case_1": 1.0, "principle_A_case_2": 0.6330000162124634, "principle_A_domain_1": 0.8769999742507935, "principle_A_domain_2": 0.7089999914169312, "principle_A_domain_3": 0.46299999952316284, "principle_A_reconstruction": 0.4300000071525574, "regular_plural_subject_verb_agreement_1": 0.7129999995231628, "regular_plural_subject_verb_agreement_2": 0.8190000057220459, "sentential_negation_npi_licensor_present": 0.9860000014305115, "sentential_negation_npi_scope": 0.210999995470047, "sentential_subject_island": 0.4009999930858612, "superlative_quantifiers_1": 0.4020000100135803, "superlative_quantifiers_2": 0.503000020980835, "tough_vs_raising_1": 0.3490000069141388, "tough_vs_raising_2": 0.6949999928474426, "transitive": 0.6970000267028809, "wh_island": 0.5460000038146973, "wh_questions_object_gap": 0.5339999794960022, "wh_questions_subject_gap": 0.8859999775886536, "wh_questions_subject_gap_long_distance": 0.9670000076293945, "wh_vs_that_no_gap": 0.972000002861023, "wh_vs_that_no_gap_long_distance": 0.9909999966621399, "wh_vs_that_with_gap": 0.13099999725818634, "wh_vs_that_with_gap_long_distance": 0.04399999976158142}, "by_phenomenon": {"island_effects": 0.440499996766448, "anaphor_agreement": 0.6590000092983246, "s-selection": 0.6960000097751617, "argument_structure": 0.6515714355877468, "determiner_noun_agreement": 0.8015000000596046, "subject_verb_agreement": 0.5898333291212717, "ellipsis": 0.621999979019165, "control_raising": 0.640200001001358, "quantifiers": 0.5307500138878822, "irregular_forms": 0.87049999833107, "npi_licensing": 0.46971428394317627, "binding": 0.6589999965259007, "filler_gap_dependency": 0.6464285658938544}}, "paloma": 91.25121887519384}