{"blimp": {"by_uid": {"adjunct_island": 0.6110000014305115, "anaphor_gender_agreement": 0.46799999475479126, "anaphor_number_agreement": 0.7979999780654907, "animate_subject_passive": 0.6660000085830688, "animate_subject_trans": 0.7170000076293945, "causative": 0.46700000762939453, "complex_NP_island": 0.4819999933242798, "coordinate_structure_constraint_complex_left_branch": 0.19900000095367432, "coordinate_structure_constraint_object_extraction": 0.4650000035762787, "determiner_noun_agreement_1": 0.8930000066757202, "determiner_noun_agreement_2": 0.8790000081062317, "determiner_noun_agreement_irregular_1": 0.7490000128746033, "determiner_noun_agreement_irregular_2": 0.8050000071525574, "determiner_noun_agreement_with_adj_2": 0.7979999780654907, "determiner_noun_agreement_with_adj_irregular_1": 0.6790000200271606, "determiner_noun_agreement_with_adj_irregular_2": 0.7450000047683716, "determiner_noun_agreement_with_adjective_1": 0.8519999980926514, "distractor_agreement_relational_noun": 0.27799999713897705, "distractor_agreement_relative_clause": 0.3019999861717224, "drop_argument": 0.7250000238418579, "ellipsis_n_bar_1": 0.5580000281333923, "ellipsis_n_bar_2": 0.6819999814033508, "existential_there_object_raising": 0.7170000076293945, "existential_there_quantifiers_1": 0.9049999713897705, "existential_there_quantifiers_2": 0.22100000083446503, "existential_there_subject_raising": 0.7379999756813049, "expletive_it_object_raising": 0.7009999752044678, "inchoative": 0.40799999237060547, "intransitive": 0.6069999933242798, "irregular_past_participle_adjectives": 0.8840000033378601, "irregular_past_participle_verbs": 0.8009999990463257, "irregular_plural_subject_verb_agreement_1": 0.6200000047683716, "irregular_plural_subject_verb_agreement_2": 0.7599999904632568, "left_branch_island_echo_question": 0.5460000038146973, "left_branch_island_simple_question": 0.20800000429153442, "matrix_question_npi_licensor_present": 0.24500000476837158, "npi_present_1": 0.23000000417232513, "npi_present_2": 0.38100001215934753, "only_npi_licensor_present": 0.4779999852180481, "only_npi_scope": 0.8090000152587891, "passive_1": 0.8410000205039978, "passive_2": 0.8100000023841858, "principle_A_c_command": 0.47600001096725464, "principle_A_case_1": 1.0, "principle_A_case_2": 0.6079999804496765, "principle_A_domain_1": 0.9049999713897705, "principle_A_domain_2": 0.7139999866485596, "principle_A_domain_3": 0.4620000123977661, "principle_A_reconstruction": 0.40299999713897705, "regular_plural_subject_verb_agreement_1": 0.7239999771118164, "regular_plural_subject_verb_agreement_2": 0.7459999918937683, "sentential_negation_npi_licensor_present": 0.9929999709129333, "sentential_negation_npi_scope": 0.23199999332427979, "sentential_subject_island": 0.4059999883174896, "superlative_quantifiers_1": 0.5799999833106995, "superlative_quantifiers_2": 0.4309999942779541, "tough_vs_raising_1": 0.3499999940395355, "tough_vs_raising_2": 0.7009999752044678, "transitive": 0.7009999752044678, "wh_island": 0.5440000295639038, "wh_questions_object_gap": 0.5860000252723694, "wh_questions_subject_gap": 0.9049999713897705, "wh_questions_subject_gap_long_distance": 0.9729999899864197, "wh_vs_that_no_gap": 0.9819999933242798, "wh_vs_that_no_gap_long_distance": 0.996999979019165, "wh_vs_that_with_gap": 0.10499999672174454, "wh_vs_that_with_gap_long_distance": 0.026000000536441803}, "by_phenomenon": {"island_effects": 0.4326250031590462, "anaphor_agreement": 0.632999986410141, "s-selection": 0.6915000081062317, "argument_structure": 0.6512857164655413, "determiner_noun_agreement": 0.8000000044703484, "subject_verb_agreement": 0.5716666579246521, "ellipsis": 0.6200000047683716, "control_raising": 0.6413999855518341, "quantifiers": 0.5342499874532223, "irregular_forms": 0.8425000011920929, "npi_licensing": 0.48114285511629923, "binding": 0.6525714227131435, "filler_gap_dependency": 0.6534285651785987}}, "paloma": 95.73234792071352}