{"blimp": {"by_uid": {"adjunct_island": 0.6230000257492065, "anaphor_gender_agreement": 0.4880000054836273, "anaphor_number_agreement": 0.8009999990463257, "animate_subject_passive": 0.6690000295639038, "animate_subject_trans": 0.7260000109672546, "causative": 0.46700000762939453, "complex_NP_island": 0.49300000071525574, "coordinate_structure_constraint_complex_left_branch": 0.18400000035762787, "coordinate_structure_constraint_object_extraction": 0.4740000069141388, "determiner_noun_agreement_1": 0.8949999809265137, "determiner_noun_agreement_2": 0.8669999837875366, "determiner_noun_agreement_irregular_1": 0.7609999775886536, "determiner_noun_agreement_irregular_2": 0.8100000023841858, "determiner_noun_agreement_with_adj_2": 0.7990000247955322, "determiner_noun_agreement_with_adj_irregular_1": 0.6940000057220459, "determiner_noun_agreement_with_adj_irregular_2": 0.7390000224113464, "determiner_noun_agreement_with_adjective_1": 0.8420000076293945, "distractor_agreement_relational_noun": 0.26899999380111694, "distractor_agreement_relative_clause": 0.28999999165534973, "drop_argument": 0.718999981880188, "ellipsis_n_bar_1": 0.5490000247955322, "ellipsis_n_bar_2": 0.6869999766349792, "existential_there_object_raising": 0.7170000076293945, "existential_there_quantifiers_1": 0.9190000295639038, "existential_there_quantifiers_2": 0.21799999475479126, "existential_there_subject_raising": 0.7269999980926514, "expletive_it_object_raising": 0.699999988079071, "inchoative": 0.40400001406669617, "intransitive": 0.6159999966621399, "irregular_past_participle_adjectives": 0.9010000228881836, "irregular_past_participle_verbs": 0.7850000262260437, "irregular_plural_subject_verb_agreement_1": 0.6129999756813049, "irregular_plural_subject_verb_agreement_2": 0.753000020980835, "left_branch_island_echo_question": 0.5509999990463257, "left_branch_island_simple_question": 0.19900000095367432, "matrix_question_npi_licensor_present": 0.23800000548362732, "npi_present_1": 0.2370000034570694, "npi_present_2": 0.40799999237060547, "only_npi_licensor_present": 0.47699999809265137, "only_npi_scope": 0.8230000138282776, "passive_1": 0.8429999947547913, "passive_2": 0.8069999814033508, "principle_A_c_command": 0.46399998664855957, "principle_A_case_1": 1.0, "principle_A_case_2": 0.628000020980835, "principle_A_domain_1": 0.9010000228881836, "principle_A_domain_2": 0.7120000123977661, "principle_A_domain_3": 0.453000009059906, "principle_A_reconstruction": 0.4180000126361847, "regular_plural_subject_verb_agreement_1": 0.7200000286102295, "regular_plural_subject_verb_agreement_2": 0.7400000095367432, "sentential_negation_npi_licensor_present": 0.9829999804496765, "sentential_negation_npi_scope": 0.21199999749660492, "sentential_subject_island": 0.3959999978542328, "superlative_quantifiers_1": 0.5580000281333923, "superlative_quantifiers_2": 0.4569999873638153, "tough_vs_raising_1": 0.36000001430511475, "tough_vs_raising_2": 0.6850000023841858, "transitive": 0.7080000042915344, "wh_island": 0.5379999876022339, "wh_questions_object_gap": 0.574999988079071, "wh_questions_subject_gap": 0.8999999761581421, "wh_questions_subject_gap_long_distance": 0.9649999737739563, "wh_vs_that_no_gap": 0.984000027179718, "wh_vs_that_no_gap_long_distance": 0.996999979019165, "wh_vs_that_with_gap": 0.10400000214576721, "wh_vs_that_with_gap_long_distance": 0.029999999329447746}, "by_phenomenon": {"island_effects": 0.43225000239908695, "anaphor_agreement": 0.6445000022649765, "s-selection": 0.6975000202655792, "argument_structure": 0.6519999972411564, "determiner_noun_agreement": 0.8008750006556511, "subject_verb_agreement": 0.5641666700442632, "ellipsis": 0.6180000007152557, "control_raising": 0.6378000020980835, "quantifiers": 0.5380000099539757, "irregular_forms": 0.8430000245571136, "npi_licensing": 0.4825714273112161, "binding": 0.6537142949444907, "filler_gap_dependency": 0.6507142779550382}}, "paloma": 95.36862952559667}