{"blimp": {"by_uid": {"adjunct_island": 0.6019999980926514, "anaphor_gender_agreement": 0.5, "anaphor_number_agreement": 0.5429999828338623, "animate_subject_passive": 0.6259999871253967, "animate_subject_trans": 0.6380000114440918, "causative": 0.4699999988079071, "complex_NP_island": 0.3840000033378601, "coordinate_structure_constraint_complex_left_branch": 0.29499998688697815, "coordinate_structure_constraint_object_extraction": 0.35499998927116394, "determiner_noun_agreement_1": 0.6230000257492065, "determiner_noun_agreement_2": 0.6029999852180481, "determiner_noun_agreement_irregular_1": 0.6129999756813049, "determiner_noun_agreement_irregular_2": 0.6420000195503235, "determiner_noun_agreement_with_adj_2": 0.4659999907016754, "determiner_noun_agreement_with_adj_irregular_1": 0.4320000112056732, "determiner_noun_agreement_with_adj_irregular_2": 0.4819999933242798, "determiner_noun_agreement_with_adjective_1": 0.4519999921321869, "distractor_agreement_relational_noun": 0.4180000126361847, "distractor_agreement_relative_clause": 0.4350000023841858, "drop_argument": 0.7200000286102295, "ellipsis_n_bar_1": 0.2290000021457672, "ellipsis_n_bar_2": 0.34299999475479126, "existential_there_object_raising": 0.7549999952316284, "existential_there_quantifiers_1": 0.7099999785423279, "existential_there_quantifiers_2": 0.13099999725818634, "existential_there_subject_raising": 0.5189999938011169, "expletive_it_object_raising": 0.6890000104904175, "inchoative": 0.375, "intransitive": 0.5649999976158142, "irregular_past_participle_adjectives": 0.7820000052452087, "irregular_past_participle_verbs": 0.6570000052452087, "irregular_plural_subject_verb_agreement_1": 0.531000018119812, "irregular_plural_subject_verb_agreement_2": 0.6380000114440918, "left_branch_island_echo_question": 0.5210000276565552, "left_branch_island_simple_question": 0.36500000953674316, "matrix_question_npi_licensor_present": 0.19599999487400055, "npi_present_1": 0.2750000059604645, "npi_present_2": 0.26899999380111694, "only_npi_licensor_present": 0.7670000195503235, "only_npi_scope": 0.5419999957084656, "passive_1": 0.7519999742507935, "passive_2": 0.7269999980926514, "principle_A_c_command": 0.6809999942779541, "principle_A_case_1": 1.0, "principle_A_case_2": 0.47600001096725464, "principle_A_domain_1": 0.8999999761581421, "principle_A_domain_2": 0.5049999952316284, "principle_A_domain_3": 0.4429999887943268, "principle_A_reconstruction": 0.28700000047683716, "regular_plural_subject_verb_agreement_1": 0.527999997138977, "regular_plural_subject_verb_agreement_2": 0.5260000228881836, "sentential_negation_npi_licensor_present": 0.9269999861717224, "sentential_negation_npi_scope": 0.36399999260902405, "sentential_subject_island": 0.5709999799728394, "superlative_quantifiers_1": 0.4259999990463257, "superlative_quantifiers_2": 0.671999990940094, "tough_vs_raising_1": 0.39500001072883606, "tough_vs_raising_2": 0.6309999823570251, "transitive": 0.6290000081062317, "wh_island": 0.8550000190734863, "wh_questions_object_gap": 0.5659999847412109, "wh_questions_subject_gap": 0.8489999771118164, "wh_questions_subject_gap_long_distance": 0.9150000214576721, "wh_vs_that_no_gap": 0.8809999823570251, "wh_vs_that_no_gap_long_distance": 0.8619999885559082, "wh_vs_that_with_gap": 0.09399999678134918, "wh_vs_that_with_gap_long_distance": 0.1120000034570694}, "by_phenomenon": {"island_effects": 0.4935000017285347, "anaphor_agreement": 0.5214999914169312, "s-selection": 0.6319999992847443, "argument_structure": 0.6054285722119468, "determiner_noun_agreement": 0.5391249991953373, "subject_verb_agreement": 0.5126666774352392, "ellipsis": 0.28599999845027924, "control_raising": 0.5977999985218048, "quantifiers": 0.4847499914467335, "irregular_forms": 0.7195000052452087, "npi_licensing": 0.4771428555250168, "binding": 0.6131428522723061, "filler_gap_dependency": 0.611285707780293}}, "paloma": 598.2936601804939}