{"blimp": {"by_uid": {"adjunct_island": 0.6290000081062317, "anaphor_gender_agreement": 0.5379999876022339, "anaphor_number_agreement": 0.8109999895095825, "animate_subject_passive": 0.6809999942779541, "animate_subject_trans": 0.7239999771118164, "causative": 0.46399998664855957, "complex_NP_island": 0.5059999823570251, "coordinate_structure_constraint_complex_left_branch": 0.1889999955892563, "coordinate_structure_constraint_object_extraction": 0.47600001096725464, "determiner_noun_agreement_1": 0.9020000100135803, "determiner_noun_agreement_2": 0.8690000176429749, "determiner_noun_agreement_irregular_1": 0.7630000114440918, "determiner_noun_agreement_irregular_2": 0.8090000152587891, "determiner_noun_agreement_with_adj_2": 0.7919999957084656, "determiner_noun_agreement_with_adj_irregular_1": 0.6800000071525574, "determiner_noun_agreement_with_adj_irregular_2": 0.7350000143051147, "determiner_noun_agreement_with_adjective_1": 0.8410000205039978, "distractor_agreement_relational_noun": 0.3190000057220459, "distractor_agreement_relative_clause": 0.29499998688697815, "drop_argument": 0.7179999947547913, "ellipsis_n_bar_1": 0.546999990940094, "ellipsis_n_bar_2": 0.6869999766349792, "existential_there_object_raising": 0.7250000238418579, "existential_there_quantifiers_1": 0.9330000281333923, "existential_there_quantifiers_2": 0.25699999928474426, "existential_there_subject_raising": 0.7229999899864197, "expletive_it_object_raising": 0.7110000252723694, "inchoative": 0.41600000858306885, "intransitive": 0.6150000095367432, "irregular_past_participle_adjectives": 0.9309999942779541, "irregular_past_participle_verbs": 0.8040000200271606, "irregular_plural_subject_verb_agreement_1": 0.6460000276565552, "irregular_plural_subject_verb_agreement_2": 0.7829999923706055, "left_branch_island_echo_question": 0.5569999814033508, "left_branch_island_simple_question": 0.1889999955892563, "matrix_question_npi_licensor_present": 0.23800000548362732, "npi_present_1": 0.27399998903274536, "npi_present_2": 0.42899999022483826, "only_npi_licensor_present": 0.3499999940395355, "only_npi_scope": 0.7590000033378601, "passive_1": 0.8289999961853027, "passive_2": 0.8080000281333923, "principle_A_c_command": 0.4819999933242798, "principle_A_case_1": 1.0, "principle_A_case_2": 0.6439999938011169, "principle_A_domain_1": 0.8539999723434448, "principle_A_domain_2": 0.7170000076293945, "principle_A_domain_3": 0.4659999907016754, "principle_A_reconstruction": 0.42100000381469727, "regular_plural_subject_verb_agreement_1": 0.7229999899864197, "regular_plural_subject_verb_agreement_2": 0.8119999766349792, "sentential_negation_npi_licensor_present": 0.9909999966621399, "sentential_negation_npi_scope": 0.22300000488758087, "sentential_subject_island": 0.40799999237060547, "superlative_quantifiers_1": 0.46000000834465027, "superlative_quantifiers_2": 0.4860000014305115, "tough_vs_raising_1": 0.375, "tough_vs_raising_2": 0.6830000281333923, "transitive": 0.703000009059906, "wh_island": 0.5619999766349792, "wh_questions_object_gap": 0.5609999895095825, "wh_questions_subject_gap": 0.9160000085830688, "wh_questions_subject_gap_long_distance": 0.9649999737739563, "wh_vs_that_no_gap": 0.9789999723434448, "wh_vs_that_no_gap_long_distance": 0.9919999837875366, "wh_vs_that_with_gap": 0.12600000202655792, "wh_vs_that_with_gap_long_distance": 0.04100000113248825}, "by_phenomenon": {"island_effects": 0.43949999287724495, "anaphor_agreement": 0.6744999885559082, "s-selection": 0.7024999856948853, "argument_structure": 0.6504285761288234, "determiner_noun_agreement": 0.7988750115036964, "subject_verb_agreement": 0.596333329876264, "ellipsis": 0.6169999837875366, "control_raising": 0.6434000134468079, "quantifiers": 0.5340000092983246, "irregular_forms": 0.8675000071525574, "npi_licensing": 0.4662857119526182, "binding": 0.6548571373735156, "filler_gap_dependency": 0.6542857044509479}}, "paloma": 90.23722789362333}