{"blimp": {"by_uid": {"adjunct_island": 0.5659999847412109, "anaphor_gender_agreement": 0.45399999618530273, "anaphor_number_agreement": 0.7049999833106995, "animate_subject_passive": 0.699999988079071, "animate_subject_trans": 0.6690000295639038, "causative": 0.47200000286102295, "complex_NP_island": 0.45399999618530273, "coordinate_structure_constraint_complex_left_branch": 0.2770000100135803, "coordinate_structure_constraint_object_extraction": 0.5600000023841858, "determiner_noun_agreement_1": 0.8920000195503235, "determiner_noun_agreement_2": 0.9039999842643738, "determiner_noun_agreement_irregular_1": 0.7419999837875366, "determiner_noun_agreement_irregular_2": 0.8410000205039978, "determiner_noun_agreement_with_adj_2": 0.8379999995231628, "determiner_noun_agreement_with_adj_irregular_1": 0.6890000104904175, "determiner_noun_agreement_with_adj_irregular_2": 0.7979999780654907, "determiner_noun_agreement_with_adjective_1": 0.843999981880188, "distractor_agreement_relational_noun": 0.28700000047683716, "distractor_agreement_relative_clause": 0.28600001335144043, "drop_argument": 0.6940000057220459, "ellipsis_n_bar_1": 0.5590000152587891, "ellipsis_n_bar_2": 0.6629999876022339, "existential_there_object_raising": 0.7360000014305115, "existential_there_quantifiers_1": 0.8769999742507935, "existential_there_quantifiers_2": 0.1889999955892563, "existential_there_subject_raising": 0.7260000109672546, "expletive_it_object_raising": 0.7039999961853027, "inchoative": 0.39800000190734863, "intransitive": 0.5509999990463257, "irregular_past_participle_adjectives": 0.9229999780654907, "irregular_past_participle_verbs": 0.7850000262260437, "irregular_plural_subject_verb_agreement_1": 0.5950000286102295, "irregular_plural_subject_verb_agreement_2": 0.6980000138282776, "left_branch_island_echo_question": 0.5339999794960022, "left_branch_island_simple_question": 0.3319999873638153, "matrix_question_npi_licensor_present": 0.2540000081062317, "npi_present_1": 0.33000001311302185, "npi_present_2": 0.34700000286102295, "only_npi_licensor_present": 0.8019999861717224, "only_npi_scope": 0.8109999895095825, "passive_1": 0.8529999852180481, "passive_2": 0.8330000042915344, "principle_A_c_command": 0.4950000047683716, "principle_A_case_1": 1.0, "principle_A_case_2": 0.6359999775886536, "principle_A_domain_1": 0.9520000219345093, "principle_A_domain_2": 0.6880000233650208, "principle_A_domain_3": 0.453000009059906, "principle_A_reconstruction": 0.328000009059906, "regular_plural_subject_verb_agreement_1": 0.6809999942779541, "regular_plural_subject_verb_agreement_2": 0.6850000023841858, "sentential_negation_npi_licensor_present": 0.9800000190734863, "sentential_negation_npi_scope": 0.3499999940395355, "sentential_subject_island": 0.28700000047683716, "superlative_quantifiers_1": 0.6980000138282776, "superlative_quantifiers_2": 0.28999999165534973, "tough_vs_raising_1": 0.33500000834465027, "tough_vs_raising_2": 0.6949999928474426, "transitive": 0.7279999852180481, "wh_island": 0.4560000002384186, "wh_questions_object_gap": 0.593999981880188, "wh_questions_subject_gap": 0.8880000114440918, "wh_questions_subject_gap_long_distance": 0.9509999752044678, "wh_vs_that_no_gap": 0.9629999995231628, "wh_vs_that_no_gap_long_distance": 0.9729999899864197, "wh_vs_that_with_gap": 0.13699999451637268, "wh_vs_that_with_gap_long_distance": 0.05000000074505806}, "by_phenomenon": {"island_effects": 0.43324999511241913, "anaphor_agreement": 0.5794999897480011, "s-selection": 0.6845000088214874, "argument_structure": 0.6469999977520534, "determiner_noun_agreement": 0.8184999972581863, "subject_verb_agreement": 0.5386666754881541, "ellipsis": 0.6110000014305115, "control_raising": 0.6392000019550323, "quantifiers": 0.5134999938309193, "irregular_forms": 0.8540000021457672, "npi_licensing": 0.5534285732678005, "binding": 0.6502857208251953, "filler_gap_dependency": 0.6508571361856801}}, "paloma": 117.89083436532303}