{"blimp": {"by_uid": {"adjunct_island": 0.5460000038146973, "anaphor_gender_agreement": 0.33899998664855957, "anaphor_number_agreement": 0.48399999737739563, "animate_subject_passive": 0.6140000224113464, "animate_subject_trans": 0.6460000276565552, "causative": 0.42800000309944153, "complex_NP_island": 0.48899999260902405, "coordinate_structure_constraint_complex_left_branch": 0.3199999928474426, "coordinate_structure_constraint_object_extraction": 0.550000011920929, "determiner_noun_agreement_1": 0.5699999928474426, "determiner_noun_agreement_2": 0.5889999866485596, "determiner_noun_agreement_irregular_1": 0.6079999804496765, "determiner_noun_agreement_irregular_2": 0.6179999709129333, "determiner_noun_agreement_with_adj_2": 0.48500001430511475, "determiner_noun_agreement_with_adj_irregular_1": 0.46299999952316284, "determiner_noun_agreement_with_adj_irregular_2": 0.5199999809265137, "determiner_noun_agreement_with_adjective_1": 0.46700000762939453, "distractor_agreement_relational_noun": 0.421999990940094, "distractor_agreement_relative_clause": 0.47699999809265137, "drop_argument": 0.734000027179718, "ellipsis_n_bar_1": 0.296999990940094, "ellipsis_n_bar_2": 0.3779999911785126, "existential_there_object_raising": 0.7139999866485596, "existential_there_quantifiers_1": 0.7360000014305115, "existential_there_quantifiers_2": 0.6119999885559082, "existential_there_subject_raising": 0.5059999823570251, "expletive_it_object_raising": 0.6299999952316284, "inchoative": 0.37400001287460327, "intransitive": 0.5789999961853027, "irregular_past_participle_adjectives": 0.578000009059906, "irregular_past_participle_verbs": 0.5479999780654907, "irregular_plural_subject_verb_agreement_1": 0.5260000228881836, "irregular_plural_subject_verb_agreement_2": 0.5630000233650208, "left_branch_island_echo_question": 0.3790000081062317, "left_branch_island_simple_question": 0.36500000953674316, "matrix_question_npi_licensor_present": 0.44600000977516174, "npi_present_1": 0.22699999809265137, "npi_present_2": 0.23800000548362732, "only_npi_licensor_present": 0.008999999612569809, "only_npi_scope": 0.31299999356269836, "passive_1": 0.6869999766349792, "passive_2": 0.699999988079071, "principle_A_c_command": 0.5370000004768372, "principle_A_case_1": 1.0, "principle_A_case_2": 0.44600000977516174, "principle_A_domain_1": 0.6990000009536743, "principle_A_domain_2": 0.5619999766349792, "principle_A_domain_3": 0.4749999940395355, "principle_A_reconstruction": 0.28299999237060547, "regular_plural_subject_verb_agreement_1": 0.4410000145435333, "regular_plural_subject_verb_agreement_2": 0.5009999871253967, "sentential_negation_npi_licensor_present": 0.7990000247955322, "sentential_negation_npi_scope": 0.3449999988079071, "sentential_subject_island": 0.6340000033378601, "superlative_quantifiers_1": 0.46000000834465027, "superlative_quantifiers_2": 0.7229999899864197, "tough_vs_raising_1": 0.3230000138282776, "tough_vs_raising_2": 0.7009999752044678, "transitive": 0.5529999732971191, "wh_island": 0.6060000061988831, "wh_questions_object_gap": 0.6679999828338623, "wh_questions_subject_gap": 0.8859999775886536, "wh_questions_subject_gap_long_distance": 0.8740000128746033, "wh_vs_that_no_gap": 0.9319999814033508, "wh_vs_that_no_gap_long_distance": 0.9430000185966492, "wh_vs_that_with_gap": 0.057999998331069946, "wh_vs_that_with_gap_long_distance": 0.050999999046325684}, "by_phenomenon": {"island_effects": 0.48612500354647636, "anaphor_agreement": 0.4114999920129776, "s-selection": 0.6300000250339508, "argument_structure": 0.5792857110500336, "determiner_noun_agreement": 0.5399999916553497, "subject_verb_agreement": 0.48833333949248, "ellipsis": 0.3374999910593033, "control_raising": 0.5747999906539917, "quantifiers": 0.6327499970793724, "irregular_forms": 0.5629999935626984, "npi_licensing": 0.33957143287573543, "binding": 0.5717142820358276, "filler_gap_dependency": 0.6302857100963593}}, "paloma": 1052.5514878063668}