{"blimp": {"by_uid": {"adjunct_island": 0.5979999899864197, "anaphor_gender_agreement": 0.4740000069141388, "anaphor_number_agreement": 0.7929999828338623, "animate_subject_passive": 0.6710000038146973, "animate_subject_trans": 0.722000002861023, "causative": 0.46799999475479126, "complex_NP_island": 0.5099999904632568, "coordinate_structure_constraint_complex_left_branch": 0.1889999955892563, "coordinate_structure_constraint_object_extraction": 0.5120000243186951, "determiner_noun_agreement_1": 0.9079999923706055, "determiner_noun_agreement_2": 0.8849999904632568, "determiner_noun_agreement_irregular_1": 0.7599999904632568, "determiner_noun_agreement_irregular_2": 0.8130000233650208, "determiner_noun_agreement_with_adj_2": 0.8040000200271606, "determiner_noun_agreement_with_adj_irregular_1": 0.6769999861717224, "determiner_noun_agreement_with_adj_irregular_2": 0.734000027179718, "determiner_noun_agreement_with_adjective_1": 0.8410000205039978, "distractor_agreement_relational_noun": 0.35100001096725464, "distractor_agreement_relative_clause": 0.3089999854564667, "drop_argument": 0.722000002861023, "ellipsis_n_bar_1": 0.550000011920929, "ellipsis_n_bar_2": 0.6869999766349792, "existential_there_object_raising": 0.7200000286102295, "existential_there_quantifiers_1": 0.9350000023841858, "existential_there_quantifiers_2": 0.3160000145435333, "existential_there_subject_raising": 0.6949999928474426, "expletive_it_object_raising": 0.7089999914169312, "inchoative": 0.4129999876022339, "intransitive": 0.6100000143051147, "irregular_past_participle_adjectives": 0.9490000009536743, "irregular_past_participle_verbs": 0.800000011920929, "irregular_plural_subject_verb_agreement_1": 0.6460000276565552, "irregular_plural_subject_verb_agreement_2": 0.7879999876022339, "left_branch_island_echo_question": 0.5860000252723694, "left_branch_island_simple_question": 0.1860000044107437, "matrix_question_npi_licensor_present": 0.21199999749660492, "npi_present_1": 0.31299999356269836, "npi_present_2": 0.44699999690055847, "only_npi_licensor_present": 0.24500000476837158, "only_npi_scope": 0.7269999980926514, "passive_1": 0.8339999914169312, "passive_2": 0.8090000152587891, "principle_A_c_command": 0.5009999871253967, "principle_A_case_1": 1.0, "principle_A_case_2": 0.6439999938011169, "principle_A_domain_1": 0.8930000066757202, "principle_A_domain_2": 0.7139999866485596, "principle_A_domain_3": 0.4690000116825104, "principle_A_reconstruction": 0.4189999997615814, "regular_plural_subject_verb_agreement_1": 0.7310000061988831, "regular_plural_subject_verb_agreement_2": 0.8240000009536743, "sentential_negation_npi_licensor_present": 0.9810000061988831, "sentential_negation_npi_scope": 0.19900000095367432, "sentential_subject_island": 0.4050000011920929, "superlative_quantifiers_1": 0.3240000009536743, "superlative_quantifiers_2": 0.5049999952316284, "tough_vs_raising_1": 0.3659999966621399, "tough_vs_raising_2": 0.6919999718666077, "transitive": 0.7080000042915344, "wh_island": 0.5770000219345093, "wh_questions_object_gap": 0.5299999713897705, "wh_questions_subject_gap": 0.9010000228881836, "wh_questions_subject_gap_long_distance": 0.9570000171661377, "wh_vs_that_no_gap": 0.968999981880188, "wh_vs_that_no_gap_long_distance": 0.9850000143051147, "wh_vs_that_with_gap": 0.14499999582767487, "wh_vs_that_with_gap_long_distance": 0.04699999839067459}, "by_phenomenon": {"island_effects": 0.4453750066459179, "anaphor_agreement": 0.6334999948740005, "s-selection": 0.6965000033378601, "argument_structure": 0.652000001498631, "determiner_noun_agreement": 0.8027500063180923, "subject_verb_agreement": 0.6081666698058447, "ellipsis": 0.6184999942779541, "control_raising": 0.6363999962806701, "quantifiers": 0.5200000032782555, "irregular_forms": 0.8745000064373016, "npi_licensing": 0.44628571399620603, "binding": 0.6628571408135551, "filler_gap_dependency": 0.6477142859782491}}, "paloma": 88.61206408194964}