{"blimp": {"by_uid": {"adjunct_island": 0.5440000295639038, "anaphor_gender_agreement": 0.34700000286102295, "anaphor_number_agreement": 0.48399999737739563, "animate_subject_passive": 0.6159999966621399, "animate_subject_trans": 0.6539999842643738, "causative": 0.4359999895095825, "complex_NP_island": 0.4860000014305115, "coordinate_structure_constraint_complex_left_branch": 0.3179999887943268, "coordinate_structure_constraint_object_extraction": 0.5509999990463257, "determiner_noun_agreement_1": 0.5720000267028809, "determiner_noun_agreement_2": 0.5889999866485596, "determiner_noun_agreement_irregular_1": 0.6110000014305115, "determiner_noun_agreement_irregular_2": 0.621999979019165, "determiner_noun_agreement_with_adj_2": 0.48399999737739563, "determiner_noun_agreement_with_adj_irregular_1": 0.44999998807907104, "determiner_noun_agreement_with_adj_irregular_2": 0.515999972820282, "determiner_noun_agreement_with_adjective_1": 0.46700000762939453, "distractor_agreement_relational_noun": 0.4230000078678131, "distractor_agreement_relative_clause": 0.46700000762939453, "drop_argument": 0.7369999885559082, "ellipsis_n_bar_1": 0.2840000092983246, "ellipsis_n_bar_2": 0.3919999897480011, "existential_there_object_raising": 0.7139999866485596, "existential_there_quantifiers_1": 0.7360000014305115, "existential_there_quantifiers_2": 0.6079999804496765, "existential_there_subject_raising": 0.5040000081062317, "expletive_it_object_raising": 0.6330000162124634, "inchoative": 0.37700000405311584, "intransitive": 0.578000009059906, "irregular_past_participle_adjectives": 0.5559999942779541, "irregular_past_participle_verbs": 0.5609999895095825, "irregular_plural_subject_verb_agreement_1": 0.5230000019073486, "irregular_plural_subject_verb_agreement_2": 0.5630000233650208, "left_branch_island_echo_question": 0.38199999928474426, "left_branch_island_simple_question": 0.3499999940395355, "matrix_question_npi_licensor_present": 0.4440000057220459, "npi_present_1": 0.2409999966621399, "npi_present_2": 0.2460000067949295, "only_npi_licensor_present": 0.010999999940395355, "only_npi_scope": 0.3179999887943268, "passive_1": 0.6869999766349792, "passive_2": 0.6949999928474426, "principle_A_c_command": 0.5630000233650208, "principle_A_case_1": 1.0, "principle_A_case_2": 0.4569999873638153, "principle_A_domain_1": 0.6940000057220459, "principle_A_domain_2": 0.5540000200271606, "principle_A_domain_3": 0.47600001096725464, "principle_A_reconstruction": 0.2809999883174896, "regular_plural_subject_verb_agreement_1": 0.4440000057220459, "regular_plural_subject_verb_agreement_2": 0.5090000033378601, "sentential_negation_npi_licensor_present": 0.7910000085830688, "sentential_negation_npi_scope": 0.3409999907016754, "sentential_subject_island": 0.6309999823570251, "superlative_quantifiers_1": 0.45100000500679016, "superlative_quantifiers_2": 0.7269999980926514, "tough_vs_raising_1": 0.32600000500679016, "tough_vs_raising_2": 0.7070000171661377, "transitive": 0.5569999814033508, "wh_island": 0.6259999871253967, "wh_questions_object_gap": 0.6549999713897705, "wh_questions_subject_gap": 0.8889999985694885, "wh_questions_subject_gap_long_distance": 0.8759999871253967, "wh_vs_that_no_gap": 0.9259999990463257, "wh_vs_that_no_gap_long_distance": 0.9369999766349792, "wh_vs_that_with_gap": 0.06400000303983688, "wh_vs_that_with_gap_long_distance": 0.05400000140070915}, "by_phenomenon": {"island_effects": 0.4859999977052212, "anaphor_agreement": 0.4155000001192093, "s-selection": 0.6349999904632568, "argument_structure": 0.5809999917234693, "determiner_noun_agreement": 0.5388749949634075, "subject_verb_agreement": 0.4881666749715805, "ellipsis": 0.33799999952316284, "control_raising": 0.5768000066280365, "quantifiers": 0.6304999962449074, "irregular_forms": 0.5584999918937683, "npi_licensing": 0.3417142853140831, "binding": 0.5750000051089695, "filler_gap_dependency": 0.6287142767437867}}, "paloma": 1019.7355548871934}