{"blimp": {"by_uid": {"adjunct_island": 0.6240000128746033, "anaphor_gender_agreement": 0.49900001287460327, "anaphor_number_agreement": 0.8190000057220459, "animate_subject_passive": 0.6830000281333923, "animate_subject_trans": 0.7200000286102295, "causative": 0.47200000286102295, "complex_NP_island": 0.5109999775886536, "coordinate_structure_constraint_complex_left_branch": 0.1899999976158142, "coordinate_structure_constraint_object_extraction": 0.46799999475479126, "determiner_noun_agreement_1": 0.9049999713897705, "determiner_noun_agreement_2": 0.8889999985694885, "determiner_noun_agreement_irregular_1": 0.7549999952316284, "determiner_noun_agreement_irregular_2": 0.8240000009536743, "determiner_noun_agreement_with_adj_2": 0.8019999861717224, "determiner_noun_agreement_with_adj_irregular_1": 0.6740000247955322, "determiner_noun_agreement_with_adj_irregular_2": 0.7379999756813049, "determiner_noun_agreement_with_adjective_1": 0.8339999914169312, "distractor_agreement_relational_noun": 0.33399999141693115, "distractor_agreement_relative_clause": 0.30799999833106995, "drop_argument": 0.7179999947547913, "ellipsis_n_bar_1": 0.5619999766349792, "ellipsis_n_bar_2": 0.7020000219345093, "existential_there_object_raising": 0.7170000076293945, "existential_there_quantifiers_1": 0.9340000152587891, "existential_there_quantifiers_2": 0.28600001335144043, "existential_there_subject_raising": 0.7139999866485596, "expletive_it_object_raising": 0.7039999961853027, "inchoative": 0.4230000078678131, "intransitive": 0.6190000176429749, "irregular_past_participle_adjectives": 0.9440000057220459, "irregular_past_participle_verbs": 0.8059999942779541, "irregular_plural_subject_verb_agreement_1": 0.6430000066757202, "irregular_plural_subject_verb_agreement_2": 0.7739999890327454, "left_branch_island_echo_question": 0.5929999947547913, "left_branch_island_simple_question": 0.1940000057220459, "matrix_question_npi_licensor_present": 0.22699999809265137, "npi_present_1": 0.30000001192092896, "npi_present_2": 0.4449999928474426, "only_npi_licensor_present": 0.3019999861717224, "only_npi_scope": 0.7480000257492065, "passive_1": 0.828000009059906, "passive_2": 0.8040000200271606, "principle_A_c_command": 0.4869999885559082, "principle_A_case_1": 1.0, "principle_A_case_2": 0.6480000019073486, "principle_A_domain_1": 0.875, "principle_A_domain_2": 0.7289999723434448, "principle_A_domain_3": 0.4699999988079071, "principle_A_reconstruction": 0.42500001192092896, "regular_plural_subject_verb_agreement_1": 0.7429999709129333, "regular_plural_subject_verb_agreement_2": 0.8109999895095825, "sentential_negation_npi_licensor_present": 0.9860000014305115, "sentential_negation_npi_scope": 0.21400000154972076, "sentential_subject_island": 0.3930000066757202, "superlative_quantifiers_1": 0.3799999952316284, "superlative_quantifiers_2": 0.5379999876022339, "tough_vs_raising_1": 0.37299999594688416, "tough_vs_raising_2": 0.7039999961853027, "transitive": 0.7099999785423279, "wh_island": 0.5799999833106995, "wh_questions_object_gap": 0.5170000195503235, "wh_questions_subject_gap": 0.8980000019073486, "wh_questions_subject_gap_long_distance": 0.9679999947547913, "wh_vs_that_no_gap": 0.968999981880188, "wh_vs_that_no_gap_long_distance": 0.9869999885559082, "wh_vs_that_with_gap": 0.13699999451637268, "wh_vs_that_with_gap_long_distance": 0.04600000008940697}, "by_phenomenon": {"island_effects": 0.4441249966621399, "anaphor_agreement": 0.6590000092983246, "s-selection": 0.7015000283718109, "argument_structure": 0.6534285758222852, "determiner_noun_agreement": 0.8026249930262566, "subject_verb_agreement": 0.6021666576464971, "ellipsis": 0.6319999992847443, "control_raising": 0.6423999965190887, "quantifiers": 0.534500002861023, "irregular_forms": 0.875, "npi_licensing": 0.46028571682316916, "binding": 0.6619999962193626, "filler_gap_dependency": 0.6459999973220485}}, "paloma": 87.95581795429935}