{"blimp": {"by_uid": {"adjunct_island": 0.6029999852180481, "anaphor_gender_agreement": 0.48500001430511475, "anaphor_number_agreement": 0.7450000047683716, "animate_subject_passive": 0.6600000262260437, "animate_subject_trans": 0.703000009059906, "causative": 0.4729999899864197, "complex_NP_island": 0.4480000138282776, "coordinate_structure_constraint_complex_left_branch": 0.2029999941587448, "coordinate_structure_constraint_object_extraction": 0.5230000019073486, "determiner_noun_agreement_1": 0.8989999890327454, "determiner_noun_agreement_2": 0.8820000290870667, "determiner_noun_agreement_irregular_1": 0.7490000128746033, "determiner_noun_agreement_irregular_2": 0.828000009059906, "determiner_noun_agreement_with_adj_2": 0.828000009059906, "determiner_noun_agreement_with_adj_irregular_1": 0.6759999990463257, "determiner_noun_agreement_with_adj_irregular_2": 0.7749999761581421, "determiner_noun_agreement_with_adjective_1": 0.8389999866485596, "distractor_agreement_relational_noun": 0.28200000524520874, "distractor_agreement_relative_clause": 0.29600000381469727, "drop_argument": 0.6899999976158142, "ellipsis_n_bar_1": 0.5609999895095825, "ellipsis_n_bar_2": 0.6690000295639038, "existential_there_object_raising": 0.722000002861023, "existential_there_quantifiers_1": 0.8830000162124634, "existential_there_quantifiers_2": 0.22200000286102295, "existential_there_subject_raising": 0.7429999709129333, "expletive_it_object_raising": 0.6970000267028809, "inchoative": 0.39899998903274536, "intransitive": 0.5979999899864197, "irregular_past_participle_adjectives": 0.9449999928474426, "irregular_past_participle_verbs": 0.7929999828338623, "irregular_plural_subject_verb_agreement_1": 0.5960000157356262, "irregular_plural_subject_verb_agreement_2": 0.7129999995231628, "left_branch_island_echo_question": 0.5329999923706055, "left_branch_island_simple_question": 0.25099998712539673, "matrix_question_npi_licensor_present": 0.2630000114440918, "npi_present_1": 0.24799999594688416, "npi_present_2": 0.34200000762939453, "only_npi_licensor_present": 0.8069999814033508, "only_npi_scope": 0.8130000233650208, "passive_1": 0.8489999771118164, "passive_2": 0.8230000138282776, "principle_A_c_command": 0.46799999475479126, "principle_A_case_1": 1.0, "principle_A_case_2": 0.6549999713897705, "principle_A_domain_1": 0.9629999995231628, "principle_A_domain_2": 0.6869999766349792, "principle_A_domain_3": 0.4569999873638153, "principle_A_reconstruction": 0.33899998664855957, "regular_plural_subject_verb_agreement_1": 0.6899999976158142, "regular_plural_subject_verb_agreement_2": 0.7110000252723694, "sentential_negation_npi_licensor_present": 0.9890000224113464, "sentential_negation_npi_scope": 0.2800000011920929, "sentential_subject_island": 0.3019999861717224, "superlative_quantifiers_1": 0.6660000085830688, "superlative_quantifiers_2": 0.3140000104904175, "tough_vs_raising_1": 0.32600000500679016, "tough_vs_raising_2": 0.722000002861023, "transitive": 0.7289999723434448, "wh_island": 0.42399999499320984, "wh_questions_object_gap": 0.5899999737739563, "wh_questions_subject_gap": 0.9010000228881836, "wh_questions_subject_gap_long_distance": 0.953000009059906, "wh_vs_that_no_gap": 0.9739999771118164, "wh_vs_that_no_gap_long_distance": 0.9900000095367432, "wh_vs_that_with_gap": 0.11800000071525574, "wh_vs_that_with_gap_long_distance": 0.0430000014603138}, "by_phenomenon": {"island_effects": 0.4108749944716692, "anaphor_agreement": 0.6150000095367432, "s-selection": 0.6815000176429749, "argument_structure": 0.6515714185578483, "determiner_noun_agreement": 0.8095000013709068, "subject_verb_agreement": 0.5480000078678131, "ellipsis": 0.6150000095367432, "control_raising": 0.64200000166893, "quantifiers": 0.5212500095367432, "irregular_forms": 0.8689999878406525, "npi_licensing": 0.5345714347703117, "binding": 0.6527142737592969, "filler_gap_dependency": 0.6527142849351678}}, "paloma": 109.62991988841665}