{"blimp": {"by_uid": {"adjunct_island": 0.5270000100135803, "anaphor_gender_agreement": 0.5109999775886536, "anaphor_number_agreement": 0.7419999837875366, "animate_subject_passive": 0.7009999752044678, "animate_subject_trans": 0.652999997138977, "causative": 0.48899999260902405, "complex_NP_island": 0.4309999942779541, "coordinate_structure_constraint_complex_left_branch": 0.22100000083446503, "coordinate_structure_constraint_object_extraction": 0.5920000076293945, "determiner_noun_agreement_1": 0.8930000066757202, "determiner_noun_agreement_2": 0.8659999966621399, "determiner_noun_agreement_irregular_1": 0.7319999933242798, "determiner_noun_agreement_irregular_2": 0.7710000276565552, "determiner_noun_agreement_with_adj_2": 0.7910000085830688, "determiner_noun_agreement_with_adj_irregular_1": 0.6729999780654907, "determiner_noun_agreement_with_adj_irregular_2": 0.7250000238418579, "determiner_noun_agreement_with_adjective_1": 0.8140000104904175, "distractor_agreement_relational_noun": 0.2680000066757202, "distractor_agreement_relative_clause": 0.30000001192092896, "drop_argument": 0.6759999990463257, "ellipsis_n_bar_1": 0.515999972820282, "ellipsis_n_bar_2": 0.5889999866485596, "existential_there_object_raising": 0.734000027179718, "existential_there_quantifiers_1": 0.8619999885559082, "existential_there_quantifiers_2": 0.2199999988079071, "existential_there_subject_raising": 0.7089999914169312, "expletive_it_object_raising": 0.7099999785423279, "inchoative": 0.36500000953674316, "intransitive": 0.5320000052452087, "irregular_past_participle_adjectives": 0.6520000100135803, "irregular_past_participle_verbs": 0.7599999904632568, "irregular_plural_subject_verb_agreement_1": 0.5809999704360962, "irregular_plural_subject_verb_agreement_2": 0.6570000052452087, "left_branch_island_echo_question": 0.4339999854564667, "left_branch_island_simple_question": 0.31200000643730164, "matrix_question_npi_licensor_present": 0.23100000619888306, "npi_present_1": 0.38499999046325684, "npi_present_2": 0.296999990940094, "only_npi_licensor_present": 0.48500001430511475, "only_npi_scope": 0.8320000171661377, "passive_1": 0.8370000123977661, "passive_2": 0.8209999799728394, "principle_A_c_command": 0.6029999852180481, "principle_A_case_1": 1.0, "principle_A_case_2": 0.652999997138977, "principle_A_domain_1": 0.8920000195503235, "principle_A_domain_2": 0.6499999761581421, "principle_A_domain_3": 0.45399999618530273, "principle_A_reconstruction": 0.31299999356269836, "regular_plural_subject_verb_agreement_1": 0.6549999713897705, "regular_plural_subject_verb_agreement_2": 0.6399999856948853, "sentential_negation_npi_licensor_present": 0.9589999914169312, "sentential_negation_npi_scope": 0.3070000112056732, "sentential_subject_island": 0.3449999988079071, "superlative_quantifiers_1": 0.8119999766349792, "superlative_quantifiers_2": 0.4390000104904175, "tough_vs_raising_1": 0.3319999873638153, "tough_vs_raising_2": 0.718999981880188, "transitive": 0.7049999833106995, "wh_island": 0.4650000035762787, "wh_questions_object_gap": 0.5389999747276306, "wh_questions_subject_gap": 0.8960000276565552, "wh_questions_subject_gap_long_distance": 0.9610000252723694, "wh_vs_that_no_gap": 0.9369999766349792, "wh_vs_that_no_gap_long_distance": 0.9710000157356262, "wh_vs_that_with_gap": 0.125, "wh_vs_that_with_gap_long_distance": 0.05000000074505806}, "by_phenomenon": {"island_effects": 0.4158750008791685, "anaphor_agreement": 0.6264999806880951, "s-selection": 0.6769999861717224, "argument_structure": 0.6321428545883724, "determiner_noun_agreement": 0.7831250056624413, "subject_verb_agreement": 0.5168333252271017, "ellipsis": 0.5524999797344208, "control_raising": 0.6407999932765961, "quantifiers": 0.583249993622303, "irregular_forms": 0.7060000002384186, "npi_licensing": 0.499428574528013, "binding": 0.6521428525447845, "filler_gap_dependency": 0.6398571458246026}}, "paloma": 214.79498877907463}