{"blimp": {"by_uid": {"adjunct_island": 0.5440000295639038, "anaphor_gender_agreement": 0.5149999856948853, "anaphor_number_agreement": 0.7329999804496765, "animate_subject_passive": 0.7080000042915344, "animate_subject_trans": 0.6610000133514404, "causative": 0.48899999260902405, "complex_NP_island": 0.45500001311302185, "coordinate_structure_constraint_complex_left_branch": 0.23600000143051147, "coordinate_structure_constraint_object_extraction": 0.6069999933242798, "determiner_noun_agreement_1": 0.8859999775886536, "determiner_noun_agreement_2": 0.8560000061988831, "determiner_noun_agreement_irregular_1": 0.7239999771118164, "determiner_noun_agreement_irregular_2": 0.7649999856948853, "determiner_noun_agreement_with_adj_2": 0.7860000133514404, "determiner_noun_agreement_with_adj_irregular_1": 0.6679999828338623, "determiner_noun_agreement_with_adj_irregular_2": 0.7300000190734863, "determiner_noun_agreement_with_adjective_1": 0.8199999928474426, "distractor_agreement_relational_noun": 0.2680000066757202, "distractor_agreement_relative_clause": 0.28600001335144043, "drop_argument": 0.6830000281333923, "ellipsis_n_bar_1": 0.5130000114440918, "ellipsis_n_bar_2": 0.5849999785423279, "existential_there_object_raising": 0.734000027179718, "existential_there_quantifiers_1": 0.8709999918937683, "existential_there_quantifiers_2": 0.24699999392032623, "existential_there_subject_raising": 0.6909999847412109, "expletive_it_object_raising": 0.7110000252723694, "inchoative": 0.36500000953674316, "intransitive": 0.5320000052452087, "irregular_past_participle_adjectives": 0.6470000147819519, "irregular_past_participle_verbs": 0.7580000162124634, "irregular_plural_subject_verb_agreement_1": 0.578000009059906, "irregular_plural_subject_verb_agreement_2": 0.6639999747276306, "left_branch_island_echo_question": 0.44999998807907104, "left_branch_island_simple_question": 0.34200000762939453, "matrix_question_npi_licensor_present": 0.22300000488758087, "npi_present_1": 0.4000000059604645, "npi_present_2": 0.29100000858306885, "only_npi_licensor_present": 0.47699999809265137, "only_npi_scope": 0.8130000233650208, "passive_1": 0.8429999947547913, "passive_2": 0.8289999961853027, "principle_A_c_command": 0.6240000128746033, "principle_A_case_1": 1.0, "principle_A_case_2": 0.6439999938011169, "principle_A_domain_1": 0.8980000019073486, "principle_A_domain_2": 0.6399999856948853, "principle_A_domain_3": 0.45500001311302185, "principle_A_reconstruction": 0.3050000071525574, "regular_plural_subject_verb_agreement_1": 0.6620000004768372, "regular_plural_subject_verb_agreement_2": 0.6380000114440918, "sentential_negation_npi_licensor_present": 0.9670000076293945, "sentential_negation_npi_scope": 0.3100000023841858, "sentential_subject_island": 0.3619999885559082, "superlative_quantifiers_1": 0.7990000247955322, "superlative_quantifiers_2": 0.4390000104904175, "tough_vs_raising_1": 0.32499998807907104, "tough_vs_raising_2": 0.7269999980926514, "transitive": 0.7080000042915344, "wh_island": 0.4880000054836273, "wh_questions_object_gap": 0.5389999747276306, "wh_questions_subject_gap": 0.8930000066757202, "wh_questions_subject_gap_long_distance": 0.9539999961853027, "wh_vs_that_no_gap": 0.9419999718666077, "wh_vs_that_no_gap_long_distance": 0.9629999995231628, "wh_vs_that_with_gap": 0.12099999934434891, "wh_vs_that_with_gap_long_distance": 0.0560000017285347}, "by_phenomenon": {"island_effects": 0.43550000339746475, "anaphor_agreement": 0.6239999830722809, "s-selection": 0.6845000088214874, "argument_structure": 0.6355714329651424, "determiner_noun_agreement": 0.7793749943375587, "subject_verb_agreement": 0.5160000026226044, "ellipsis": 0.5489999949932098, "control_raising": 0.6376000046730042, "quantifiers": 0.5890000052750111, "irregular_forms": 0.7025000154972076, "npi_licensing": 0.49728572155748096, "binding": 0.6522857163633619, "filler_gap_dependency": 0.6382857071501868}}, "paloma": 224.11066694890997}