{"blimp": {"by_uid": {"adjunct_island": 0.5270000100135803, "anaphor_gender_agreement": 0.4749999940395355, "anaphor_number_agreement": 0.7179999947547913, "animate_subject_passive": 0.7039999961853027, "animate_subject_trans": 0.6480000019073486, "causative": 0.5049999952316284, "complex_NP_island": 0.44699999690055847, "coordinate_structure_constraint_complex_left_branch": 0.19300000369548798, "coordinate_structure_constraint_object_extraction": 0.6029999852180481, "determiner_noun_agreement_1": 0.8960000276565552, "determiner_noun_agreement_2": 0.8690000176429749, "determiner_noun_agreement_irregular_1": 0.7289999723434448, "determiner_noun_agreement_irregular_2": 0.7730000019073486, "determiner_noun_agreement_with_adj_2": 0.796999990940094, "determiner_noun_agreement_with_adj_irregular_1": 0.6679999828338623, "determiner_noun_agreement_with_adj_irregular_2": 0.734000027179718, "determiner_noun_agreement_with_adjective_1": 0.8119999766349792, "distractor_agreement_relational_noun": 0.3059999942779541, "distractor_agreement_relative_clause": 0.2939999997615814, "drop_argument": 0.6779999732971191, "ellipsis_n_bar_1": 0.49300000071525574, "ellipsis_n_bar_2": 0.6119999885559082, "existential_there_object_raising": 0.7379999756813049, "existential_there_quantifiers_1": 0.8690000176429749, "existential_there_quantifiers_2": 0.32899999618530273, "existential_there_subject_raising": 0.7129999995231628, "expletive_it_object_raising": 0.7160000205039978, "inchoative": 0.36800000071525574, "intransitive": 0.527999997138977, "irregular_past_participle_adjectives": 0.7009999752044678, "irregular_past_participle_verbs": 0.7630000114440918, "irregular_plural_subject_verb_agreement_1": 0.5770000219345093, "irregular_plural_subject_verb_agreement_2": 0.6200000047683716, "left_branch_island_echo_question": 0.42800000309944153, "left_branch_island_simple_question": 0.28999999165534973, "matrix_question_npi_licensor_present": 0.2540000081062317, "npi_present_1": 0.40400001406669617, "npi_present_2": 0.30799999833106995, "only_npi_licensor_present": 0.5830000042915344, "only_npi_scope": 0.8320000171661377, "passive_1": 0.8399999737739563, "passive_2": 0.8289999961853027, "principle_A_c_command": 0.5759999752044678, "principle_A_case_1": 1.0, "principle_A_case_2": 0.6740000247955322, "principle_A_domain_1": 0.8740000128746033, "principle_A_domain_2": 0.6740000247955322, "principle_A_domain_3": 0.46399998664855957, "principle_A_reconstruction": 0.2919999957084656, "regular_plural_subject_verb_agreement_1": 0.6520000100135803, "regular_plural_subject_verb_agreement_2": 0.6269999742507935, "sentential_negation_npi_licensor_present": 0.9480000138282776, "sentential_negation_npi_scope": 0.25600001215934753, "sentential_subject_island": 0.3529999852180481, "superlative_quantifiers_1": 0.8130000233650208, "superlative_quantifiers_2": 0.39399999380111694, "tough_vs_raising_1": 0.3400000035762787, "tough_vs_raising_2": 0.7160000205039978, "transitive": 0.7170000076293945, "wh_island": 0.40700000524520874, "wh_questions_object_gap": 0.5490000247955322, "wh_questions_subject_gap": 0.9089999794960022, "wh_questions_subject_gap_long_distance": 0.9520000219345093, "wh_vs_that_no_gap": 0.9449999928474426, "wh_vs_that_no_gap_long_distance": 0.9679999947547913, "wh_vs_that_with_gap": 0.12099999934434891, "wh_vs_that_with_gap_long_distance": 0.04899999871850014}, "by_phenomenon": {"island_effects": 0.40599999763071537, "anaphor_agreement": 0.5964999943971634, "s-selection": 0.6759999990463257, "argument_structure": 0.6378571348530906, "determiner_noun_agreement": 0.7847499996423721, "subject_verb_agreement": 0.5126666675011317, "ellipsis": 0.552499994635582, "control_raising": 0.6446000039577484, "quantifiers": 0.6012500077486038, "irregular_forms": 0.7319999933242798, "npi_licensing": 0.5121428668498993, "binding": 0.6505714314324516, "filler_gap_dependency": 0.6418571445558753}}, "paloma": 190.93459122687682}