{"blimp": {"by_uid": {"adjunct_island": 0.6970000267028809, "anaphor_gender_agreement": 0.5220000147819519, "anaphor_number_agreement": 0.6389999985694885, "animate_subject_passive": 0.6819999814033508, "animate_subject_trans": 0.6439999938011169, "causative": 0.4659999907016754, "complex_NP_island": 0.49900001287460327, "coordinate_structure_constraint_complex_left_branch": 0.33799999952316284, "coordinate_structure_constraint_object_extraction": 0.460999995470047, "determiner_noun_agreement_1": 0.7710000276565552, "determiner_noun_agreement_2": 0.7620000243186951, "determiner_noun_agreement_irregular_1": 0.6740000247955322, "determiner_noun_agreement_irregular_2": 0.7360000014305115, "determiner_noun_agreement_with_adj_2": 0.5979999899864197, "determiner_noun_agreement_with_adj_irregular_1": 0.5600000023841858, "determiner_noun_agreement_with_adj_irregular_2": 0.5989999771118164, "determiner_noun_agreement_with_adjective_1": 0.6380000114440918, "distractor_agreement_relational_noun": 0.3269999921321869, "distractor_agreement_relative_clause": 0.37700000405311584, "drop_argument": 0.6949999928474426, "ellipsis_n_bar_1": 0.29100000858306885, "ellipsis_n_bar_2": 0.45899999141693115, "existential_there_object_raising": 0.7509999871253967, "existential_there_quantifiers_1": 0.8539999723434448, "existential_there_quantifiers_2": 0.27799999713897705, "existential_there_subject_raising": 0.5360000133514404, "expletive_it_object_raising": 0.7070000171661377, "inchoative": 0.3659999966621399, "intransitive": 0.5450000166893005, "irregular_past_participle_adjectives": 0.4269999861717224, "irregular_past_participle_verbs": 0.7379999756813049, "irregular_plural_subject_verb_agreement_1": 0.5820000171661377, "irregular_plural_subject_verb_agreement_2": 0.6320000290870667, "left_branch_island_echo_question": 0.5070000290870667, "left_branch_island_simple_question": 0.38100001215934753, "matrix_question_npi_licensor_present": 0.16099999845027924, "npi_present_1": 0.36899998784065247, "npi_present_2": 0.3449999988079071, "only_npi_licensor_present": 0.7570000290870667, "only_npi_scope": 0.628000020980835, "passive_1": 0.7960000038146973, "passive_2": 0.7889999747276306, "principle_A_c_command": 0.6359999775886536, "principle_A_case_1": 1.0, "principle_A_case_2": 0.6129999756813049, "principle_A_domain_1": 0.8970000147819519, "principle_A_domain_2": 0.5649999976158142, "principle_A_domain_3": 0.47099998593330383, "principle_A_reconstruction": 0.3449999988079071, "regular_plural_subject_verb_agreement_1": 0.5929999947547913, "regular_plural_subject_verb_agreement_2": 0.5559999942779541, "sentential_negation_npi_licensor_present": 0.9900000095367432, "sentential_negation_npi_scope": 0.39500001072883606, "sentential_subject_island": 0.4690000116825104, "superlative_quantifiers_1": 0.49399998784065247, "superlative_quantifiers_2": 0.5099999904632568, "tough_vs_raising_1": 0.3440000116825104, "tough_vs_raising_2": 0.6830000281333923, "transitive": 0.6660000085830688, "wh_island": 0.6710000038146973, "wh_questions_object_gap": 0.6579999923706055, "wh_questions_subject_gap": 0.9039999842643738, "wh_questions_subject_gap_long_distance": 0.9459999799728394, "wh_vs_that_no_gap": 0.949999988079071, "wh_vs_that_no_gap_long_distance": 0.9520000219345093, "wh_vs_that_with_gap": 0.08100000023841858, "wh_vs_that_with_gap_long_distance": 0.052000001072883606}, "by_phenomenon": {"island_effects": 0.5028750114142895, "anaphor_agreement": 0.5805000066757202, "s-selection": 0.6629999876022339, "argument_structure": 0.6175714262894222, "determiner_noun_agreement": 0.667250007390976, "subject_verb_agreement": 0.5111666719118754, "ellipsis": 0.375, "control_raising": 0.6042000114917755, "quantifiers": 0.5339999869465828, "irregular_forms": 0.5824999809265137, "npi_licensing": 0.5207142936331886, "binding": 0.646714278629848, "filler_gap_dependency": 0.6489999954189573}}, "paloma": 375.83568632012873}