{"blimp": {"by_uid": {"adjunct_island": 0.5370000004768372, "anaphor_gender_agreement": 0.3310000002384186, "anaphor_number_agreement": 0.47600001096725464, "animate_subject_passive": 0.6200000047683716, "animate_subject_trans": 0.6349999904632568, "causative": 0.42399999499320984, "complex_NP_island": 0.4950000047683716, "coordinate_structure_constraint_complex_left_branch": 0.3540000021457672, "coordinate_structure_constraint_object_extraction": 0.5519999861717224, "determiner_noun_agreement_1": 0.5600000023841858, "determiner_noun_agreement_2": 0.5740000009536743, "determiner_noun_agreement_irregular_1": 0.5989999771118164, "determiner_noun_agreement_irregular_2": 0.6019999980926514, "determiner_noun_agreement_with_adj_2": 0.48100000619888306, "determiner_noun_agreement_with_adj_irregular_1": 0.46399998664855957, "determiner_noun_agreement_with_adj_irregular_2": 0.5239999890327454, "determiner_noun_agreement_with_adjective_1": 0.4699999988079071, "distractor_agreement_relational_noun": 0.4230000078678131, "distractor_agreement_relative_clause": 0.4749999940395355, "drop_argument": 0.7289999723434448, "ellipsis_n_bar_1": 0.3310000002384186, "ellipsis_n_bar_2": 0.37400001287460327, "existential_there_object_raising": 0.7009999752044678, "existential_there_quantifiers_1": 0.7379999756813049, "existential_there_quantifiers_2": 0.6200000047683716, "existential_there_subject_raising": 0.5080000162124634, "expletive_it_object_raising": 0.625, "inchoative": 0.36899998784065247, "intransitive": 0.5759999752044678, "irregular_past_participle_adjectives": 0.5839999914169312, "irregular_past_participle_verbs": 0.5370000004768372, "irregular_plural_subject_verb_agreement_1": 0.5170000195503235, "irregular_plural_subject_verb_agreement_2": 0.5559999942779541, "left_branch_island_echo_question": 0.38199999928474426, "left_branch_island_simple_question": 0.3869999945163727, "matrix_question_npi_licensor_present": 0.46399998664855957, "npi_present_1": 0.22300000488758087, "npi_present_2": 0.23499999940395355, "only_npi_licensor_present": 0.00800000037997961, "only_npi_scope": 0.3109999895095825, "passive_1": 0.6859999895095825, "passive_2": 0.7009999752044678, "principle_A_c_command": 0.527999997138977, "principle_A_case_1": 1.0, "principle_A_case_2": 0.44999998807907104, "principle_A_domain_1": 0.7329999804496765, "principle_A_domain_2": 0.5740000009536743, "principle_A_domain_3": 0.47099998593330383, "principle_A_reconstruction": 0.29600000381469727, "regular_plural_subject_verb_agreement_1": 0.43299999833106995, "regular_plural_subject_verb_agreement_2": 0.5019999742507935, "sentential_negation_npi_licensor_present": 0.7950000166893005, "sentential_negation_npi_scope": 0.32600000500679016, "sentential_subject_island": 0.6309999823570251, "superlative_quantifiers_1": 0.4519999921321869, "superlative_quantifiers_2": 0.7200000286102295, "tough_vs_raising_1": 0.31299999356269836, "tough_vs_raising_2": 0.7020000219345093, "transitive": 0.5450000166893005, "wh_island": 0.5759999752044678, "wh_questions_object_gap": 0.6859999895095825, "wh_questions_subject_gap": 0.8769999742507935, "wh_questions_subject_gap_long_distance": 0.875, "wh_vs_that_no_gap": 0.9330000281333923, "wh_vs_that_no_gap_long_distance": 0.9419999718666077, "wh_vs_that_with_gap": 0.05400000140070915, "wh_vs_that_with_gap_long_distance": 0.04899999871850014}, "by_phenomenon": {"island_effects": 0.48924999311566353, "anaphor_agreement": 0.4035000056028366, "s-selection": 0.6274999976158142, "argument_structure": 0.5757142731121608, "determiner_noun_agreement": 0.5342499949038029, "subject_verb_agreement": 0.4843333313862483, "ellipsis": 0.3525000065565109, "control_raising": 0.5698000013828277, "quantifiers": 0.6325000002980232, "irregular_forms": 0.5604999959468842, "npi_licensing": 0.3374285717893924, "binding": 0.5788571366242, "filler_gap_dependency": 0.6308571376970836}}, "paloma": 1135.3504675835268}