{"blimp": {"by_uid": {"adjunct_island": 0.5400000214576721, "anaphor_gender_agreement": 0.44999998807907104, "anaphor_number_agreement": 0.6880000233650208, "animate_subject_passive": 0.7049999833106995, "animate_subject_trans": 0.6330000162124634, "causative": 0.5070000290870667, "complex_NP_island": 0.453000009059906, "coordinate_structure_constraint_complex_left_branch": 0.2160000056028366, "coordinate_structure_constraint_object_extraction": 0.5879999995231628, "determiner_noun_agreement_1": 0.8769999742507935, "determiner_noun_agreement_2": 0.8880000114440918, "determiner_noun_agreement_irregular_1": 0.7409999966621399, "determiner_noun_agreement_irregular_2": 0.796999990940094, "determiner_noun_agreement_with_adj_2": 0.8379999995231628, "determiner_noun_agreement_with_adj_irregular_1": 0.675000011920929, "determiner_noun_agreement_with_adj_irregular_2": 0.7720000147819519, "determiner_noun_agreement_with_adjective_1": 0.8159999847412109, "distractor_agreement_relational_noun": 0.3230000138282776, "distractor_agreement_relative_clause": 0.2919999957084656, "drop_argument": 0.6800000071525574, "ellipsis_n_bar_1": 0.515999972820282, "ellipsis_n_bar_2": 0.6600000262260437, "existential_there_object_raising": 0.7480000257492065, "existential_there_quantifiers_1": 0.8960000276565552, "existential_there_quantifiers_2": 0.28299999237060547, "existential_there_subject_raising": 0.7250000238418579, "expletive_it_object_raising": 0.7059999704360962, "inchoative": 0.375, "intransitive": 0.5249999761581421, "irregular_past_participle_adjectives": 0.7799999713897705, "irregular_past_participle_verbs": 0.777999997138977, "irregular_plural_subject_verb_agreement_1": 0.5740000009536743, "irregular_plural_subject_verb_agreement_2": 0.6430000066757202, "left_branch_island_echo_question": 0.4690000116825104, "left_branch_island_simple_question": 0.30300000309944153, "matrix_question_npi_licensor_present": 0.25999999046325684, "npi_present_1": 0.42399999499320984, "npi_present_2": 0.3499999940395355, "only_npi_licensor_present": 0.6000000238418579, "only_npi_scope": 0.7929999828338623, "passive_1": 0.8349999785423279, "passive_2": 0.8370000123977661, "principle_A_c_command": 0.5320000052452087, "principle_A_case_1": 1.0, "principle_A_case_2": 0.6359999775886536, "principle_A_domain_1": 0.921999990940094, "principle_A_domain_2": 0.6909999847412109, "principle_A_domain_3": 0.45500001311302185, "principle_A_reconstruction": 0.2770000100135803, "regular_plural_subject_verb_agreement_1": 0.6690000295639038, "regular_plural_subject_verb_agreement_2": 0.6349999904632568, "sentential_negation_npi_licensor_present": 0.9620000123977661, "sentential_negation_npi_scope": 0.28200000524520874, "sentential_subject_island": 0.34599998593330383, "superlative_quantifiers_1": 0.7720000147819519, "superlative_quantifiers_2": 0.30300000309944153, "tough_vs_raising_1": 0.38100001215934753, "tough_vs_raising_2": 0.6660000085830688, "transitive": 0.7260000109672546, "wh_island": 0.3700000047683716, "wh_questions_object_gap": 0.5640000104904175, "wh_questions_subject_gap": 0.8880000114440918, "wh_questions_subject_gap_long_distance": 0.9350000023841858, "wh_vs_that_no_gap": 0.9480000138282776, "wh_vs_that_no_gap_long_distance": 0.9639999866485596, "wh_vs_that_with_gap": 0.11699999868869781, "wh_vs_that_with_gap_long_distance": 0.057999998331069946}, "by_phenomenon": {"island_effects": 0.4106250051409006, "anaphor_agreement": 0.5690000057220459, "s-selection": 0.6689999997615814, "argument_structure": 0.6407142877578735, "determiner_noun_agreement": 0.8004999980330467, "subject_verb_agreement": 0.5226666728655497, "ellipsis": 0.5879999995231628, "control_raising": 0.6452000081539154, "quantifiers": 0.5635000094771385, "irregular_forms": 0.7789999842643738, "npi_licensing": 0.5244285719735282, "binding": 0.6447142830916813, "filler_gap_dependency": 0.6391428602593285}}, "paloma": 153.98555424753383}