{"blimp": {"by_uid": {"adjunct_island": 0.49300000071525574, "anaphor_gender_agreement": 0.3889999985694885, "anaphor_number_agreement": 0.453000009059906, "animate_subject_passive": 0.6169999837875366, "animate_subject_trans": 0.6100000143051147, "causative": 0.40400001406669617, "complex_NP_island": 0.47200000286102295, "coordinate_structure_constraint_complex_left_branch": 0.5220000147819519, "coordinate_structure_constraint_object_extraction": 0.5799999833106995, "determiner_noun_agreement_1": 0.5220000147819519, "determiner_noun_agreement_2": 0.5080000162124634, "determiner_noun_agreement_irregular_1": 0.5429999828338623, "determiner_noun_agreement_irregular_2": 0.5090000033378601, "determiner_noun_agreement_with_adj_2": 0.5059999823570251, "determiner_noun_agreement_with_adj_irregular_1": 0.5130000114440918, "determiner_noun_agreement_with_adj_irregular_2": 0.515999972820282, "determiner_noun_agreement_with_adjective_1": 0.48399999737739563, "distractor_agreement_relational_noun": 0.47999998927116394, "distractor_agreement_relative_clause": 0.5419999957084656, "drop_argument": 0.7039999961853027, "ellipsis_n_bar_1": 0.5009999871253967, "ellipsis_n_bar_2": 0.3400000035762787, "existential_there_object_raising": 0.6290000081062317, "existential_there_quantifiers_1": 0.8360000252723694, "existential_there_quantifiers_2": 0.6320000290870667, "existential_there_subject_raising": 0.5580000281333923, "expletive_it_object_raising": 0.5860000252723694, "inchoative": 0.3880000114440918, "intransitive": 0.5669999718666077, "irregular_past_participle_adjectives": 0.4880000054836273, "irregular_past_participle_verbs": 0.5429999828338623, "irregular_plural_subject_verb_agreement_1": 0.4860000014305115, "irregular_plural_subject_verb_agreement_2": 0.47600001096725464, "left_branch_island_echo_question": 0.3889999985694885, "left_branch_island_simple_question": 0.5299999713897705, "matrix_question_npi_licensor_present": 0.6690000295639038, "npi_present_1": 0.29100000858306885, "npi_present_2": 0.26100000739097595, "only_npi_licensor_present": 0.007000000216066837, "only_npi_scope": 0.38499999046325684, "passive_1": 0.625, "passive_2": 0.6359999775886536, "principle_A_c_command": 0.46000000834465027, "principle_A_case_1": 1.0, "principle_A_case_2": 0.4830000102519989, "principle_A_domain_1": 0.6100000143051147, "principle_A_domain_2": 0.5429999828338623, "principle_A_domain_3": 0.4569999873638153, "principle_A_reconstruction": 0.5019999742507935, "regular_plural_subject_verb_agreement_1": 0.44200000166893005, "regular_plural_subject_verb_agreement_2": 0.5220000147819519, "sentential_negation_npi_licensor_present": 0.4659999907016754, "sentential_negation_npi_scope": 0.5009999871253967, "sentential_subject_island": 0.5630000233650208, "superlative_quantifiers_1": 0.32199999690055847, "superlative_quantifiers_2": 0.6790000200271606, "tough_vs_raising_1": 0.2800000011920929, "tough_vs_raising_2": 0.7149999737739563, "transitive": 0.5189999938011169, "wh_island": 0.4779999852180481, "wh_questions_object_gap": 0.6980000138282776, "wh_questions_subject_gap": 0.625, "wh_questions_subject_gap_long_distance": 0.6449999809265137, "wh_vs_that_no_gap": 0.8399999737739563, "wh_vs_that_no_gap_long_distance": 0.8579999804496765, "wh_vs_that_with_gap": 0.14000000059604645, "wh_vs_that_with_gap_long_distance": 0.1459999978542328}, "by_phenomenon": {"island_effects": 0.5033749975264072, "anaphor_agreement": 0.42100000381469727, "s-selection": 0.6134999990463257, "argument_structure": 0.5489999949932098, "determiner_noun_agreement": 0.5126249976456165, "subject_verb_agreement": 0.49133333563804626, "ellipsis": 0.4204999953508377, "control_raising": 0.5536000072956085, "quantifiers": 0.6172500178217888, "irregular_forms": 0.5154999941587448, "npi_licensing": 0.3685714305777635, "binding": 0.5792857110500336, "filler_gap_dependency": 0.5645714210612434}}, "paloma": 8497.264231101644}