{"blimp": {"by_uid": {"adjunct_island": 0.546999990940094, "anaphor_gender_agreement": 0.4779999852180481, "anaphor_number_agreement": 0.7070000171661377, "animate_subject_passive": 0.7009999752044678, "animate_subject_trans": 0.6499999761581421, "causative": 0.5130000114440918, "complex_NP_island": 0.4490000009536743, "coordinate_structure_constraint_complex_left_branch": 0.20100000500679016, "coordinate_structure_constraint_object_extraction": 0.5830000042915344, "determiner_noun_agreement_1": 0.8809999823570251, "determiner_noun_agreement_2": 0.8840000033378601, "determiner_noun_agreement_irregular_1": 0.7360000014305115, "determiner_noun_agreement_irregular_2": 0.7900000214576721, "determiner_noun_agreement_with_adj_2": 0.8220000267028809, "determiner_noun_agreement_with_adj_irregular_1": 0.6710000038146973, "determiner_noun_agreement_with_adj_irregular_2": 0.7699999809265137, "determiner_noun_agreement_with_adjective_1": 0.8100000023841858, "distractor_agreement_relational_noun": 0.3050000071525574, "distractor_agreement_relative_clause": 0.27900001406669617, "drop_argument": 0.6869999766349792, "ellipsis_n_bar_1": 0.5130000114440918, "ellipsis_n_bar_2": 0.6510000228881836, "existential_there_object_raising": 0.7429999709129333, "existential_there_quantifiers_1": 0.8849999904632568, "existential_there_quantifiers_2": 0.3140000104904175, "existential_there_subject_raising": 0.6880000233650208, "expletive_it_object_raising": 0.7070000171661377, "inchoative": 0.37700000405311584, "intransitive": 0.5410000085830688, "irregular_past_participle_adjectives": 0.7879999876022339, "irregular_past_participle_verbs": 0.7749999761581421, "irregular_plural_subject_verb_agreement_1": 0.5849999785423279, "irregular_plural_subject_verb_agreement_2": 0.625, "left_branch_island_echo_question": 0.4620000123977661, "left_branch_island_simple_question": 0.27799999713897705, "matrix_question_npi_licensor_present": 0.24799999594688416, "npi_present_1": 0.4090000092983246, "npi_present_2": 0.3190000057220459, "only_npi_licensor_present": 0.6010000109672546, "only_npi_scope": 0.7950000166893005, "passive_1": 0.8330000042915344, "passive_2": 0.8399999737739563, "principle_A_c_command": 0.5350000262260437, "principle_A_case_1": 1.0, "principle_A_case_2": 0.6489999890327454, "principle_A_domain_1": 0.8970000147819519, "principle_A_domain_2": 0.6909999847412109, "principle_A_domain_3": 0.4560000002384186, "principle_A_reconstruction": 0.2669999897480011, "regular_plural_subject_verb_agreement_1": 0.6669999957084656, "regular_plural_subject_verb_agreement_2": 0.6290000081062317, "sentential_negation_npi_licensor_present": 0.9629999995231628, "sentential_negation_npi_scope": 0.2619999945163727, "sentential_subject_island": 0.3330000042915344, "superlative_quantifiers_1": 0.8019999861717224, "superlative_quantifiers_2": 0.32199999690055847, "tough_vs_raising_1": 0.3619999885559082, "tough_vs_raising_2": 0.6859999895095825, "transitive": 0.7080000042915344, "wh_island": 0.40700000524520874, "wh_questions_object_gap": 0.5379999876022339, "wh_questions_subject_gap": 0.8960000276565552, "wh_questions_subject_gap_long_distance": 0.9440000057220459, "wh_vs_that_no_gap": 0.949999988079071, "wh_vs_that_no_gap_long_distance": 0.9629999995231628, "wh_vs_that_with_gap": 0.12300000339746475, "wh_vs_that_with_gap_long_distance": 0.05400000140070915}, "by_phenomenon": {"island_effects": 0.4075000025331974, "anaphor_agreement": 0.5925000011920929, "s-selection": 0.6754999756813049, "argument_structure": 0.6427142832960401, "determiner_noun_agreement": 0.7955000028014183, "subject_verb_agreement": 0.5150000005960464, "ellipsis": 0.5820000171661377, "control_raising": 0.6371999979019165, "quantifiers": 0.5807499960064888, "irregular_forms": 0.781499981880188, "npi_licensing": 0.513857147523335, "binding": 0.6421428578240531, "filler_gap_dependency": 0.6382857161973204}}, "paloma": 160.75750528661217}