{"blimp": {"by_uid": {"adjunct_island": 0.5989999771118164, "anaphor_gender_agreement": 0.4909999966621399, "anaphor_number_agreement": 0.6990000009536743, "animate_subject_passive": 0.7099999785423279, "animate_subject_trans": 0.6610000133514404, "causative": 0.46799999475479126, "complex_NP_island": 0.49399998784065247, "coordinate_structure_constraint_complex_left_branch": 0.2409999966621399, "coordinate_structure_constraint_object_extraction": 0.5740000009536743, "determiner_noun_agreement_1": 0.8619999885559082, "determiner_noun_agreement_2": 0.8420000076293945, "determiner_noun_agreement_irregular_1": 0.703000009059906, "determiner_noun_agreement_irregular_2": 0.7599999904632568, "determiner_noun_agreement_with_adj_2": 0.7540000081062317, "determiner_noun_agreement_with_adj_irregular_1": 0.6209999918937683, "determiner_noun_agreement_with_adj_irregular_2": 0.6850000023841858, "determiner_noun_agreement_with_adjective_1": 0.7549999952316284, "distractor_agreement_relational_noun": 0.26899999380111694, "distractor_agreement_relative_clause": 0.3009999990463257, "drop_argument": 0.6880000233650208, "ellipsis_n_bar_1": 0.4390000104904175, "ellipsis_n_bar_2": 0.5339999794960022, "existential_there_object_raising": 0.7450000047683716, "existential_there_quantifiers_1": 0.871999979019165, "existential_there_quantifiers_2": 0.28200000524520874, "existential_there_subject_raising": 0.6290000081062317, "expletive_it_object_raising": 0.7210000157356262, "inchoative": 0.3580000102519989, "intransitive": 0.5299999713897705, "irregular_past_participle_adjectives": 0.5180000066757202, "irregular_past_participle_verbs": 0.765999972820282, "irregular_plural_subject_verb_agreement_1": 0.5860000252723694, "irregular_plural_subject_verb_agreement_2": 0.6769999861717224, "left_branch_island_echo_question": 0.46299999952316284, "left_branch_island_simple_question": 0.32899999618530273, "matrix_question_npi_licensor_present": 0.19599999487400055, "npi_present_1": 0.40799999237060547, "npi_present_2": 0.3179999887943268, "only_npi_licensor_present": 0.6119999885559082, "only_npi_scope": 0.8220000267028809, "passive_1": 0.8370000123977661, "passive_2": 0.8270000219345093, "principle_A_c_command": 0.6710000038146973, "principle_A_case_1": 1.0, "principle_A_case_2": 0.6259999871253967, "principle_A_domain_1": 0.9089999794960022, "principle_A_domain_2": 0.5950000286102295, "principle_A_domain_3": 0.46700000762939453, "principle_A_reconstruction": 0.3330000042915344, "regular_plural_subject_verb_agreement_1": 0.6330000162124634, "regular_plural_subject_verb_agreement_2": 0.5820000171661377, "sentential_negation_npi_licensor_present": 0.9629999995231628, "sentential_negation_npi_scope": 0.3070000112056732, "sentential_subject_island": 0.46299999952316284, "superlative_quantifiers_1": 0.7229999899864197, "superlative_quantifiers_2": 0.5180000066757202, "tough_vs_raising_1": 0.3449999988079071, "tough_vs_raising_2": 0.6890000104904175, "transitive": 0.6830000281333923, "wh_island": 0.6650000214576721, "wh_questions_object_gap": 0.640999972820282, "wh_questions_subject_gap": 0.9229999780654907, "wh_questions_subject_gap_long_distance": 0.9670000076293945, "wh_vs_that_no_gap": 0.9660000205039978, "wh_vs_that_no_gap_long_distance": 0.972000002861023, "wh_vs_that_with_gap": 0.06599999964237213, "wh_vs_that_with_gap_long_distance": 0.03999999910593033}, "by_phenomenon": {"island_effects": 0.47849999740719795, "anaphor_agreement": 0.5949999988079071, "s-selection": 0.6854999959468842, "argument_structure": 0.6272857231753213, "determiner_noun_agreement": 0.747749999165535, "subject_verb_agreement": 0.508000006278356, "ellipsis": 0.48649999499320984, "control_raising": 0.6258000075817108, "quantifiers": 0.5987499952316284, "irregular_forms": 0.6419999897480011, "npi_licensing": 0.5180000002895083, "binding": 0.657285715852465, "filler_gap_dependency": 0.65357142580407}}, "paloma": 271.4226731017907}