{"blimp": {"by_uid": {"adjunct_island": 0.6140000224113464, "anaphor_gender_agreement": 0.5249999761581421, "anaphor_number_agreement": 0.824999988079071, "animate_subject_passive": 0.6800000071525574, "animate_subject_trans": 0.7229999899864197, "causative": 0.46700000762939453, "complex_NP_island": 0.5109999775886536, "coordinate_structure_constraint_complex_left_branch": 0.20499999821186066, "coordinate_structure_constraint_object_extraction": 0.492000013589859, "determiner_noun_agreement_1": 0.9079999923706055, "determiner_noun_agreement_2": 0.8759999871253967, "determiner_noun_agreement_irregular_1": 0.7609999775886536, "determiner_noun_agreement_irregular_2": 0.8059999942779541, "determiner_noun_agreement_with_adj_2": 0.7990000247955322, "determiner_noun_agreement_with_adj_irregular_1": 0.6729999780654907, "determiner_noun_agreement_with_adj_irregular_2": 0.7429999709129333, "determiner_noun_agreement_with_adjective_1": 0.8410000205039978, "distractor_agreement_relational_noun": 0.3330000042915344, "distractor_agreement_relative_clause": 0.3089999854564667, "drop_argument": 0.7210000157356262, "ellipsis_n_bar_1": 0.5649999976158142, "ellipsis_n_bar_2": 0.6919999718666077, "existential_there_object_raising": 0.7179999947547913, "existential_there_quantifiers_1": 0.9300000071525574, "existential_there_quantifiers_2": 0.29600000381469727, "existential_there_subject_raising": 0.7200000286102295, "expletive_it_object_raising": 0.7049999833106995, "inchoative": 0.41100001335144043, "intransitive": 0.6150000095367432, "irregular_past_participle_adjectives": 0.9449999928474426, "irregular_past_participle_verbs": 0.8149999976158142, "irregular_plural_subject_verb_agreement_1": 0.6489999890327454, "irregular_plural_subject_verb_agreement_2": 0.7739999890327454, "left_branch_island_echo_question": 0.6029999852180481, "left_branch_island_simple_question": 0.20000000298023224, "matrix_question_npi_licensor_present": 0.22200000286102295, "npi_present_1": 0.28200000524520874, "npi_present_2": 0.4259999990463257, "only_npi_licensor_present": 0.2809999883174896, "only_npi_scope": 0.7239999771118164, "passive_1": 0.8360000252723694, "passive_2": 0.8080000281333923, "principle_A_c_command": 0.48100000619888306, "principle_A_case_1": 1.0, "principle_A_case_2": 0.6349999904632568, "principle_A_domain_1": 0.8619999885559082, "principle_A_domain_2": 0.7310000061988831, "principle_A_domain_3": 0.4620000123977661, "principle_A_reconstruction": 0.41600000858306885, "regular_plural_subject_verb_agreement_1": 0.7279999852180481, "regular_plural_subject_verb_agreement_2": 0.8320000171661377, "sentential_negation_npi_licensor_present": 0.9919999837875366, "sentential_negation_npi_scope": 0.21799999475479126, "sentential_subject_island": 0.3930000066757202, "superlative_quantifiers_1": 0.3269999921321869, "superlative_quantifiers_2": 0.515999972820282, "tough_vs_raising_1": 0.34700000286102295, "tough_vs_raising_2": 0.7239999771118164, "transitive": 0.7120000123977661, "wh_island": 0.5920000076293945, "wh_questions_object_gap": 0.5440000295639038, "wh_questions_subject_gap": 0.8949999809265137, "wh_questions_subject_gap_long_distance": 0.9599999785423279, "wh_vs_that_no_gap": 0.9769999980926514, "wh_vs_that_no_gap_long_distance": 0.9869999885559082, "wh_vs_that_with_gap": 0.13699999451637268, "wh_vs_that_with_gap_long_distance": 0.041999999433755875}, "by_phenomenon": {"island_effects": 0.45125000178813934, "anaphor_agreement": 0.6749999821186066, "s-selection": 0.7014999985694885, "argument_structure": 0.6528571588652474, "determiner_noun_agreement": 0.8008749932050705, "subject_verb_agreement": 0.604166661699613, "ellipsis": 0.6284999847412109, "control_raising": 0.6427999973297119, "quantifiers": 0.5172499939799309, "irregular_forms": 0.8799999952316284, "npi_licensing": 0.4492857073034559, "binding": 0.6552857160568237, "filler_gap_dependency": 0.6488571385187762}}, "paloma": 88.53821970810043}