{"blimp": {"by_uid": {"adjunct_island": 0.6499999761581421, "anaphor_gender_agreement": 0.5329999923706055, "anaphor_number_agreement": 0.8289999961853027, "animate_subject_passive": 0.6869999766349792, "animate_subject_trans": 0.7179999947547913, "causative": 0.4659999907016754, "complex_NP_island": 0.5070000290870667, "coordinate_structure_constraint_complex_left_branch": 0.17399999499320984, "coordinate_structure_constraint_object_extraction": 0.48399999737739563, "determiner_noun_agreement_1": 0.9039999842643738, "determiner_noun_agreement_2": 0.890999972820282, "determiner_noun_agreement_irregular_1": 0.7599999904632568, "determiner_noun_agreement_irregular_2": 0.8130000233650208, "determiner_noun_agreement_with_adj_2": 0.7990000247955322, "determiner_noun_agreement_with_adj_irregular_1": 0.6710000038146973, "determiner_noun_agreement_with_adj_irregular_2": 0.7260000109672546, "determiner_noun_agreement_with_adjective_1": 0.8320000171661377, "distractor_agreement_relational_noun": 0.3540000021457672, "distractor_agreement_relative_clause": 0.28999999165534973, "drop_argument": 0.7239999771118164, "ellipsis_n_bar_1": 0.5479999780654907, "ellipsis_n_bar_2": 0.6800000071525574, "existential_there_object_raising": 0.7160000205039978, "existential_there_quantifiers_1": 0.9300000071525574, "existential_there_quantifiers_2": 0.3109999895095825, "existential_there_subject_raising": 0.7139999866485596, "expletive_it_object_raising": 0.7099999785423279, "inchoative": 0.4099999964237213, "intransitive": 0.6100000143051147, "irregular_past_participle_adjectives": 0.9570000171661377, "irregular_past_participle_verbs": 0.8090000152587891, "irregular_plural_subject_verb_agreement_1": 0.656000018119812, "irregular_plural_subject_verb_agreement_2": 0.7910000085830688, "left_branch_island_echo_question": 0.5730000138282776, "left_branch_island_simple_question": 0.1850000023841858, "matrix_question_npi_licensor_present": 0.23000000417232513, "npi_present_1": 0.296999990940094, "npi_present_2": 0.44200000166893005, "only_npi_licensor_present": 0.3199999928474426, "only_npi_scope": 0.734000027179718, "passive_1": 0.8339999914169312, "passive_2": 0.8180000185966492, "principle_A_c_command": 0.4860000014305115, "principle_A_case_1": 1.0, "principle_A_case_2": 0.671999990940094, "principle_A_domain_1": 0.878000020980835, "principle_A_domain_2": 0.718999981880188, "principle_A_domain_3": 0.46799999475479126, "principle_A_reconstruction": 0.4309999942779541, "regular_plural_subject_verb_agreement_1": 0.7289999723434448, "regular_plural_subject_verb_agreement_2": 0.8240000009536743, "sentential_negation_npi_licensor_present": 0.9919999837875366, "sentential_negation_npi_scope": 0.2070000022649765, "sentential_subject_island": 0.4099999964237213, "superlative_quantifiers_1": 0.3880000114440918, "superlative_quantifiers_2": 0.5040000081062317, "tough_vs_raising_1": 0.35899999737739563, "tough_vs_raising_2": 0.7210000157356262, "transitive": 0.7160000205039978, "wh_island": 0.5569999814033508, "wh_questions_object_gap": 0.5450000166893005, "wh_questions_subject_gap": 0.8980000019073486, "wh_questions_subject_gap_long_distance": 0.9660000205039978, "wh_vs_that_no_gap": 0.9769999980926514, "wh_vs_that_no_gap_long_distance": 0.9869999885559082, "wh_vs_that_with_gap": 0.13899999856948853, "wh_vs_that_with_gap_long_distance": 0.04699999839067459}, "by_phenomenon": {"island_effects": 0.4424999989569187, "anaphor_agreement": 0.6809999942779541, "s-selection": 0.7024999856948853, "argument_structure": 0.6540000012942723, "determiner_noun_agreement": 0.7995000034570694, "subject_verb_agreement": 0.6073333323001862, "ellipsis": 0.613999992609024, "control_raising": 0.6439999997615814, "quantifiers": 0.5332500040531158, "irregular_forms": 0.8830000162124634, "npi_licensing": 0.46028571469443186, "binding": 0.6648571406091962, "filler_gap_dependency": 0.6512857175299099}}, "paloma": 87.46487673317513}