{"blimp": {"by_uid": {"adjunct_island": 0.6200000047683716, "anaphor_gender_agreement": 0.5070000290870667, "anaphor_number_agreement": 0.8109999895095825, "animate_subject_passive": 0.6589999794960022, "animate_subject_trans": 0.7149999737739563, "causative": 0.4699999988079071, "complex_NP_island": 0.5189999938011169, "coordinate_structure_constraint_complex_left_branch": 0.1889999955892563, "coordinate_structure_constraint_object_extraction": 0.45500001311302185, "determiner_noun_agreement_1": 0.9010000228881836, "determiner_noun_agreement_2": 0.8740000128746033, "determiner_noun_agreement_irregular_1": 0.7490000128746033, "determiner_noun_agreement_irregular_2": 0.8040000200271606, "determiner_noun_agreement_with_adj_2": 0.7950000166893005, "determiner_noun_agreement_with_adj_irregular_1": 0.6690000295639038, "determiner_noun_agreement_with_adj_irregular_2": 0.7310000061988831, "determiner_noun_agreement_with_adjective_1": 0.8410000205039978, "distractor_agreement_relational_noun": 0.29100000858306885, "distractor_agreement_relative_clause": 0.2879999876022339, "drop_argument": 0.7229999899864197, "ellipsis_n_bar_1": 0.5429999828338623, "ellipsis_n_bar_2": 0.6909999847412109, "existential_there_object_raising": 0.7229999899864197, "existential_there_quantifiers_1": 0.9240000247955322, "existential_there_quantifiers_2": 0.2800000011920929, "existential_there_subject_raising": 0.753000020980835, "expletive_it_object_raising": 0.703000009059906, "inchoative": 0.40799999237060547, "intransitive": 0.6209999918937683, "irregular_past_participle_adjectives": 0.9190000295639038, "irregular_past_participle_verbs": 0.8009999990463257, "irregular_plural_subject_verb_agreement_1": 0.6259999871253967, "irregular_plural_subject_verb_agreement_2": 0.7799999713897705, "left_branch_island_echo_question": 0.5649999976158142, "left_branch_island_simple_question": 0.1809999942779541, "matrix_question_npi_licensor_present": 0.21899999678134918, "npi_present_1": 0.2759999930858612, "npi_present_2": 0.4480000138282776, "only_npi_licensor_present": 0.36399999260902405, "only_npi_scope": 0.7789999842643738, "passive_1": 0.8420000076293945, "passive_2": 0.8059999942779541, "principle_A_c_command": 0.492000013589859, "principle_A_case_1": 1.0, "principle_A_case_2": 0.6330000162124634, "principle_A_domain_1": 0.8939999938011169, "principle_A_domain_2": 0.7170000076293945, "principle_A_domain_3": 0.4690000116825104, "principle_A_reconstruction": 0.4410000145435333, "regular_plural_subject_verb_agreement_1": 0.7200000286102295, "regular_plural_subject_verb_agreement_2": 0.7950000166893005, "sentential_negation_npi_licensor_present": 0.9919999837875366, "sentential_negation_npi_scope": 0.2070000022649765, "sentential_subject_island": 0.40400001406669617, "superlative_quantifiers_1": 0.46399998664855957, "superlative_quantifiers_2": 0.4790000021457672, "tough_vs_raising_1": 0.33000001311302185, "tough_vs_raising_2": 0.7179999947547913, "transitive": 0.7039999961853027, "wh_island": 0.49300000071525574, "wh_questions_object_gap": 0.6029999852180481, "wh_questions_subject_gap": 0.9010000228881836, "wh_questions_subject_gap_long_distance": 0.968999981880188, "wh_vs_that_no_gap": 0.984000027179718, "wh_vs_that_no_gap_long_distance": 0.9909999966621399, "wh_vs_that_with_gap": 0.10700000077486038, "wh_vs_that_with_gap_long_distance": 0.03200000151991844}, "by_phenomenon": {"island_effects": 0.42825000174343586, "anaphor_agreement": 0.6590000092983246, "s-selection": 0.6869999766349792, "argument_structure": 0.653428567307336, "determiner_noun_agreement": 0.7955000177025795, "subject_verb_agreement": 0.5833333333333334, "ellipsis": 0.6169999837875366, "control_raising": 0.6454000055789948, "quantifiers": 0.536750003695488, "irregular_forms": 0.8600000143051147, "npi_licensing": 0.4692857095173427, "binding": 0.6637142939226968, "filler_gap_dependency": 0.655285716589008}}, "paloma": 91.83380194848422}