{"blimp": {"by_uid": {"adjunct_island": 0.6119999885559082, "anaphor_gender_agreement": 0.45100000500679016, "anaphor_number_agreement": 0.7910000085830688, "animate_subject_passive": 0.6629999876022339, "animate_subject_trans": 0.7160000205039978, "causative": 0.46399998664855957, "complex_NP_island": 0.47099998593330383, "coordinate_structure_constraint_complex_left_branch": 0.15600000321865082, "coordinate_structure_constraint_object_extraction": 0.49799999594688416, "determiner_noun_agreement_1": 0.8809999823570251, "determiner_noun_agreement_2": 0.878000020980835, "determiner_noun_agreement_irregular_1": 0.7429999709129333, "determiner_noun_agreement_irregular_2": 0.8180000185966492, "determiner_noun_agreement_with_adj_2": 0.8109999895095825, "determiner_noun_agreement_with_adj_irregular_1": 0.6759999990463257, "determiner_noun_agreement_with_adj_irregular_2": 0.7480000257492065, "determiner_noun_agreement_with_adjective_1": 0.8510000109672546, "distractor_agreement_relational_noun": 0.2759999930858612, "distractor_agreement_relative_clause": 0.29100000858306885, "drop_argument": 0.7179999947547913, "ellipsis_n_bar_1": 0.5640000104904175, "ellipsis_n_bar_2": 0.6869999766349792, "existential_there_object_raising": 0.722000002861023, "existential_there_quantifiers_1": 0.9089999794960022, "existential_there_quantifiers_2": 0.17399999499320984, "existential_there_subject_raising": 0.7440000176429749, "expletive_it_object_raising": 0.7039999961853027, "inchoative": 0.40400001406669617, "intransitive": 0.6050000190734863, "irregular_past_participle_adjectives": 0.9110000133514404, "irregular_past_participle_verbs": 0.8019999861717224, "irregular_plural_subject_verb_agreement_1": 0.6209999918937683, "irregular_plural_subject_verb_agreement_2": 0.753000020980835, "left_branch_island_echo_question": 0.515999972820282, "left_branch_island_simple_question": 0.16300000250339508, "matrix_question_npi_licensor_present": 0.2460000067949295, "npi_present_1": 0.24199999868869781, "npi_present_2": 0.4059999883174896, "only_npi_licensor_present": 0.6809999942779541, "only_npi_scope": 0.8259999752044678, "passive_1": 0.8550000190734863, "passive_2": 0.8059999942779541, "principle_A_c_command": 0.45399999618530273, "principle_A_case_1": 1.0, "principle_A_case_2": 0.6050000190734863, "principle_A_domain_1": 0.9240000247955322, "principle_A_domain_2": 0.7170000076293945, "principle_A_domain_3": 0.4580000042915344, "principle_A_reconstruction": 0.4099999964237213, "regular_plural_subject_verb_agreement_1": 0.722000002861023, "regular_plural_subject_verb_agreement_2": 0.718999981880188, "sentential_negation_npi_licensor_present": 0.9890000224113464, "sentential_negation_npi_scope": 0.29899999499320984, "sentential_subject_island": 0.3499999940395355, "superlative_quantifiers_1": 0.6100000143051147, "superlative_quantifiers_2": 0.39899998903274536, "tough_vs_raising_1": 0.328000009059906, "tough_vs_raising_2": 0.6990000009536743, "transitive": 0.7120000123977661, "wh_island": 0.4749999940395355, "wh_questions_object_gap": 0.574999988079071, "wh_questions_subject_gap": 0.9010000228881836, "wh_questions_subject_gap_long_distance": 0.9710000157356262, "wh_vs_that_no_gap": 0.9789999723434448, "wh_vs_that_no_gap_long_distance": 0.9940000176429749, "wh_vs_that_with_gap": 0.10899999737739563, "wh_vs_that_with_gap_long_distance": 0.02800000086426735}, "by_phenomenon": {"island_effects": 0.4051249921321869, "anaphor_agreement": 0.6210000067949295, "s-selection": 0.6895000040531158, "argument_structure": 0.6520000057561057, "determiner_noun_agreement": 0.8007500022649765, "subject_verb_agreement": 0.5636666665474573, "ellipsis": 0.6254999935626984, "control_raising": 0.6394000053405762, "quantifiers": 0.522999994456768, "irregular_forms": 0.8564999997615814, "npi_licensing": 0.5269999972411564, "binding": 0.6525714354855674, "filler_gap_dependency": 0.6510000021329948}}, "paloma": 98.94610919703175}