{"blimp": {"by_uid": {"adjunct_island": 0.6190000176429749, "anaphor_gender_agreement": 0.49300000071525574, "anaphor_number_agreement": 0.8119999766349792, "animate_subject_passive": 0.6850000023841858, "animate_subject_trans": 0.7250000238418579, "causative": 0.460999995470047, "complex_NP_island": 0.49799999594688416, "coordinate_structure_constraint_complex_left_branch": 0.1889999955892563, "coordinate_structure_constraint_object_extraction": 0.46799999475479126, "determiner_noun_agreement_1": 0.9049999713897705, "determiner_noun_agreement_2": 0.8769999742507935, "determiner_noun_agreement_irregular_1": 0.7519999742507935, "determiner_noun_agreement_irregular_2": 0.8130000233650208, "determiner_noun_agreement_with_adj_2": 0.8040000200271606, "determiner_noun_agreement_with_adj_irregular_1": 0.6800000071525574, "determiner_noun_agreement_with_adj_irregular_2": 0.734000027179718, "determiner_noun_agreement_with_adjective_1": 0.8489999771118164, "distractor_agreement_relational_noun": 0.32100000977516174, "distractor_agreement_relative_clause": 0.3050000071525574, "drop_argument": 0.7200000286102295, "ellipsis_n_bar_1": 0.531000018119812, "ellipsis_n_bar_2": 0.6859999895095825, "existential_there_object_raising": 0.718999981880188, "existential_there_quantifiers_1": 0.9290000200271606, "existential_there_quantifiers_2": 0.27000001072883606, "existential_there_subject_raising": 0.718999981880188, "expletive_it_object_raising": 0.7059999704360962, "inchoative": 0.40700000524520874, "intransitive": 0.6119999885559082, "irregular_past_participle_adjectives": 0.9390000104904175, "irregular_past_participle_verbs": 0.8220000267028809, "irregular_plural_subject_verb_agreement_1": 0.6620000004768372, "irregular_plural_subject_verb_agreement_2": 0.7829999923706055, "left_branch_island_echo_question": 0.5720000267028809, "left_branch_island_simple_question": 0.19300000369548798, "matrix_question_npi_licensor_present": 0.2329999953508377, "npi_present_1": 0.2939999997615814, "npi_present_2": 0.4259999990463257, "only_npi_licensor_present": 0.2800000011920929, "only_npi_scope": 0.7459999918937683, "passive_1": 0.8259999752044678, "passive_2": 0.8019999861717224, "principle_A_c_command": 0.4880000054836273, "principle_A_case_1": 1.0, "principle_A_case_2": 0.6309999823570251, "principle_A_domain_1": 0.8889999985694885, "principle_A_domain_2": 0.7250000238418579, "principle_A_domain_3": 0.47099998593330383, "principle_A_reconstruction": 0.4300000071525574, "regular_plural_subject_verb_agreement_1": 0.7310000061988831, "regular_plural_subject_verb_agreement_2": 0.8190000057220459, "sentential_negation_npi_licensor_present": 0.9879999756813049, "sentential_negation_npi_scope": 0.20100000500679016, "sentential_subject_island": 0.38600000739097595, "superlative_quantifiers_1": 0.3869999945163727, "superlative_quantifiers_2": 0.5059999823570251, "tough_vs_raising_1": 0.3499999940395355, "tough_vs_raising_2": 0.7160000205039978, "transitive": 0.7110000252723694, "wh_island": 0.5400000214576721, "wh_questions_object_gap": 0.5529999732971191, "wh_questions_subject_gap": 0.9049999713897705, "wh_questions_subject_gap_long_distance": 0.9660000205039978, "wh_vs_that_no_gap": 0.9800000190734863, "wh_vs_that_no_gap_long_distance": 0.9890000224113464, "wh_vs_that_with_gap": 0.12999999523162842, "wh_vs_that_with_gap_long_distance": 0.04100000113248825}, "by_phenomenon": {"island_effects": 0.43312500789761543, "anaphor_agreement": 0.6524999886751175, "s-selection": 0.7050000131130219, "argument_structure": 0.6484285720757076, "determiner_noun_agreement": 0.8017499968409538, "subject_verb_agreement": 0.6035000036160151, "ellipsis": 0.6085000038146973, "control_raising": 0.6419999897480011, "quantifiers": 0.5230000019073486, "irregular_forms": 0.8805000185966492, "npi_licensing": 0.45257142399038586, "binding": 0.6620000004768372, "filler_gap_dependency": 0.6520000004342624}}, "paloma": 89.38789994816331}