{"blimp": {"by_uid": {"adjunct_island": 0.6000000238418579, "anaphor_gender_agreement": 0.48100000619888306, "anaphor_number_agreement": 0.7559999823570251, "animate_subject_passive": 0.6710000038146973, "animate_subject_trans": 0.7089999914169312, "causative": 0.47200000286102295, "complex_NP_island": 0.44200000166893005, "coordinate_structure_constraint_complex_left_branch": 0.1940000057220459, "coordinate_structure_constraint_object_extraction": 0.5270000100135803, "determiner_noun_agreement_1": 0.8920000195503235, "determiner_noun_agreement_2": 0.8949999809265137, "determiner_noun_agreement_irregular_1": 0.7580000162124634, "determiner_noun_agreement_irregular_2": 0.8330000042915344, "determiner_noun_agreement_with_adj_2": 0.8370000123977661, "determiner_noun_agreement_with_adj_irregular_1": 0.6940000057220459, "determiner_noun_agreement_with_adj_irregular_2": 0.7770000100135803, "determiner_noun_agreement_with_adjective_1": 0.8560000061988831, "distractor_agreement_relational_noun": 0.289000004529953, "distractor_agreement_relative_clause": 0.3059999942779541, "drop_argument": 0.6970000267028809, "ellipsis_n_bar_1": 0.5709999799728394, "ellipsis_n_bar_2": 0.6620000004768372, "existential_there_object_raising": 0.7210000157356262, "existential_there_quantifiers_1": 0.8870000243186951, "existential_there_quantifiers_2": 0.24199999868869781, "existential_there_subject_raising": 0.753000020980835, "expletive_it_object_raising": 0.6980000138282776, "inchoative": 0.4000000059604645, "intransitive": 0.5910000205039978, "irregular_past_participle_adjectives": 0.9340000152587891, "irregular_past_participle_verbs": 0.7950000166893005, "irregular_plural_subject_verb_agreement_1": 0.6050000190734863, "irregular_plural_subject_verb_agreement_2": 0.7229999899864197, "left_branch_island_echo_question": 0.5149999856948853, "left_branch_island_simple_question": 0.2370000034570694, "matrix_question_npi_licensor_present": 0.25200000405311584, "npi_present_1": 0.23899999260902405, "npi_present_2": 0.3540000021457672, "only_npi_licensor_present": 0.7850000262260437, "only_npi_scope": 0.7950000166893005, "passive_1": 0.8560000061988831, "passive_2": 0.8259999752044678, "principle_A_c_command": 0.46700000762939453, "principle_A_case_1": 1.0, "principle_A_case_2": 0.6579999923706055, "principle_A_domain_1": 0.9559999704360962, "principle_A_domain_2": 0.7039999961853027, "principle_A_domain_3": 0.4519999921321869, "principle_A_reconstruction": 0.36000001430511475, "regular_plural_subject_verb_agreement_1": 0.6930000185966492, "regular_plural_subject_verb_agreement_2": 0.7049999833106995, "sentential_negation_npi_licensor_present": 0.9900000095367432, "sentential_negation_npi_scope": 0.2800000011920929, "sentential_subject_island": 0.328000009059906, "superlative_quantifiers_1": 0.7300000190734863, "superlative_quantifiers_2": 0.3140000104904175, "tough_vs_raising_1": 0.3140000104904175, "tough_vs_raising_2": 0.7319999933242798, "transitive": 0.718999981880188, "wh_island": 0.45399999618530273, "wh_questions_object_gap": 0.6050000190734863, "wh_questions_subject_gap": 0.8949999809265137, "wh_questions_subject_gap_long_distance": 0.9520000219345093, "wh_vs_that_no_gap": 0.9710000157356262, "wh_vs_that_no_gap_long_distance": 0.9860000014305115, "wh_vs_that_with_gap": 0.12800000607967377, "wh_vs_that_with_gap_long_distance": 0.04500000178813934}, "by_phenomenon": {"island_effects": 0.4121250044554472, "anaphor_agreement": 0.6184999942779541, "s-selection": 0.6899999976158142, "argument_structure": 0.6515714313302722, "determiner_noun_agreement": 0.8177500069141388, "subject_verb_agreement": 0.5535000016291937, "ellipsis": 0.6164999902248383, "control_raising": 0.6436000108718872, "quantifiers": 0.5432500131428242, "irregular_forms": 0.8645000159740448, "npi_licensing": 0.5278571503502982, "binding": 0.6567142818655286, "filler_gap_dependency": 0.6545714352812085}}, "paloma": 107.57279646421559}