{"blimp": {"by_uid": {"adjunct_island": 0.5, "anaphor_gender_agreement": 0.48399999737739563, "anaphor_number_agreement": 0.4880000054836273, "animate_subject_passive": 0.6019999980926514, "animate_subject_trans": 0.6259999871253967, "causative": 0.4180000126361847, "complex_NP_island": 0.46399998664855957, "coordinate_structure_constraint_complex_left_branch": 0.5410000085830688, "coordinate_structure_constraint_object_extraction": 0.5680000185966492, "determiner_noun_agreement_1": 0.5080000162124634, "determiner_noun_agreement_2": 0.5, "determiner_noun_agreement_irregular_1": 0.5230000019073486, "determiner_noun_agreement_irregular_2": 0.49399998784065247, "determiner_noun_agreement_with_adj_2": 0.503000020980835, "determiner_noun_agreement_with_adj_irregular_1": 0.5130000114440918, "determiner_noun_agreement_with_adj_irregular_2": 0.5049999952316284, "determiner_noun_agreement_with_adjective_1": 0.48899999260902405, "distractor_agreement_relational_noun": 0.46399998664855957, "distractor_agreement_relative_clause": 0.5360000133514404, "drop_argument": 0.6919999718666077, "ellipsis_n_bar_1": 0.5130000114440918, "ellipsis_n_bar_2": 0.3409999907016754, "existential_there_object_raising": 0.6190000176429749, "existential_there_quantifiers_1": 0.8339999914169312, "existential_there_quantifiers_2": 0.5849999785423279, "existential_there_subject_raising": 0.5410000085830688, "expletive_it_object_raising": 0.5809999704360962, "inchoative": 0.4059999883174896, "intransitive": 0.5730000138282776, "irregular_past_participle_adjectives": 0.4819999933242798, "irregular_past_participle_verbs": 0.578000009059906, "irregular_plural_subject_verb_agreement_1": 0.4860000014305115, "irregular_plural_subject_verb_agreement_2": 0.4729999899864197, "left_branch_island_echo_question": 0.3880000114440918, "left_branch_island_simple_question": 0.5090000033378601, "matrix_question_npi_licensor_present": 0.6859999895095825, "npi_present_1": 0.4390000104904175, "npi_present_2": 0.375, "only_npi_licensor_present": 0.1679999977350235, "only_npi_scope": 0.4350000023841858, "passive_1": 0.6079999804496765, "passive_2": 0.6110000014305115, "principle_A_c_command": 0.43700000643730164, "principle_A_case_1": 0.984000027179718, "principle_A_case_2": 0.4830000102519989, "principle_A_domain_1": 0.414000004529953, "principle_A_domain_2": 0.48500001430511475, "principle_A_domain_3": 0.4569999873638153, "principle_A_reconstruction": 0.5049999952316284, "regular_plural_subject_verb_agreement_1": 0.45399999618530273, "regular_plural_subject_verb_agreement_2": 0.5099999904632568, "sentential_negation_npi_licensor_present": 0.453000009059906, "sentential_negation_npi_scope": 0.5619999766349792, "sentential_subject_island": 0.5600000023841858, "superlative_quantifiers_1": 0.33500000834465027, "superlative_quantifiers_2": 0.5659999847412109, "tough_vs_raising_1": 0.31200000643730164, "tough_vs_raising_2": 0.6959999799728394, "transitive": 0.5270000100135803, "wh_island": 0.5249999761581421, "wh_questions_object_gap": 0.6359999775886536, "wh_questions_subject_gap": 0.5910000205039978, "wh_questions_subject_gap_long_distance": 0.5889999866485596, "wh_vs_that_no_gap": 0.7670000195503235, "wh_vs_that_no_gap_long_distance": 0.7310000061988831, "wh_vs_that_with_gap": 0.24899999797344208, "wh_vs_that_with_gap_long_distance": 0.25999999046325684}, "by_phenomenon": {"island_effects": 0.5068750008940697, "anaphor_agreement": 0.4860000014305115, "s-selection": 0.613999992609024, "argument_structure": 0.5478571397917611, "determiner_noun_agreement": 0.5043750032782555, "subject_verb_agreement": 0.4871666630109151, "ellipsis": 0.4270000010728836, "control_raising": 0.5497999966144562, "quantifiers": 0.5799999907612801, "irregular_forms": 0.5300000011920929, "npi_licensing": 0.44542856940201353, "binding": 0.5378571493285043, "filler_gap_dependency": 0.5461428569895881}}, "paloma": 23851.64219294425}