{"blimp": {"by_uid": {"adjunct_island": 0.6039999723434448, "anaphor_gender_agreement": 0.49900001287460327, "anaphor_number_agreement": 0.7080000042915344, "animate_subject_passive": 0.7070000171661377, "animate_subject_trans": 0.6579999923706055, "causative": 0.4699999988079071, "complex_NP_island": 0.5, "coordinate_structure_constraint_complex_left_branch": 0.24300000071525574, "coordinate_structure_constraint_object_extraction": 0.5720000267028809, "determiner_noun_agreement_1": 0.8600000143051147, "determiner_noun_agreement_2": 0.8399999737739563, "determiner_noun_agreement_irregular_1": 0.7070000171661377, "determiner_noun_agreement_irregular_2": 0.7599999904632568, "determiner_noun_agreement_with_adj_2": 0.7379999756813049, "determiner_noun_agreement_with_adj_irregular_1": 0.6159999966621399, "determiner_noun_agreement_with_adj_irregular_2": 0.6790000200271606, "determiner_noun_agreement_with_adjective_1": 0.7440000176429749, "distractor_agreement_relational_noun": 0.26499998569488525, "distractor_agreement_relative_clause": 0.30799999833106995, "drop_argument": 0.6880000233650208, "ellipsis_n_bar_1": 0.43299999833106995, "ellipsis_n_bar_2": 0.527999997138977, "existential_there_object_raising": 0.7419999837875366, "existential_there_quantifiers_1": 0.8619999885559082, "existential_there_quantifiers_2": 0.289000004529953, "existential_there_subject_raising": 0.6200000047683716, "expletive_it_object_raising": 0.7229999899864197, "inchoative": 0.3619999885559082, "intransitive": 0.5339999794960022, "irregular_past_participle_adjectives": 0.5690000057220459, "irregular_past_participle_verbs": 0.7689999938011169, "irregular_plural_subject_verb_agreement_1": 0.5989999771118164, "irregular_plural_subject_verb_agreement_2": 0.656000018119812, "left_branch_island_echo_question": 0.4410000145435333, "left_branch_island_simple_question": 0.33000001311302185, "matrix_question_npi_licensor_present": 0.1899999976158142, "npi_present_1": 0.37400001287460327, "npi_present_2": 0.2840000092983246, "only_npi_licensor_present": 0.6679999828338623, "only_npi_scope": 0.7990000247955322, "passive_1": 0.8320000171661377, "passive_2": 0.8240000009536743, "principle_A_c_command": 0.6679999828338623, "principle_A_case_1": 1.0, "principle_A_case_2": 0.6449999809265137, "principle_A_domain_1": 0.9079999923706055, "principle_A_domain_2": 0.5960000157356262, "principle_A_domain_3": 0.46799999475479126, "principle_A_reconstruction": 0.34700000286102295, "regular_plural_subject_verb_agreement_1": 0.6269999742507935, "regular_plural_subject_verb_agreement_2": 0.5910000205039978, "sentential_negation_npi_licensor_present": 0.9760000109672546, "sentential_negation_npi_scope": 0.3009999990463257, "sentential_subject_island": 0.4480000138282776, "superlative_quantifiers_1": 0.6970000267028809, "superlative_quantifiers_2": 0.5600000023841858, "tough_vs_raising_1": 0.34200000762939453, "tough_vs_raising_2": 0.6949999928474426, "transitive": 0.6819999814033508, "wh_island": 0.652999997138977, "wh_questions_object_gap": 0.6309999823570251, "wh_questions_subject_gap": 0.9129999876022339, "wh_questions_subject_gap_long_distance": 0.9599999785423279, "wh_vs_that_no_gap": 0.9520000219345093, "wh_vs_that_no_gap_long_distance": 0.9610000252723694, "wh_vs_that_with_gap": 0.07999999821186066, "wh_vs_that_with_gap_long_distance": 0.050999999046325684}, "by_phenomenon": {"island_effects": 0.4738750047981739, "anaphor_agreement": 0.6035000085830688, "s-selection": 0.6825000047683716, "argument_structure": 0.6274285699640002, "determiner_noun_agreement": 0.7430000007152557, "subject_verb_agreement": 0.5076666623353958, "ellipsis": 0.4804999977350235, "control_raising": 0.624399995803833, "quantifiers": 0.602000005543232, "irregular_forms": 0.6689999997615814, "npi_licensing": 0.5131428624902453, "binding": 0.6617142813546317, "filler_gap_dependency": 0.6497142847095217}}, "paloma": 281.0330137412307}