{"blimp": {"by_uid": {"adjunct_island": 0.5600000023841858, "anaphor_gender_agreement": 0.4399999976158142, "anaphor_number_agreement": 0.7089999914169312, "animate_subject_passive": 0.6779999732971191, "animate_subject_trans": 0.6610000133514404, "causative": 0.4869999885559082, "complex_NP_island": 0.45899999141693115, "coordinate_structure_constraint_complex_left_branch": 0.26600000262260437, "coordinate_structure_constraint_object_extraction": 0.5600000023841858, "determiner_noun_agreement_1": 0.8899999856948853, "determiner_noun_agreement_2": 0.902999997138977, "determiner_noun_agreement_irregular_1": 0.753000020980835, "determiner_noun_agreement_irregular_2": 0.8460000157356262, "determiner_noun_agreement_with_adj_2": 0.8330000042915344, "determiner_noun_agreement_with_adj_irregular_1": 0.6779999732971191, "determiner_noun_agreement_with_adj_irregular_2": 0.7889999747276306, "determiner_noun_agreement_with_adjective_1": 0.828000009059906, "distractor_agreement_relational_noun": 0.2919999957084656, "distractor_agreement_relative_clause": 0.28700000047683716, "drop_argument": 0.6949999928474426, "ellipsis_n_bar_1": 0.5400000214576721, "ellipsis_n_bar_2": 0.6480000019073486, "existential_there_object_raising": 0.7329999804496765, "existential_there_quantifiers_1": 0.8759999871253967, "existential_there_quantifiers_2": 0.18000000715255737, "existential_there_subject_raising": 0.718999981880188, "expletive_it_object_raising": 0.7049999833106995, "inchoative": 0.3970000147819519, "intransitive": 0.5559999942779541, "irregular_past_participle_adjectives": 0.9129999876022339, "irregular_past_participle_verbs": 0.7919999957084656, "irregular_plural_subject_verb_agreement_1": 0.5889999866485596, "irregular_plural_subject_verb_agreement_2": 0.6819999814033508, "left_branch_island_echo_question": 0.5239999890327454, "left_branch_island_simple_question": 0.3319999873638153, "matrix_question_npi_licensor_present": 0.2800000011920929, "npi_present_1": 0.3319999873638153, "npi_present_2": 0.35199999809265137, "only_npi_licensor_present": 0.8119999766349792, "only_npi_scope": 0.8190000057220459, "passive_1": 0.8500000238418579, "passive_2": 0.8370000123977661, "principle_A_c_command": 0.503000020980835, "principle_A_case_1": 1.0, "principle_A_case_2": 0.640999972820282, "principle_A_domain_1": 0.9629999995231628, "principle_A_domain_2": 0.7009999752044678, "principle_A_domain_3": 0.45899999141693115, "principle_A_reconstruction": 0.3190000057220459, "regular_plural_subject_verb_agreement_1": 0.6819999814033508, "regular_plural_subject_verb_agreement_2": 0.6769999861717224, "sentential_negation_npi_licensor_present": 0.9789999723434448, "sentential_negation_npi_scope": 0.32899999618530273, "sentential_subject_island": 0.3070000112056732, "superlative_quantifiers_1": 0.7009999752044678, "superlative_quantifiers_2": 0.2939999997615814, "tough_vs_raising_1": 0.35899999737739563, "tough_vs_raising_2": 0.6809999942779541, "transitive": 0.7260000109672546, "wh_island": 0.4560000002384186, "wh_questions_object_gap": 0.6029999852180481, "wh_questions_subject_gap": 0.8899999856948853, "wh_questions_subject_gap_long_distance": 0.953000009059906, "wh_vs_that_no_gap": 0.9679999947547913, "wh_vs_that_no_gap_long_distance": 0.9760000109672546, "wh_vs_that_with_gap": 0.1289999932050705, "wh_vs_that_with_gap_long_distance": 0.04600000008940697}, "by_phenomenon": {"island_effects": 0.43299999833106995, "anaphor_agreement": 0.5744999945163727, "s-selection": 0.6694999933242798, "argument_structure": 0.6497142910957336, "determiner_noun_agreement": 0.8149999976158142, "subject_verb_agreement": 0.5348333219687144, "ellipsis": 0.5940000116825104, "control_raising": 0.6393999874591827, "quantifiers": 0.5127499923110008, "irregular_forms": 0.8524999916553497, "npi_licensing": 0.5575714196477618, "binding": 0.6551428522382464, "filler_gap_dependency": 0.6521428541413375}}, "paloma": 120.07548848419654}