{"blimp": {"by_uid": {"adjunct_island": 0.5090000033378601, "anaphor_gender_agreement": 0.531000018119812, "anaphor_number_agreement": 0.49799999594688416, "animate_subject_passive": 0.5659999847412109, "animate_subject_trans": 0.6069999933242798, "causative": 0.40400001406669617, "complex_NP_island": 0.4350000023841858, "coordinate_structure_constraint_complex_left_branch": 0.527999997138977, "coordinate_structure_constraint_object_extraction": 0.5400000214576721, "determiner_noun_agreement_1": 0.49900001287460327, "determiner_noun_agreement_2": 0.49000000953674316, "determiner_noun_agreement_irregular_1": 0.492000013589859, "determiner_noun_agreement_irregular_2": 0.4620000123977661, "determiner_noun_agreement_with_adj_2": 0.5189999938011169, "determiner_noun_agreement_with_adj_irregular_1": 0.5080000162124634, "determiner_noun_agreement_with_adj_irregular_2": 0.5199999809265137, "determiner_noun_agreement_with_adjective_1": 0.5049999952316284, "distractor_agreement_relational_noun": 0.4490000009536743, "distractor_agreement_relative_clause": 0.5080000162124634, "drop_argument": 0.7049999833106995, "ellipsis_n_bar_1": 0.5389999747276306, "ellipsis_n_bar_2": 0.32600000500679016, "existential_there_object_raising": 0.6150000095367432, "existential_there_quantifiers_1": 0.6880000233650208, "existential_there_quantifiers_2": 0.4429999887943268, "existential_there_subject_raising": 0.5289999842643738, "expletive_it_object_raising": 0.5789999961853027, "inchoative": 0.421999990940094, "intransitive": 0.5950000286102295, "irregular_past_participle_adjectives": 0.5609999895095825, "irregular_past_participle_verbs": 0.597000002861023, "irregular_plural_subject_verb_agreement_1": 0.49300000071525574, "irregular_plural_subject_verb_agreement_2": 0.453000009059906, "left_branch_island_echo_question": 0.4399999976158142, "left_branch_island_simple_question": 0.48899999260902405, "matrix_question_npi_licensor_present": 0.656000018119812, "npi_present_1": 0.6510000228881836, "npi_present_2": 0.5260000228881836, "only_npi_licensor_present": 0.7390000224113464, "only_npi_scope": 0.6060000061988831, "passive_1": 0.6029999852180481, "passive_2": 0.5920000076293945, "principle_A_c_command": 0.4519999921321869, "principle_A_case_1": 0.8019999861717224, "principle_A_case_2": 0.4729999899864197, "principle_A_domain_1": 0.33000001311302185, "principle_A_domain_2": 0.4860000014305115, "principle_A_domain_3": 0.46700000762939453, "principle_A_reconstruction": 0.5379999876022339, "regular_plural_subject_verb_agreement_1": 0.47099998593330383, "regular_plural_subject_verb_agreement_2": 0.5059999823570251, "sentential_negation_npi_licensor_present": 0.43700000643730164, "sentential_negation_npi_scope": 0.6480000019073486, "sentential_subject_island": 0.5419999957084656, "superlative_quantifiers_1": 0.4000000059604645, "superlative_quantifiers_2": 0.4269999861717224, "tough_vs_raising_1": 0.3880000114440918, "tough_vs_raising_2": 0.6320000290870667, "transitive": 0.5249999761581421, "wh_island": 0.5400000214576721, "wh_questions_object_gap": 0.5080000162124634, "wh_questions_subject_gap": 0.4749999940395355, "wh_questions_subject_gap_long_distance": 0.4729999899864197, "wh_vs_that_no_gap": 0.5239999890327454, "wh_vs_that_no_gap_long_distance": 0.4350000023841858, "wh_vs_that_with_gap": 0.4779999852180481, "wh_vs_that_with_gap_long_distance": 0.5379999876022339}, "by_phenomenon": {"island_effects": 0.5028750039637089, "anaphor_agreement": 0.5145000070333481, "s-selection": 0.5864999890327454, "argument_structure": 0.5494285694190434, "determiner_noun_agreement": 0.49937500432133675, "subject_verb_agreement": 0.4799999992052714, "ellipsis": 0.4324999898672104, "control_raising": 0.5486000061035157, "quantifiers": 0.4895000010728836, "irregular_forms": 0.5789999961853027, "npi_licensing": 0.6090000144072941, "binding": 0.5068571397236415, "filler_gap_dependency": 0.4901428520679474}}, "paloma": 56268.0290668554}