{"blimp": {"by_uid": {"adjunct_island": 0.621999979019165, "anaphor_gender_agreement": 0.4749999940395355, "anaphor_number_agreement": 0.7910000085830688, "animate_subject_passive": 0.6660000085830688, "animate_subject_trans": 0.7239999771118164, "causative": 0.460999995470047, "complex_NP_island": 0.49399998784065247, "coordinate_structure_constraint_complex_left_branch": 0.18700000643730164, "coordinate_structure_constraint_object_extraction": 0.4569999873638153, "determiner_noun_agreement_1": 0.890999972820282, "determiner_noun_agreement_2": 0.878000020980835, "determiner_noun_agreement_irregular_1": 0.7369999885559082, "determiner_noun_agreement_irregular_2": 0.8169999718666077, "determiner_noun_agreement_with_adj_2": 0.8029999732971191, "determiner_noun_agreement_with_adj_irregular_1": 0.6859999895095825, "determiner_noun_agreement_with_adj_irregular_2": 0.7390000224113464, "determiner_noun_agreement_with_adjective_1": 0.8389999866485596, "distractor_agreement_relational_noun": 0.2750000059604645, "distractor_agreement_relative_clause": 0.31299999356269836, "drop_argument": 0.7160000205039978, "ellipsis_n_bar_1": 0.5609999895095825, "ellipsis_n_bar_2": 0.6759999990463257, "existential_there_object_raising": 0.7250000238418579, "existential_there_quantifiers_1": 0.921999990940094, "existential_there_quantifiers_2": 0.24500000476837158, "existential_there_subject_raising": 0.7289999723434448, "expletive_it_object_raising": 0.7099999785423279, "inchoative": 0.40799999237060547, "intransitive": 0.6069999933242798, "irregular_past_participle_adjectives": 0.8949999809265137, "irregular_past_participle_verbs": 0.8169999718666077, "irregular_plural_subject_verb_agreement_1": 0.625, "irregular_plural_subject_verb_agreement_2": 0.7620000243186951, "left_branch_island_echo_question": 0.5669999718666077, "left_branch_island_simple_question": 0.1889999955892563, "matrix_question_npi_licensor_present": 0.24199999868869781, "npi_present_1": 0.23899999260902405, "npi_present_2": 0.3970000147819519, "only_npi_licensor_present": 0.44600000977516174, "only_npi_scope": 0.7919999957084656, "passive_1": 0.8460000157356262, "passive_2": 0.8100000023841858, "principle_A_c_command": 0.47600001096725464, "principle_A_case_1": 1.0, "principle_A_case_2": 0.625, "principle_A_domain_1": 0.9269999861717224, "principle_A_domain_2": 0.7099999785423279, "principle_A_domain_3": 0.460999995470047, "principle_A_reconstruction": 0.41499999165534973, "regular_plural_subject_verb_agreement_1": 0.7149999737739563, "regular_plural_subject_verb_agreement_2": 0.7710000276565552, "sentential_negation_npi_licensor_present": 0.9879999756813049, "sentential_negation_npi_scope": 0.2150000035762787, "sentential_subject_island": 0.3869999945163727, "superlative_quantifiers_1": 0.5929999947547913, "superlative_quantifiers_2": 0.4740000069141388, "tough_vs_raising_1": 0.3659999966621399, "tough_vs_raising_2": 0.6740000247955322, "transitive": 0.7120000123977661, "wh_island": 0.5270000100135803, "wh_questions_object_gap": 0.5820000171661377, "wh_questions_subject_gap": 0.8970000147819519, "wh_questions_subject_gap_long_distance": 0.9660000205039978, "wh_vs_that_no_gap": 0.9819999933242798, "wh_vs_that_no_gap_long_distance": 0.9950000047683716, "wh_vs_that_with_gap": 0.11800000071525574, "wh_vs_that_with_gap_long_distance": 0.03200000151991844}, "by_phenomenon": {"island_effects": 0.4287499915808439, "anaphor_agreement": 0.6330000013113022, "s-selection": 0.6949999928474426, "argument_structure": 0.6514285760266441, "determiner_noun_agreement": 0.7987499907612801, "subject_verb_agreement": 0.5768333375453949, "ellipsis": 0.6184999942779541, "control_raising": 0.6407999992370605, "quantifiers": 0.5584999993443489, "irregular_forms": 0.8559999763965607, "npi_licensing": 0.47414285583155497, "binding": 0.6591428518295288, "filler_gap_dependency": 0.6531428646828447}}, "paloma": 94.49371645541972}