{"blimp": {"by_uid": {"adjunct_island": 0.6140000224113464, "anaphor_gender_agreement": 0.46399998664855957, "anaphor_number_agreement": 0.7940000295639038, "animate_subject_passive": 0.6729999780654907, "animate_subject_trans": 0.7129999995231628, "causative": 0.4690000116825104, "complex_NP_island": 0.5170000195503235, "coordinate_structure_constraint_complex_left_branch": 0.18000000715255737, "coordinate_structure_constraint_object_extraction": 0.46799999475479126, "determiner_noun_agreement_1": 0.9070000052452087, "determiner_noun_agreement_2": 0.8889999985694885, "determiner_noun_agreement_irregular_1": 0.7570000290870667, "determiner_noun_agreement_irregular_2": 0.8190000057220459, "determiner_noun_agreement_with_adj_2": 0.8040000200271606, "determiner_noun_agreement_with_adj_irregular_1": 0.6740000247955322, "determiner_noun_agreement_with_adj_irregular_2": 0.7409999966621399, "determiner_noun_agreement_with_adjective_1": 0.8450000286102295, "distractor_agreement_relational_noun": 0.30000001192092896, "distractor_agreement_relative_clause": 0.29100000858306885, "drop_argument": 0.7260000109672546, "ellipsis_n_bar_1": 0.5659999847412109, "ellipsis_n_bar_2": 0.6740000247955322, "existential_there_object_raising": 0.7110000252723694, "existential_there_quantifiers_1": 0.9290000200271606, "existential_there_quantifiers_2": 0.26100000739097595, "existential_there_subject_raising": 0.722000002861023, "expletive_it_object_raising": 0.703000009059906, "inchoative": 0.40799999237060547, "intransitive": 0.6140000224113464, "irregular_past_participle_adjectives": 0.921999990940094, "irregular_past_participle_verbs": 0.8080000281333923, "irregular_plural_subject_verb_agreement_1": 0.6230000257492065, "irregular_plural_subject_verb_agreement_2": 0.7789999842643738, "left_branch_island_echo_question": 0.5550000071525574, "left_branch_island_simple_question": 0.18799999356269836, "matrix_question_npi_licensor_present": 0.24400000274181366, "npi_present_1": 0.2879999876022339, "npi_present_2": 0.4429999887943268, "only_npi_licensor_present": 0.3630000054836273, "only_npi_scope": 0.7620000243186951, "passive_1": 0.8360000252723694, "passive_2": 0.8059999942779541, "principle_A_c_command": 0.47200000286102295, "principle_A_case_1": 1.0, "principle_A_case_2": 0.6340000033378601, "principle_A_domain_1": 0.8840000033378601, "principle_A_domain_2": 0.7110000252723694, "principle_A_domain_3": 0.46399998664855957, "principle_A_reconstruction": 0.4339999854564667, "regular_plural_subject_verb_agreement_1": 0.7269999980926514, "regular_plural_subject_verb_agreement_2": 0.8009999990463257, "sentential_negation_npi_licensor_present": 0.9869999885559082, "sentential_negation_npi_scope": 0.20900000631809235, "sentential_subject_island": 0.41499999165534973, "superlative_quantifiers_1": 0.5180000066757202, "superlative_quantifiers_2": 0.4740000069141388, "tough_vs_raising_1": 0.3529999852180481, "tough_vs_raising_2": 0.6940000057220459, "transitive": 0.703000009059906, "wh_island": 0.5370000004768372, "wh_questions_object_gap": 0.5609999895095825, "wh_questions_subject_gap": 0.8970000147819519, "wh_questions_subject_gap_long_distance": 0.9649999737739563, "wh_vs_that_no_gap": 0.9829999804496765, "wh_vs_that_no_gap_long_distance": 0.9919999837875366, "wh_vs_that_with_gap": 0.125, "wh_vs_that_with_gap_long_distance": 0.03700000047683716}, "by_phenomenon": {"island_effects": 0.43425000458955765, "anaphor_agreement": 0.6290000081062317, "s-selection": 0.6929999887943268, "argument_structure": 0.6517142951488495, "determiner_noun_agreement": 0.804500013589859, "subject_verb_agreement": 0.5868333379427592, "ellipsis": 0.6200000047683716, "control_raising": 0.6366000056266785, "quantifiers": 0.5455000102519989, "irregular_forms": 0.8650000095367432, "npi_licensing": 0.4708571434020996, "binding": 0.6570000009877341, "filler_gap_dependency": 0.6514285632542202}}, "paloma": 91.17700776987375}