{"blimp": {"by_uid": {"adjunct_island": 0.6000000238418579, "anaphor_gender_agreement": 0.46299999952316284, "anaphor_number_agreement": 0.7540000081062317, "animate_subject_passive": 0.6639999747276306, "animate_subject_trans": 0.6940000057220459, "causative": 0.47600001096725464, "complex_NP_island": 0.4429999887943268, "coordinate_structure_constraint_complex_left_branch": 0.21799999475479126, "coordinate_structure_constraint_object_extraction": 0.5299999713897705, "determiner_noun_agreement_1": 0.8970000147819519, "determiner_noun_agreement_2": 0.890999972820282, "determiner_noun_agreement_irregular_1": 0.7440000176429749, "determiner_noun_agreement_irregular_2": 0.8550000190734863, "determiner_noun_agreement_with_adj_2": 0.8379999995231628, "determiner_noun_agreement_with_adj_irregular_1": 0.6809999942779541, "determiner_noun_agreement_with_adj_irregular_2": 0.7929999828338623, "determiner_noun_agreement_with_adjective_1": 0.8460000157356262, "distractor_agreement_relational_noun": 0.28700000047683716, "distractor_agreement_relative_clause": 0.3100000023841858, "drop_argument": 0.6959999799728394, "ellipsis_n_bar_1": 0.5479999780654907, "ellipsis_n_bar_2": 0.6660000085830688, "existential_there_object_raising": 0.7239999771118164, "existential_there_quantifiers_1": 0.878000020980835, "existential_there_quantifiers_2": 0.2280000001192093, "existential_there_subject_raising": 0.7419999837875366, "expletive_it_object_raising": 0.7020000219345093, "inchoative": 0.39899998903274536, "intransitive": 0.5899999737739563, "irregular_past_participle_adjectives": 0.9089999794960022, "irregular_past_participle_verbs": 0.7889999747276306, "irregular_plural_subject_verb_agreement_1": 0.5789999961853027, "irregular_plural_subject_verb_agreement_2": 0.703000009059906, "left_branch_island_echo_question": 0.5410000085830688, "left_branch_island_simple_question": 0.2639999985694885, "matrix_question_npi_licensor_present": 0.24899999797344208, "npi_present_1": 0.25200000405311584, "npi_present_2": 0.3440000116825104, "only_npi_licensor_present": 0.8169999718666077, "only_npi_scope": 0.8050000071525574, "passive_1": 0.8569999933242798, "passive_2": 0.8220000267028809, "principle_A_c_command": 0.4620000123977661, "principle_A_case_1": 1.0, "principle_A_case_2": 0.6700000166893005, "principle_A_domain_1": 0.9470000267028809, "principle_A_domain_2": 0.6899999976158142, "principle_A_domain_3": 0.44999998807907104, "principle_A_reconstruction": 0.3400000035762787, "regular_plural_subject_verb_agreement_1": 0.6790000200271606, "regular_plural_subject_verb_agreement_2": 0.7020000219345093, "sentential_negation_npi_licensor_present": 0.9929999709129333, "sentential_negation_npi_scope": 0.28299999237060547, "sentential_subject_island": 0.30399999022483826, "superlative_quantifiers_1": 0.6899999976158142, "superlative_quantifiers_2": 0.3160000145435333, "tough_vs_raising_1": 0.3310000002384186, "tough_vs_raising_2": 0.7009999752044678, "transitive": 0.7279999852180481, "wh_island": 0.42100000381469727, "wh_questions_object_gap": 0.5929999947547913, "wh_questions_subject_gap": 0.8899999856948853, "wh_questions_subject_gap_long_distance": 0.9539999961853027, "wh_vs_that_no_gap": 0.9670000076293945, "wh_vs_that_no_gap_long_distance": 0.9829999804496765, "wh_vs_that_with_gap": 0.12399999797344208, "wh_vs_that_with_gap_long_distance": 0.041999999433755875}, "by_phenomenon": {"island_effects": 0.4151249974966049, "anaphor_agreement": 0.6085000038146973, "s-selection": 0.6789999902248383, "argument_structure": 0.6525714227131435, "determiner_noun_agreement": 0.8181250020861626, "subject_verb_agreement": 0.5433333416779836, "ellipsis": 0.6069999933242798, "control_raising": 0.6399999916553497, "quantifiers": 0.528000008314848, "irregular_forms": 0.8489999771118164, "npi_licensing": 0.5347142794302532, "binding": 0.6512857207230159, "filler_gap_dependency": 0.6504285660173211}}, "paloma": 110.60299619232735}