{"blimp": {"by_uid": {"adjunct_island": 0.7120000123977661, "anaphor_gender_agreement": 0.5289999842643738, "anaphor_number_agreement": 0.6159999966621399, "animate_subject_passive": 0.6690000295639038, "animate_subject_trans": 0.6420000195503235, "causative": 0.4690000116825104, "complex_NP_island": 0.5059999823570251, "coordinate_structure_constraint_complex_left_branch": 0.2939999997615814, "coordinate_structure_constraint_object_extraction": 0.3799999952316284, "determiner_noun_agreement_1": 0.746999979019165, "determiner_noun_agreement_2": 0.7409999966621399, "determiner_noun_agreement_irregular_1": 0.6620000004768372, "determiner_noun_agreement_irregular_2": 0.7120000123977661, "determiner_noun_agreement_with_adj_2": 0.5540000200271606, "determiner_noun_agreement_with_adj_irregular_1": 0.5189999938011169, "determiner_noun_agreement_with_adj_irregular_2": 0.5609999895095825, "determiner_noun_agreement_with_adjective_1": 0.5889999866485596, "distractor_agreement_relational_noun": 0.3569999933242798, "distractor_agreement_relative_clause": 0.39399999380111694, "drop_argument": 0.7110000252723694, "ellipsis_n_bar_1": 0.23199999332427979, "ellipsis_n_bar_2": 0.4480000138282776, "existential_there_object_raising": 0.7509999871253967, "existential_there_quantifiers_1": 0.8379999995231628, "existential_there_quantifiers_2": 0.25099998712539673, "existential_there_subject_raising": 0.5460000038146973, "expletive_it_object_raising": 0.7020000219345093, "inchoative": 0.3630000054836273, "intransitive": 0.5529999732971191, "irregular_past_participle_adjectives": 0.43700000643730164, "irregular_past_participle_verbs": 0.7279999852180481, "irregular_plural_subject_verb_agreement_1": 0.578000009059906, "irregular_plural_subject_verb_agreement_2": 0.6489999890327454, "left_branch_island_echo_question": 0.5070000290870667, "left_branch_island_simple_question": 0.34700000286102295, "matrix_question_npi_licensor_present": 0.1770000010728836, "npi_present_1": 0.3330000042915344, "npi_present_2": 0.3230000138282776, "only_npi_licensor_present": 0.6650000214576721, "only_npi_scope": 0.5360000133514404, "passive_1": 0.7699999809265137, "passive_2": 0.7630000114440918, "principle_A_c_command": 0.6100000143051147, "principle_A_case_1": 1.0, "principle_A_case_2": 0.5830000042915344, "principle_A_domain_1": 0.859000027179718, "principle_A_domain_2": 0.5619999766349792, "principle_A_domain_3": 0.4580000042915344, "principle_A_reconstruction": 0.3310000002384186, "regular_plural_subject_verb_agreement_1": 0.5799999833106995, "regular_plural_subject_verb_agreement_2": 0.5239999890327454, "sentential_negation_npi_licensor_present": 0.9800000190734863, "sentential_negation_npi_scope": 0.3490000069141388, "sentential_subject_island": 0.4830000102519989, "superlative_quantifiers_1": 0.5120000243186951, "superlative_quantifiers_2": 0.4659999907016754, "tough_vs_raising_1": 0.35499998927116394, "tough_vs_raising_2": 0.671999990940094, "transitive": 0.6439999938011169, "wh_island": 0.6629999876022339, "wh_questions_object_gap": 0.6480000019073486, "wh_questions_subject_gap": 0.8920000195503235, "wh_questions_subject_gap_long_distance": 0.9350000023841858, "wh_vs_that_no_gap": 0.9419999718666077, "wh_vs_that_no_gap_long_distance": 0.9480000138282776, "wh_vs_that_with_gap": 0.08399999886751175, "wh_vs_that_with_gap_long_distance": 0.05400000140070915}, "by_phenomenon": {"island_effects": 0.48650000244379044, "anaphor_agreement": 0.5724999904632568, "s-selection": 0.6555000245571136, "argument_structure": 0.6104285717010498, "determiner_noun_agreement": 0.635624997317791, "subject_verb_agreement": 0.5136666595935822, "ellipsis": 0.3400000035762787, "control_raising": 0.6051999986171722, "quantifiers": 0.5167500004172325, "irregular_forms": 0.5824999958276749, "npi_licensing": 0.48042858285563333, "binding": 0.6290000038487571, "filler_gap_dependency": 0.6432857156864235}}, "paloma": 407.37521489904316}