{"blimp": {"by_uid": {"adjunct_island": 0.5860000252723694, "anaphor_gender_agreement": 0.5090000033378601, "anaphor_number_agreement": 0.8040000200271606, "animate_subject_passive": 0.6759999990463257, "animate_subject_trans": 0.7210000157356262, "causative": 0.46299999952316284, "complex_NP_island": 0.460999995470047, "coordinate_structure_constraint_complex_left_branch": 0.15000000596046448, "coordinate_structure_constraint_object_extraction": 0.47600001096725464, "determiner_noun_agreement_1": 0.890999972820282, "determiner_noun_agreement_2": 0.8809999823570251, "determiner_noun_agreement_irregular_1": 0.7509999871253967, "determiner_noun_agreement_irregular_2": 0.8289999961853027, "determiner_noun_agreement_with_adj_2": 0.8159999847412109, "determiner_noun_agreement_with_adj_irregular_1": 0.6890000104904175, "determiner_noun_agreement_with_adj_irregular_2": 0.7570000290870667, "determiner_noun_agreement_with_adjective_1": 0.8420000076293945, "distractor_agreement_relational_noun": 0.2770000100135803, "distractor_agreement_relative_clause": 0.29499998688697815, "drop_argument": 0.7110000252723694, "ellipsis_n_bar_1": 0.5379999876022339, "ellipsis_n_bar_2": 0.6890000104904175, "existential_there_object_raising": 0.7200000286102295, "existential_there_quantifiers_1": 0.9120000004768372, "existential_there_quantifiers_2": 0.20399999618530273, "existential_there_subject_raising": 0.7419999837875366, "expletive_it_object_raising": 0.7080000042915344, "inchoative": 0.39399999380111694, "intransitive": 0.6069999933242798, "irregular_past_participle_adjectives": 0.8970000147819519, "irregular_past_participle_verbs": 0.8230000138282776, "irregular_plural_subject_verb_agreement_1": 0.6159999966621399, "irregular_plural_subject_verb_agreement_2": 0.7400000095367432, "left_branch_island_echo_question": 0.5220000147819519, "left_branch_island_simple_question": 0.1720000058412552, "matrix_question_npi_licensor_present": 0.2329999953508377, "npi_present_1": 0.2240000069141388, "npi_present_2": 0.3610000014305115, "only_npi_licensor_present": 0.6510000228881836, "only_npi_scope": 0.8140000104904175, "passive_1": 0.8489999771118164, "passive_2": 0.8159999847412109, "principle_A_c_command": 0.45399999618530273, "principle_A_case_1": 1.0, "principle_A_case_2": 0.6399999856948853, "principle_A_domain_1": 0.925000011920929, "principle_A_domain_2": 0.7110000252723694, "principle_A_domain_3": 0.4490000009536743, "principle_A_reconstruction": 0.38199999928474426, "regular_plural_subject_verb_agreement_1": 0.7089999914169312, "regular_plural_subject_verb_agreement_2": 0.7129999995231628, "sentential_negation_npi_licensor_present": 0.9919999837875366, "sentential_negation_npi_scope": 0.26600000262260437, "sentential_subject_island": 0.3630000054836273, "superlative_quantifiers_1": 0.6370000243186951, "superlative_quantifiers_2": 0.3959999978542328, "tough_vs_raising_1": 0.34700000286102295, "tough_vs_raising_2": 0.6859999895095825, "transitive": 0.7179999947547913, "wh_island": 0.49000000953674316, "wh_questions_object_gap": 0.5759999752044678, "wh_questions_subject_gap": 0.8949999809265137, "wh_questions_subject_gap_long_distance": 0.9639999866485596, "wh_vs_that_no_gap": 0.9760000109672546, "wh_vs_that_no_gap_long_distance": 0.9929999709129333, "wh_vs_that_with_gap": 0.11400000005960464, "wh_vs_that_with_gap_long_distance": 0.028999999165534973}, "by_phenomenon": {"island_effects": 0.40250000916421413, "anaphor_agreement": 0.6565000116825104, "s-selection": 0.698500007390976, "argument_structure": 0.6511428526469639, "determiner_noun_agreement": 0.806999996304512, "subject_verb_agreement": 0.5583333323399226, "ellipsis": 0.6134999990463257, "control_raising": 0.6406000018119812, "quantifiers": 0.5372500047087669, "irregular_forms": 0.8600000143051147, "npi_licensing": 0.5058571462120328, "binding": 0.6515714313302722, "filler_gap_dependency": 0.6495714176978383}}, "paloma": 99.34208695007949}