{"blimp": {"by_uid": {"adjunct_island": 0.6110000014305115, "anaphor_gender_agreement": 0.4779999852180481, "anaphor_number_agreement": 0.8109999895095825, "animate_subject_passive": 0.6769999861717224, "animate_subject_trans": 0.722000002861023, "causative": 0.46700000762939453, "complex_NP_island": 0.5139999985694885, "coordinate_structure_constraint_complex_left_branch": 0.17800000309944153, "coordinate_structure_constraint_object_extraction": 0.4749999940395355, "determiner_noun_agreement_1": 0.9070000052452087, "determiner_noun_agreement_2": 0.8799999952316284, "determiner_noun_agreement_irregular_1": 0.7609999775886536, "determiner_noun_agreement_irregular_2": 0.8100000023841858, "determiner_noun_agreement_with_adj_2": 0.8069999814033508, "determiner_noun_agreement_with_adj_irregular_1": 0.6859999895095825, "determiner_noun_agreement_with_adj_irregular_2": 0.746999979019165, "determiner_noun_agreement_with_adjective_1": 0.8460000157356262, "distractor_agreement_relational_noun": 0.3070000112056732, "distractor_agreement_relative_clause": 0.296999990940094, "drop_argument": 0.7260000109672546, "ellipsis_n_bar_1": 0.5590000152587891, "ellipsis_n_bar_2": 0.6800000071525574, "existential_there_object_raising": 0.722000002861023, "existential_there_quantifiers_1": 0.9259999990463257, "existential_there_quantifiers_2": 0.24799999594688416, "existential_there_subject_raising": 0.718999981880188, "expletive_it_object_raising": 0.7059999704360962, "inchoative": 0.4050000011920929, "intransitive": 0.6110000014305115, "irregular_past_participle_adjectives": 0.9300000071525574, "irregular_past_participle_verbs": 0.8230000138282776, "irregular_plural_subject_verb_agreement_1": 0.6340000033378601, "irregular_plural_subject_verb_agreement_2": 0.7720000147819519, "left_branch_island_echo_question": 0.5649999976158142, "left_branch_island_simple_question": 0.1889999955892563, "matrix_question_npi_licensor_present": 0.24899999797344208, "npi_present_1": 0.3140000104904175, "npi_present_2": 0.48100000619888306, "only_npi_licensor_present": 0.3370000123977661, "only_npi_scope": 0.7559999823570251, "passive_1": 0.8320000171661377, "passive_2": 0.8069999814033508, "principle_A_c_command": 0.47099998593330383, "principle_A_case_1": 1.0, "principle_A_case_2": 0.6470000147819519, "principle_A_domain_1": 0.8880000114440918, "principle_A_domain_2": 0.718999981880188, "principle_A_domain_3": 0.4690000116825104, "principle_A_reconstruction": 0.42899999022483826, "regular_plural_subject_verb_agreement_1": 0.7289999723434448, "regular_plural_subject_verb_agreement_2": 0.8109999895095825, "sentential_negation_npi_licensor_present": 0.9879999756813049, "sentential_negation_npi_scope": 0.23199999332427979, "sentential_subject_island": 0.41600000858306885, "superlative_quantifiers_1": 0.4269999861717224, "superlative_quantifiers_2": 0.49399998784065247, "tough_vs_raising_1": 0.3490000069141388, "tough_vs_raising_2": 0.6899999976158142, "transitive": 0.7179999947547913, "wh_island": 0.5320000052452087, "wh_questions_object_gap": 0.5609999895095825, "wh_questions_subject_gap": 0.9089999794960022, "wh_questions_subject_gap_long_distance": 0.9639999866485596, "wh_vs_that_no_gap": 0.9829999804496765, "wh_vs_that_no_gap_long_distance": 0.9909999966621399, "wh_vs_that_with_gap": 0.11999999731779099, "wh_vs_that_with_gap_long_distance": 0.03700000047683716}, "by_phenomenon": {"island_effects": 0.43500000052154064, "anaphor_agreement": 0.6444999873638153, "s-selection": 0.6994999945163727, "argument_structure": 0.6522857163633619, "determiner_noun_agreement": 0.8054999932646751, "subject_verb_agreement": 0.5916666636864344, "ellipsis": 0.6195000112056732, "control_raising": 0.637199991941452, "quantifiers": 0.5237499922513962, "irregular_forms": 0.8765000104904175, "npi_licensing": 0.47957142548901693, "binding": 0.6604285708495549, "filler_gap_dependency": 0.6521428472229412}}, "paloma": 90.93301257015521}