{"blimp": {"by_uid": {"adjunct_island": 0.5929999947547913, "anaphor_gender_agreement": 0.4569999873638153, "anaphor_number_agreement": 0.7170000076293945, "animate_subject_passive": 0.6729999780654907, "animate_subject_trans": 0.6880000233650208, "causative": 0.46299999952316284, "complex_NP_island": 0.46299999952316284, "coordinate_structure_constraint_complex_left_branch": 0.23800000548362732, "coordinate_structure_constraint_object_extraction": 0.5419999957084656, "determiner_noun_agreement_1": 0.9010000228881836, "determiner_noun_agreement_2": 0.8989999890327454, "determiner_noun_agreement_irregular_1": 0.7590000033378601, "determiner_noun_agreement_irregular_2": 0.8410000205039978, "determiner_noun_agreement_with_adj_2": 0.8410000205039978, "determiner_noun_agreement_with_adj_irregular_1": 0.6899999976158142, "determiner_noun_agreement_with_adj_irregular_2": 0.7879999876022339, "determiner_noun_agreement_with_adjective_1": 0.8420000076293945, "distractor_agreement_relational_noun": 0.29499998688697815, "distractor_agreement_relative_clause": 0.30300000309944153, "drop_argument": 0.699999988079071, "ellipsis_n_bar_1": 0.5410000085830688, "ellipsis_n_bar_2": 0.6579999923706055, "existential_there_object_raising": 0.7329999804496765, "existential_there_quantifiers_1": 0.8759999871253967, "existential_there_quantifiers_2": 0.2070000022649765, "existential_there_subject_raising": 0.7509999871253967, "expletive_it_object_raising": 0.703000009059906, "inchoative": 0.4099999964237213, "intransitive": 0.5820000171661377, "irregular_past_participle_adjectives": 0.9380000233650208, "irregular_past_participle_verbs": 0.7799999713897705, "irregular_plural_subject_verb_agreement_1": 0.5910000205039978, "irregular_plural_subject_verb_agreement_2": 0.6890000104904175, "left_branch_island_echo_question": 0.5180000066757202, "left_branch_island_simple_question": 0.29499998688697815, "matrix_question_npi_licensor_present": 0.27900001406669617, "npi_present_1": 0.25, "npi_present_2": 0.34700000286102295, "only_npi_licensor_present": 0.8510000109672546, "only_npi_scope": 0.8059999942779541, "passive_1": 0.8479999899864197, "passive_2": 0.8270000219345093, "principle_A_c_command": 0.4729999899864197, "principle_A_case_1": 1.0, "principle_A_case_2": 0.6520000100135803, "principle_A_domain_1": 0.9440000057220459, "principle_A_domain_2": 0.6890000104904175, "principle_A_domain_3": 0.4480000138282776, "principle_A_reconstruction": 0.34700000286102295, "regular_plural_subject_verb_agreement_1": 0.6779999732971191, "regular_plural_subject_verb_agreement_2": 0.6899999976158142, "sentential_negation_npi_licensor_present": 0.9900000095367432, "sentential_negation_npi_scope": 0.3149999976158142, "sentential_subject_island": 0.31299999356269836, "superlative_quantifiers_1": 0.6930000185966492, "superlative_quantifiers_2": 0.3089999854564667, "tough_vs_raising_1": 0.32499998807907104, "tough_vs_raising_2": 0.7099999785423279, "transitive": 0.7250000238418579, "wh_island": 0.4699999988079071, "wh_questions_object_gap": 0.621999979019165, "wh_questions_subject_gap": 0.8920000195503235, "wh_questions_subject_gap_long_distance": 0.9559999704360962, "wh_vs_that_no_gap": 0.9700000286102295, "wh_vs_that_no_gap_long_distance": 0.984000027179718, "wh_vs_that_with_gap": 0.11999999731779099, "wh_vs_that_with_gap_long_distance": 0.04600000008940697}, "by_phenomenon": {"island_effects": 0.42899999767541885, "anaphor_agreement": 0.5869999974966049, "s-selection": 0.6805000007152557, "argument_structure": 0.6507142909935543, "determiner_noun_agreement": 0.8201250061392784, "subject_verb_agreement": 0.5409999986489614, "ellipsis": 0.5995000004768372, "control_raising": 0.6443999886512757, "quantifiers": 0.5212499983608723, "irregular_forms": 0.8589999973773956, "npi_licensing": 0.5482857184750694, "binding": 0.6504285761288234, "filler_gap_dependency": 0.6557142888861043}}, "paloma": 113.28503011028941}