{"blimp": {"by_uid": {"adjunct_island": 0.6349999904632568, "anaphor_gender_agreement": 0.5389999747276306, "anaphor_number_agreement": 0.6859999895095825, "animate_subject_passive": 0.6980000138282776, "animate_subject_trans": 0.6449999809265137, "causative": 0.47200000286102295, "complex_NP_island": 0.49399998784065247, "coordinate_structure_constraint_complex_left_branch": 0.3050000071525574, "coordinate_structure_constraint_object_extraction": 0.550000011920929, "determiner_noun_agreement_1": 0.8270000219345093, "determiner_noun_agreement_2": 0.8029999732971191, "determiner_noun_agreement_irregular_1": 0.6930000185966492, "determiner_noun_agreement_irregular_2": 0.7480000257492065, "determiner_noun_agreement_with_adj_2": 0.6980000138282776, "determiner_noun_agreement_with_adj_irregular_1": 0.5960000157356262, "determiner_noun_agreement_with_adj_irregular_2": 0.6579999923706055, "determiner_noun_agreement_with_adjective_1": 0.6940000057220459, "distractor_agreement_relational_noun": 0.28700000047683716, "distractor_agreement_relative_clause": 0.32499998807907104, "drop_argument": 0.6880000233650208, "ellipsis_n_bar_1": 0.3880000114440918, "ellipsis_n_bar_2": 0.5, "existential_there_object_raising": 0.746999979019165, "existential_there_quantifiers_1": 0.8830000162124634, "existential_there_quantifiers_2": 0.3089999854564667, "existential_there_subject_raising": 0.5649999976158142, "expletive_it_object_raising": 0.7089999914169312, "inchoative": 0.3659999966621399, "intransitive": 0.5519999861717224, "irregular_past_participle_adjectives": 0.5189999938011169, "irregular_past_participle_verbs": 0.7519999742507935, "irregular_plural_subject_verb_agreement_1": 0.5860000252723694, "irregular_plural_subject_verb_agreement_2": 0.6449999809265137, "left_branch_island_echo_question": 0.4740000069141388, "left_branch_island_simple_question": 0.39800000190734863, "matrix_question_npi_licensor_present": 0.1770000010728836, "npi_present_1": 0.367000013589859, "npi_present_2": 0.3240000009536743, "only_npi_licensor_present": 0.6340000033378601, "only_npi_scope": 0.7080000042915344, "passive_1": 0.8169999718666077, "passive_2": 0.8009999990463257, "principle_A_c_command": 0.6579999923706055, "principle_A_case_1": 1.0, "principle_A_case_2": 0.6349999904632568, "principle_A_domain_1": 0.9190000295639038, "principle_A_domain_2": 0.5849999785423279, "principle_A_domain_3": 0.46299999952316284, "principle_A_reconstruction": 0.33899998664855957, "regular_plural_subject_verb_agreement_1": 0.6259999871253967, "regular_plural_subject_verb_agreement_2": 0.5659999847412109, "sentential_negation_npi_licensor_present": 0.9800000190734863, "sentential_negation_npi_scope": 0.31700000166893005, "sentential_subject_island": 0.4359999895095825, "superlative_quantifiers_1": 0.6179999709129333, "superlative_quantifiers_2": 0.5630000233650208, "tough_vs_raising_1": 0.3490000069141388, "tough_vs_raising_2": 0.6880000233650208, "transitive": 0.671999990940094, "wh_island": 0.6660000085830688, "wh_questions_object_gap": 0.6589999794960022, "wh_questions_subject_gap": 0.9139999747276306, "wh_questions_subject_gap_long_distance": 0.9549999833106995, "wh_vs_that_no_gap": 0.9509999752044678, "wh_vs_that_no_gap_long_distance": 0.9589999914169312, "wh_vs_that_with_gap": 0.08299999684095383, "wh_vs_that_with_gap_long_distance": 0.057999998331069946}, "by_phenomenon": {"island_effects": 0.4947500005364418, "anaphor_agreement": 0.6124999821186066, "s-selection": 0.6714999973773956, "argument_structure": 0.6239999958447048, "determiner_noun_agreement": 0.7146250084042549, "subject_verb_agreement": 0.5058333277702332, "ellipsis": 0.4440000057220459, "control_raising": 0.611599999666214, "quantifiers": 0.593249998986721, "irregular_forms": 0.6354999840259552, "npi_licensing": 0.5010000062840325, "binding": 0.6569999967302594, "filler_gap_dependency": 0.6541428427611079}}, "paloma": 339.62814935890225}