{"blimp": {"by_uid": {"adjunct_island": 0.5600000023841858, "anaphor_gender_agreement": 0.4909999966621399, "anaphor_number_agreement": 0.7210000157356262, "animate_subject_passive": 0.6769999861717224, "animate_subject_trans": 0.6650000214576721, "causative": 0.4880000054836273, "complex_NP_island": 0.44999998807907104, "coordinate_structure_constraint_complex_left_branch": 0.25, "coordinate_structure_constraint_object_extraction": 0.5419999957084656, "determiner_noun_agreement_1": 0.8949999809265137, "determiner_noun_agreement_2": 0.9139999747276306, "determiner_noun_agreement_irregular_1": 0.7649999856948853, "determiner_noun_agreement_irregular_2": 0.8420000076293945, "determiner_noun_agreement_with_adj_2": 0.8379999995231628, "determiner_noun_agreement_with_adj_irregular_1": 0.6850000023841858, "determiner_noun_agreement_with_adj_irregular_2": 0.7850000262260437, "determiner_noun_agreement_with_adjective_1": 0.8420000076293945, "distractor_agreement_relational_noun": 0.28999999165534973, "distractor_agreement_relative_clause": 0.27900001406669617, "drop_argument": 0.6930000185966492, "ellipsis_n_bar_1": 0.5360000133514404, "ellipsis_n_bar_2": 0.6620000004768372, "existential_there_object_raising": 0.7300000190734863, "existential_there_quantifiers_1": 0.8790000081062317, "existential_there_quantifiers_2": 0.20499999821186066, "existential_there_subject_raising": 0.7170000076293945, "expletive_it_object_raising": 0.7089999914169312, "inchoative": 0.39399999380111694, "intransitive": 0.550000011920929, "irregular_past_participle_adjectives": 0.8960000276565552, "irregular_past_participle_verbs": 0.777999997138977, "irregular_plural_subject_verb_agreement_1": 0.5910000205039978, "irregular_plural_subject_verb_agreement_2": 0.6769999861717224, "left_branch_island_echo_question": 0.5210000276565552, "left_branch_island_simple_question": 0.31200000643730164, "matrix_question_npi_licensor_present": 0.2809999883174896, "npi_present_1": 0.33899998664855957, "npi_present_2": 0.34299999475479126, "only_npi_licensor_present": 0.8379999995231628, "only_npi_scope": 0.8190000057220459, "passive_1": 0.8450000286102295, "passive_2": 0.828000009059906, "principle_A_c_command": 0.49799999594688416, "principle_A_case_1": 1.0, "principle_A_case_2": 0.6399999856948853, "principle_A_domain_1": 0.9350000023841858, "principle_A_domain_2": 0.6940000057220459, "principle_A_domain_3": 0.460999995470047, "principle_A_reconstruction": 0.3100000023841858, "regular_plural_subject_verb_agreement_1": 0.6809999942779541, "regular_plural_subject_verb_agreement_2": 0.6729999780654907, "sentential_negation_npi_licensor_present": 0.9760000109672546, "sentential_negation_npi_scope": 0.31299999356269836, "sentential_subject_island": 0.3109999895095825, "superlative_quantifiers_1": 0.7239999771118164, "superlative_quantifiers_2": 0.29100000858306885, "tough_vs_raising_1": 0.3400000035762787, "tough_vs_raising_2": 0.7049999833106995, "transitive": 0.734000027179718, "wh_island": 0.4410000145435333, "wh_questions_object_gap": 0.5960000157356262, "wh_questions_subject_gap": 0.8870000243186951, "wh_questions_subject_gap_long_distance": 0.949999988079071, "wh_vs_that_no_gap": 0.9620000123977661, "wh_vs_that_no_gap_long_distance": 0.9760000109672546, "wh_vs_that_with_gap": 0.1289999932050705, "wh_vs_that_with_gap_long_distance": 0.04600000008940697}, "by_phenomenon": {"island_effects": 0.4233750030398369, "anaphor_agreement": 0.6060000061988831, "s-selection": 0.6710000038146973, "argument_structure": 0.6474285849503109, "determiner_noun_agreement": 0.8207499980926514, "subject_verb_agreement": 0.5318333307902018, "ellipsis": 0.5990000069141388, "control_raising": 0.640200001001358, "quantifiers": 0.5247499980032444, "irregular_forms": 0.8370000123977661, "npi_licensing": 0.5584285684994289, "binding": 0.6482857125146049, "filler_gap_dependency": 0.6494285778275558}}, "paloma": 120.63942986581384}