{"blimp": {"by_uid": {"adjunct_island": 0.5649999976158142, "anaphor_gender_agreement": 0.4779999852180481, "anaphor_number_agreement": 0.6930000185966492, "animate_subject_passive": 0.6759999990463257, "animate_subject_trans": 0.6639999747276306, "causative": 0.48399999737739563, "complex_NP_island": 0.44999998807907104, "coordinate_structure_constraint_complex_left_branch": 0.2529999911785126, "coordinate_structure_constraint_object_extraction": 0.5339999794960022, "determiner_noun_agreement_1": 0.8939999938011169, "determiner_noun_agreement_2": 0.9120000004768372, "determiner_noun_agreement_irregular_1": 0.7580000162124634, "determiner_noun_agreement_irregular_2": 0.843999981880188, "determiner_noun_agreement_with_adj_2": 0.8330000042915344, "determiner_noun_agreement_with_adj_irregular_1": 0.671999990940094, "determiner_noun_agreement_with_adj_irregular_2": 0.7850000262260437, "determiner_noun_agreement_with_adjective_1": 0.8360000252723694, "distractor_agreement_relational_noun": 0.28200000524520874, "distractor_agreement_relative_clause": 0.2800000011920929, "drop_argument": 0.6990000009536743, "ellipsis_n_bar_1": 0.5450000166893005, "ellipsis_n_bar_2": 0.6690000295639038, "existential_there_object_raising": 0.734000027179718, "existential_there_quantifiers_1": 0.8709999918937683, "existential_there_quantifiers_2": 0.1889999955892563, "existential_there_subject_raising": 0.7149999737739563, "expletive_it_object_raising": 0.7059999704360962, "inchoative": 0.38999998569488525, "intransitive": 0.5569999814033508, "irregular_past_participle_adjectives": 0.9120000004768372, "irregular_past_participle_verbs": 0.7770000100135803, "irregular_plural_subject_verb_agreement_1": 0.5879999995231628, "irregular_plural_subject_verb_agreement_2": 0.6729999780654907, "left_branch_island_echo_question": 0.5350000262260437, "left_branch_island_simple_question": 0.3140000104904175, "matrix_question_npi_licensor_present": 0.2720000147819519, "npi_present_1": 0.36399999260902405, "npi_present_2": 0.3529999852180481, "only_npi_licensor_present": 0.8479999899864197, "only_npi_scope": 0.8230000138282776, "passive_1": 0.8410000205039978, "passive_2": 0.8289999961853027, "principle_A_c_command": 0.5339999794960022, "principle_A_case_1": 1.0, "principle_A_case_2": 0.6470000147819519, "principle_A_domain_1": 0.9440000057220459, "principle_A_domain_2": 0.6779999732971191, "principle_A_domain_3": 0.4569999873638153, "principle_A_reconstruction": 0.29899999499320984, "regular_plural_subject_verb_agreement_1": 0.6769999861717224, "regular_plural_subject_verb_agreement_2": 0.6740000247955322, "sentential_negation_npi_licensor_present": 0.9769999980926514, "sentential_negation_npi_scope": 0.3149999976158142, "sentential_subject_island": 0.29600000381469727, "superlative_quantifiers_1": 0.765999972820282, "superlative_quantifiers_2": 0.2680000066757202, "tough_vs_raising_1": 0.3490000069141388, "tough_vs_raising_2": 0.6949999928474426, "transitive": 0.7329999804496765, "wh_island": 0.4560000002384186, "wh_questions_object_gap": 0.5849999785423279, "wh_questions_subject_gap": 0.8820000290870667, "wh_questions_subject_gap_long_distance": 0.9520000219345093, "wh_vs_that_no_gap": 0.9629999995231628, "wh_vs_that_no_gap_long_distance": 0.9760000109672546, "wh_vs_that_with_gap": 0.13099999725818634, "wh_vs_that_with_gap_long_distance": 0.04600000008940697}, "by_phenomenon": {"island_effects": 0.42537499964237213, "anaphor_agreement": 0.5855000019073486, "s-selection": 0.6699999868869781, "argument_structure": 0.6475714232240405, "determiner_noun_agreement": 0.8167500048875809, "subject_verb_agreement": 0.528999999165535, "ellipsis": 0.6070000231266022, "control_raising": 0.6397999942302703, "quantifiers": 0.5234999917447567, "irregular_forms": 0.8445000052452087, "npi_licensing": 0.5645714274474553, "binding": 0.651285707950592, "filler_gap_dependency": 0.6478571482002735}}, "paloma": 121.9920452008264}