{"blimp": {"by_uid": {"adjunct_island": 0.5, "anaphor_gender_agreement": 0.3319999873638153, "anaphor_number_agreement": 0.4230000078678131, "animate_subject_passive": 0.6190000176429749, "animate_subject_trans": 0.6029999852180481, "causative": 0.40299999713897705, "complex_NP_island": 0.4909999966621399, "coordinate_structure_constraint_complex_left_branch": 0.5370000004768372, "coordinate_structure_constraint_object_extraction": 0.5839999914169312, "determiner_noun_agreement_1": 0.5230000019073486, "determiner_noun_agreement_2": 0.5130000114440918, "determiner_noun_agreement_irregular_1": 0.5529999732971191, "determiner_noun_agreement_irregular_2": 0.5400000214576721, "determiner_noun_agreement_with_adj_2": 0.5059999823570251, "determiner_noun_agreement_with_adj_irregular_1": 0.5090000033378601, "determiner_noun_agreement_with_adj_irregular_2": 0.5210000276565552, "determiner_noun_agreement_with_adjective_1": 0.4860000014305115, "distractor_agreement_relational_noun": 0.48399999737739563, "distractor_agreement_relative_clause": 0.5370000004768372, "drop_argument": 0.7120000123977661, "ellipsis_n_bar_1": 0.5130000114440918, "ellipsis_n_bar_2": 0.3330000042915344, "existential_there_object_raising": 0.6399999856948853, "existential_there_quantifiers_1": 0.8180000185966492, "existential_there_quantifiers_2": 0.6259999871253967, "existential_there_subject_raising": 0.5600000023841858, "expletive_it_object_raising": 0.5860000252723694, "inchoative": 0.375, "intransitive": 0.5529999732971191, "irregular_past_participle_adjectives": 0.531000018119812, "irregular_past_participle_verbs": 0.5350000262260437, "irregular_plural_subject_verb_agreement_1": 0.48399999737739563, "irregular_plural_subject_verb_agreement_2": 0.4830000102519989, "left_branch_island_echo_question": 0.38600000739097595, "left_branch_island_simple_question": 0.531000018119812, "matrix_question_npi_licensor_present": 0.6309999823570251, "npi_present_1": 0.2540000081062317, "npi_present_2": 0.22200000286102295, "only_npi_licensor_present": 0.0020000000949949026, "only_npi_scope": 0.335999995470047, "passive_1": 0.6430000066757202, "passive_2": 0.6499999761581421, "principle_A_c_command": 0.5070000290870667, "principle_A_case_1": 1.0, "principle_A_case_2": 0.4860000014305115, "principle_A_domain_1": 0.7789999842643738, "principle_A_domain_2": 0.5759999752044678, "principle_A_domain_3": 0.45500001311302185, "principle_A_reconstruction": 0.4959999918937683, "regular_plural_subject_verb_agreement_1": 0.4269999861717224, "regular_plural_subject_verb_agreement_2": 0.5080000162124634, "sentential_negation_npi_licensor_present": 0.5230000019073486, "sentential_negation_npi_scope": 0.4440000057220459, "sentential_subject_island": 0.5720000267028809, "superlative_quantifiers_1": 0.44200000166893005, "superlative_quantifiers_2": 0.703000009059906, "tough_vs_raising_1": 0.2849999964237213, "tough_vs_raising_2": 0.7250000238418579, "transitive": 0.515999972820282, "wh_island": 0.46700000762939453, "wh_questions_object_gap": 0.7459999918937683, "wh_questions_subject_gap": 0.6700000166893005, "wh_questions_subject_gap_long_distance": 0.6859999895095825, "wh_vs_that_no_gap": 0.8799999952316284, "wh_vs_that_no_gap_long_distance": 0.8970000147819519, "wh_vs_that_with_gap": 0.0949999988079071, "wh_vs_that_with_gap_long_distance": 0.0949999988079071}, "by_phenomenon": {"island_effects": 0.5085000060498714, "anaphor_agreement": 0.3774999976158142, "s-selection": 0.6110000014305115, "argument_structure": 0.5502857054982867, "determiner_noun_agreement": 0.518875002861023, "subject_verb_agreement": 0.48716666797796887, "ellipsis": 0.4230000078678131, "control_raising": 0.559200006723404, "quantifiers": 0.6472500041127205, "irregular_forms": 0.5330000221729279, "npi_licensing": 0.3445714280741023, "binding": 0.6141428564276014, "filler_gap_dependency": 0.5812857151031494}}, "paloma": 3863.5083848268728}