{"blimp": {"by_uid": {"adjunct_island": 0.6209999918937683, "anaphor_gender_agreement": 0.46799999475479126, "anaphor_number_agreement": 0.8090000152587891, "animate_subject_passive": 0.6800000071525574, "animate_subject_trans": 0.7319999933242798, "causative": 0.4729999899864197, "complex_NP_island": 0.4970000088214874, "coordinate_structure_constraint_complex_left_branch": 0.17800000309944153, "coordinate_structure_constraint_object_extraction": 0.46700000762939453, "determiner_noun_agreement_1": 0.9079999923706055, "determiner_noun_agreement_2": 0.8679999709129333, "determiner_noun_agreement_irregular_1": 0.7760000228881836, "determiner_noun_agreement_irregular_2": 0.8109999895095825, "determiner_noun_agreement_with_adj_2": 0.8009999990463257, "determiner_noun_agreement_with_adj_irregular_1": 0.6809999942779541, "determiner_noun_agreement_with_adj_irregular_2": 0.7400000095367432, "determiner_noun_agreement_with_adjective_1": 0.843999981880188, "distractor_agreement_relational_noun": 0.3089999854564667, "distractor_agreement_relative_clause": 0.2800000011920929, "drop_argument": 0.7289999723434448, "ellipsis_n_bar_1": 0.546999990940094, "ellipsis_n_bar_2": 0.6980000138282776, "existential_there_object_raising": 0.722000002861023, "existential_there_quantifiers_1": 0.9330000281333923, "existential_there_quantifiers_2": 0.28299999237060547, "existential_there_subject_raising": 0.7170000076293945, "expletive_it_object_raising": 0.7049999833106995, "inchoative": 0.41100001335144043, "intransitive": 0.609000027179718, "irregular_past_participle_adjectives": 0.9440000057220459, "irregular_past_participle_verbs": 0.8069999814033508, "irregular_plural_subject_verb_agreement_1": 0.6470000147819519, "irregular_plural_subject_verb_agreement_2": 0.7979999780654907, "left_branch_island_echo_question": 0.5820000171661377, "left_branch_island_simple_question": 0.19300000369548798, "matrix_question_npi_licensor_present": 0.2290000021457672, "npi_present_1": 0.30300000309944153, "npi_present_2": 0.4320000112056732, "only_npi_licensor_present": 0.28999999165534973, "only_npi_scope": 0.7559999823570251, "passive_1": 0.8320000171661377, "passive_2": 0.7940000295639038, "principle_A_c_command": 0.46299999952316284, "principle_A_case_1": 1.0, "principle_A_case_2": 0.640999972820282, "principle_A_domain_1": 0.8529999852180481, "principle_A_domain_2": 0.7310000061988831, "principle_A_domain_3": 0.46399998664855957, "principle_A_reconstruction": 0.43299999833106995, "regular_plural_subject_verb_agreement_1": 0.7300000190734863, "regular_plural_subject_verb_agreement_2": 0.8069999814033508, "sentential_negation_npi_licensor_present": 0.9900000095367432, "sentential_negation_npi_scope": 0.21899999678134918, "sentential_subject_island": 0.40799999237060547, "superlative_quantifiers_1": 0.3930000066757202, "superlative_quantifiers_2": 0.49799999594688416, "tough_vs_raising_1": 0.335999995470047, "tough_vs_raising_2": 0.7350000143051147, "transitive": 0.7089999914169312, "wh_island": 0.5370000004768372, "wh_questions_object_gap": 0.5440000295639038, "wh_questions_subject_gap": 0.8960000276565552, "wh_questions_subject_gap_long_distance": 0.968999981880188, "wh_vs_that_no_gap": 0.984000027179718, "wh_vs_that_no_gap_long_distance": 0.9900000095367432, "wh_vs_that_with_gap": 0.1289999932050705, "wh_vs_that_with_gap_long_distance": 0.039000000804662704}, "by_phenomenon": {"island_effects": 0.435375003144145, "anaphor_agreement": 0.6385000050067902, "s-selection": 0.7060000002384186, "argument_structure": 0.6510000058582851, "determiner_noun_agreement": 0.8036249950528145, "subject_verb_agreement": 0.5951666633288065, "ellipsis": 0.6225000023841858, "control_raising": 0.6430000007152558, "quantifiers": 0.5267500057816505, "irregular_forms": 0.8754999935626984, "npi_licensing": 0.4598571423973356, "binding": 0.6549999926771436, "filler_gap_dependency": 0.6501428671181202}}, "paloma": 89.60884479113987}