{"blimp": {"by_uid": {"adjunct_island": 0.6169999837875366, "anaphor_gender_agreement": 0.5139999985694885, "anaphor_number_agreement": 0.8149999976158142, "animate_subject_passive": 0.675000011920929, "animate_subject_trans": 0.722000002861023, "causative": 0.46700000762939453, "complex_NP_island": 0.49900001287460327, "coordinate_structure_constraint_complex_left_branch": 0.19099999964237213, "coordinate_structure_constraint_object_extraction": 0.47999998927116394, "determiner_noun_agreement_1": 0.8939999938011169, "determiner_noun_agreement_2": 0.8790000081062317, "determiner_noun_agreement_irregular_1": 0.753000020980835, "determiner_noun_agreement_irregular_2": 0.8119999766349792, "determiner_noun_agreement_with_adj_2": 0.8080000281333923, "determiner_noun_agreement_with_adj_irregular_1": 0.6790000200271606, "determiner_noun_agreement_with_adj_irregular_2": 0.7369999885559082, "determiner_noun_agreement_with_adjective_1": 0.8389999866485596, "distractor_agreement_relational_noun": 0.2840000092983246, "distractor_agreement_relative_clause": 0.29499998688697815, "drop_argument": 0.7200000286102295, "ellipsis_n_bar_1": 0.5519999861717224, "ellipsis_n_bar_2": 0.6850000023841858, "existential_there_object_raising": 0.7390000224113464, "existential_there_quantifiers_1": 0.9100000262260437, "existential_there_quantifiers_2": 0.2160000056028366, "existential_there_subject_raising": 0.7379999756813049, "expletive_it_object_raising": 0.7160000205039978, "inchoative": 0.40299999713897705, "intransitive": 0.6119999885559082, "irregular_past_participle_adjectives": 0.8970000147819519, "irregular_past_participle_verbs": 0.7919999957084656, "irregular_plural_subject_verb_agreement_1": 0.6359999775886536, "irregular_plural_subject_verb_agreement_2": 0.7639999985694885, "left_branch_island_echo_question": 0.5609999895095825, "left_branch_island_simple_question": 0.20399999618530273, "matrix_question_npi_licensor_present": 0.2540000081062317, "npi_present_1": 0.27300000190734863, "npi_present_2": 0.4399999976158142, "only_npi_licensor_present": 0.4009999930858612, "only_npi_scope": 0.8019999861717224, "passive_1": 0.8510000109672546, "passive_2": 0.8180000185966492, "principle_A_c_command": 0.4729999899864197, "principle_A_case_1": 1.0, "principle_A_case_2": 0.6150000095367432, "principle_A_domain_1": 0.8539999723434448, "principle_A_domain_2": 0.7229999899864197, "principle_A_domain_3": 0.4620000123977661, "principle_A_reconstruction": 0.4020000100135803, "regular_plural_subject_verb_agreement_1": 0.7160000205039978, "regular_plural_subject_verb_agreement_2": 0.7689999938011169, "sentential_negation_npi_licensor_present": 0.9900000095367432, "sentential_negation_npi_scope": 0.22599999606609344, "sentential_subject_island": 0.39100000262260437, "superlative_quantifiers_1": 0.5879999995231628, "superlative_quantifiers_2": 0.4779999852180481, "tough_vs_raising_1": 0.3569999933242798, "tough_vs_raising_2": 0.6919999718666077, "transitive": 0.7110000252723694, "wh_island": 0.5260000228881836, "wh_questions_object_gap": 0.5820000171661377, "wh_questions_subject_gap": 0.8949999809265137, "wh_questions_subject_gap_long_distance": 0.9649999737739563, "wh_vs_that_no_gap": 0.9829999804496765, "wh_vs_that_no_gap_long_distance": 0.9950000047683716, "wh_vs_that_with_gap": 0.1120000034570694, "wh_vs_that_with_gap_long_distance": 0.03200000151991844}, "by_phenomenon": {"island_effects": 0.43362499959766865, "anaphor_agreement": 0.6644999980926514, "s-selection": 0.698500007390976, "argument_structure": 0.6545714395386832, "determiner_noun_agreement": 0.800125002861023, "subject_verb_agreement": 0.5773333311080933, "ellipsis": 0.6184999942779541, "control_raising": 0.6483999967575074, "quantifiers": 0.5480000041425228, "irregular_forms": 0.8445000052452087, "npi_licensing": 0.4837142846414021, "binding": 0.6469999977520534, "filler_gap_dependency": 0.6519999945802348}}, "paloma": 93.92323162680303}