{"blimp": {"by_uid": {"adjunct_island": 0.6129999756813049, "anaphor_gender_agreement": 0.49000000953674316, "anaphor_number_agreement": 0.8149999976158142, "animate_subject_passive": 0.6790000200271606, "animate_subject_trans": 0.7170000076293945, "causative": 0.4620000123977661, "complex_NP_island": 0.5270000100135803, "coordinate_structure_constraint_complex_left_branch": 0.1809999942779541, "coordinate_structure_constraint_object_extraction": 0.47699999809265137, "determiner_noun_agreement_1": 0.8989999890327454, "determiner_noun_agreement_2": 0.8840000033378601, "determiner_noun_agreement_irregular_1": 0.7630000114440918, "determiner_noun_agreement_irregular_2": 0.8100000023841858, "determiner_noun_agreement_with_adj_2": 0.7950000166893005, "determiner_noun_agreement_with_adj_irregular_1": 0.6809999942779541, "determiner_noun_agreement_with_adj_irregular_2": 0.7350000143051147, "determiner_noun_agreement_with_adjective_1": 0.8360000252723694, "distractor_agreement_relational_noun": 0.3019999861717224, "distractor_agreement_relative_clause": 0.3009999990463257, "drop_argument": 0.718999981880188, "ellipsis_n_bar_1": 0.5649999976158142, "ellipsis_n_bar_2": 0.6819999814033508, "existential_there_object_raising": 0.7250000238418579, "existential_there_quantifiers_1": 0.9319999814033508, "existential_there_quantifiers_2": 0.257999986410141, "existential_there_subject_raising": 0.7300000190734863, "expletive_it_object_raising": 0.7059999704360962, "inchoative": 0.41499999165534973, "intransitive": 0.6110000014305115, "irregular_past_participle_adjectives": 0.9290000200271606, "irregular_past_participle_verbs": 0.8119999766349792, "irregular_plural_subject_verb_agreement_1": 0.6389999985694885, "irregular_plural_subject_verb_agreement_2": 0.7620000243186951, "left_branch_island_echo_question": 0.5609999895095825, "left_branch_island_simple_question": 0.19300000369548798, "matrix_question_npi_licensor_present": 0.23999999463558197, "npi_present_1": 0.29899999499320984, "npi_present_2": 0.4480000138282776, "only_npi_licensor_present": 0.32600000500679016, "only_npi_scope": 0.7490000128746033, "passive_1": 0.8299999833106995, "passive_2": 0.8130000233650208, "principle_A_c_command": 0.4830000102519989, "principle_A_case_1": 1.0, "principle_A_case_2": 0.6629999876022339, "principle_A_domain_1": 0.8600000143051147, "principle_A_domain_2": 0.7239999771118164, "principle_A_domain_3": 0.4690000116825104, "principle_A_reconstruction": 0.4180000126361847, "regular_plural_subject_verb_agreement_1": 0.734000027179718, "regular_plural_subject_verb_agreement_2": 0.8050000071525574, "sentential_negation_npi_licensor_present": 0.9909999966621399, "sentential_negation_npi_scope": 0.2160000056028366, "sentential_subject_island": 0.41100001335144043, "superlative_quantifiers_1": 0.39899998903274536, "superlative_quantifiers_2": 0.5149999856948853, "tough_vs_raising_1": 0.3610000014305115, "tough_vs_raising_2": 0.6919999718666077, "transitive": 0.7179999947547913, "wh_island": 0.5379999876022339, "wh_questions_object_gap": 0.5519999861717224, "wh_questions_subject_gap": 0.8930000066757202, "wh_questions_subject_gap_long_distance": 0.9639999866485596, "wh_vs_that_no_gap": 0.9779999852180481, "wh_vs_that_no_gap_long_distance": 0.9909999966621399, "wh_vs_that_with_gap": 0.14100000262260437, "wh_vs_that_with_gap_long_distance": 0.04600000008940697}, "by_phenomenon": {"island_effects": 0.43762499652802944, "anaphor_agreement": 0.6525000035762787, "s-selection": 0.6980000138282776, "argument_structure": 0.6525714269706181, "determiner_noun_agreement": 0.8003750070929527, "subject_verb_agreement": 0.5905000070730845, "ellipsis": 0.6234999895095825, "control_raising": 0.6427999973297119, "quantifiers": 0.5259999856352806, "irregular_forms": 0.87049999833107, "npi_licensing": 0.4670000033719199, "binding": 0.659571430512837, "filler_gap_dependency": 0.6521428520126002}}, "paloma": 90.60052086750389}