{"blimp": {"by_uid": {"adjunct_island": 0.593999981880188, "anaphor_gender_agreement": 0.49300000071525574, "anaphor_number_agreement": 0.7940000295639038, "animate_subject_passive": 0.6570000052452087, "animate_subject_trans": 0.7139999866485596, "causative": 0.460999995470047, "complex_NP_island": 0.44999998807907104, "coordinate_structure_constraint_complex_left_branch": 0.16899999976158142, "coordinate_structure_constraint_object_extraction": 0.4950000047683716, "determiner_noun_agreement_1": 0.8930000066757202, "determiner_noun_agreement_2": 0.8799999952316284, "determiner_noun_agreement_irregular_1": 0.7549999952316284, "determiner_noun_agreement_irregular_2": 0.8270000219345093, "determiner_noun_agreement_with_adj_2": 0.8209999799728394, "determiner_noun_agreement_with_adj_irregular_1": 0.6809999942779541, "determiner_noun_agreement_with_adj_irregular_2": 0.7590000033378601, "determiner_noun_agreement_with_adjective_1": 0.8460000157356262, "distractor_agreement_relational_noun": 0.2709999978542328, "distractor_agreement_relative_clause": 0.3100000023841858, "drop_argument": 0.7059999704360962, "ellipsis_n_bar_1": 0.5740000009536743, "ellipsis_n_bar_2": 0.6790000200271606, "existential_there_object_raising": 0.7250000238418579, "existential_there_quantifiers_1": 0.9010000228881836, "existential_there_quantifiers_2": 0.22100000083446503, "existential_there_subject_raising": 0.7419999837875366, "expletive_it_object_raising": 0.7070000171661377, "inchoative": 0.4009999930858612, "intransitive": 0.609000027179718, "irregular_past_participle_adjectives": 0.8949999809265137, "irregular_past_participle_verbs": 0.824999988079071, "irregular_plural_subject_verb_agreement_1": 0.6129999756813049, "irregular_plural_subject_verb_agreement_2": 0.718999981880188, "left_branch_island_echo_question": 0.5199999809265137, "left_branch_island_simple_question": 0.20100000500679016, "matrix_question_npi_licensor_present": 0.25099998712539673, "npi_present_1": 0.2199999988079071, "npi_present_2": 0.3440000116825104, "only_npi_licensor_present": 0.7329999804496765, "only_npi_scope": 0.8309999704360962, "passive_1": 0.8529999852180481, "passive_2": 0.8209999799728394, "principle_A_c_command": 0.44200000166893005, "principle_A_case_1": 1.0, "principle_A_case_2": 0.6330000162124634, "principle_A_domain_1": 0.9300000071525574, "principle_A_domain_2": 0.7110000252723694, "principle_A_domain_3": 0.45399999618530273, "principle_A_reconstruction": 0.3790000081062317, "regular_plural_subject_verb_agreement_1": 0.7020000219345093, "regular_plural_subject_verb_agreement_2": 0.722000002861023, "sentential_negation_npi_licensor_present": 0.9879999756813049, "sentential_negation_npi_scope": 0.23800000548362732, "sentential_subject_island": 0.3630000054836273, "superlative_quantifiers_1": 0.6340000033378601, "superlative_quantifiers_2": 0.414000004529953, "tough_vs_raising_1": 0.3269999921321869, "tough_vs_raising_2": 0.7279999852180481, "transitive": 0.7160000205039978, "wh_island": 0.4749999940395355, "wh_questions_object_gap": 0.5870000123977661, "wh_questions_subject_gap": 0.8880000114440918, "wh_questions_subject_gap_long_distance": 0.9549999833106995, "wh_vs_that_no_gap": 0.9750000238418579, "wh_vs_that_no_gap_long_distance": 0.9900000095367432, "wh_vs_that_with_gap": 0.125, "wh_vs_that_with_gap_long_distance": 0.03500000014901161}, "by_phenomenon": {"island_effects": 0.40837499499320984, "anaphor_agreement": 0.6435000151395798, "s-selection": 0.6854999959468842, "argument_structure": 0.6524285674095154, "determiner_noun_agreement": 0.8077500015497208, "subject_verb_agreement": 0.5561666637659073, "ellipsis": 0.6265000104904175, "control_raising": 0.6458000004291534, "quantifiers": 0.5425000078976154, "irregular_forms": 0.8599999845027924, "npi_licensing": 0.5149999899523598, "binding": 0.6498571506568364, "filler_gap_dependency": 0.6507142915257386}}, "paloma": 101.36970294867659}