{"blimp": {"by_uid": {"adjunct_island": 0.5120000243186951, "anaphor_gender_agreement": 0.5180000066757202, "anaphor_number_agreement": 0.49900001287460327, "animate_subject_passive": 0.5799999833106995, "animate_subject_trans": 0.6150000095367432, "causative": 0.4099999964237213, "complex_NP_island": 0.43299999833106995, "coordinate_structure_constraint_complex_left_branch": 0.5370000004768372, "coordinate_structure_constraint_object_extraction": 0.5529999732971191, "determiner_noun_agreement_1": 0.5049999952316284, "determiner_noun_agreement_2": 0.5009999871253967, "determiner_noun_agreement_irregular_1": 0.5019999742507935, "determiner_noun_agreement_irregular_2": 0.4620000123977661, "determiner_noun_agreement_with_adj_2": 0.5090000033378601, "determiner_noun_agreement_with_adj_irregular_1": 0.5170000195503235, "determiner_noun_agreement_with_adj_irregular_2": 0.515999972820282, "determiner_noun_agreement_with_adjective_1": 0.4950000047683716, "distractor_agreement_relational_noun": 0.45899999141693115, "distractor_agreement_relative_clause": 0.515999972820282, "drop_argument": 0.6970000267028809, "ellipsis_n_bar_1": 0.5360000133514404, "ellipsis_n_bar_2": 0.33000001311302185, "existential_there_object_raising": 0.6200000047683716, "existential_there_quantifiers_1": 0.777999997138977, "existential_there_quantifiers_2": 0.5059999823570251, "existential_there_subject_raising": 0.5360000133514404, "expletive_it_object_raising": 0.5799999833106995, "inchoative": 0.414000004529953, "intransitive": 0.5899999737739563, "irregular_past_participle_adjectives": 0.5210000276565552, "irregular_past_participle_verbs": 0.597000002861023, "irregular_plural_subject_verb_agreement_1": 0.48399999737739563, "irregular_plural_subject_verb_agreement_2": 0.45399999618530273, "left_branch_island_echo_question": 0.4180000126361847, "left_branch_island_simple_question": 0.4880000054836273, "matrix_question_npi_licensor_present": 0.6809999942779541, "npi_present_1": 0.5809999704360962, "npi_present_2": 0.4790000021457672, "only_npi_licensor_present": 0.5950000286102295, "only_npi_scope": 0.5180000066757202, "passive_1": 0.6029999852180481, "passive_2": 0.6010000109672546, "principle_A_c_command": 0.4449999928474426, "principle_A_case_1": 0.9269999861717224, "principle_A_case_2": 0.47999998927116394, "principle_A_domain_1": 0.3540000021457672, "principle_A_domain_2": 0.47099998593330383, "principle_A_domain_3": 0.46000000834465027, "principle_A_reconstruction": 0.5230000019073486, "regular_plural_subject_verb_agreement_1": 0.47200000286102295, "regular_plural_subject_verb_agreement_2": 0.5070000290870667, "sentential_negation_npi_licensor_present": 0.4440000057220459, "sentential_negation_npi_scope": 0.6110000014305115, "sentential_subject_island": 0.550000011920929, "superlative_quantifiers_1": 0.3720000088214874, "superlative_quantifiers_2": 0.4729999899864197, "tough_vs_raising_1": 0.35499998927116394, "tough_vs_raising_2": 0.6510000228881836, "transitive": 0.5239999890327454, "wh_island": 0.5429999828338623, "wh_questions_object_gap": 0.5559999942779541, "wh_questions_subject_gap": 0.5199999809265137, "wh_questions_subject_gap_long_distance": 0.5180000066757202, "wh_vs_that_no_gap": 0.6050000190734863, "wh_vs_that_no_gap_long_distance": 0.5529999732971191, "wh_vs_that_with_gap": 0.38100001215934753, "wh_vs_that_with_gap_long_distance": 0.421999990940094}, "by_phenomenon": {"island_effects": 0.5042500011622906, "anaphor_agreement": 0.5085000097751617, "s-selection": 0.5974999964237213, "argument_structure": 0.5484285695212228, "determiner_noun_agreement": 0.5008749961853027, "subject_verb_agreement": 0.4819999982913335, "ellipsis": 0.43300001323223114, "control_raising": 0.5484000027179718, "quantifiers": 0.5322499945759773, "irregular_forms": 0.5590000152587891, "npi_licensing": 0.5584285727569035, "binding": 0.5228571380887713, "filler_gap_dependency": 0.5078571396214622}}, "paloma": 42666.89870971254}