{"blimp": {"by_uid": {"adjunct_island": 0.6510000228881836, "anaphor_gender_agreement": 0.5170000195503235, "anaphor_number_agreement": 0.6830000281333923, "animate_subject_passive": 0.6859999895095825, "animate_subject_trans": 0.6380000114440918, "causative": 0.4650000035762787, "complex_NP_island": 0.4880000054836273, "coordinate_structure_constraint_complex_left_branch": 0.33899998664855957, "coordinate_structure_constraint_object_extraction": 0.5320000052452087, "determiner_noun_agreement_1": 0.8289999961853027, "determiner_noun_agreement_2": 0.8009999990463257, "determiner_noun_agreement_irregular_1": 0.6930000185966492, "determiner_noun_agreement_irregular_2": 0.7480000257492065, "determiner_noun_agreement_with_adj_2": 0.6840000152587891, "determiner_noun_agreement_with_adj_irregular_1": 0.6029999852180481, "determiner_noun_agreement_with_adj_irregular_2": 0.6489999890327454, "determiner_noun_agreement_with_adjective_1": 0.6880000233650208, "distractor_agreement_relational_noun": 0.28600001335144043, "distractor_agreement_relative_clause": 0.3440000116825104, "drop_argument": 0.6830000281333923, "ellipsis_n_bar_1": 0.3709999918937683, "ellipsis_n_bar_2": 0.49399998784065247, "existential_there_object_raising": 0.7459999918937683, "existential_there_quantifiers_1": 0.8999999761581421, "existential_there_quantifiers_2": 0.3070000112056732, "existential_there_subject_raising": 0.5640000104904175, "expletive_it_object_raising": 0.7089999914169312, "inchoative": 0.3630000054836273, "intransitive": 0.5490000247955322, "irregular_past_participle_adjectives": 0.5080000162124634, "irregular_past_participle_verbs": 0.7509999871253967, "irregular_plural_subject_verb_agreement_1": 0.5849999785423279, "irregular_plural_subject_verb_agreement_2": 0.6389999985694885, "left_branch_island_echo_question": 0.4830000102519989, "left_branch_island_simple_question": 0.40700000524520874, "matrix_question_npi_licensor_present": 0.17000000178813934, "npi_present_1": 0.3569999933242798, "npi_present_2": 0.32899999618530273, "only_npi_licensor_present": 0.6809999942779541, "only_npi_scope": 0.699999988079071, "passive_1": 0.8080000281333923, "passive_2": 0.800000011920929, "principle_A_c_command": 0.6729999780654907, "principle_A_case_1": 1.0, "principle_A_case_2": 0.6340000033378601, "principle_A_domain_1": 0.921999990940094, "principle_A_domain_2": 0.5849999785423279, "principle_A_domain_3": 0.4740000069141388, "principle_A_reconstruction": 0.3449999988079071, "regular_plural_subject_verb_agreement_1": 0.6079999804496765, "regular_plural_subject_verb_agreement_2": 0.5680000185966492, "sentential_negation_npi_licensor_present": 0.9869999885559082, "sentential_negation_npi_scope": 0.3240000009536743, "sentential_subject_island": 0.45899999141693115, "superlative_quantifiers_1": 0.5809999704360962, "superlative_quantifiers_2": 0.5440000295639038, "tough_vs_raising_1": 0.3529999852180481, "tough_vs_raising_2": 0.6790000200271606, "transitive": 0.6710000038146973, "wh_island": 0.6579999923706055, "wh_questions_object_gap": 0.6639999747276306, "wh_questions_subject_gap": 0.9169999957084656, "wh_questions_subject_gap_long_distance": 0.9559999704360962, "wh_vs_that_no_gap": 0.9490000009536743, "wh_vs_that_no_gap_long_distance": 0.9599999785423279, "wh_vs_that_with_gap": 0.07900000363588333, "wh_vs_that_with_gap_long_distance": 0.057999998331069946}, "by_phenomenon": {"island_effects": 0.5021250024437904, "anaphor_agreement": 0.6000000238418579, "s-selection": 0.6620000004768372, "argument_structure": 0.6198571579796928, "determiner_noun_agreement": 0.7118750065565109, "subject_verb_agreement": 0.5050000001986822, "ellipsis": 0.4324999898672104, "control_raising": 0.6101999998092651, "quantifiers": 0.5829999968409538, "irregular_forms": 0.62950000166893, "npi_licensing": 0.5068571375949043, "binding": 0.6618571366582598, "filler_gap_dependency": 0.6547142746193069}}, "paloma": 341.9769275107035}