{"blimp": {"by_uid": {"adjunct_island": 0.5099999904632568, "anaphor_gender_agreement": 0.32199999690055847, "anaphor_number_agreement": 0.4449999928474426, "animate_subject_passive": 0.6200000047683716, "animate_subject_trans": 0.6140000224113464, "causative": 0.42100000381469727, "complex_NP_island": 0.48899999260902405, "coordinate_structure_constraint_complex_left_branch": 0.46000000834465027, "coordinate_structure_constraint_object_extraction": 0.5600000023841858, "determiner_noun_agreement_1": 0.5370000004768372, "determiner_noun_agreement_2": 0.5429999828338623, "determiner_noun_agreement_irregular_1": 0.5839999914169312, "determiner_noun_agreement_irregular_2": 0.5699999928474426, "determiner_noun_agreement_with_adj_2": 0.48899999260902405, "determiner_noun_agreement_with_adj_irregular_1": 0.5019999742507935, "determiner_noun_agreement_with_adj_irregular_2": 0.5220000147819519, "determiner_noun_agreement_with_adjective_1": 0.49300000071525574, "distractor_agreement_relational_noun": 0.41600000858306885, "distractor_agreement_relative_clause": 0.49399998784065247, "drop_argument": 0.7279999852180481, "ellipsis_n_bar_1": 0.4189999997615814, "ellipsis_n_bar_2": 0.33799999952316284, "existential_there_object_raising": 0.6859999895095825, "existential_there_quantifiers_1": 0.7490000128746033, "existential_there_quantifiers_2": 0.6029999852180481, "existential_there_subject_raising": 0.5360000133514404, "expletive_it_object_raising": 0.6159999966621399, "inchoative": 0.36899998784065247, "intransitive": 0.5490000247955322, "irregular_past_participle_adjectives": 0.5979999899864197, "irregular_past_participle_verbs": 0.5170000195503235, "irregular_plural_subject_verb_agreement_1": 0.5040000081062317, "irregular_plural_subject_verb_agreement_2": 0.5049999952316284, "left_branch_island_echo_question": 0.37599998712539673, "left_branch_island_simple_question": 0.4749999940395355, "matrix_question_npi_licensor_present": 0.5080000162124634, "npi_present_1": 0.21899999678134918, "npi_present_2": 0.21799999475479126, "only_npi_licensor_present": 0.0010000000474974513, "only_npi_scope": 0.3059999942779541, "passive_1": 0.6800000071525574, "passive_2": 0.6740000247955322, "principle_A_c_command": 0.5049999952316284, "principle_A_case_1": 1.0, "principle_A_case_2": 0.4699999988079071, "principle_A_domain_1": 0.8230000138282776, "principle_A_domain_2": 0.5799999833106995, "principle_A_domain_3": 0.46799999475479126, "principle_A_reconstruction": 0.3409999907016754, "regular_plural_subject_verb_agreement_1": 0.4320000112056732, "regular_plural_subject_verb_agreement_2": 0.5099999904632568, "sentential_negation_npi_licensor_present": 0.7730000019073486, "sentential_negation_npi_scope": 0.328000009059906, "sentential_subject_island": 0.6169999837875366, "superlative_quantifiers_1": 0.4560000002384186, "superlative_quantifiers_2": 0.7139999866485596, "tough_vs_raising_1": 0.3059999942779541, "tough_vs_raising_2": 0.7170000076293945, "transitive": 0.5350000262260437, "wh_island": 0.5479999780654907, "wh_questions_object_gap": 0.7310000061988831, "wh_questions_subject_gap": 0.8349999785423279, "wh_questions_subject_gap_long_distance": 0.8190000057220459, "wh_vs_that_no_gap": 0.9359999895095825, "wh_vs_that_no_gap_long_distance": 0.949999988079071, "wh_vs_that_with_gap": 0.035999998450279236, "wh_vs_that_with_gap_long_distance": 0.0430000014603138}, "by_phenomenon": {"island_effects": 0.5043749921023846, "anaphor_agreement": 0.38349999487400055, "s-selection": 0.617000013589859, "argument_structure": 0.5651428656918662, "determiner_noun_agreement": 0.5299999937415123, "subject_verb_agreement": 0.4768333335717519, "ellipsis": 0.37849999964237213, "control_raising": 0.5722000002861023, "quantifiers": 0.6304999962449074, "irregular_forms": 0.5575000047683716, "npi_licensing": 0.3361428590059014, "binding": 0.598142853804997, "filler_gap_dependency": 0.6214285668517862}}, "paloma": 1525.1455746215395}