{"blimp": {"by_uid": {"adjunct_island": 0.6380000114440918, "anaphor_gender_agreement": 0.5080000162124634, "anaphor_number_agreement": 0.8109999895095825, "animate_subject_passive": 0.6970000267028809, "animate_subject_trans": 0.7289999723434448, "causative": 0.46299999952316284, "complex_NP_island": 0.5049999952316284, "coordinate_structure_constraint_complex_left_branch": 0.16200000047683716, "coordinate_structure_constraint_object_extraction": 0.4790000021457672, "determiner_noun_agreement_1": 0.9169999957084656, "determiner_noun_agreement_2": 0.8960000276565552, "determiner_noun_agreement_irregular_1": 0.753000020980835, "determiner_noun_agreement_irregular_2": 0.8149999976158142, "determiner_noun_agreement_with_adj_2": 0.7940000295639038, "determiner_noun_agreement_with_adj_irregular_1": 0.6710000038146973, "determiner_noun_agreement_with_adj_irregular_2": 0.7269999980926514, "determiner_noun_agreement_with_adjective_1": 0.8420000076293945, "distractor_agreement_relational_noun": 0.35100001096725464, "distractor_agreement_relative_clause": 0.30399999022483826, "drop_argument": 0.7099999785423279, "ellipsis_n_bar_1": 0.5479999780654907, "ellipsis_n_bar_2": 0.6890000104904175, "existential_there_object_raising": 0.7179999947547913, "existential_there_quantifiers_1": 0.9359999895095825, "existential_there_quantifiers_2": 0.2759999930858612, "existential_there_subject_raising": 0.7039999961853027, "expletive_it_object_raising": 0.7070000171661377, "inchoative": 0.41200000047683716, "intransitive": 0.6019999980926514, "irregular_past_participle_adjectives": 0.9599999785423279, "irregular_past_participle_verbs": 0.8169999718666077, "irregular_plural_subject_verb_agreement_1": 0.6549999713897705, "irregular_plural_subject_verb_agreement_2": 0.7749999761581421, "left_branch_island_echo_question": 0.574999988079071, "left_branch_island_simple_question": 0.18199999630451202, "matrix_question_npi_licensor_present": 0.21400000154972076, "npi_present_1": 0.3100000023841858, "npi_present_2": 0.4350000023841858, "only_npi_licensor_present": 0.29899999499320984, "only_npi_scope": 0.7200000286102295, "passive_1": 0.8289999961853027, "passive_2": 0.8040000200271606, "principle_A_c_command": 0.4830000102519989, "principle_A_case_1": 1.0, "principle_A_case_2": 0.656000018119812, "principle_A_domain_1": 0.878000020980835, "principle_A_domain_2": 0.7170000076293945, "principle_A_domain_3": 0.4740000069141388, "principle_A_reconstruction": 0.42399999499320984, "regular_plural_subject_verb_agreement_1": 0.7450000047683716, "regular_plural_subject_verb_agreement_2": 0.8199999928474426, "sentential_negation_npi_licensor_present": 0.9929999709129333, "sentential_negation_npi_scope": 0.2160000056028366, "sentential_subject_island": 0.3970000147819519, "superlative_quantifiers_1": 0.3779999911785126, "superlative_quantifiers_2": 0.5239999890327454, "tough_vs_raising_1": 0.3529999852180481, "tough_vs_raising_2": 0.7149999737739563, "transitive": 0.7160000205039978, "wh_island": 0.5740000009536743, "wh_questions_object_gap": 0.515999972820282, "wh_questions_subject_gap": 0.8799999952316284, "wh_questions_subject_gap_long_distance": 0.9589999914169312, "wh_vs_that_no_gap": 0.9729999899864197, "wh_vs_that_no_gap_long_distance": 0.9879999756813049, "wh_vs_that_with_gap": 0.15399999916553497, "wh_vs_that_with_gap_long_distance": 0.050999999046325684}, "by_phenomenon": {"island_effects": 0.43900000117719173, "anaphor_agreement": 0.659500002861023, "s-selection": 0.7129999995231628, "argument_structure": 0.6480000019073486, "determiner_noun_agreement": 0.8018750101327896, "subject_verb_agreement": 0.6083333243926367, "ellipsis": 0.6184999942779541, "control_raising": 0.6393999934196473, "quantifiers": 0.5284999907016754, "irregular_forms": 0.8884999752044678, "npi_licensing": 0.4552857152053288, "binding": 0.6617142941270556, "filler_gap_dependency": 0.6458571319069181}}, "paloma": 86.74212007481047}