{"blimp": {"by_uid": {"adjunct_island": 0.49799999594688416, "anaphor_gender_agreement": 0.3479999899864197, "anaphor_number_agreement": 0.4339999854564667, "animate_subject_passive": 0.6200000047683716, "animate_subject_trans": 0.6079999804496765, "causative": 0.40299999713897705, "complex_NP_island": 0.48500001430511475, "coordinate_structure_constraint_complex_left_branch": 0.5249999761581421, "coordinate_structure_constraint_object_extraction": 0.5770000219345093, "determiner_noun_agreement_1": 0.5180000066757202, "determiner_noun_agreement_2": 0.5199999809265137, "determiner_noun_agreement_irregular_1": 0.5540000200271606, "determiner_noun_agreement_irregular_2": 0.5289999842643738, "determiner_noun_agreement_with_adj_2": 0.5090000033378601, "determiner_noun_agreement_with_adj_irregular_1": 0.5149999856948853, "determiner_noun_agreement_with_adj_irregular_2": 0.5109999775886536, "determiner_noun_agreement_with_adjective_1": 0.48899999260902405, "distractor_agreement_relational_noun": 0.48399999737739563, "distractor_agreement_relative_clause": 0.5360000133514404, "drop_argument": 0.7099999785423279, "ellipsis_n_bar_1": 0.5040000081062317, "ellipsis_n_bar_2": 0.3370000123977661, "existential_there_object_raising": 0.6349999904632568, "existential_there_quantifiers_1": 0.8270000219345093, "existential_there_quantifiers_2": 0.6259999871253967, "existential_there_subject_raising": 0.5590000152587891, "expletive_it_object_raising": 0.5860000252723694, "inchoative": 0.38100001215934753, "intransitive": 0.5569999814033508, "irregular_past_participle_adjectives": 0.5109999775886536, "irregular_past_participle_verbs": 0.5339999794960022, "irregular_plural_subject_verb_agreement_1": 0.4790000021457672, "irregular_plural_subject_verb_agreement_2": 0.4779999852180481, "left_branch_island_echo_question": 0.3880000114440918, "left_branch_island_simple_question": 0.5249999761581421, "matrix_question_npi_licensor_present": 0.6460000276565552, "npi_present_1": 0.26600000262260437, "npi_present_2": 0.23800000548362732, "only_npi_licensor_present": 0.004000000189989805, "only_npi_scope": 0.3569999933242798, "passive_1": 0.6370000243186951, "passive_2": 0.6449999809265137, "principle_A_c_command": 0.4819999933242798, "principle_A_case_1": 1.0, "principle_A_case_2": 0.48500001430511475, "principle_A_domain_1": 0.7120000123977661, "principle_A_domain_2": 0.5559999942779541, "principle_A_domain_3": 0.45899999141693115, "principle_A_reconstruction": 0.49799999594688416, "regular_plural_subject_verb_agreement_1": 0.4339999854564667, "regular_plural_subject_verb_agreement_2": 0.5130000114440918, "sentential_negation_npi_licensor_present": 0.4830000102519989, "sentential_negation_npi_scope": 0.4650000035762787, "sentential_subject_island": 0.5630000233650208, "superlative_quantifiers_1": 0.36800000071525574, "superlative_quantifiers_2": 0.7009999752044678, "tough_vs_raising_1": 0.2800000011920929, "tough_vs_raising_2": 0.7179999947547913, "transitive": 0.5149999856948853, "wh_island": 0.4650000035762787, "wh_questions_object_gap": 0.722000002861023, "wh_questions_subject_gap": 0.6380000114440918, "wh_questions_subject_gap_long_distance": 0.6620000004768372, "wh_vs_that_no_gap": 0.8569999933242798, "wh_vs_that_no_gap_long_distance": 0.8790000081062317, "wh_vs_that_with_gap": 0.12099999934434891, "wh_vs_that_with_gap_long_distance": 0.12200000137090683}, "by_phenomenon": {"island_effects": 0.503250002861023, "anaphor_agreement": 0.3909999877214432, "s-selection": 0.613999992609024, "argument_structure": 0.5497142800262996, "determiner_noun_agreement": 0.5181249938905239, "subject_verb_agreement": 0.4873333324988683, "ellipsis": 0.4205000102519989, "control_raising": 0.5556000053882599, "quantifiers": 0.6304999962449074, "irregular_forms": 0.5224999785423279, "npi_licensing": 0.35128572044361916, "binding": 0.5988571430955615, "filler_gap_dependency": 0.5715714309896741}}, "paloma": 5640.540677826247}