{"blimp": {"by_uid": {"adjunct_island": 0.6570000052452087, "anaphor_gender_agreement": 0.5559999942779541, "anaphor_number_agreement": 0.8190000057220459, "animate_subject_passive": 0.7059999704360962, "animate_subject_trans": 0.7250000238418579, "causative": 0.48399999737739563, "complex_NP_island": 0.48899999260902405, "coordinate_structure_constraint_complex_left_branch": 0.16599999368190765, "coordinate_structure_constraint_object_extraction": 0.492000013589859, "determiner_noun_agreement_1": 0.9070000052452087, "determiner_noun_agreement_2": 0.8859999775886536, "determiner_noun_agreement_irregular_1": 0.7689999938011169, "determiner_noun_agreement_irregular_2": 0.8149999976158142, "determiner_noun_agreement_with_adj_2": 0.7990000247955322, "determiner_noun_agreement_with_adj_irregular_1": 0.6800000071525574, "determiner_noun_agreement_with_adj_irregular_2": 0.7269999980926514, "determiner_noun_agreement_with_adjective_1": 0.8259999752044678, "distractor_agreement_relational_noun": 0.35899999737739563, "distractor_agreement_relative_clause": 0.3089999854564667, "drop_argument": 0.7120000123977661, "ellipsis_n_bar_1": 0.5730000138282776, "ellipsis_n_bar_2": 0.7120000123977661, "existential_there_object_raising": 0.7269999980926514, "existential_there_quantifiers_1": 0.953000009059906, "existential_there_quantifiers_2": 0.3109999895095825, "existential_there_subject_raising": 0.718999981880188, "expletive_it_object_raising": 0.7089999914169312, "inchoative": 0.4180000126361847, "intransitive": 0.6190000176429749, "irregular_past_participle_adjectives": 0.9490000009536743, "irregular_past_participle_verbs": 0.7990000247955322, "irregular_plural_subject_verb_agreement_1": 0.6499999761581421, "irregular_plural_subject_verb_agreement_2": 0.7960000038146973, "left_branch_island_echo_question": 0.546999990940094, "left_branch_island_simple_question": 0.17599999904632568, "matrix_question_npi_licensor_present": 0.21899999678134918, "npi_present_1": 0.3109999895095825, "npi_present_2": 0.4359999895095825, "only_npi_licensor_present": 0.37599998712539673, "only_npi_scope": 0.734000027179718, "passive_1": 0.8320000171661377, "passive_2": 0.8130000233650208, "principle_A_c_command": 0.4740000069141388, "principle_A_case_1": 1.0, "principle_A_case_2": 0.6710000038146973, "principle_A_domain_1": 0.8889999985694885, "principle_A_domain_2": 0.7310000061988831, "principle_A_domain_3": 0.4790000021457672, "principle_A_reconstruction": 0.4300000071525574, "regular_plural_subject_verb_agreement_1": 0.7360000014305115, "regular_plural_subject_verb_agreement_2": 0.8080000281333923, "sentential_negation_npi_licensor_present": 0.9990000128746033, "sentential_negation_npi_scope": 0.26499998569488525, "sentential_subject_island": 0.3959999978542328, "superlative_quantifiers_1": 0.48500001430511475, "superlative_quantifiers_2": 0.5509999990463257, "tough_vs_raising_1": 0.3449999988079071, "tough_vs_raising_2": 0.7350000143051147, "transitive": 0.718999981880188, "wh_island": 0.6790000200271606, "wh_questions_object_gap": 0.5479999780654907, "wh_questions_subject_gap": 0.8889999985694885, "wh_questions_subject_gap_long_distance": 0.9649999737739563, "wh_vs_that_no_gap": 0.972000002861023, "wh_vs_that_no_gap_long_distance": 0.9919999837875366, "wh_vs_that_with_gap": 0.16099999845027924, "wh_vs_that_with_gap_long_distance": 0.050999999046325684}, "by_phenomenon": {"island_effects": 0.45025000162422657, "anaphor_agreement": 0.6875, "s-selection": 0.715499997138977, "argument_structure": 0.6567142946379525, "determiner_noun_agreement": 0.8011249974370003, "subject_verb_agreement": 0.609666665395101, "ellipsis": 0.6425000131130219, "control_raising": 0.6469999969005584, "quantifiers": 0.5750000029802322, "irregular_forms": 0.8740000128746033, "npi_licensing": 0.4771428555250168, "binding": 0.6677142892565046, "filler_gap_dependency": 0.6539999906505857}}, "paloma": 83.772715027324}