{"blimp": {"by_uid": {"adjunct_island": 0.6389999985694885, "anaphor_gender_agreement": 0.5120000243186951, "anaphor_number_agreement": 0.8259999752044678, "animate_subject_passive": 0.6980000138282776, "animate_subject_trans": 0.7250000238418579, "causative": 0.45899999141693115, "complex_NP_island": 0.5009999871253967, "coordinate_structure_constraint_complex_left_branch": 0.17399999499320984, "coordinate_structure_constraint_object_extraction": 0.5040000081062317, "determiner_noun_agreement_1": 0.9120000004768372, "determiner_noun_agreement_2": 0.8840000033378601, "determiner_noun_agreement_irregular_1": 0.7559999823570251, "determiner_noun_agreement_irregular_2": 0.8019999861717224, "determiner_noun_agreement_with_adj_2": 0.7879999876022339, "determiner_noun_agreement_with_adj_irregular_1": 0.6639999747276306, "determiner_noun_agreement_with_adj_irregular_2": 0.7300000190734863, "determiner_noun_agreement_with_adjective_1": 0.8399999737739563, "distractor_agreement_relational_noun": 0.37299999594688416, "distractor_agreement_relative_clause": 0.3009999990463257, "drop_argument": 0.7160000205039978, "ellipsis_n_bar_1": 0.5550000071525574, "ellipsis_n_bar_2": 0.6990000009536743, "existential_there_object_raising": 0.7179999947547913, "existential_there_quantifiers_1": 0.9409999847412109, "existential_there_quantifiers_2": 0.296999990940094, "existential_there_subject_raising": 0.7210000157356262, "expletive_it_object_raising": 0.7099999785423279, "inchoative": 0.41100001335144043, "intransitive": 0.6029999852180481, "irregular_past_participle_adjectives": 0.9570000171661377, "irregular_past_participle_verbs": 0.8149999976158142, "irregular_plural_subject_verb_agreement_1": 0.6620000004768372, "irregular_plural_subject_verb_agreement_2": 0.7870000004768372, "left_branch_island_echo_question": 0.5809999704360962, "left_branch_island_simple_question": 0.18700000643730164, "matrix_question_npi_licensor_present": 0.23100000619888306, "npi_present_1": 0.3190000057220459, "npi_present_2": 0.44699999690055847, "only_npi_licensor_present": 0.3499999940395355, "only_npi_scope": 0.7450000047683716, "passive_1": 0.8339999914169312, "passive_2": 0.8180000185966492, "principle_A_c_command": 0.47200000286102295, "principle_A_case_1": 1.0, "principle_A_case_2": 0.6600000262260437, "principle_A_domain_1": 0.8840000033378601, "principle_A_domain_2": 0.7279999852180481, "principle_A_domain_3": 0.46299999952316284, "principle_A_reconstruction": 0.42500001192092896, "regular_plural_subject_verb_agreement_1": 0.7329999804496765, "regular_plural_subject_verb_agreement_2": 0.8309999704360962, "sentential_negation_npi_licensor_present": 0.9869999885559082, "sentential_negation_npi_scope": 0.21799999475479126, "sentential_subject_island": 0.39399999380111694, "superlative_quantifiers_1": 0.4230000078678131, "superlative_quantifiers_2": 0.527999997138977, "tough_vs_raising_1": 0.34599998593330383, "tough_vs_raising_2": 0.734000027179718, "transitive": 0.7160000205039978, "wh_island": 0.5989999771118164, "wh_questions_object_gap": 0.5090000033378601, "wh_questions_subject_gap": 0.8870000243186951, "wh_questions_subject_gap_long_distance": 0.9589999914169312, "wh_vs_that_no_gap": 0.9750000238418579, "wh_vs_that_no_gap_long_distance": 0.9879999756813049, "wh_vs_that_with_gap": 0.14499999582767487, "wh_vs_that_with_gap_long_distance": 0.05000000074505806}, "by_phenomenon": {"island_effects": 0.44737499207258224, "anaphor_agreement": 0.6689999997615814, "s-selection": 0.7115000188350677, "argument_structure": 0.6510000058582851, "determiner_noun_agreement": 0.796999990940094, "subject_verb_agreement": 0.6144999911387762, "ellipsis": 0.6270000040531158, "control_raising": 0.6458000004291534, "quantifiers": 0.5472499951720238, "irregular_forms": 0.886000007390976, "npi_licensing": 0.47099999870572773, "binding": 0.6617142898695809, "filler_gap_dependency": 0.6447142878813403}}, "paloma": 86.96890684752515}