{"blimp": {"by_uid": {"adjunct_island": 0.6430000066757202, "anaphor_gender_agreement": 0.527999997138977, "anaphor_number_agreement": 0.828000009059906, "animate_subject_passive": 0.6899999976158142, "animate_subject_trans": 0.7149999737739563, "causative": 0.47099998593330383, "complex_NP_island": 0.5080000162124634, "coordinate_structure_constraint_complex_left_branch": 0.17499999701976776, "coordinate_structure_constraint_object_extraction": 0.5059999823570251, "determiner_noun_agreement_1": 0.9139999747276306, "determiner_noun_agreement_2": 0.8769999742507935, "determiner_noun_agreement_irregular_1": 0.7450000047683716, "determiner_noun_agreement_irregular_2": 0.8069999814033508, "determiner_noun_agreement_with_adj_2": 0.7839999794960022, "determiner_noun_agreement_with_adj_irregular_1": 0.6650000214576721, "determiner_noun_agreement_with_adj_irregular_2": 0.7350000143051147, "determiner_noun_agreement_with_adjective_1": 0.847000002861023, "distractor_agreement_relational_noun": 0.35499998927116394, "distractor_agreement_relative_clause": 0.29600000381469727, "drop_argument": 0.7200000286102295, "ellipsis_n_bar_1": 0.5709999799728394, "ellipsis_n_bar_2": 0.6919999718666077, "existential_there_object_raising": 0.7260000109672546, "existential_there_quantifiers_1": 0.9340000152587891, "existential_there_quantifiers_2": 0.3070000112056732, "existential_there_subject_raising": 0.7059999704360962, "expletive_it_object_raising": 0.7110000252723694, "inchoative": 0.4099999964237213, "intransitive": 0.6039999723434448, "irregular_past_participle_adjectives": 0.9430000185966492, "irregular_past_participle_verbs": 0.8209999799728394, "irregular_plural_subject_verb_agreement_1": 0.6380000114440918, "irregular_plural_subject_verb_agreement_2": 0.7760000228881836, "left_branch_island_echo_question": 0.5839999914169312, "left_branch_island_simple_question": 0.18700000643730164, "matrix_question_npi_licensor_present": 0.2199999988079071, "npi_present_1": 0.31299999356269836, "npi_present_2": 0.4519999921321869, "only_npi_licensor_present": 0.30399999022483826, "only_npi_scope": 0.7179999947547913, "passive_1": 0.8349999785423279, "passive_2": 0.8090000152587891, "principle_A_c_command": 0.4650000035762787, "principle_A_case_1": 1.0, "principle_A_case_2": 0.6669999957084656, "principle_A_domain_1": 0.859000027179718, "principle_A_domain_2": 0.7310000061988831, "principle_A_domain_3": 0.4749999940395355, "principle_A_reconstruction": 0.42399999499320984, "regular_plural_subject_verb_agreement_1": 0.7409999966621399, "regular_plural_subject_verb_agreement_2": 0.828000009059906, "sentential_negation_npi_licensor_present": 0.9879999756813049, "sentential_negation_npi_scope": 0.19499999284744263, "sentential_subject_island": 0.3970000147819519, "superlative_quantifiers_1": 0.3630000054836273, "superlative_quantifiers_2": 0.5220000147819519, "tough_vs_raising_1": 0.35100001096725464, "tough_vs_raising_2": 0.7089999914169312, "transitive": 0.7139999866485596, "wh_island": 0.5770000219345093, "wh_questions_object_gap": 0.5350000262260437, "wh_questions_subject_gap": 0.8970000147819519, "wh_questions_subject_gap_long_distance": 0.9589999914169312, "wh_vs_that_no_gap": 0.9710000157356262, "wh_vs_that_no_gap_long_distance": 0.9879999756813049, "wh_vs_that_with_gap": 0.14000000059604645, "wh_vs_that_with_gap_long_distance": 0.04899999871850014}, "by_phenomenon": {"island_effects": 0.4471250046044588, "anaphor_agreement": 0.6780000030994415, "s-selection": 0.7024999856948853, "argument_structure": 0.6518571376800537, "determiner_noun_agreement": 0.7967499941587448, "subject_verb_agreement": 0.6056666721900305, "ellipsis": 0.6314999759197235, "control_raising": 0.6406000018119812, "quantifiers": 0.5315000116825104, "irregular_forms": 0.8819999992847443, "npi_licensing": 0.4557142768587385, "binding": 0.6601428602422986, "filler_gap_dependency": 0.6484285747366292}}, "paloma": 87.60706521476187}