{"blimp": {"by_uid": {"adjunct_island": 0.5559999942779541, "anaphor_gender_agreement": 0.3869999945163727, "anaphor_number_agreement": 0.49799999594688416, "animate_subject_passive": 0.6140000224113464, "animate_subject_trans": 0.6669999957084656, "causative": 0.44600000977516174, "complex_NP_island": 0.48500001430511475, "coordinate_structure_constraint_complex_left_branch": 0.25699999928474426, "coordinate_structure_constraint_object_extraction": 0.5379999876022339, "determiner_noun_agreement_1": 0.6060000061988831, "determiner_noun_agreement_2": 0.6100000143051147, "determiner_noun_agreement_irregular_1": 0.6259999871253967, "determiner_noun_agreement_irregular_2": 0.6370000243186951, "determiner_noun_agreement_with_adj_2": 0.49300000071525574, "determiner_noun_agreement_with_adj_irregular_1": 0.4490000009536743, "determiner_noun_agreement_with_adj_irregular_2": 0.5139999985694885, "determiner_noun_agreement_with_adjective_1": 0.4729999899864197, "distractor_agreement_relational_noun": 0.4259999990463257, "distractor_agreement_relative_clause": 0.46000000834465027, "drop_argument": 0.7419999837875366, "ellipsis_n_bar_1": 0.25600001215934753, "ellipsis_n_bar_2": 0.40700000524520874, "existential_there_object_raising": 0.7170000076293945, "existential_there_quantifiers_1": 0.7519999742507935, "existential_there_quantifiers_2": 0.6050000190734863, "existential_there_subject_raising": 0.4970000088214874, "expletive_it_object_raising": 0.652999997138977, "inchoative": 0.37700000405311584, "intransitive": 0.597000002861023, "irregular_past_participle_adjectives": 0.546999990940094, "irregular_past_participle_verbs": 0.5929999947547913, "irregular_plural_subject_verb_agreement_1": 0.527999997138977, "irregular_plural_subject_verb_agreement_2": 0.5879999995231628, "left_branch_island_echo_question": 0.38999998569488525, "left_branch_island_simple_question": 0.3059999942779541, "matrix_question_npi_licensor_present": 0.4269999861717224, "npi_present_1": 0.25099998712539673, "npi_present_2": 0.2630000114440918, "only_npi_licensor_present": 0.03500000014901161, "only_npi_scope": 0.3269999921321869, "passive_1": 0.6990000009536743, "passive_2": 0.6970000267028809, "principle_A_c_command": 0.6019999980926514, "principle_A_case_1": 1.0, "principle_A_case_2": 0.453000009059906, "principle_A_domain_1": 0.6510000228881836, "principle_A_domain_2": 0.5429999828338623, "principle_A_domain_3": 0.4699999988079071, "principle_A_reconstruction": 0.2680000066757202, "regular_plural_subject_verb_agreement_1": 0.48399999737739563, "regular_plural_subject_verb_agreement_2": 0.515999972820282, "sentential_negation_npi_licensor_present": 0.7799999713897705, "sentential_negation_npi_scope": 0.3499999940395355, "sentential_subject_island": 0.6179999709129333, "superlative_quantifiers_1": 0.5080000162124634, "superlative_quantifiers_2": 0.7369999885559082, "tough_vs_raising_1": 0.3240000009536743, "tough_vs_raising_2": 0.7039999961853027, "transitive": 0.5680000185966492, "wh_island": 0.6850000023841858, "wh_questions_object_gap": 0.5879999995231628, "wh_questions_subject_gap": 0.8859999775886536, "wh_questions_subject_gap_long_distance": 0.8889999985694885, "wh_vs_that_no_gap": 0.9110000133514404, "wh_vs_that_no_gap_long_distance": 0.9179999828338623, "wh_vs_that_with_gap": 0.08100000023841858, "wh_vs_that_with_gap_long_distance": 0.0689999982714653}, "by_phenomenon": {"island_effects": 0.4793749935925007, "anaphor_agreement": 0.4424999952316284, "s-selection": 0.640500009059906, "argument_structure": 0.5894285781042916, "determiner_noun_agreement": 0.551000002771616, "subject_verb_agreement": 0.500333329041799, "ellipsis": 0.33150000870227814, "control_raising": 0.5790000021457672, "quantifiers": 0.6504999995231628, "irregular_forms": 0.5699999928474426, "npi_licensing": 0.3475714203502451, "binding": 0.569571431194033, "filler_gap_dependency": 0.6202857100537845}}, "paloma": 911.5551707197981}