{"blimp": {"by_uid": {"adjunct_island": 0.5239999890327454, "anaphor_gender_agreement": 0.4880000054836273, "anaphor_number_agreement": 0.7210000157356262, "animate_subject_passive": 0.7110000252723694, "animate_subject_trans": 0.6549999713897705, "causative": 0.5, "complex_NP_island": 0.4320000112056732, "coordinate_structure_constraint_complex_left_branch": 0.20999999344348907, "coordinate_structure_constraint_object_extraction": 0.6039999723434448, "determiner_noun_agreement_1": 0.8889999985694885, "determiner_noun_agreement_2": 0.8659999966621399, "determiner_noun_agreement_irregular_1": 0.7239999771118164, "determiner_noun_agreement_irregular_2": 0.7630000114440918, "determiner_noun_agreement_with_adj_2": 0.8009999990463257, "determiner_noun_agreement_with_adj_irregular_1": 0.6710000038146973, "determiner_noun_agreement_with_adj_irregular_2": 0.7260000109672546, "determiner_noun_agreement_with_adjective_1": 0.8209999799728394, "distractor_agreement_relational_noun": 0.28299999237060547, "distractor_agreement_relative_clause": 0.28700000047683716, "drop_argument": 0.6759999990463257, "ellipsis_n_bar_1": 0.5109999775886536, "ellipsis_n_bar_2": 0.5989999771118164, "existential_there_object_raising": 0.7429999709129333, "existential_there_quantifiers_1": 0.8629999756813049, "existential_there_quantifiers_2": 0.2680000066757202, "existential_there_subject_raising": 0.6949999928474426, "expletive_it_object_raising": 0.7229999899864197, "inchoative": 0.36000001430511475, "intransitive": 0.5249999761581421, "irregular_past_participle_adjectives": 0.6589999794960022, "irregular_past_participle_verbs": 0.7599999904632568, "irregular_plural_subject_verb_agreement_1": 0.5740000009536743, "irregular_plural_subject_verb_agreement_2": 0.6480000019073486, "left_branch_island_echo_question": 0.4390000104904175, "left_branch_island_simple_question": 0.31200000643730164, "matrix_question_npi_licensor_present": 0.23999999463558197, "npi_present_1": 0.4059999883174896, "npi_present_2": 0.3050000071525574, "only_npi_licensor_present": 0.5210000276565552, "only_npi_scope": 0.8130000233650208, "passive_1": 0.8399999737739563, "passive_2": 0.828000009059906, "principle_A_c_command": 0.6380000114440918, "principle_A_case_1": 1.0, "principle_A_case_2": 0.6570000052452087, "principle_A_domain_1": 0.8560000061988831, "principle_A_domain_2": 0.6460000276565552, "principle_A_domain_3": 0.45500001311302185, "principle_A_reconstruction": 0.31299999356269836, "regular_plural_subject_verb_agreement_1": 0.6549999713897705, "regular_plural_subject_verb_agreement_2": 0.6370000243186951, "sentential_negation_npi_licensor_present": 0.9449999928474426, "sentential_negation_npi_scope": 0.26899999380111694, "sentential_subject_island": 0.35899999737739563, "superlative_quantifiers_1": 0.8220000267028809, "superlative_quantifiers_2": 0.4059999883174896, "tough_vs_raising_1": 0.328000009059906, "tough_vs_raising_2": 0.7260000109672546, "transitive": 0.7129999995231628, "wh_island": 0.43700000643730164, "wh_questions_object_gap": 0.5299999713897705, "wh_questions_subject_gap": 0.8930000066757202, "wh_questions_subject_gap_long_distance": 0.9570000171661377, "wh_vs_that_no_gap": 0.9390000104904175, "wh_vs_that_no_gap_long_distance": 0.968999981880188, "wh_vs_that_with_gap": 0.12300000339746475, "wh_vs_that_with_gap_long_distance": 0.04800000041723251}, "by_phenomenon": {"island_effects": 0.4146249983459711, "anaphor_agreement": 0.6045000106096268, "s-selection": 0.68299999833107, "argument_structure": 0.6345714245523725, "determiner_noun_agreement": 0.7826249971985817, "subject_verb_agreement": 0.5139999985694885, "ellipsis": 0.554999977350235, "control_raising": 0.6429999947547913, "quantifiers": 0.5897499993443489, "irregular_forms": 0.7094999849796295, "npi_licensing": 0.49985714682510923, "binding": 0.6521428653172084, "filler_gap_dependency": 0.6369999987738473}}, "paloma": 210.15733574026552}