{"blimp": {"by_uid": {"adjunct_island": 0.6589999794960022, "anaphor_gender_agreement": 0.574999988079071, "anaphor_number_agreement": 0.8370000123977661, "animate_subject_passive": 0.7200000286102295, "animate_subject_trans": 0.7279999852180481, "causative": 0.48100000619888306, "complex_NP_island": 0.49900001287460327, "coordinate_structure_constraint_complex_left_branch": 0.164000004529953, "coordinate_structure_constraint_object_extraction": 0.4830000102519989, "determiner_noun_agreement_1": 0.9100000262260437, "determiner_noun_agreement_2": 0.8820000290870667, "determiner_noun_agreement_irregular_1": 0.7620000243186951, "determiner_noun_agreement_irregular_2": 0.8149999976158142, "determiner_noun_agreement_with_adj_2": 0.7799999713897705, "determiner_noun_agreement_with_adj_irregular_1": 0.6850000023841858, "determiner_noun_agreement_with_adj_irregular_2": 0.7139999866485596, "determiner_noun_agreement_with_adjective_1": 0.8259999752044678, "distractor_agreement_relational_noun": 0.37299999594688416, "distractor_agreement_relative_clause": 0.3070000112056732, "drop_argument": 0.7120000123977661, "ellipsis_n_bar_1": 0.5540000200271606, "ellipsis_n_bar_2": 0.7120000123977661, "existential_there_object_raising": 0.7269999980926514, "existential_there_quantifiers_1": 0.9599999785423279, "existential_there_quantifiers_2": 0.3070000112056732, "existential_there_subject_raising": 0.718999981880188, "expletive_it_object_raising": 0.7129999995231628, "inchoative": 0.4059999883174896, "intransitive": 0.6169999837875366, "irregular_past_participle_adjectives": 0.9570000171661377, "irregular_past_participle_verbs": 0.8140000104904175, "irregular_plural_subject_verb_agreement_1": 0.6710000038146973, "irregular_plural_subject_verb_agreement_2": 0.8080000281333923, "left_branch_island_echo_question": 0.5550000071525574, "left_branch_island_simple_question": 0.16699999570846558, "matrix_question_npi_licensor_present": 0.20800000429153442, "npi_present_1": 0.2980000078678131, "npi_present_2": 0.42100000381469727, "only_npi_licensor_present": 0.4269999861717224, "only_npi_scope": 0.7490000128746033, "passive_1": 0.8389999866485596, "passive_2": 0.8230000138282776, "principle_A_c_command": 0.46299999952316284, "principle_A_case_1": 1.0, "principle_A_case_2": 0.6880000233650208, "principle_A_domain_1": 0.8849999904632568, "principle_A_domain_2": 0.7400000095367432, "principle_A_domain_3": 0.47099998593330383, "principle_A_reconstruction": 0.4410000145435333, "regular_plural_subject_verb_agreement_1": 0.7400000095367432, "regular_plural_subject_verb_agreement_2": 0.8159999847412109, "sentential_negation_npi_licensor_present": 0.9990000128746033, "sentential_negation_npi_scope": 0.2329999953508377, "sentential_subject_island": 0.38199999928474426, "superlative_quantifiers_1": 0.4869999885559082, "superlative_quantifiers_2": 0.5429999828338623, "tough_vs_raising_1": 0.3580000102519989, "tough_vs_raising_2": 0.7369999885559082, "transitive": 0.722000002861023, "wh_island": 0.6370000243186951, "wh_questions_object_gap": 0.546999990940094, "wh_questions_subject_gap": 0.8989999890327454, "wh_questions_subject_gap_long_distance": 0.9639999866485596, "wh_vs_that_no_gap": 0.9779999852180481, "wh_vs_that_no_gap_long_distance": 0.9929999709129333, "wh_vs_that_with_gap": 0.13899999856948853, "wh_vs_that_with_gap_long_distance": 0.03999999910593033}, "by_phenomenon": {"island_effects": 0.44325000420212746, "anaphor_agreement": 0.7060000002384186, "s-selection": 0.7240000069141388, "argument_structure": 0.6571428562913623, "determiner_noun_agreement": 0.7967500016093254, "subject_verb_agreement": 0.6191666722297668, "ellipsis": 0.6330000162124634, "control_raising": 0.6507999956607818, "quantifiers": 0.5742499902844429, "irregular_forms": 0.8855000138282776, "npi_licensing": 0.47642857474940165, "binding": 0.6697142890521458, "filler_gap_dependency": 0.6514285600611142}}, "paloma": 83.51451320922334}