{"blimp": {"by_uid": {"adjunct_island": 0.6010000109672546, "anaphor_gender_agreement": 0.48500001430511475, "anaphor_number_agreement": 0.8069999814033508, "animate_subject_passive": 0.6759999990463257, "animate_subject_trans": 0.7210000157356262, "causative": 0.46000000834465027, "complex_NP_island": 0.5019999742507935, "coordinate_structure_constraint_complex_left_branch": 0.17800000309944153, "coordinate_structure_constraint_object_extraction": 0.4950000047683716, "determiner_noun_agreement_1": 0.9049999713897705, "determiner_noun_agreement_2": 0.8709999918937683, "determiner_noun_agreement_irregular_1": 0.7540000081062317, "determiner_noun_agreement_irregular_2": 0.7940000295639038, "determiner_noun_agreement_with_adj_2": 0.7829999923706055, "determiner_noun_agreement_with_adj_irregular_1": 0.6729999780654907, "determiner_noun_agreement_with_adj_irregular_2": 0.7239999771118164, "determiner_noun_agreement_with_adjective_1": 0.8309999704360962, "distractor_agreement_relational_noun": 0.3050000071525574, "distractor_agreement_relative_clause": 0.296999990940094, "drop_argument": 0.7229999899864197, "ellipsis_n_bar_1": 0.5419999957084656, "ellipsis_n_bar_2": 0.6890000104904175, "existential_there_object_raising": 0.7229999899864197, "existential_there_quantifiers_1": 0.925000011920929, "existential_there_quantifiers_2": 0.24899999797344208, "existential_there_subject_raising": 0.7089999914169312, "expletive_it_object_raising": 0.7089999914169312, "inchoative": 0.40799999237060547, "intransitive": 0.6159999966621399, "irregular_past_participle_adjectives": 0.9309999942779541, "irregular_past_participle_verbs": 0.7990000247955322, "irregular_plural_subject_verb_agreement_1": 0.6470000147819519, "irregular_plural_subject_verb_agreement_2": 0.7820000052452087, "left_branch_island_echo_question": 0.5730000138282776, "left_branch_island_simple_question": 0.1860000044107437, "matrix_question_npi_licensor_present": 0.22300000488758087, "npi_present_1": 0.27900001406669617, "npi_present_2": 0.4350000023841858, "only_npi_licensor_present": 0.3409999907016754, "only_npi_scope": 0.7630000114440918, "passive_1": 0.8370000123977661, "passive_2": 0.8109999895095825, "principle_A_c_command": 0.48899999260902405, "principle_A_case_1": 1.0, "principle_A_case_2": 0.6389999985694885, "principle_A_domain_1": 0.8899999856948853, "principle_A_domain_2": 0.7149999737739563, "principle_A_domain_3": 0.46399998664855957, "principle_A_reconstruction": 0.42800000309944153, "regular_plural_subject_verb_agreement_1": 0.7300000190734863, "regular_plural_subject_verb_agreement_2": 0.8069999814033508, "sentential_negation_npi_licensor_present": 0.9900000095367432, "sentential_negation_npi_scope": 0.21299999952316284, "sentential_subject_island": 0.41999998688697815, "superlative_quantifiers_1": 0.3880000114440918, "superlative_quantifiers_2": 0.5019999742507935, "tough_vs_raising_1": 0.36500000953674316, "tough_vs_raising_2": 0.7020000219345093, "transitive": 0.7049999833106995, "wh_island": 0.5389999747276306, "wh_questions_object_gap": 0.5799999833106995, "wh_questions_subject_gap": 0.9150000214576721, "wh_questions_subject_gap_long_distance": 0.9710000157356262, "wh_vs_that_no_gap": 0.9829999804496765, "wh_vs_that_no_gap_long_distance": 0.9919999837875366, "wh_vs_that_with_gap": 0.11400000005960464, "wh_vs_that_with_gap_long_distance": 0.035999998450279236}, "by_phenomenon": {"island_effects": 0.4367499966174364, "anaphor_agreement": 0.6459999978542328, "s-selection": 0.698500007390976, "argument_structure": 0.6514285675116948, "determiner_noun_agreement": 0.7918749898672104, "subject_verb_agreement": 0.5946666697661082, "ellipsis": 0.6155000030994415, "control_raising": 0.6416000008583069, "quantifiers": 0.5159999988973141, "irregular_forms": 0.8650000095367432, "npi_licensing": 0.46342857607773374, "binding": 0.6607142771993365, "filler_gap_dependency": 0.6558571404644421}}, "paloma": 90.67175899125142}