{"blimp": {"by_uid": {"adjunct_island": 0.5080000162124634, "anaphor_gender_agreement": 0.531000018119812, "anaphor_number_agreement": 0.4959999918937683, "animate_subject_passive": 0.5680000185966492, "animate_subject_trans": 0.6100000143051147, "causative": 0.4050000011920929, "complex_NP_island": 0.4320000112056732, "coordinate_structure_constraint_complex_left_branch": 0.5329999923706055, "coordinate_structure_constraint_object_extraction": 0.5410000085830688, "determiner_noun_agreement_1": 0.5019999742507935, "determiner_noun_agreement_2": 0.49000000953674316, "determiner_noun_agreement_irregular_1": 0.4970000088214874, "determiner_noun_agreement_irregular_2": 0.46399998664855957, "determiner_noun_agreement_with_adj_2": 0.515999972820282, "determiner_noun_agreement_with_adj_irregular_1": 0.5120000243186951, "determiner_noun_agreement_with_adj_irregular_2": 0.5220000147819519, "determiner_noun_agreement_with_adjective_1": 0.5019999742507935, "distractor_agreement_relational_noun": 0.453000009059906, "distractor_agreement_relative_clause": 0.5109999775886536, "drop_argument": 0.703000009059906, "ellipsis_n_bar_1": 0.5379999876022339, "ellipsis_n_bar_2": 0.3310000002384186, "existential_there_object_raising": 0.6159999966621399, "existential_there_quantifiers_1": 0.7120000123977661, "existential_there_quantifiers_2": 0.460999995470047, "existential_there_subject_raising": 0.5360000133514404, "expletive_it_object_raising": 0.5820000171661377, "inchoative": 0.4189999997615814, "intransitive": 0.5950000286102295, "irregular_past_participle_adjectives": 0.5550000071525574, "irregular_past_participle_verbs": 0.6000000238418579, "irregular_plural_subject_verb_agreement_1": 0.4970000088214874, "irregular_plural_subject_verb_agreement_2": 0.453000009059906, "left_branch_island_echo_question": 0.4320000112056732, "left_branch_island_simple_question": 0.4869999885559082, "matrix_question_npi_licensor_present": 0.6650000214576721, "npi_present_1": 0.6309999823570251, "npi_present_2": 0.5109999775886536, "only_npi_licensor_present": 0.718999981880188, "only_npi_scope": 0.5740000009536743, "passive_1": 0.6069999933242798, "passive_2": 0.5929999947547913, "principle_A_c_command": 0.4449999928474426, "principle_A_case_1": 0.8429999947547913, "principle_A_case_2": 0.47099998593330383, "principle_A_domain_1": 0.335999995470047, "principle_A_domain_2": 0.48100000619888306, "principle_A_domain_3": 0.4659999907016754, "principle_A_reconstruction": 0.5329999923706055, "regular_plural_subject_verb_agreement_1": 0.4729999899864197, "regular_plural_subject_verb_agreement_2": 0.5090000033378601, "sentential_negation_npi_licensor_present": 0.43799999356269836, "sentential_negation_npi_scope": 0.6399999856948853, "sentential_subject_island": 0.5490000247955322, "superlative_quantifiers_1": 0.38999998569488525, "superlative_quantifiers_2": 0.4440000057220459, "tough_vs_raising_1": 0.3790000081062317, "tough_vs_raising_2": 0.6380000114440918, "transitive": 0.5260000228881836, "wh_island": 0.5400000214576721, "wh_questions_object_gap": 0.5180000066757202, "wh_questions_subject_gap": 0.48399999737739563, "wh_questions_subject_gap_long_distance": 0.4830000102519989, "wh_vs_that_no_gap": 0.5400000214576721, "wh_vs_that_no_gap_long_distance": 0.46799999475479126, "wh_vs_that_with_gap": 0.45899999141693115, "wh_vs_that_with_gap_long_distance": 0.5019999742507935}, "by_phenomenon": {"island_effects": 0.5027500092983246, "anaphor_agreement": 0.5135000050067902, "s-selection": 0.589000016450882, "argument_structure": 0.5497142927987235, "determiner_noun_agreement": 0.5006249956786633, "subject_verb_agreement": 0.4826666663090388, "ellipsis": 0.43449999392032623, "control_raising": 0.5502000093460083, "quantifiers": 0.5017499998211861, "irregular_forms": 0.5775000154972076, "npi_licensing": 0.5968571347849709, "binding": 0.5107142797538212, "filler_gap_dependency": 0.4934285708836147}}, "paloma": 52775.98372441202}