{"blimp": {"by_uid": {"adjunct_island": 0.515999972820282, "anaphor_gender_agreement": 0.48500001430511475, "anaphor_number_agreement": 0.7110000252723694, "animate_subject_passive": 0.699999988079071, "animate_subject_trans": 0.6600000262260437, "causative": 0.5059999823570251, "complex_NP_island": 0.4490000009536743, "coordinate_structure_constraint_complex_left_branch": 0.19599999487400055, "coordinate_structure_constraint_object_extraction": 0.6110000014305115, "determiner_noun_agreement_1": 0.8899999856948853, "determiner_noun_agreement_2": 0.8640000224113464, "determiner_noun_agreement_irregular_1": 0.7279999852180481, "determiner_noun_agreement_irregular_2": 0.7739999890327454, "determiner_noun_agreement_with_adj_2": 0.7990000247955322, "determiner_noun_agreement_with_adj_irregular_1": 0.6710000038146973, "determiner_noun_agreement_with_adj_irregular_2": 0.7350000143051147, "determiner_noun_agreement_with_adjective_1": 0.8230000138282776, "distractor_agreement_relational_noun": 0.3050000071525574, "distractor_agreement_relative_clause": 0.296999990940094, "drop_argument": 0.6729999780654907, "ellipsis_n_bar_1": 0.5080000162124634, "ellipsis_n_bar_2": 0.6060000061988831, "existential_there_object_raising": 0.7369999885559082, "existential_there_quantifiers_1": 0.8489999771118164, "existential_there_quantifiers_2": 0.29499998688697815, "existential_there_subject_raising": 0.7020000219345093, "expletive_it_object_raising": 0.7139999866485596, "inchoative": 0.37599998712539673, "intransitive": 0.5370000004768372, "irregular_past_participle_adjectives": 0.6769999861717224, "irregular_past_participle_verbs": 0.7549999952316284, "irregular_plural_subject_verb_agreement_1": 0.5690000057220459, "irregular_plural_subject_verb_agreement_2": 0.6269999742507935, "left_branch_island_echo_question": 0.44999998807907104, "left_branch_island_simple_question": 0.30000001192092896, "matrix_question_npi_licensor_present": 0.25200000405311584, "npi_present_1": 0.4180000126361847, "npi_present_2": 0.3059999942779541, "only_npi_licensor_present": 0.5440000295639038, "only_npi_scope": 0.8259999752044678, "passive_1": 0.8299999833106995, "passive_2": 0.8299999833106995, "principle_A_c_command": 0.597000002861023, "principle_A_case_1": 1.0, "principle_A_case_2": 0.6620000004768372, "principle_A_domain_1": 0.8399999737739563, "principle_A_domain_2": 0.6610000133514404, "principle_A_domain_3": 0.4620000123977661, "principle_A_reconstruction": 0.30799999833106995, "regular_plural_subject_verb_agreement_1": 0.6589999794960022, "regular_plural_subject_verb_agreement_2": 0.6330000162124634, "sentential_negation_npi_licensor_present": 0.9570000171661377, "sentential_negation_npi_scope": 0.2849999964237213, "sentential_subject_island": 0.3499999940395355, "superlative_quantifiers_1": 0.7689999938011169, "superlative_quantifiers_2": 0.3790000081062317, "tough_vs_raising_1": 0.3310000002384186, "tough_vs_raising_2": 0.7139999866485596, "transitive": 0.7160000205039978, "wh_island": 0.41200000047683716, "wh_questions_object_gap": 0.5320000052452087, "wh_questions_subject_gap": 0.9020000100135803, "wh_questions_subject_gap_long_distance": 0.9509999752044678, "wh_vs_that_no_gap": 0.9390000104904175, "wh_vs_that_no_gap_long_distance": 0.9599999785423279, "wh_vs_that_with_gap": 0.11699999868869781, "wh_vs_that_with_gap_long_distance": 0.054999999701976776}, "by_phenomenon": {"island_effects": 0.4104999955743551, "anaphor_agreement": 0.5980000197887421, "s-selection": 0.6800000071525574, "argument_structure": 0.6382857050214495, "determiner_noun_agreement": 0.7855000048875809, "subject_verb_agreement": 0.5149999956289927, "ellipsis": 0.5570000112056732, "control_raising": 0.6395999968051911, "quantifiers": 0.5729999914765358, "irregular_forms": 0.7159999907016754, "npi_licensing": 0.5125714327607837, "binding": 0.6471428573131561, "filler_gap_dependency": 0.6365714254123824}}, "paloma": 200.23619934374446}