{"blimp": {"by_uid": {"adjunct_island": 0.5979999899864197, "anaphor_gender_agreement": 0.4959999918937683, "anaphor_number_agreement": 0.7860000133514404, "animate_subject_passive": 0.6629999876022339, "animate_subject_trans": 0.7200000286102295, "causative": 0.46700000762939453, "complex_NP_island": 0.453000009059906, "coordinate_structure_constraint_complex_left_branch": 0.17499999701976776, "coordinate_structure_constraint_object_extraction": 0.5080000162124634, "determiner_noun_agreement_1": 0.8930000066757202, "determiner_noun_agreement_2": 0.8759999871253967, "determiner_noun_agreement_irregular_1": 0.7429999709129333, "determiner_noun_agreement_irregular_2": 0.8240000009536743, "determiner_noun_agreement_with_adj_2": 0.8209999799728394, "determiner_noun_agreement_with_adj_irregular_1": 0.671999990940094, "determiner_noun_agreement_with_adj_irregular_2": 0.7630000114440918, "determiner_noun_agreement_with_adjective_1": 0.8479999899864197, "distractor_agreement_relational_noun": 0.27799999713897705, "distractor_agreement_relative_clause": 0.2980000078678131, "drop_argument": 0.7210000157356262, "ellipsis_n_bar_1": 0.5379999876022339, "ellipsis_n_bar_2": 0.6779999732971191, "existential_there_object_raising": 0.7129999995231628, "existential_there_quantifiers_1": 0.9120000004768372, "existential_there_quantifiers_2": 0.21400000154972076, "existential_there_subject_raising": 0.7400000095367432, "expletive_it_object_raising": 0.6980000138282776, "inchoative": 0.4059999883174896, "intransitive": 0.6150000095367432, "irregular_past_participle_adjectives": 0.8999999761581421, "irregular_past_participle_verbs": 0.8009999990463257, "irregular_plural_subject_verb_agreement_1": 0.6010000109672546, "irregular_plural_subject_verb_agreement_2": 0.7170000076293945, "left_branch_island_echo_question": 0.5180000066757202, "left_branch_island_simple_question": 0.1979999989271164, "matrix_question_npi_licensor_present": 0.23199999332427979, "npi_present_1": 0.22699999809265137, "npi_present_2": 0.3569999933242798, "only_npi_licensor_present": 0.7440000176429749, "only_npi_scope": 0.8309999704360962, "passive_1": 0.8489999771118164, "passive_2": 0.8069999814033508, "principle_A_c_command": 0.47200000286102295, "principle_A_case_1": 1.0, "principle_A_case_2": 0.6430000066757202, "principle_A_domain_1": 0.9169999957084656, "principle_A_domain_2": 0.7009999752044678, "principle_A_domain_3": 0.4519999921321869, "principle_A_reconstruction": 0.3779999911785126, "regular_plural_subject_verb_agreement_1": 0.7070000171661377, "regular_plural_subject_verb_agreement_2": 0.7160000205039978, "sentential_negation_npi_licensor_present": 0.9890000224113464, "sentential_negation_npi_scope": 0.25699999928474426, "sentential_subject_island": 0.3540000021457672, "superlative_quantifiers_1": 0.6579999923706055, "superlative_quantifiers_2": 0.41499999165534973, "tough_vs_raising_1": 0.3230000138282776, "tough_vs_raising_2": 0.7310000061988831, "transitive": 0.7089999914169312, "wh_island": 0.46399998664855957, "wh_questions_object_gap": 0.5799999833106995, "wh_questions_subject_gap": 0.906000018119812, "wh_questions_subject_gap_long_distance": 0.9570000171661377, "wh_vs_that_no_gap": 0.9760000109672546, "wh_vs_that_no_gap_long_distance": 0.9940000176429749, "wh_vs_that_with_gap": 0.1120000034570694, "wh_vs_that_with_gap_long_distance": 0.03099999949336052}, "by_phenomenon": {"island_effects": 0.408500000834465, "anaphor_agreement": 0.6410000026226044, "s-selection": 0.6915000081062317, "argument_structure": 0.653428567307336, "determiner_noun_agreement": 0.8049999922513962, "subject_verb_agreement": 0.5528333435455958, "ellipsis": 0.6079999804496765, "control_raising": 0.6410000085830688, "quantifiers": 0.5497499965131283, "irregular_forms": 0.8504999876022339, "npi_licensing": 0.5195714277880532, "binding": 0.6518571376800537, "filler_gap_dependency": 0.6508571500224727}}, "paloma": 100.8402439186382}