{"blimp": {"by_uid": {"adjunct_island": 0.5630000233650208, "anaphor_gender_agreement": 0.42800000309944153, "anaphor_number_agreement": 0.6819999814033508, "animate_subject_passive": 0.6890000104904175, "animate_subject_trans": 0.6359999775886536, "causative": 0.5, "complex_NP_island": 0.4560000002384186, "coordinate_structure_constraint_complex_left_branch": 0.25099998712539673, "coordinate_structure_constraint_object_extraction": 0.5770000219345093, "determiner_noun_agreement_1": 0.8920000195503235, "determiner_noun_agreement_2": 0.8920000195503235, "determiner_noun_agreement_irregular_1": 0.7509999871253967, "determiner_noun_agreement_irregular_2": 0.8220000267028809, "determiner_noun_agreement_with_adj_2": 0.828000009059906, "determiner_noun_agreement_with_adj_irregular_1": 0.6919999718666077, "determiner_noun_agreement_with_adj_irregular_2": 0.7720000147819519, "determiner_noun_agreement_with_adjective_1": 0.8309999704360962, "distractor_agreement_relational_noun": 0.3019999861717224, "distractor_agreement_relative_clause": 0.3009999990463257, "drop_argument": 0.6990000009536743, "ellipsis_n_bar_1": 0.5080000162124634, "ellipsis_n_bar_2": 0.6520000100135803, "existential_there_object_raising": 0.7390000224113464, "existential_there_quantifiers_1": 0.8730000257492065, "existential_there_quantifiers_2": 0.2280000001192093, "existential_there_subject_raising": 0.7059999704360962, "expletive_it_object_raising": 0.6990000009536743, "inchoative": 0.39500001072883606, "intransitive": 0.546999990940094, "irregular_past_participle_adjectives": 0.875, "irregular_past_participle_verbs": 0.7710000276565552, "irregular_plural_subject_verb_agreement_1": 0.5759999752044678, "irregular_plural_subject_verb_agreement_2": 0.6729999780654907, "left_branch_island_echo_question": 0.48399999737739563, "left_branch_island_simple_question": 0.32100000977516174, "matrix_question_npi_licensor_present": 0.26600000262260437, "npi_present_1": 0.40400001406669617, "npi_present_2": 0.3709999918937683, "only_npi_licensor_present": 0.7950000166893005, "only_npi_scope": 0.8119999766349792, "passive_1": 0.8370000123977661, "passive_2": 0.8209999799728394, "principle_A_c_command": 0.5249999761581421, "principle_A_case_1": 1.0, "principle_A_case_2": 0.6449999809265137, "principle_A_domain_1": 0.9440000057220459, "principle_A_domain_2": 0.6890000104904175, "principle_A_domain_3": 0.46299999952316284, "principle_A_reconstruction": 0.3149999976158142, "regular_plural_subject_verb_agreement_1": 0.675000011920929, "regular_plural_subject_verb_agreement_2": 0.6520000100135803, "sentential_negation_npi_licensor_present": 0.9800000190734863, "sentential_negation_npi_scope": 0.28600001335144043, "sentential_subject_island": 0.31700000166893005, "superlative_quantifiers_1": 0.7639999985694885, "superlative_quantifiers_2": 0.31700000166893005, "tough_vs_raising_1": 0.3610000014305115, "tough_vs_raising_2": 0.6859999895095825, "transitive": 0.722000002861023, "wh_island": 0.39100000262260437, "wh_questions_object_gap": 0.5889999866485596, "wh_questions_subject_gap": 0.871999979019165, "wh_questions_subject_gap_long_distance": 0.9399999976158142, "wh_vs_that_no_gap": 0.9509999752044678, "wh_vs_that_no_gap_long_distance": 0.968999981880188, "wh_vs_that_with_gap": 0.1289999932050705, "wh_vs_that_with_gap_long_distance": 0.04800000041723251}, "by_phenomenon": {"island_effects": 0.42000000551342964, "anaphor_agreement": 0.5549999922513962, "s-selection": 0.6624999940395355, "argument_structure": 0.6458571425506047, "determiner_noun_agreement": 0.8100000023841858, "subject_verb_agreement": 0.5298333267370859, "ellipsis": 0.5800000131130219, "control_raising": 0.6381999969482421, "quantifiers": 0.5455000065267086, "irregular_forms": 0.8230000138282776, "npi_licensing": 0.5591428620474679, "binding": 0.6544285672051566, "filler_gap_dependency": 0.6425714162843568}}, "paloma": 132.02347668737485}