{"blimp": {"by_uid": {"adjunct_island": 0.6359999775886536, "anaphor_gender_agreement": 0.531000018119812, "anaphor_number_agreement": 0.8270000219345093, "animate_subject_passive": 0.6930000185966492, "animate_subject_trans": 0.7250000238418579, "causative": 0.47099998593330383, "complex_NP_island": 0.5059999823570251, "coordinate_structure_constraint_complex_left_branch": 0.16500000655651093, "coordinate_structure_constraint_object_extraction": 0.4830000102519989, "determiner_noun_agreement_1": 0.9110000133514404, "determiner_noun_agreement_2": 0.8769999742507935, "determiner_noun_agreement_irregular_1": 0.7519999742507935, "determiner_noun_agreement_irregular_2": 0.7950000166893005, "determiner_noun_agreement_with_adj_2": 0.7940000295639038, "determiner_noun_agreement_with_adj_irregular_1": 0.671999990940094, "determiner_noun_agreement_with_adj_irregular_2": 0.7250000238418579, "determiner_noun_agreement_with_adjective_1": 0.8379999995231628, "distractor_agreement_relational_noun": 0.34700000286102295, "distractor_agreement_relative_clause": 0.29899999499320984, "drop_argument": 0.7200000286102295, "ellipsis_n_bar_1": 0.5659999847412109, "ellipsis_n_bar_2": 0.6970000267028809, "existential_there_object_raising": 0.7239999771118164, "existential_there_quantifiers_1": 0.9399999976158142, "existential_there_quantifiers_2": 0.30300000309944153, "existential_there_subject_raising": 0.7070000171661377, "expletive_it_object_raising": 0.7020000219345093, "inchoative": 0.40700000524520874, "intransitive": 0.6110000014305115, "irregular_past_participle_adjectives": 0.9580000042915344, "irregular_past_participle_verbs": 0.8199999928474426, "irregular_plural_subject_verb_agreement_1": 0.6669999957084656, "irregular_plural_subject_verb_agreement_2": 0.7829999923706055, "left_branch_island_echo_question": 0.5820000171661377, "left_branch_island_simple_question": 0.18700000643730164, "matrix_question_npi_licensor_present": 0.2280000001192093, "npi_present_1": 0.3149999976158142, "npi_present_2": 0.44600000977516174, "only_npi_licensor_present": 0.33399999141693115, "only_npi_scope": 0.7390000224113464, "passive_1": 0.8299999833106995, "passive_2": 0.8100000023841858, "principle_A_c_command": 0.4749999940395355, "principle_A_case_1": 1.0, "principle_A_case_2": 0.6650000214576721, "principle_A_domain_1": 0.8629999756813049, "principle_A_domain_2": 0.7260000109672546, "principle_A_domain_3": 0.46399998664855957, "principle_A_reconstruction": 0.4180000126361847, "regular_plural_subject_verb_agreement_1": 0.7419999837875366, "regular_plural_subject_verb_agreement_2": 0.8299999833106995, "sentential_negation_npi_licensor_present": 0.9919999837875366, "sentential_negation_npi_scope": 0.22499999403953552, "sentential_subject_island": 0.4059999883174896, "superlative_quantifiers_1": 0.3790000081062317, "superlative_quantifiers_2": 0.4950000047683716, "tough_vs_raising_1": 0.37400001287460327, "tough_vs_raising_2": 0.699999988079071, "transitive": 0.7149999737739563, "wh_island": 0.5559999942779541, "wh_questions_object_gap": 0.531000018119812, "wh_questions_subject_gap": 0.902999997138977, "wh_questions_subject_gap_long_distance": 0.9580000042915344, "wh_vs_that_no_gap": 0.972000002861023, "wh_vs_that_no_gap_long_distance": 0.9879999756813049, "wh_vs_that_with_gap": 0.14399999380111694, "wh_vs_that_with_gap_long_distance": 0.04899999871850014}, "by_phenomenon": {"island_effects": 0.44012499786913395, "anaphor_agreement": 0.6790000200271606, "s-selection": 0.7090000212192535, "argument_structure": 0.6519999972411564, "determiner_noun_agreement": 0.7955000028014183, "subject_verb_agreement": 0.6113333255052567, "ellipsis": 0.6315000057220459, "control_raising": 0.6414000034332276, "quantifiers": 0.5292500033974648, "irregular_forms": 0.8889999985694885, "npi_licensing": 0.46842857130936216, "binding": 0.6587142859186444, "filler_gap_dependency": 0.6492857129446098}}, "paloma": 86.52458808197792}