{"blimp": {"by_uid": {"adjunct_island": 0.5929999947547913, "anaphor_gender_agreement": 0.4830000102519989, "anaphor_number_agreement": 0.7720000147819519, "animate_subject_passive": 0.6669999957084656, "animate_subject_trans": 0.7319999933242798, "causative": 0.4560000002384186, "complex_NP_island": 0.4519999921321869, "coordinate_structure_constraint_complex_left_branch": 0.1599999964237213, "coordinate_structure_constraint_object_extraction": 0.5049999952316284, "determiner_noun_agreement_1": 0.8939999938011169, "determiner_noun_agreement_2": 0.8799999952316284, "determiner_noun_agreement_irregular_1": 0.734000027179718, "determiner_noun_agreement_irregular_2": 0.8240000009536743, "determiner_noun_agreement_with_adj_2": 0.8180000185966492, "determiner_noun_agreement_with_adj_irregular_1": 0.6840000152587891, "determiner_noun_agreement_with_adj_irregular_2": 0.7519999742507935, "determiner_noun_agreement_with_adjective_1": 0.8460000157356262, "distractor_agreement_relational_noun": 0.27900001406669617, "distractor_agreement_relative_clause": 0.2939999997615814, "drop_argument": 0.7089999914169312, "ellipsis_n_bar_1": 0.5490000247955322, "ellipsis_n_bar_2": 0.6850000023841858, "existential_there_object_raising": 0.7279999852180481, "existential_there_quantifiers_1": 0.906000018119812, "existential_there_quantifiers_2": 0.20999999344348907, "existential_there_subject_raising": 0.7459999918937683, "expletive_it_object_raising": 0.7039999961853027, "inchoative": 0.39899998903274536, "intransitive": 0.5979999899864197, "irregular_past_participle_adjectives": 0.9110000133514404, "irregular_past_participle_verbs": 0.8169999718666077, "irregular_plural_subject_verb_agreement_1": 0.6100000143051147, "irregular_plural_subject_verb_agreement_2": 0.7490000128746033, "left_branch_island_echo_question": 0.5289999842643738, "left_branch_island_simple_question": 0.1860000044107437, "matrix_question_npi_licensor_present": 0.23800000548362732, "npi_present_1": 0.22599999606609344, "npi_present_2": 0.3610000014305115, "only_npi_licensor_present": 0.7080000042915344, "only_npi_scope": 0.8140000104904175, "passive_1": 0.8600000143051147, "passive_2": 0.8130000233650208, "principle_A_c_command": 0.4779999852180481, "principle_A_case_1": 1.0, "principle_A_case_2": 0.6430000066757202, "principle_A_domain_1": 0.9269999861717224, "principle_A_domain_2": 0.703000009059906, "principle_A_domain_3": 0.45500001311302185, "principle_A_reconstruction": 0.3930000066757202, "regular_plural_subject_verb_agreement_1": 0.7139999866485596, "regular_plural_subject_verb_agreement_2": 0.718999981880188, "sentential_negation_npi_licensor_present": 0.984000027179718, "sentential_negation_npi_scope": 0.2770000100135803, "sentential_subject_island": 0.36800000071525574, "superlative_quantifiers_1": 0.6010000109672546, "superlative_quantifiers_2": 0.3970000147819519, "tough_vs_raising_1": 0.33799999952316284, "tough_vs_raising_2": 0.7059999704360962, "transitive": 0.7160000205039978, "wh_island": 0.4779999852180481, "wh_questions_object_gap": 0.5720000267028809, "wh_questions_subject_gap": 0.906000018119812, "wh_questions_subject_gap_long_distance": 0.9679999947547913, "wh_vs_that_no_gap": 0.9769999980926514, "wh_vs_that_no_gap_long_distance": 0.9950000047683716, "wh_vs_that_with_gap": 0.11100000143051147, "wh_vs_that_with_gap_long_distance": 0.02500000037252903}, "by_phenomenon": {"island_effects": 0.40887499414384365, "anaphor_agreement": 0.6275000125169754, "s-selection": 0.6994999945163727, "argument_structure": 0.6501428612640926, "determiner_noun_agreement": 0.8040000051259995, "subject_verb_agreement": 0.5608333349227905, "ellipsis": 0.617000013589859, "control_raising": 0.6443999886512757, "quantifiers": 0.5285000093281269, "irregular_forms": 0.863999992609024, "npi_licensing": 0.5154285792793546, "binding": 0.6570000009877341, "filler_gap_dependency": 0.6505714348916497}}, "paloma": 99.90048054876227}