{"blimp": {"by_uid": {"adjunct_island": 0.5370000004768372, "anaphor_gender_agreement": 0.4440000057220459, "anaphor_number_agreement": 0.7039999961853027, "animate_subject_passive": 0.7120000123977661, "animate_subject_trans": 0.6420000195503235, "causative": 0.5109999775886536, "complex_NP_island": 0.46399998664855957, "coordinate_structure_constraint_complex_left_branch": 0.2199999988079071, "coordinate_structure_constraint_object_extraction": 0.5910000205039978, "determiner_noun_agreement_1": 0.878000020980835, "determiner_noun_agreement_2": 0.8880000114440918, "determiner_noun_agreement_irregular_1": 0.7300000190734863, "determiner_noun_agreement_irregular_2": 0.7839999794960022, "determiner_noun_agreement_with_adj_2": 0.8190000057220459, "determiner_noun_agreement_with_adj_irregular_1": 0.6700000166893005, "determiner_noun_agreement_with_adj_irregular_2": 0.7639999985694885, "determiner_noun_agreement_with_adjective_1": 0.8119999766349792, "distractor_agreement_relational_noun": 0.30799999833106995, "distractor_agreement_relative_clause": 0.30000001192092896, "drop_argument": 0.6800000071525574, "ellipsis_n_bar_1": 0.5149999856948853, "ellipsis_n_bar_2": 0.6499999761581421, "existential_there_object_raising": 0.7409999966621399, "existential_there_quantifiers_1": 0.8880000114440918, "existential_there_quantifiers_2": 0.35600000619888306, "existential_there_subject_raising": 0.699999988079071, "expletive_it_object_raising": 0.7110000252723694, "inchoative": 0.37599998712539673, "intransitive": 0.5249999761581421, "irregular_past_participle_adjectives": 0.7519999742507935, "irregular_past_participle_verbs": 0.7749999761581421, "irregular_plural_subject_verb_agreement_1": 0.5839999914169312, "irregular_plural_subject_verb_agreement_2": 0.6290000081062317, "left_branch_island_echo_question": 0.45100000500679016, "left_branch_island_simple_question": 0.3230000138282776, "matrix_question_npi_licensor_present": 0.2540000081062317, "npi_present_1": 0.40299999713897705, "npi_present_2": 0.3230000138282776, "only_npi_licensor_present": 0.5929999947547913, "only_npi_scope": 0.7900000214576721, "passive_1": 0.8370000123977661, "passive_2": 0.8429999947547913, "principle_A_c_command": 0.5350000262260437, "principle_A_case_1": 1.0, "principle_A_case_2": 0.652999997138977, "principle_A_domain_1": 0.906000018119812, "principle_A_domain_2": 0.6930000185966492, "principle_A_domain_3": 0.46000000834465027, "principle_A_reconstruction": 0.2849999964237213, "regular_plural_subject_verb_agreement_1": 0.6520000100135803, "regular_plural_subject_verb_agreement_2": 0.6209999918937683, "sentential_negation_npi_licensor_present": 0.9610000252723694, "sentential_negation_npi_scope": 0.27900001406669617, "sentential_subject_island": 0.34599998593330383, "superlative_quantifiers_1": 0.7929999828338623, "superlative_quantifiers_2": 0.34200000762939453, "tough_vs_raising_1": 0.34599998593330383, "tough_vs_raising_2": 0.6970000267028809, "transitive": 0.718999981880188, "wh_island": 0.3720000088214874, "wh_questions_object_gap": 0.546999990940094, "wh_questions_subject_gap": 0.9039999842643738, "wh_questions_subject_gap_long_distance": 0.9470000267028809, "wh_vs_that_no_gap": 0.949999988079071, "wh_vs_that_no_gap_long_distance": 0.9649999737739563, "wh_vs_that_with_gap": 0.10599999874830246, "wh_vs_that_with_gap_long_distance": 0.04899999871850014}, "by_phenomenon": {"island_effects": 0.4130000025033951, "anaphor_agreement": 0.5740000009536743, "s-selection": 0.6770000159740448, "argument_structure": 0.6415714195796421, "determiner_noun_agreement": 0.7931250035762787, "subject_verb_agreement": 0.5156666686137518, "ellipsis": 0.5824999809265137, "control_raising": 0.639000004529953, "quantifiers": 0.5947500020265579, "irregular_forms": 0.7634999752044678, "npi_licensing": 0.5147142963750022, "binding": 0.6474285806928363, "filler_gap_dependency": 0.6382857087467398}}, "paloma": 164.30398501286524}