{"blimp": {"by_uid": {"adjunct_island": 0.6320000290870667, "anaphor_gender_agreement": 0.4959999918937683, "anaphor_number_agreement": 0.8100000023841858, "animate_subject_passive": 0.6809999942779541, "animate_subject_trans": 0.7269999980926514, "causative": 0.4690000116825104, "complex_NP_island": 0.5040000081062317, "coordinate_structure_constraint_complex_left_branch": 0.17100000381469727, "coordinate_structure_constraint_object_extraction": 0.4580000042915344, "determiner_noun_agreement_1": 0.9049999713897705, "determiner_noun_agreement_2": 0.8830000162124634, "determiner_noun_agreement_irregular_1": 0.7639999985694885, "determiner_noun_agreement_irregular_2": 0.8190000057220459, "determiner_noun_agreement_with_adj_2": 0.8019999861717224, "determiner_noun_agreement_with_adj_irregular_1": 0.6899999976158142, "determiner_noun_agreement_with_adj_irregular_2": 0.7429999709129333, "determiner_noun_agreement_with_adjective_1": 0.8429999947547913, "distractor_agreement_relational_noun": 0.3009999990463257, "distractor_agreement_relative_clause": 0.30399999022483826, "drop_argument": 0.7210000157356262, "ellipsis_n_bar_1": 0.5559999942779541, "ellipsis_n_bar_2": 0.6769999861717224, "existential_there_object_raising": 0.718999981880188, "existential_there_quantifiers_1": 0.9309999942779541, "existential_there_quantifiers_2": 0.2800000011920929, "existential_there_subject_raising": 0.7210000157356262, "expletive_it_object_raising": 0.7120000123977661, "inchoative": 0.41100001335144043, "intransitive": 0.6159999966621399, "irregular_past_participle_adjectives": 0.9359999895095825, "irregular_past_participle_verbs": 0.8159999847412109, "irregular_plural_subject_verb_agreement_1": 0.6470000147819519, "irregular_plural_subject_verb_agreement_2": 0.781000018119812, "left_branch_island_echo_question": 0.5619999766349792, "left_branch_island_simple_question": 0.1850000023841858, "matrix_question_npi_licensor_present": 0.2409999966621399, "npi_present_1": 0.29100000858306885, "npi_present_2": 0.4429999887943268, "only_npi_licensor_present": 0.3310000002384186, "only_npi_scope": 0.746999979019165, "passive_1": 0.8339999914169312, "passive_2": 0.8109999895095825, "principle_A_c_command": 0.48100000619888306, "principle_A_case_1": 1.0, "principle_A_case_2": 0.6439999938011169, "principle_A_domain_1": 0.875, "principle_A_domain_2": 0.7149999737739563, "principle_A_domain_3": 0.47099998593330383, "principle_A_reconstruction": 0.4230000078678131, "regular_plural_subject_verb_agreement_1": 0.734000027179718, "regular_plural_subject_verb_agreement_2": 0.8050000071525574, "sentential_negation_npi_licensor_present": 0.9940000176429749, "sentential_negation_npi_scope": 0.2240000069141388, "sentential_subject_island": 0.40299999713897705, "superlative_quantifiers_1": 0.42500001192092896, "superlative_quantifiers_2": 0.4970000088214874, "tough_vs_raising_1": 0.3700000047683716, "tough_vs_raising_2": 0.7070000171661377, "transitive": 0.7200000286102295, "wh_island": 0.5270000100135803, "wh_questions_object_gap": 0.5410000085830688, "wh_questions_subject_gap": 0.9010000228881836, "wh_questions_subject_gap_long_distance": 0.9610000252723694, "wh_vs_that_no_gap": 0.9750000238418579, "wh_vs_that_no_gap_long_distance": 0.9890000224113464, "wh_vs_that_with_gap": 0.13600000739097595, "wh_vs_that_with_gap_long_distance": 0.04500000178813934}, "by_phenomenon": {"island_effects": 0.43025000393390656, "anaphor_agreement": 0.652999997138977, "s-selection": 0.7039999961853027, "argument_structure": 0.6545714352812085, "determiner_noun_agreement": 0.8061249926686287, "subject_verb_agreement": 0.5953333427508672, "ellipsis": 0.6164999902248383, "control_raising": 0.6458000063896179, "quantifiers": 0.5332500040531158, "irregular_forms": 0.8759999871253967, "npi_licensing": 0.4672857139791761, "binding": 0.658428566796439, "filler_gap_dependency": 0.6497143017394202}}, "paloma": 89.998983801865}