{"blimp": {"by_uid": {"adjunct_island": 0.6420000195503235, "anaphor_gender_agreement": 0.5460000038146973, "anaphor_number_agreement": 0.8379999995231628, "animate_subject_passive": 0.7160000205039978, "animate_subject_trans": 0.7210000157356262, "causative": 0.48100000619888306, "complex_NP_island": 0.4880000054836273, "coordinate_structure_constraint_complex_left_branch": 0.15600000321865082, "coordinate_structure_constraint_object_extraction": 0.4860000014305115, "determiner_noun_agreement_1": 0.9020000100135803, "determiner_noun_agreement_2": 0.8840000033378601, "determiner_noun_agreement_irregular_1": 0.7609999775886536, "determiner_noun_agreement_irregular_2": 0.8190000057220459, "determiner_noun_agreement_with_adj_2": 0.7870000004768372, "determiner_noun_agreement_with_adj_irregular_1": 0.6679999828338623, "determiner_noun_agreement_with_adj_irregular_2": 0.7179999947547913, "determiner_noun_agreement_with_adjective_1": 0.8159999847412109, "distractor_agreement_relational_noun": 0.3630000054836273, "distractor_agreement_relative_clause": 0.3109999895095825, "drop_argument": 0.7089999914169312, "ellipsis_n_bar_1": 0.5600000023841858, "ellipsis_n_bar_2": 0.7120000123977661, "existential_there_object_raising": 0.7329999804496765, "existential_there_quantifiers_1": 0.9539999961853027, "existential_there_quantifiers_2": 0.3330000042915344, "existential_there_subject_raising": 0.7179999947547913, "expletive_it_object_raising": 0.7059999704360962, "inchoative": 0.41600000858306885, "intransitive": 0.6200000047683716, "irregular_past_participle_adjectives": 0.9520000219345093, "irregular_past_participle_verbs": 0.8379999995231628, "irregular_plural_subject_verb_agreement_1": 0.6539999842643738, "irregular_plural_subject_verb_agreement_2": 0.7990000247955322, "left_branch_island_echo_question": 0.5450000166893005, "left_branch_island_simple_question": 0.16500000655651093, "matrix_question_npi_licensor_present": 0.22699999809265137, "npi_present_1": 0.30399999022483826, "npi_present_2": 0.4320000112056732, "only_npi_licensor_present": 0.421999990940094, "only_npi_scope": 0.7540000081062317, "passive_1": 0.8410000205039978, "passive_2": 0.8199999928474426, "principle_A_c_command": 0.4440000057220459, "principle_A_case_1": 1.0, "principle_A_case_2": 0.6899999976158142, "principle_A_domain_1": 0.8790000081062317, "principle_A_domain_2": 0.7360000014305115, "principle_A_domain_3": 0.4729999899864197, "principle_A_reconstruction": 0.43299999833106995, "regular_plural_subject_verb_agreement_1": 0.7329999804496765, "regular_plural_subject_verb_agreement_2": 0.8240000009536743, "sentential_negation_npi_licensor_present": 0.996999979019165, "sentential_negation_npi_scope": 0.20999999344348907, "sentential_subject_island": 0.4050000011920929, "superlative_quantifiers_1": 0.5289999842643738, "superlative_quantifiers_2": 0.48899999260902405, "tough_vs_raising_1": 0.36000001430511475, "tough_vs_raising_2": 0.7350000143051147, "transitive": 0.7229999899864197, "wh_island": 0.6420000195503235, "wh_questions_object_gap": 0.5149999856948853, "wh_questions_subject_gap": 0.8859999775886536, "wh_questions_subject_gap_long_distance": 0.9589999914169312, "wh_vs_that_no_gap": 0.972000002861023, "wh_vs_that_no_gap_long_distance": 0.9919999837875366, "wh_vs_that_with_gap": 0.15800000727176666, "wh_vs_that_with_gap_long_distance": 0.052000001072883606}, "by_phenomenon": {"island_effects": 0.4411250092089176, "anaphor_agreement": 0.69200000166893, "s-selection": 0.718500018119812, "argument_structure": 0.6585714306150164, "determiner_noun_agreement": 0.7943749949336052, "subject_verb_agreement": 0.6139999975760778, "ellipsis": 0.636000007390976, "control_raising": 0.6503999948501586, "quantifiers": 0.5762499943375587, "irregular_forms": 0.8950000107288361, "npi_licensing": 0.47799999586173464, "binding": 0.665000000170299, "filler_gap_dependency": 0.6477142785276685}}, "paloma": 84.18125472708446}