{"blimp": {"by_uid": {"adjunct_island": 0.5989999771118164, "anaphor_gender_agreement": 0.4909999966621399, "anaphor_number_agreement": 0.8059999942779541, "animate_subject_passive": 0.6650000214576721, "animate_subject_trans": 0.7149999737739563, "causative": 0.46000000834465027, "complex_NP_island": 0.4819999933242798, "coordinate_structure_constraint_complex_left_branch": 0.17100000381469727, "coordinate_structure_constraint_object_extraction": 0.4959999918937683, "determiner_noun_agreement_1": 0.8859999775886536, "determiner_noun_agreement_2": 0.8759999871253967, "determiner_noun_agreement_irregular_1": 0.7509999871253967, "determiner_noun_agreement_irregular_2": 0.8090000152587891, "determiner_noun_agreement_with_adj_2": 0.7990000247955322, "determiner_noun_agreement_with_adj_irregular_1": 0.671999990940094, "determiner_noun_agreement_with_adj_irregular_2": 0.7400000095367432, "determiner_noun_agreement_with_adjective_1": 0.8360000252723694, "distractor_agreement_relational_noun": 0.27399998903274536, "distractor_agreement_relative_clause": 0.30399999022483826, "drop_argument": 0.7200000286102295, "ellipsis_n_bar_1": 0.546999990940094, "ellipsis_n_bar_2": 0.6809999942779541, "existential_there_object_raising": 0.7160000205039978, "existential_there_quantifiers_1": 0.9039999842643738, "existential_there_quantifiers_2": 0.21400000154972076, "existential_there_subject_raising": 0.7089999914169312, "expletive_it_object_raising": 0.6980000138282776, "inchoative": 0.40400001406669617, "intransitive": 0.6179999709129333, "irregular_past_participle_adjectives": 0.9150000214576721, "irregular_past_participle_verbs": 0.8009999990463257, "irregular_plural_subject_verb_agreement_1": 0.6100000143051147, "irregular_plural_subject_verb_agreement_2": 0.7450000047683716, "left_branch_island_echo_question": 0.5350000262260437, "left_branch_island_simple_question": 0.17599999904632568, "matrix_question_npi_licensor_present": 0.26100000739097595, "npi_present_1": 0.20999999344348907, "npi_present_2": 0.38499999046325684, "only_npi_licensor_present": 0.5350000262260437, "only_npi_scope": 0.8330000042915344, "passive_1": 0.8489999771118164, "passive_2": 0.8149999976158142, "principle_A_c_command": 0.48100000619888306, "principle_A_case_1": 1.0, "principle_A_case_2": 0.609000027179718, "principle_A_domain_1": 0.9200000166893005, "principle_A_domain_2": 0.7149999737739563, "principle_A_domain_3": 0.4699999988079071, "principle_A_reconstruction": 0.4059999883174896, "regular_plural_subject_verb_agreement_1": 0.7179999947547913, "regular_plural_subject_verb_agreement_2": 0.7440000176429749, "sentential_negation_npi_licensor_present": 0.9940000176429749, "sentential_negation_npi_scope": 0.2590000033378601, "sentential_subject_island": 0.3959999978542328, "superlative_quantifiers_1": 0.550000011920929, "superlative_quantifiers_2": 0.4259999990463257, "tough_vs_raising_1": 0.36000001430511475, "tough_vs_raising_2": 0.6800000071525574, "transitive": 0.7039999961853027, "wh_island": 0.5419999957084656, "wh_questions_object_gap": 0.5960000157356262, "wh_questions_subject_gap": 0.902999997138977, "wh_questions_subject_gap_long_distance": 0.9679999947547913, "wh_vs_that_no_gap": 0.9829999804496765, "wh_vs_that_no_gap_long_distance": 0.9919999837875366, "wh_vs_that_with_gap": 0.10300000011920929, "wh_vs_that_with_gap_long_distance": 0.03099999949336052}, "by_phenomenon": {"island_effects": 0.4246249981224537, "anaphor_agreement": 0.648499995470047, "s-selection": 0.6899999976158142, "argument_structure": 0.6528571418353489, "determiner_noun_agreement": 0.7961250022053719, "subject_verb_agreement": 0.5658333351214727, "ellipsis": 0.613999992609024, "control_raising": 0.6326000094413757, "quantifiers": 0.5234999991953373, "irregular_forms": 0.8580000102519989, "npi_licensing": 0.4967142918280193, "binding": 0.657285715852465, "filler_gap_dependency": 0.6537142816398825}}, "paloma": 96.94245913701606}