{"blimp": {"by_uid": {"adjunct_island": 0.5569999814033508, "anaphor_gender_agreement": 0.45500001311302185, "anaphor_number_agreement": 0.6800000071525574, "animate_subject_passive": 0.6880000233650208, "animate_subject_trans": 0.671999990940094, "causative": 0.4779999852180481, "complex_NP_island": 0.4519999921321869, "coordinate_structure_constraint_complex_left_branch": 0.2630000114440918, "coordinate_structure_constraint_object_extraction": 0.550000011920929, "determiner_noun_agreement_1": 0.8939999938011169, "determiner_noun_agreement_2": 0.906000018119812, "determiner_noun_agreement_irregular_1": 0.7459999918937683, "determiner_noun_agreement_irregular_2": 0.8410000205039978, "determiner_noun_agreement_with_adj_2": 0.8360000252723694, "determiner_noun_agreement_with_adj_irregular_1": 0.6800000071525574, "determiner_noun_agreement_with_adj_irregular_2": 0.7900000214576721, "determiner_noun_agreement_with_adjective_1": 0.8420000076293945, "distractor_agreement_relational_noun": 0.296999990940094, "distractor_agreement_relative_clause": 0.2919999957084656, "drop_argument": 0.6940000057220459, "ellipsis_n_bar_1": 0.5400000214576721, "ellipsis_n_bar_2": 0.6679999828338623, "existential_there_object_raising": 0.7289999723434448, "existential_there_quantifiers_1": 0.8820000290870667, "existential_there_quantifiers_2": 0.1979999989271164, "existential_there_subject_raising": 0.7229999899864197, "expletive_it_object_raising": 0.6980000138282776, "inchoative": 0.39399999380111694, "intransitive": 0.5609999895095825, "irregular_past_participle_adjectives": 0.925000011920929, "irregular_past_participle_verbs": 0.7910000085830688, "irregular_plural_subject_verb_agreement_1": 0.5820000171661377, "irregular_plural_subject_verb_agreement_2": 0.6690000295639038, "left_branch_island_echo_question": 0.531000018119812, "left_branch_island_simple_question": 0.32100000977516174, "matrix_question_npi_licensor_present": 0.2619999945163727, "npi_present_1": 0.31299999356269836, "npi_present_2": 0.34299999475479126, "only_npi_licensor_present": 0.7990000247955322, "only_npi_scope": 0.8109999895095825, "passive_1": 0.8370000123977661, "passive_2": 0.828000009059906, "principle_A_c_command": 0.5230000019073486, "principle_A_case_1": 1.0, "principle_A_case_2": 0.656000018119812, "principle_A_domain_1": 0.9620000123977661, "principle_A_domain_2": 0.6690000295639038, "principle_A_domain_3": 0.4560000002384186, "principle_A_reconstruction": 0.32899999618530273, "regular_plural_subject_verb_agreement_1": 0.6819999814033508, "regular_plural_subject_verb_agreement_2": 0.6809999942779541, "sentential_negation_npi_licensor_present": 0.9789999723434448, "sentential_negation_npi_scope": 0.30399999022483826, "sentential_subject_island": 0.29499998688697815, "superlative_quantifiers_1": 0.7110000252723694, "superlative_quantifiers_2": 0.29100000858306885, "tough_vs_raising_1": 0.33799999952316284, "tough_vs_raising_2": 0.6919999718666077, "transitive": 0.7260000109672546, "wh_island": 0.453000009059906, "wh_questions_object_gap": 0.6150000095367432, "wh_questions_subject_gap": 0.8920000195503235, "wh_questions_subject_gap_long_distance": 0.9580000042915344, "wh_vs_that_no_gap": 0.9729999899864197, "wh_vs_that_no_gap_long_distance": 0.9810000061988831, "wh_vs_that_with_gap": 0.11800000071525574, "wh_vs_that_with_gap_long_distance": 0.03999999910593033}, "by_phenomenon": {"island_effects": 0.42775000259280205, "anaphor_agreement": 0.5675000101327896, "s-selection": 0.6800000071525574, "argument_structure": 0.6454285723822457, "determiner_noun_agreement": 0.8168750107288361, "subject_verb_agreement": 0.5338333348433176, "ellipsis": 0.6040000021457672, "control_raising": 0.6359999895095825, "quantifiers": 0.5205000154674053, "irregular_forms": 0.8580000102519989, "npi_licensing": 0.5444285656724658, "binding": 0.6564285797732217, "filler_gap_dependency": 0.6538571470550129}}, "paloma": 117.56350251623147}