{"blimp": {"by_uid": {"adjunct_island": 0.6050000190734863, "anaphor_gender_agreement": 0.5099999904632568, "anaphor_number_agreement": 0.8220000267028809, "animate_subject_passive": 0.675000011920929, "animate_subject_trans": 0.7170000076293945, "causative": 0.46799999475479126, "complex_NP_island": 0.5009999871253967, "coordinate_structure_constraint_complex_left_branch": 0.18000000715255737, "coordinate_structure_constraint_object_extraction": 0.47099998593330383, "determiner_noun_agreement_1": 0.8920000195503235, "determiner_noun_agreement_2": 0.8840000033378601, "determiner_noun_agreement_irregular_1": 0.7509999871253967, "determiner_noun_agreement_irregular_2": 0.8149999976158142, "determiner_noun_agreement_with_adj_2": 0.8069999814033508, "determiner_noun_agreement_with_adj_irregular_1": 0.6859999895095825, "determiner_noun_agreement_with_adj_irregular_2": 0.7490000128746033, "determiner_noun_agreement_with_adjective_1": 0.8479999899864197, "distractor_agreement_relational_noun": 0.2770000100135803, "distractor_agreement_relative_clause": 0.29499998688697815, "drop_argument": 0.7250000238418579, "ellipsis_n_bar_1": 0.5600000023841858, "ellipsis_n_bar_2": 0.6869999766349792, "existential_there_object_raising": 0.7260000109672546, "existential_there_quantifiers_1": 0.9229999780654907, "existential_there_quantifiers_2": 0.2160000056028366, "existential_there_subject_raising": 0.7409999966621399, "expletive_it_object_raising": 0.7170000076293945, "inchoative": 0.40400001406669617, "intransitive": 0.609000027179718, "irregular_past_participle_adjectives": 0.9129999876022339, "irregular_past_participle_verbs": 0.8090000152587891, "irregular_plural_subject_verb_agreement_1": 0.6230000257492065, "irregular_plural_subject_verb_agreement_2": 0.7699999809265137, "left_branch_island_echo_question": 0.5550000071525574, "left_branch_island_simple_question": 0.1850000023841858, "matrix_question_npi_licensor_present": 0.24500000476837158, "npi_present_1": 0.24699999392032623, "npi_present_2": 0.414000004529953, "only_npi_licensor_present": 0.42800000309944153, "only_npi_scope": 0.8019999861717224, "passive_1": 0.843999981880188, "passive_2": 0.8069999814033508, "principle_A_c_command": 0.4440000057220459, "principle_A_case_1": 1.0, "principle_A_case_2": 0.6209999918937683, "principle_A_domain_1": 0.8840000033378601, "principle_A_domain_2": 0.7310000061988831, "principle_A_domain_3": 0.4560000002384186, "principle_A_reconstruction": 0.4020000100135803, "regular_plural_subject_verb_agreement_1": 0.7089999914169312, "regular_plural_subject_verb_agreement_2": 0.7730000019073486, "sentential_negation_npi_licensor_present": 0.9860000014305115, "sentential_negation_npi_scope": 0.22499999403953552, "sentential_subject_island": 0.37299999594688416, "superlative_quantifiers_1": 0.550000011920929, "superlative_quantifiers_2": 0.46799999475479126, "tough_vs_raising_1": 0.3479999899864197, "tough_vs_raising_2": 0.6880000233650208, "transitive": 0.7110000252723694, "wh_island": 0.5580000281333923, "wh_questions_object_gap": 0.5820000171661377, "wh_questions_subject_gap": 0.8880000114440918, "wh_questions_subject_gap_long_distance": 0.9570000171661377, "wh_vs_that_no_gap": 0.9829999804496765, "wh_vs_that_no_gap_long_distance": 0.9959999918937683, "wh_vs_that_with_gap": 0.10499999672174454, "wh_vs_that_with_gap_long_distance": 0.027000000700354576}, "by_phenomenon": {"island_effects": 0.4285000041127205, "anaphor_agreement": 0.6660000085830688, "s-selection": 0.6960000097751617, "argument_structure": 0.6525714354855674, "determiner_noun_agreement": 0.8039999976754189, "subject_verb_agreement": 0.5744999994834264, "ellipsis": 0.6234999895095825, "control_raising": 0.6440000057220459, "quantifiers": 0.5392499975860119, "irregular_forms": 0.8610000014305115, "npi_licensing": 0.4781428554228374, "binding": 0.6482857167720795, "filler_gap_dependency": 0.6482857165059873}}, "paloma": 94.0688164721798}