{"blimp": {"by_uid": {"adjunct_island": 0.5820000171661377, "anaphor_gender_agreement": 0.4519999921321869, "anaphor_number_agreement": 0.6899999976158142, "animate_subject_passive": 0.6930000185966492, "animate_subject_trans": 0.6399999856948853, "causative": 0.4880000054836273, "complex_NP_island": 0.4690000116825104, "coordinate_structure_constraint_complex_left_branch": 0.23199999332427979, "coordinate_structure_constraint_object_extraction": 0.5410000085830688, "determiner_noun_agreement_1": 0.8920000195503235, "determiner_noun_agreement_2": 0.8889999985694885, "determiner_noun_agreement_irregular_1": 0.746999979019165, "determiner_noun_agreement_irregular_2": 0.8090000152587891, "determiner_noun_agreement_with_adj_2": 0.8479999899864197, "determiner_noun_agreement_with_adj_irregular_1": 0.6919999718666077, "determiner_noun_agreement_with_adj_irregular_2": 0.7820000052452087, "determiner_noun_agreement_with_adjective_1": 0.8209999799728394, "distractor_agreement_relational_noun": 0.30799999833106995, "distractor_agreement_relative_clause": 0.3050000071525574, "drop_argument": 0.6959999799728394, "ellipsis_n_bar_1": 0.5339999794960022, "ellipsis_n_bar_2": 0.6639999747276306, "existential_there_object_raising": 0.7490000128746033, "existential_there_quantifiers_1": 0.902999997138977, "existential_there_quantifiers_2": 0.26499998569488525, "existential_there_subject_raising": 0.718999981880188, "expletive_it_object_raising": 0.7110000252723694, "inchoative": 0.38999998569488525, "intransitive": 0.550000011920929, "irregular_past_participle_adjectives": 0.8640000224113464, "irregular_past_participle_verbs": 0.7720000147819519, "irregular_plural_subject_verb_agreement_1": 0.5849999785423279, "irregular_plural_subject_verb_agreement_2": 0.671999990940094, "left_branch_island_echo_question": 0.4410000145435333, "left_branch_island_simple_question": 0.29600000381469727, "matrix_question_npi_licensor_present": 0.2750000059604645, "npi_present_1": 0.40700000524520874, "npi_present_2": 0.3540000021457672, "only_npi_licensor_present": 0.7979999780654907, "only_npi_scope": 0.8069999814033508, "passive_1": 0.8339999914169312, "passive_2": 0.8309999704360962, "principle_A_c_command": 0.5040000081062317, "principle_A_case_1": 1.0, "principle_A_case_2": 0.6330000162124634, "principle_A_domain_1": 0.9440000057220459, "principle_A_domain_2": 0.6970000267028809, "principle_A_domain_3": 0.45399999618530273, "principle_A_reconstruction": 0.289000004529953, "regular_plural_subject_verb_agreement_1": 0.6620000004768372, "regular_plural_subject_verb_agreement_2": 0.6570000052452087, "sentential_negation_npi_licensor_present": 0.9789999723434448, "sentential_negation_npi_scope": 0.23800000548362732, "sentential_subject_island": 0.3319999873638153, "superlative_quantifiers_1": 0.7390000224113464, "superlative_quantifiers_2": 0.3019999861717224, "tough_vs_raising_1": 0.3709999918937683, "tough_vs_raising_2": 0.6840000152587891, "transitive": 0.7310000061988831, "wh_island": 0.38199999928474426, "wh_questions_object_gap": 0.5529999732971191, "wh_questions_subject_gap": 0.8859999775886536, "wh_questions_subject_gap_long_distance": 0.9330000281333923, "wh_vs_that_no_gap": 0.9480000138282776, "wh_vs_that_no_gap_long_distance": 0.9700000286102295, "wh_vs_that_with_gap": 0.12300000339746475, "wh_vs_that_with_gap_long_distance": 0.0560000017285347}, "by_phenomenon": {"island_effects": 0.40937500447034836, "anaphor_agreement": 0.5709999948740005, "s-selection": 0.6665000021457672, "argument_structure": 0.6457142787320274, "determiner_noun_agreement": 0.8099999949336052, "subject_verb_agreement": 0.5314999967813492, "ellipsis": 0.5989999771118164, "control_raising": 0.6468000054359436, "quantifiers": 0.5522499978542328, "irregular_forms": 0.8180000185966492, "npi_licensing": 0.5511428500924792, "binding": 0.645857151065554, "filler_gap_dependency": 0.6384285752262387}}, "paloma": 145.7227220555216}