{"blimp": {"by_uid": {"adjunct_island": 0.6370000243186951, "anaphor_gender_agreement": 0.5080000162124634, "anaphor_number_agreement": 0.8140000104904175, "animate_subject_passive": 0.7070000171661377, "animate_subject_trans": 0.7319999933242798, "causative": 0.4790000021457672, "complex_NP_island": 0.4869999885559082, "coordinate_structure_constraint_complex_left_branch": 0.16500000655651093, "coordinate_structure_constraint_object_extraction": 0.4860000014305115, "determiner_noun_agreement_1": 0.9089999794960022, "determiner_noun_agreement_2": 0.8849999904632568, "determiner_noun_agreement_irregular_1": 0.7639999985694885, "determiner_noun_agreement_irregular_2": 0.8080000281333923, "determiner_noun_agreement_with_adj_2": 0.7879999876022339, "determiner_noun_agreement_with_adj_irregular_1": 0.6759999990463257, "determiner_noun_agreement_with_adj_irregular_2": 0.7289999723434448, "determiner_noun_agreement_with_adjective_1": 0.8370000123977661, "distractor_agreement_relational_noun": 0.3540000021457672, "distractor_agreement_relative_clause": 0.3019999861717224, "drop_argument": 0.7139999866485596, "ellipsis_n_bar_1": 0.550000011920929, "ellipsis_n_bar_2": 0.6940000057220459, "existential_there_object_raising": 0.7360000014305115, "existential_there_quantifiers_1": 0.9490000009536743, "existential_there_quantifiers_2": 0.2370000034570694, "existential_there_subject_raising": 0.7049999833106995, "expletive_it_object_raising": 0.7080000042915344, "inchoative": 0.41100001335144043, "intransitive": 0.6129999756813049, "irregular_past_participle_adjectives": 0.9359999895095825, "irregular_past_participle_verbs": 0.8130000233650208, "irregular_plural_subject_verb_agreement_1": 0.6539999842643738, "irregular_plural_subject_verb_agreement_2": 0.7860000133514404, "left_branch_island_echo_question": 0.5680000185966492, "left_branch_island_simple_question": 0.17399999499320984, "matrix_question_npi_licensor_present": 0.20000000298023224, "npi_present_1": 0.2930000126361847, "npi_present_2": 0.4259999990463257, "only_npi_licensor_present": 0.38100001215934753, "only_npi_scope": 0.7319999933242798, "passive_1": 0.8399999737739563, "passive_2": 0.8090000152587891, "principle_A_c_command": 0.4860000014305115, "principle_A_case_1": 1.0, "principle_A_case_2": 0.6629999876022339, "principle_A_domain_1": 0.902999997138977, "principle_A_domain_2": 0.7260000109672546, "principle_A_domain_3": 0.4749999940395355, "principle_A_reconstruction": 0.4269999861717224, "regular_plural_subject_verb_agreement_1": 0.7409999966621399, "regular_plural_subject_verb_agreement_2": 0.8149999976158142, "sentential_negation_npi_licensor_present": 0.9929999709129333, "sentential_negation_npi_scope": 0.21299999952316284, "sentential_subject_island": 0.39500001072883606, "superlative_quantifiers_1": 0.46799999475479126, "superlative_quantifiers_2": 0.47099998593330383, "tough_vs_raising_1": 0.3440000116825104, "tough_vs_raising_2": 0.7409999966621399, "transitive": 0.7200000286102295, "wh_island": 0.6460000276565552, "wh_questions_object_gap": 0.5320000052452087, "wh_questions_subject_gap": 0.8849999904632568, "wh_questions_subject_gap_long_distance": 0.9610000252723694, "wh_vs_that_no_gap": 0.968999981880188, "wh_vs_that_no_gap_long_distance": 0.9919999837875366, "wh_vs_that_with_gap": 0.15299999713897705, "wh_vs_that_with_gap_long_distance": 0.05000000074505806}, "by_phenomenon": {"island_effects": 0.4447500091046095, "anaphor_agreement": 0.6610000133514404, "s-selection": 0.7195000052452087, "argument_structure": 0.655142856495721, "determiner_noun_agreement": 0.7994999960064888, "subject_verb_agreement": 0.608666663368543, "ellipsis": 0.6220000088214874, "control_raising": 0.6467999994754792, "quantifiers": 0.5312499962747097, "irregular_forms": 0.8745000064373016, "npi_licensing": 0.4625714272260666, "binding": 0.6685714253357479, "filler_gap_dependency": 0.6488571406475135}}, "paloma": 84.67369078493284}