{"blimp": {"by_uid": {"adjunct_island": 0.4950000047683716, "anaphor_gender_agreement": 0.42899999022483826, "anaphor_number_agreement": 0.46299999952316284, "animate_subject_passive": 0.6230000257492065, "animate_subject_trans": 0.6159999966621399, "causative": 0.40799999237060547, "complex_NP_island": 0.46799999475479126, "coordinate_structure_constraint_complex_left_branch": 0.531000018119812, "coordinate_structure_constraint_object_extraction": 0.5720000267028809, "determiner_noun_agreement_1": 0.5099999904632568, "determiner_noun_agreement_2": 0.5059999823570251, "determiner_noun_agreement_irregular_1": 0.5419999957084656, "determiner_noun_agreement_irregular_2": 0.5019999742507935, "determiner_noun_agreement_with_adj_2": 0.5130000114440918, "determiner_noun_agreement_with_adj_irregular_1": 0.515999972820282, "determiner_noun_agreement_with_adj_irregular_2": 0.5170000195503235, "determiner_noun_agreement_with_adjective_1": 0.4880000054836273, "distractor_agreement_relational_noun": 0.4749999940395355, "distractor_agreement_relative_clause": 0.5389999747276306, "drop_argument": 0.6949999928474426, "ellipsis_n_bar_1": 0.4970000088214874, "ellipsis_n_bar_2": 0.3400000035762787, "existential_there_object_raising": 0.6200000047683716, "existential_there_quantifiers_1": 0.8330000042915344, "existential_there_quantifiers_2": 0.621999979019165, "existential_there_subject_raising": 0.5519999861717224, "expletive_it_object_raising": 0.5820000171661377, "inchoative": 0.39800000190734863, "intransitive": 0.5709999799728394, "irregular_past_participle_adjectives": 0.4729999899864197, "irregular_past_participle_verbs": 0.5709999799728394, "irregular_plural_subject_verb_agreement_1": 0.48500001430511475, "irregular_plural_subject_verb_agreement_2": 0.47099998593330383, "left_branch_island_echo_question": 0.39399999380111694, "left_branch_island_simple_question": 0.5139999985694885, "matrix_question_npi_licensor_present": 0.6800000071525574, "npi_present_1": 0.3310000002384186, "npi_present_2": 0.28299999237060547, "only_npi_licensor_present": 0.027000000700354576, "only_npi_scope": 0.40799999237060547, "passive_1": 0.6150000095367432, "passive_2": 0.6309999823570251, "principle_A_c_command": 0.44200000166893005, "principle_A_case_1": 0.9990000128746033, "principle_A_case_2": 0.4819999933242798, "principle_A_domain_1": 0.5230000019073486, "principle_A_domain_2": 0.5199999809265137, "principle_A_domain_3": 0.45500001311302185, "principle_A_reconstruction": 0.4959999918937683, "regular_plural_subject_verb_agreement_1": 0.4490000009536743, "regular_plural_subject_verb_agreement_2": 0.5130000114440918, "sentential_negation_npi_licensor_present": 0.46000000834465027, "sentential_negation_npi_scope": 0.5210000276565552, "sentential_subject_island": 0.5669999718666077, "superlative_quantifiers_1": 0.3070000112056732, "superlative_quantifiers_2": 0.6480000019073486, "tough_vs_raising_1": 0.28299999237060547, "tough_vs_raising_2": 0.7120000123977661, "transitive": 0.5199999809265137, "wh_island": 0.4950000047683716, "wh_questions_object_gap": 0.6790000200271606, "wh_questions_subject_gap": 0.6190000176429749, "wh_questions_subject_gap_long_distance": 0.6320000290870667, "wh_vs_that_no_gap": 0.8180000185966492, "wh_vs_that_no_gap_long_distance": 0.8270000219345093, "wh_vs_that_with_gap": 0.1720000058412552, "wh_vs_that_with_gap_long_distance": 0.17499999701976776}, "by_phenomenon": {"island_effects": 0.50450000166893, "anaphor_agreement": 0.44599999487400055, "s-selection": 0.6195000112056732, "argument_structure": 0.5482857057026455, "determiner_noun_agreement": 0.5117499940097332, "subject_verb_agreement": 0.48866666356722516, "ellipsis": 0.41850000619888306, "control_raising": 0.5498000025749207, "quantifiers": 0.6024999991059303, "irregular_forms": 0.5219999849796295, "npi_licensing": 0.38714286126196384, "binding": 0.5595714279583522, "filler_gap_dependency": 0.5602857300213405}}, "paloma": 12579.075821061084}