{"blimp": {"by_uid": {"adjunct_island": 0.6589999794960022, "anaphor_gender_agreement": 0.49900001287460327, "anaphor_number_agreement": 0.8050000071525574, "animate_subject_passive": 0.7260000109672546, "animate_subject_trans": 0.734000027179718, "causative": 0.4690000116825104, "complex_NP_island": 0.48100000619888306, "coordinate_structure_constraint_complex_left_branch": 0.14900000393390656, "coordinate_structure_constraint_object_extraction": 0.48500001430511475, "determiner_noun_agreement_1": 0.9039999842643738, "determiner_noun_agreement_2": 0.8930000066757202, "determiner_noun_agreement_irregular_1": 0.7720000147819519, "determiner_noun_agreement_irregular_2": 0.8140000104904175, "determiner_noun_agreement_with_adj_2": 0.7919999957084656, "determiner_noun_agreement_with_adj_irregular_1": 0.6650000214576721, "determiner_noun_agreement_with_adj_irregular_2": 0.7110000252723694, "determiner_noun_agreement_with_adjective_1": 0.8180000185966492, "distractor_agreement_relational_noun": 0.3799999952316284, "distractor_agreement_relative_clause": 0.3160000145435333, "drop_argument": 0.7170000076293945, "ellipsis_n_bar_1": 0.5830000042915344, "ellipsis_n_bar_2": 0.7080000042915344, "existential_there_object_raising": 0.722000002861023, "existential_there_quantifiers_1": 0.972000002861023, "existential_there_quantifiers_2": 0.3529999852180481, "existential_there_subject_raising": 0.7310000061988831, "expletive_it_object_raising": 0.7110000252723694, "inchoative": 0.40700000524520874, "intransitive": 0.6150000095367432, "irregular_past_participle_adjectives": 0.9359999895095825, "irregular_past_participle_verbs": 0.8259999752044678, "irregular_plural_subject_verb_agreement_1": 0.6610000133514404, "irregular_plural_subject_verb_agreement_2": 0.8050000071525574, "left_branch_island_echo_question": 0.5630000233650208, "left_branch_island_simple_question": 0.1469999998807907, "matrix_question_npi_licensor_present": 0.2029999941587448, "npi_present_1": 0.32499998807907104, "npi_present_2": 0.4339999854564667, "only_npi_licensor_present": 0.4090000092983246, "only_npi_scope": 0.753000020980835, "passive_1": 0.824999988079071, "passive_2": 0.7990000247955322, "principle_A_c_command": 0.4790000021457672, "principle_A_case_1": 1.0, "principle_A_case_2": 0.6869999766349792, "principle_A_domain_1": 0.8970000147819519, "principle_A_domain_2": 0.7329999804496765, "principle_A_domain_3": 0.48500001430511475, "principle_A_reconstruction": 0.41200000047683716, "regular_plural_subject_verb_agreement_1": 0.7350000143051147, "regular_plural_subject_verb_agreement_2": 0.8140000104904175, "sentential_negation_npi_licensor_present": 0.9990000128746033, "sentential_negation_npi_scope": 0.2759999930858612, "sentential_subject_island": 0.39100000262260437, "superlative_quantifiers_1": 0.48500001430511475, "superlative_quantifiers_2": 0.5659999847412109, "tough_vs_raising_1": 0.3330000042915344, "tough_vs_raising_2": 0.7519999742507935, "transitive": 0.7210000157356262, "wh_island": 0.6710000038146973, "wh_questions_object_gap": 0.5329999923706055, "wh_questions_subject_gap": 0.8989999890327454, "wh_questions_subject_gap_long_distance": 0.9620000123977661, "wh_vs_that_no_gap": 0.972000002861023, "wh_vs_that_no_gap_long_distance": 0.9909999966621399, "wh_vs_that_with_gap": 0.15700000524520874, "wh_vs_that_with_gap_long_distance": 0.04800000041723251}, "by_phenomenon": {"island_effects": 0.44325000420212746, "anaphor_agreement": 0.6520000100135803, "s-selection": 0.7300000190734863, "argument_structure": 0.650428580386298, "determiner_noun_agreement": 0.7961250096559525, "subject_verb_agreement": 0.6185000091791153, "ellipsis": 0.6455000042915344, "control_raising": 0.6498000025749207, "quantifiers": 0.5939999967813492, "irregular_forms": 0.8809999823570251, "npi_licensing": 0.4855714291334152, "binding": 0.670428569827761, "filler_gap_dependency": 0.6517142855695316}}, "paloma": 82.70037778337658}