{"blimp": {"by_uid": {"adjunct_island": 0.6069999933242798, "anaphor_gender_agreement": 0.5130000114440918, "anaphor_number_agreement": 0.8169999718666077, "animate_subject_passive": 0.6869999766349792, "animate_subject_trans": 0.7129999995231628, "causative": 0.45899999141693115, "complex_NP_island": 0.5149999856948853, "coordinate_structure_constraint_complex_left_branch": 0.1940000057220459, "coordinate_structure_constraint_object_extraction": 0.48899999260902405, "determiner_noun_agreement_1": 0.9070000052452087, "determiner_noun_agreement_2": 0.8759999871253967, "determiner_noun_agreement_irregular_1": 0.765999972820282, "determiner_noun_agreement_irregular_2": 0.7990000247955322, "determiner_noun_agreement_with_adj_2": 0.8009999990463257, "determiner_noun_agreement_with_adj_irregular_1": 0.6859999895095825, "determiner_noun_agreement_with_adj_irregular_2": 0.7400000095367432, "determiner_noun_agreement_with_adjective_1": 0.8420000076293945, "distractor_agreement_relational_noun": 0.31700000166893005, "distractor_agreement_relative_clause": 0.3019999861717224, "drop_argument": 0.718999981880188, "ellipsis_n_bar_1": 0.5879999995231628, "ellipsis_n_bar_2": 0.6859999895095825, "existential_there_object_raising": 0.722000002861023, "existential_there_quantifiers_1": 0.9229999780654907, "existential_there_quantifiers_2": 0.25099998712539673, "existential_there_subject_raising": 0.7229999899864197, "expletive_it_object_raising": 0.7070000171661377, "inchoative": 0.40799999237060547, "intransitive": 0.6069999933242798, "irregular_past_participle_adjectives": 0.9309999942779541, "irregular_past_participle_verbs": 0.800000011920929, "irregular_plural_subject_verb_agreement_1": 0.6489999890327454, "irregular_plural_subject_verb_agreement_2": 0.7699999809265137, "left_branch_island_echo_question": 0.5559999942779541, "left_branch_island_simple_question": 0.19900000095367432, "matrix_question_npi_licensor_present": 0.2409999966621399, "npi_present_1": 0.28600001335144043, "npi_present_2": 0.4410000145435333, "only_npi_licensor_present": 0.3050000071525574, "only_npi_scope": 0.7490000128746033, "passive_1": 0.8360000252723694, "passive_2": 0.8040000200271606, "principle_A_c_command": 0.4740000069141388, "principle_A_case_1": 1.0, "principle_A_case_2": 0.6380000114440918, "principle_A_domain_1": 0.8889999985694885, "principle_A_domain_2": 0.722000002861023, "principle_A_domain_3": 0.47600001096725464, "principle_A_reconstruction": 0.4269999861717224, "regular_plural_subject_verb_agreement_1": 0.7260000109672546, "regular_plural_subject_verb_agreement_2": 0.8029999732971191, "sentential_negation_npi_licensor_present": 0.9879999756813049, "sentential_negation_npi_scope": 0.21199999749660492, "sentential_subject_island": 0.4129999876022339, "superlative_quantifiers_1": 0.4230000078678131, "superlative_quantifiers_2": 0.5170000195503235, "tough_vs_raising_1": 0.35499998927116394, "tough_vs_raising_2": 0.7120000123977661, "transitive": 0.7170000076293945, "wh_island": 0.527999997138977, "wh_questions_object_gap": 0.5640000104904175, "wh_questions_subject_gap": 0.9079999923706055, "wh_questions_subject_gap_long_distance": 0.9660000205039978, "wh_vs_that_no_gap": 0.9800000190734863, "wh_vs_that_no_gap_long_distance": 0.9909999966621399, "wh_vs_that_with_gap": 0.12600000202655792, "wh_vs_that_with_gap_long_distance": 0.03700000047683716}, "by_phenomenon": {"island_effects": 0.4376249946653843, "anaphor_agreement": 0.6649999916553497, "s-selection": 0.699999988079071, "argument_structure": 0.6500000017029899, "determiner_noun_agreement": 0.8021249994635582, "subject_verb_agreement": 0.5944999903440475, "ellipsis": 0.6369999945163727, "control_raising": 0.643800002336502, "quantifiers": 0.528499998152256, "irregular_forms": 0.8655000030994415, "npi_licensing": 0.46028571682316916, "binding": 0.6608571452753884, "filler_gap_dependency": 0.6531428630862918}}, "paloma": 90.74241246304861}