{"blimp": {"by_uid": {"adjunct_island": 0.5899999737739563, "anaphor_gender_agreement": 0.4690000116825104, "anaphor_number_agreement": 0.7070000171661377, "animate_subject_passive": 0.6930000185966492, "animate_subject_trans": 0.6480000019073486, "causative": 0.49300000071525574, "complex_NP_island": 0.4490000009536743, "coordinate_structure_constraint_complex_left_branch": 0.23399999737739563, "coordinate_structure_constraint_object_extraction": 0.5429999828338623, "determiner_noun_agreement_1": 0.8820000290870667, "determiner_noun_agreement_2": 0.8970000147819519, "determiner_noun_agreement_irregular_1": 0.7519999742507935, "determiner_noun_agreement_irregular_2": 0.8100000023841858, "determiner_noun_agreement_with_adj_2": 0.8389999866485596, "determiner_noun_agreement_with_adj_irregular_1": 0.6710000038146973, "determiner_noun_agreement_with_adj_irregular_2": 0.777999997138977, "determiner_noun_agreement_with_adjective_1": 0.8149999976158142, "distractor_agreement_relational_noun": 0.3070000112056732, "distractor_agreement_relative_clause": 0.30000001192092896, "drop_argument": 0.699999988079071, "ellipsis_n_bar_1": 0.515999972820282, "ellipsis_n_bar_2": 0.6470000147819519, "existential_there_object_raising": 0.7480000257492065, "existential_there_quantifiers_1": 0.8960000276565552, "existential_there_quantifiers_2": 0.2720000147819519, "existential_there_subject_raising": 0.7210000157356262, "expletive_it_object_raising": 0.7080000042915344, "inchoative": 0.38600000739097595, "intransitive": 0.5400000214576721, "irregular_past_participle_adjectives": 0.8429999947547913, "irregular_past_participle_verbs": 0.7770000100135803, "irregular_plural_subject_verb_agreement_1": 0.5839999914169312, "irregular_plural_subject_verb_agreement_2": 0.6639999747276306, "left_branch_island_echo_question": 0.4440000057220459, "left_branch_island_simple_question": 0.29499998688697815, "matrix_question_npi_licensor_present": 0.28999999165534973, "npi_present_1": 0.4129999876022339, "npi_present_2": 0.3610000014305115, "only_npi_licensor_present": 0.8169999718666077, "only_npi_scope": 0.8209999799728394, "passive_1": 0.8379999995231628, "passive_2": 0.824999988079071, "principle_A_c_command": 0.5109999775886536, "principle_A_case_1": 1.0, "principle_A_case_2": 0.6430000066757202, "principle_A_domain_1": 0.9359999895095825, "principle_A_domain_2": 0.6959999799728394, "principle_A_domain_3": 0.4560000002384186, "principle_A_reconstruction": 0.3149999976158142, "regular_plural_subject_verb_agreement_1": 0.6650000214576721, "regular_plural_subject_verb_agreement_2": 0.656000018119812, "sentential_negation_npi_licensor_present": 0.9670000076293945, "sentential_negation_npi_scope": 0.2639999985694885, "sentential_subject_island": 0.3440000116825104, "superlative_quantifiers_1": 0.7390000224113464, "superlative_quantifiers_2": 0.29600000381469727, "tough_vs_raising_1": 0.3700000047683716, "tough_vs_raising_2": 0.6779999732971191, "transitive": 0.7350000143051147, "wh_island": 0.3779999911785126, "wh_questions_object_gap": 0.5569999814033508, "wh_questions_subject_gap": 0.8740000128746033, "wh_questions_subject_gap_long_distance": 0.9369999766349792, "wh_vs_that_no_gap": 0.9480000138282776, "wh_vs_that_no_gap_long_distance": 0.9649999737739563, "wh_vs_that_with_gap": 0.13500000536441803, "wh_vs_that_with_gap_long_distance": 0.06400000303983688}, "by_phenomenon": {"island_effects": 0.40962499380111694, "anaphor_agreement": 0.588000014424324, "s-selection": 0.6705000102519989, "argument_structure": 0.6452857170786176, "determiner_noun_agreement": 0.8055000007152557, "subject_verb_agreement": 0.5293333381414413, "ellipsis": 0.5814999938011169, "control_raising": 0.6450000047683716, "quantifiers": 0.5507500171661377, "irregular_forms": 0.8100000023841858, "npi_licensing": 0.561857134103775, "binding": 0.6509999930858612, "filler_gap_dependency": 0.6399999952742031}}, "paloma": 143.51238628231275}