{"blimp": {"by_uid": {"adjunct_island": 0.5519999861717224, "anaphor_gender_agreement": 0.37599998712539673, "anaphor_number_agreement": 0.49300000071525574, "animate_subject_passive": 0.6150000095367432, "animate_subject_trans": 0.6620000004768372, "causative": 0.4429999887943268, "complex_NP_island": 0.4869999885559082, "coordinate_structure_constraint_complex_left_branch": 0.27399998903274536, "coordinate_structure_constraint_object_extraction": 0.5389999747276306, "determiner_noun_agreement_1": 0.5960000157356262, "determiner_noun_agreement_2": 0.6119999885559082, "determiner_noun_agreement_irregular_1": 0.625, "determiner_noun_agreement_irregular_2": 0.6380000114440918, "determiner_noun_agreement_with_adj_2": 0.49300000071525574, "determiner_noun_agreement_with_adj_irregular_1": 0.4569999873638153, "determiner_noun_agreement_with_adj_irregular_2": 0.5130000114440918, "determiner_noun_agreement_with_adjective_1": 0.46799999475479126, "distractor_agreement_relational_noun": 0.42899999022483826, "distractor_agreement_relative_clause": 0.46000000834465027, "drop_argument": 0.7400000095367432, "ellipsis_n_bar_1": 0.25999999046325684, "ellipsis_n_bar_2": 0.40700000524520874, "existential_there_object_raising": 0.722000002861023, "existential_there_quantifiers_1": 0.7480000257492065, "existential_there_quantifiers_2": 0.6010000109672546, "existential_there_subject_raising": 0.5009999871253967, "expletive_it_object_raising": 0.6489999890327454, "inchoative": 0.3779999911785126, "intransitive": 0.5920000076293945, "irregular_past_participle_adjectives": 0.5419999957084656, "irregular_past_participle_verbs": 0.5839999914169312, "irregular_plural_subject_verb_agreement_1": 0.5239999890327454, "irregular_plural_subject_verb_agreement_2": 0.578000009059906, "left_branch_island_echo_question": 0.39100000262260437, "left_branch_island_simple_question": 0.32100000977516174, "matrix_question_npi_licensor_present": 0.4399999976158142, "npi_present_1": 0.23899999260902405, "npi_present_2": 0.2529999911785126, "only_npi_licensor_present": 0.027000000700354576, "only_npi_scope": 0.3240000009536743, "passive_1": 0.6980000138282776, "passive_2": 0.6959999799728394, "principle_A_c_command": 0.5839999914169312, "principle_A_case_1": 1.0, "principle_A_case_2": 0.4519999921321869, "principle_A_domain_1": 0.6669999957084656, "principle_A_domain_2": 0.5479999780654907, "principle_A_domain_3": 0.4749999940395355, "principle_A_reconstruction": 0.27000001072883606, "regular_plural_subject_verb_agreement_1": 0.4779999852180481, "regular_plural_subject_verb_agreement_2": 0.5180000066757202, "sentential_negation_npi_licensor_present": 0.7850000262260437, "sentential_negation_npi_scope": 0.3479999899864197, "sentential_subject_island": 0.6209999918937683, "superlative_quantifiers_1": 0.4950000047683716, "superlative_quantifiers_2": 0.7350000143051147, "tough_vs_raising_1": 0.32499998807907104, "tough_vs_raising_2": 0.7039999961853027, "transitive": 0.5630000233650208, "wh_island": 0.6790000200271606, "wh_questions_object_gap": 0.5989999771118164, "wh_questions_subject_gap": 0.8820000290870667, "wh_questions_subject_gap_long_distance": 0.8870000243186951, "wh_vs_that_no_gap": 0.9100000262260437, "wh_vs_that_no_gap_long_distance": 0.9200000166893005, "wh_vs_that_with_gap": 0.07800000160932541, "wh_vs_that_with_gap_long_distance": 0.06800000369548798}, "by_phenomenon": {"island_effects": 0.4829999953508377, "anaphor_agreement": 0.43449999392032623, "s-selection": 0.6385000050067902, "argument_structure": 0.5871428591864449, "determiner_noun_agreement": 0.5502500012516975, "subject_verb_agreement": 0.4978333314259847, "ellipsis": 0.3334999978542328, "control_raising": 0.5801999926567077, "quantifiers": 0.6447500139474869, "irregular_forms": 0.5629999935626984, "npi_licensing": 0.345142857038549, "binding": 0.5708571374416351, "filler_gap_dependency": 0.6205714398196766}}, "paloma": 938.3117757923511}