{"blimp": {"by_uid": {"adjunct_island": 0.5059999823570251, "anaphor_gender_agreement": 0.31700000166893005, "anaphor_number_agreement": 0.44200000166893005, "animate_subject_passive": 0.621999979019165, "animate_subject_trans": 0.6119999885559082, "causative": 0.4129999876022339, "complex_NP_island": 0.4869999885559082, "coordinate_structure_constraint_complex_left_branch": 0.47600001096725464, "coordinate_structure_constraint_object_extraction": 0.5630000233650208, "determiner_noun_agreement_1": 0.5289999842643738, "determiner_noun_agreement_2": 0.5379999876022339, "determiner_noun_agreement_irregular_1": 0.5809999704360962, "determiner_noun_agreement_irregular_2": 0.5619999766349792, "determiner_noun_agreement_with_adj_2": 0.49300000071525574, "determiner_noun_agreement_with_adj_irregular_1": 0.5059999823570251, "determiner_noun_agreement_with_adj_irregular_2": 0.5270000100135803, "determiner_noun_agreement_with_adjective_1": 0.492000013589859, "distractor_agreement_relational_noun": 0.42100000381469727, "distractor_agreement_relative_clause": 0.49399998784065247, "drop_argument": 0.7250000238418579, "ellipsis_n_bar_1": 0.42800000309944153, "ellipsis_n_bar_2": 0.3330000042915344, "existential_there_object_raising": 0.6830000281333923, "existential_there_quantifiers_1": 0.7559999823570251, "existential_there_quantifiers_2": 0.6050000190734863, "existential_there_subject_raising": 0.5440000295639038, "expletive_it_object_raising": 0.6150000095367432, "inchoative": 0.36800000071525574, "intransitive": 0.5460000038146973, "irregular_past_participle_adjectives": 0.5989999771118164, "irregular_past_participle_verbs": 0.5170000195503235, "irregular_plural_subject_verb_agreement_1": 0.503000020980835, "irregular_plural_subject_verb_agreement_2": 0.5, "left_branch_island_echo_question": 0.37400001287460327, "left_branch_island_simple_question": 0.48100000619888306, "matrix_question_npi_licensor_present": 0.5149999856948853, "npi_present_1": 0.21199999749660492, "npi_present_2": 0.20900000631809235, "only_npi_licensor_present": 0.0010000000474974513, "only_npi_scope": 0.31200000643730164, "passive_1": 0.6790000200271606, "passive_2": 0.6710000038146973, "principle_A_c_command": 0.5130000114440918, "principle_A_case_1": 1.0, "principle_A_case_2": 0.4790000021457672, "principle_A_domain_1": 0.8360000252723694, "principle_A_domain_2": 0.5820000171661377, "principle_A_domain_3": 0.46399998664855957, "principle_A_reconstruction": 0.35600000619888306, "regular_plural_subject_verb_agreement_1": 0.4359999895095825, "regular_plural_subject_verb_agreement_2": 0.5120000243186951, "sentential_negation_npi_licensor_present": 0.7630000114440918, "sentential_negation_npi_scope": 0.32600000500679016, "sentential_subject_island": 0.6150000095367432, "superlative_quantifiers_1": 0.45899999141693115, "superlative_quantifiers_2": 0.7129999995231628, "tough_vs_raising_1": 0.3009999990463257, "tough_vs_raising_2": 0.7279999852180481, "transitive": 0.5350000262260437, "wh_island": 0.5350000262260437, "wh_questions_object_gap": 0.7379999756813049, "wh_questions_subject_gap": 0.824999988079071, "wh_questions_subject_gap_long_distance": 0.8140000104904175, "wh_vs_that_no_gap": 0.9330000281333923, "wh_vs_that_no_gap_long_distance": 0.9509999752044678, "wh_vs_that_with_gap": 0.03700000047683716, "wh_vs_that_with_gap_long_distance": 0.03999999910593033}, "by_phenomenon": {"island_effects": 0.5046250075101852, "anaphor_agreement": 0.37950000166893005, "s-selection": 0.6169999837875366, "argument_structure": 0.5624285808631352, "determiner_noun_agreement": 0.5284999907016754, "subject_verb_agreement": 0.4776666710774104, "ellipsis": 0.380500003695488, "control_raising": 0.5742000102996826, "quantifiers": 0.6332499980926514, "irregular_forms": 0.55799999833107, "npi_licensing": 0.3340000017778948, "binding": 0.6042857212679726, "filler_gap_dependency": 0.6197142824530602}}, "paloma": 1597.1048194592838}