{"blimp": {"by_uid": {"adjunct_island": 0.6000000238418579, "anaphor_gender_agreement": 0.46399998664855957, "anaphor_number_agreement": 0.8090000152587891, "animate_subject_passive": 0.6779999732971191, "animate_subject_trans": 0.7170000076293945, "causative": 0.46399998664855957, "complex_NP_island": 0.5040000081062317, "coordinate_structure_constraint_complex_left_branch": 0.20600000023841858, "coordinate_structure_constraint_object_extraction": 0.47200000286102295, "determiner_noun_agreement_1": 0.8970000147819519, "determiner_noun_agreement_2": 0.8690000176429749, "determiner_noun_agreement_irregular_1": 0.7440000176429749, "determiner_noun_agreement_irregular_2": 0.7979999780654907, "determiner_noun_agreement_with_adj_2": 0.7879999876022339, "determiner_noun_agreement_with_adj_irregular_1": 0.6769999861717224, "determiner_noun_agreement_with_adj_irregular_2": 0.7329999804496765, "determiner_noun_agreement_with_adjective_1": 0.8399999737739563, "distractor_agreement_relational_noun": 0.2939999997615814, "distractor_agreement_relative_clause": 0.2980000078678131, "drop_argument": 0.722000002861023, "ellipsis_n_bar_1": 0.5490000247955322, "ellipsis_n_bar_2": 0.6800000071525574, "existential_there_object_raising": 0.7179999947547913, "existential_there_quantifiers_1": 0.9300000071525574, "existential_there_quantifiers_2": 0.23499999940395355, "existential_there_subject_raising": 0.7120000123977661, "expletive_it_object_raising": 0.6959999799728394, "inchoative": 0.41100001335144043, "intransitive": 0.6169999837875366, "irregular_past_participle_adjectives": 0.8999999761581421, "irregular_past_participle_verbs": 0.7960000038146973, "irregular_plural_subject_verb_agreement_1": 0.6320000290870667, "irregular_plural_subject_verb_agreement_2": 0.7670000195503235, "left_branch_island_echo_question": 0.5820000171661377, "left_branch_island_simple_question": 0.1889999955892563, "matrix_question_npi_licensor_present": 0.2290000021457672, "npi_present_1": 0.2809999883174896, "npi_present_2": 0.453000009059906, "only_npi_licensor_present": 0.30000001192092896, "only_npi_scope": 0.7940000295639038, "passive_1": 0.8320000171661377, "passive_2": 0.8100000023841858, "principle_A_c_command": 0.49300000071525574, "principle_A_case_1": 1.0, "principle_A_case_2": 0.628000020980835, "principle_A_domain_1": 0.8939999938011169, "principle_A_domain_2": 0.722000002861023, "principle_A_domain_3": 0.4650000035762787, "principle_A_reconstruction": 0.44699999690055847, "regular_plural_subject_verb_agreement_1": 0.7279999852180481, "regular_plural_subject_verb_agreement_2": 0.8040000200271606, "sentential_negation_npi_licensor_present": 0.9850000143051147, "sentential_negation_npi_scope": 0.23100000619888306, "sentential_subject_island": 0.4020000100135803, "superlative_quantifiers_1": 0.3779999911785126, "superlative_quantifiers_2": 0.47099998593330383, "tough_vs_raising_1": 0.3630000054836273, "tough_vs_raising_2": 0.6859999895095825, "transitive": 0.6980000138282776, "wh_island": 0.5479999780654907, "wh_questions_object_gap": 0.597000002861023, "wh_questions_subject_gap": 0.9039999842643738, "wh_questions_subject_gap_long_distance": 0.9639999866485596, "wh_vs_that_no_gap": 0.9789999723434448, "wh_vs_that_no_gap_long_distance": 0.9919999837875366, "wh_vs_that_with_gap": 0.11900000274181366, "wh_vs_that_with_gap_long_distance": 0.03700000047683716}, "by_phenomenon": {"island_effects": 0.4378750044852495, "anaphor_agreement": 0.6365000009536743, "s-selection": 0.6974999904632568, "argument_structure": 0.6505714314324516, "determiner_noun_agreement": 0.7932499945163727, "subject_verb_agreement": 0.5871666769186655, "ellipsis": 0.6145000159740448, "control_raising": 0.6349999964237213, "quantifiers": 0.5034999959170818, "irregular_forms": 0.8479999899864197, "npi_licensing": 0.4675714373588562, "binding": 0.6641428598335811, "filler_gap_dependency": 0.6559999904462269}}, "paloma": 92.18435232473168}