{"blimp": {"by_uid": {"adjunct_island": 0.5090000033378601, "anaphor_gender_agreement": 0.5059999823570251, "anaphor_number_agreement": 0.4869999885559082, "animate_subject_passive": 0.5820000171661377, "animate_subject_trans": 0.6190000176429749, "causative": 0.414000004529953, "complex_NP_island": 0.4429999887943268, "coordinate_structure_constraint_complex_left_branch": 0.5440000295639038, "coordinate_structure_constraint_object_extraction": 0.5540000200271606, "determiner_noun_agreement_1": 0.5070000290870667, "determiner_noun_agreement_2": 0.49900001287460327, "determiner_noun_agreement_irregular_1": 0.5099999904632568, "determiner_noun_agreement_irregular_2": 0.4620000123977661, "determiner_noun_agreement_with_adj_2": 0.5149999856948853, "determiner_noun_agreement_with_adj_irregular_1": 0.5170000195503235, "determiner_noun_agreement_with_adj_irregular_2": 0.5080000162124634, "determiner_noun_agreement_with_adjective_1": 0.49399998784065247, "distractor_agreement_relational_noun": 0.4560000002384186, "distractor_agreement_relative_clause": 0.5170000195503235, "drop_argument": 0.6919999718666077, "ellipsis_n_bar_1": 0.5299999713897705, "ellipsis_n_bar_2": 0.33000001311302185, "existential_there_object_raising": 0.6159999966621399, "existential_there_quantifiers_1": 0.8029999732971191, "existential_there_quantifiers_2": 0.5299999713897705, "existential_there_subject_raising": 0.5329999923706055, "expletive_it_object_raising": 0.5820000171661377, "inchoative": 0.4050000011920929, "intransitive": 0.5860000252723694, "irregular_past_participle_adjectives": 0.5049999952316284, "irregular_past_participle_verbs": 0.597000002861023, "irregular_plural_subject_verb_agreement_1": 0.49000000953674316, "irregular_plural_subject_verb_agreement_2": 0.46000000834465027, "left_branch_island_echo_question": 0.40799999237060547, "left_branch_island_simple_question": 0.492000013589859, "matrix_question_npi_licensor_present": 0.6859999895095825, "npi_present_1": 0.5379999876022339, "npi_present_2": 0.45100000500679016, "only_npi_licensor_present": 0.46700000762939453, "only_npi_scope": 0.47699999809265137, "passive_1": 0.6060000061988831, "passive_2": 0.6019999980926514, "principle_A_c_command": 0.4449999928474426, "principle_A_case_1": 0.9549999833106995, "principle_A_case_2": 0.48100000619888306, "principle_A_domain_1": 0.36500000953674316, "principle_A_domain_2": 0.47699999809265137, "principle_A_domain_3": 0.4620000123977661, "principle_A_reconstruction": 0.5180000066757202, "regular_plural_subject_verb_agreement_1": 0.46000000834465027, "regular_plural_subject_verb_agreement_2": 0.5059999823570251, "sentential_negation_npi_licensor_present": 0.4449999928474426, "sentential_negation_npi_scope": 0.5920000076293945, "sentential_subject_island": 0.5519999861717224, "superlative_quantifiers_1": 0.36800000071525574, "superlative_quantifiers_2": 0.4860000014305115, "tough_vs_raising_1": 0.33500000834465027, "tough_vs_raising_2": 0.6669999957084656, "transitive": 0.5270000100135803, "wh_island": 0.5509999990463257, "wh_questions_object_gap": 0.5770000219345093, "wh_questions_subject_gap": 0.5429999828338623, "wh_questions_subject_gap_long_distance": 0.5410000085830688, "wh_vs_that_no_gap": 0.6639999747276306, "wh_vs_that_no_gap_long_distance": 0.6079999804496765, "wh_vs_that_with_gap": 0.3449999988079071, "wh_vs_that_with_gap_long_distance": 0.3790000081062317}, "by_phenomenon": {"island_effects": 0.5066250041127205, "anaphor_agreement": 0.4964999854564667, "s-selection": 0.6005000174045563, "argument_structure": 0.5474285738808768, "determiner_noun_agreement": 0.5015000067651272, "subject_verb_agreement": 0.48150000472863513, "ellipsis": 0.4299999922513962, "control_raising": 0.5466000020503998, "quantifiers": 0.5467499867081642, "irregular_forms": 0.5509999990463257, "npi_licensing": 0.5222857126167842, "binding": 0.5290000012942723, "filler_gap_dependency": 0.5224285679204124}}, "paloma": 36705.35624591681}