{"blimp": {"by_uid": {"adjunct_island": 0.4950000047683716, "anaphor_gender_agreement": 0.30000001192092896, "anaphor_number_agreement": 0.4180000126361847, "animate_subject_passive": 0.621999979019165, "animate_subject_trans": 0.5989999771118164, "causative": 0.40299999713897705, "complex_NP_island": 0.4830000102519989, "coordinate_structure_constraint_complex_left_branch": 0.5379999876022339, "coordinate_structure_constraint_object_extraction": 0.5690000057220459, "determiner_noun_agreement_1": 0.5199999809265137, "determiner_noun_agreement_2": 0.5099999904632568, "determiner_noun_agreement_irregular_1": 0.5580000281333923, "determiner_noun_agreement_irregular_2": 0.5400000214576721, "determiner_noun_agreement_with_adj_2": 0.5040000081062317, "determiner_noun_agreement_with_adj_irregular_1": 0.5099999904632568, "determiner_noun_agreement_with_adj_irregular_2": 0.5220000147819519, "determiner_noun_agreement_with_adjective_1": 0.48500001430511475, "distractor_agreement_relational_noun": 0.4740000069141388, "distractor_agreement_relative_clause": 0.5270000100135803, "drop_argument": 0.718999981880188, "ellipsis_n_bar_1": 0.5210000276565552, "ellipsis_n_bar_2": 0.32600000500679016, "existential_there_object_raising": 0.656000018119812, "existential_there_quantifiers_1": 0.796999990940094, "existential_there_quantifiers_2": 0.6320000290870667, "existential_there_subject_raising": 0.5590000152587891, "expletive_it_object_raising": 0.5950000286102295, "inchoative": 0.36800000071525574, "intransitive": 0.5379999876022339, "irregular_past_participle_adjectives": 0.5709999799728394, "irregular_past_participle_verbs": 0.527999997138977, "irregular_plural_subject_verb_agreement_1": 0.4880000054836273, "irregular_plural_subject_verb_agreement_2": 0.48899999260902405, "left_branch_island_echo_question": 0.3840000033378601, "left_branch_island_simple_question": 0.5220000147819519, "matrix_question_npi_licensor_present": 0.5799999833106995, "npi_present_1": 0.24500000476837158, "npi_present_2": 0.21199999749660492, "only_npi_licensor_present": 0.0, "only_npi_scope": 0.32499998807907104, "passive_1": 0.6549999713897705, "passive_2": 0.6620000004768372, "principle_A_c_command": 0.5220000147819519, "principle_A_case_1": 0.9990000128746033, "principle_A_case_2": 0.4819999933242798, "principle_A_domain_1": 0.8389999866485596, "principle_A_domain_2": 0.5730000138282776, "principle_A_domain_3": 0.45500001311302185, "principle_A_reconstruction": 0.48399999737739563, "regular_plural_subject_verb_agreement_1": 0.43299999833106995, "regular_plural_subject_verb_agreement_2": 0.5049999952316284, "sentential_negation_npi_licensor_present": 0.6499999761581421, "sentential_negation_npi_scope": 0.41600000858306885, "sentential_subject_island": 0.5839999914169312, "superlative_quantifiers_1": 0.46799999475479126, "superlative_quantifiers_2": 0.7089999914169312, "tough_vs_raising_1": 0.29499998688697815, "tough_vs_raising_2": 0.7229999899864197, "transitive": 0.5230000019073486, "wh_island": 0.49399998784065247, "wh_questions_object_gap": 0.781000018119812, "wh_questions_subject_gap": 0.7099999785423279, "wh_questions_subject_gap_long_distance": 0.7289999723434448, "wh_vs_that_no_gap": 0.9020000100135803, "wh_vs_that_no_gap_long_distance": 0.925000011920929, "wh_vs_that_with_gap": 0.0689999982714653, "wh_vs_that_with_gap_long_distance": 0.08100000023841858}, "by_phenomenon": {"island_effects": 0.5086250007152557, "anaphor_agreement": 0.3590000122785568, "s-selection": 0.6104999780654907, "argument_structure": 0.5525714201586587, "determiner_noun_agreement": 0.5186250060796738, "subject_verb_agreement": 0.4860000014305115, "ellipsis": 0.42350001633167267, "control_raising": 0.5656000077724457, "quantifiers": 0.6515000015497208, "irregular_forms": 0.5494999885559082, "npi_licensing": 0.3468571369137083, "binding": 0.6220000045640128, "filler_gap_dependency": 0.5995714270642826}}, "paloma": 2495.209337485709}