{"blimp": {"by_uid": {"adjunct_island": 0.6010000109672546, "anaphor_gender_agreement": 0.48399999737739563, "anaphor_number_agreement": 0.6850000023841858, "animate_subject_passive": 0.7099999785423279, "animate_subject_trans": 0.6449999809265137, "causative": 0.4690000116825104, "complex_NP_island": 0.4729999899864197, "coordinate_structure_constraint_complex_left_branch": 0.27000001072883606, "coordinate_structure_constraint_object_extraction": 0.5770000219345093, "determiner_noun_agreement_1": 0.8529999852180481, "determiner_noun_agreement_2": 0.8330000042915344, "determiner_noun_agreement_irregular_1": 0.7070000171661377, "determiner_noun_agreement_irregular_2": 0.7480000257492065, "determiner_noun_agreement_with_adj_2": 0.7319999933242798, "determiner_noun_agreement_with_adj_irregular_1": 0.609000027179718, "determiner_noun_agreement_with_adj_irregular_2": 0.6660000085830688, "determiner_noun_agreement_with_adjective_1": 0.7350000143051147, "distractor_agreement_relational_noun": 0.257999986410141, "distractor_agreement_relative_clause": 0.31299999356269836, "drop_argument": 0.6869999766349792, "ellipsis_n_bar_1": 0.4000000059604645, "ellipsis_n_bar_2": 0.5109999775886536, "existential_there_object_raising": 0.7490000128746033, "existential_there_quantifiers_1": 0.8830000162124634, "existential_there_quantifiers_2": 0.2840000092983246, "existential_there_subject_raising": 0.6060000061988831, "expletive_it_object_raising": 0.7179999947547913, "inchoative": 0.35199999809265137, "intransitive": 0.531000018119812, "irregular_past_participle_adjectives": 0.5460000038146973, "irregular_past_participle_verbs": 0.7760000228881836, "irregular_plural_subject_verb_agreement_1": 0.5929999947547913, "irregular_plural_subject_verb_agreement_2": 0.6620000004768372, "left_branch_island_echo_question": 0.4699999988079071, "left_branch_island_simple_question": 0.36399999260902405, "matrix_question_npi_licensor_present": 0.1860000044107437, "npi_present_1": 0.3880000114440918, "npi_present_2": 0.30799999833106995, "only_npi_licensor_present": 0.6349999904632568, "only_npi_scope": 0.7799999713897705, "passive_1": 0.8330000042915344, "passive_2": 0.8199999928474426, "principle_A_c_command": 0.6800000071525574, "principle_A_case_1": 1.0, "principle_A_case_2": 0.6299999952316284, "principle_A_domain_1": 0.9350000023841858, "principle_A_domain_2": 0.5989999771118164, "principle_A_domain_3": 0.460999995470047, "principle_A_reconstruction": 0.32499998807907104, "regular_plural_subject_verb_agreement_1": 0.6209999918937683, "regular_plural_subject_verb_agreement_2": 0.5839999914169312, "sentential_negation_npi_licensor_present": 0.9729999899864197, "sentential_negation_npi_scope": 0.3140000104904175, "sentential_subject_island": 0.45899999141693115, "superlative_quantifiers_1": 0.7170000076293945, "superlative_quantifiers_2": 0.546999990940094, "tough_vs_raising_1": 0.33899998664855957, "tough_vs_raising_2": 0.6959999799728394, "transitive": 0.6790000200271606, "wh_island": 0.6660000085830688, "wh_questions_object_gap": 0.6359999775886536, "wh_questions_subject_gap": 0.925000011920929, "wh_questions_subject_gap_long_distance": 0.9710000157356262, "wh_vs_that_no_gap": 0.9610000252723694, "wh_vs_that_no_gap_long_distance": 0.9649999737739563, "wh_vs_that_with_gap": 0.07400000095367432, "wh_vs_that_with_gap_long_distance": 0.04500000178813934}, "by_phenomenon": {"island_effects": 0.48500000312924385, "anaphor_agreement": 0.5844999998807907, "s-selection": 0.6774999797344208, "argument_structure": 0.6244285745280129, "determiner_noun_agreement": 0.7353750094771385, "subject_verb_agreement": 0.5051666597525278, "ellipsis": 0.455499991774559, "control_raising": 0.6215999960899353, "quantifiers": 0.6077500060200691, "irregular_forms": 0.6610000133514404, "npi_licensing": 0.51199999664511, "binding": 0.6614285664899009, "filler_gap_dependency": 0.6538571438619069}}, "paloma": 307.00748199436305}