{"blimp": {"by_uid": {"adjunct_island": 0.6029999852180481, "anaphor_gender_agreement": 0.4729999899864197, "anaphor_number_agreement": 0.7599999904632568, "animate_subject_passive": 0.6589999794960022, "animate_subject_trans": 0.7129999995231628, "causative": 0.4620000123977661, "complex_NP_island": 0.44200000166893005, "coordinate_structure_constraint_complex_left_branch": 0.164000004529953, "coordinate_structure_constraint_object_extraction": 0.5099999904632568, "determiner_noun_agreement_1": 0.8920000195503235, "determiner_noun_agreement_2": 0.8709999918937683, "determiner_noun_agreement_irregular_1": 0.7490000128746033, "determiner_noun_agreement_irregular_2": 0.824999988079071, "determiner_noun_agreement_with_adj_2": 0.824999988079071, "determiner_noun_agreement_with_adj_irregular_1": 0.6930000185966492, "determiner_noun_agreement_with_adj_irregular_2": 0.7689999938011169, "determiner_noun_agreement_with_adjective_1": 0.8510000109672546, "distractor_agreement_relational_noun": 0.2759999930858612, "distractor_agreement_relative_clause": 0.2980000078678131, "drop_argument": 0.7160000205039978, "ellipsis_n_bar_1": 0.5550000071525574, "ellipsis_n_bar_2": 0.6859999895095825, "existential_there_object_raising": 0.7200000286102295, "existential_there_quantifiers_1": 0.8989999890327454, "existential_there_quantifiers_2": 0.22200000286102295, "existential_there_subject_raising": 0.7429999709129333, "expletive_it_object_raising": 0.7059999704360962, "inchoative": 0.4020000100135803, "intransitive": 0.6039999723434448, "irregular_past_participle_adjectives": 0.8759999871253967, "irregular_past_participle_verbs": 0.8149999976158142, "irregular_plural_subject_verb_agreement_1": 0.5989999771118164, "irregular_plural_subject_verb_agreement_2": 0.7409999966621399, "left_branch_island_echo_question": 0.5210000276565552, "left_branch_island_simple_question": 0.19099999964237213, "matrix_question_npi_licensor_present": 0.24899999797344208, "npi_present_1": 0.20100000500679016, "npi_present_2": 0.328000009059906, "only_npi_licensor_present": 0.7540000081062317, "only_npi_scope": 0.8230000138282776, "passive_1": 0.8560000061988831, "passive_2": 0.8180000185966492, "principle_A_c_command": 0.4819999933242798, "principle_A_case_1": 1.0, "principle_A_case_2": 0.6380000114440918, "principle_A_domain_1": 0.9440000057220459, "principle_A_domain_2": 0.6970000267028809, "principle_A_domain_3": 0.460999995470047, "principle_A_reconstruction": 0.35199999809265137, "regular_plural_subject_verb_agreement_1": 0.6959999799728394, "regular_plural_subject_verb_agreement_2": 0.7039999961853027, "sentential_negation_npi_licensor_present": 0.9890000224113464, "sentential_negation_npi_scope": 0.2590000033378601, "sentential_subject_island": 0.33399999141693115, "superlative_quantifiers_1": 0.6050000190734863, "superlative_quantifiers_2": 0.41600000858306885, "tough_vs_raising_1": 0.3199999928474426, "tough_vs_raising_2": 0.7229999899864197, "transitive": 0.7049999833106995, "wh_island": 0.4650000035762787, "wh_questions_object_gap": 0.5770000219345093, "wh_questions_subject_gap": 0.9100000262260437, "wh_questions_subject_gap_long_distance": 0.9599999785423279, "wh_vs_that_no_gap": 0.9760000109672546, "wh_vs_that_no_gap_long_distance": 0.9909999966621399, "wh_vs_that_with_gap": 0.1120000034570694, "wh_vs_that_with_gap_long_distance": 0.02800000086426735}, "by_phenomenon": {"island_effects": 0.40375000052154064, "anaphor_agreement": 0.6164999902248383, "s-selection": 0.6859999895095825, "argument_structure": 0.651857146195003, "determiner_noun_agreement": 0.8093750029802322, "subject_verb_agreement": 0.5523333251476288, "ellipsis": 0.62049999833107, "control_raising": 0.6423999905586243, "quantifiers": 0.5355000048875809, "irregular_forms": 0.8454999923706055, "npi_licensing": 0.5147142942462649, "binding": 0.6534285758222852, "filler_gap_dependency": 0.6505714340933731}}, "paloma": 102.14467928991085}