{"blimp": {"by_uid": {"adjunct_island": 0.5770000219345093, "anaphor_gender_agreement": 0.46000000834465027, "anaphor_number_agreement": 0.703000009059906, "animate_subject_passive": 0.6819999814033508, "animate_subject_trans": 0.6349999904632568, "causative": 0.49300000071525574, "complex_NP_island": 0.453000009059906, "coordinate_structure_constraint_complex_left_branch": 0.2630000114440918, "coordinate_structure_constraint_object_extraction": 0.5339999794960022, "determiner_noun_agreement_1": 0.890999972820282, "determiner_noun_agreement_2": 0.902999997138977, "determiner_noun_agreement_irregular_1": 0.7509999871253967, "determiner_noun_agreement_irregular_2": 0.8270000219345093, "determiner_noun_agreement_with_adj_2": 0.8190000057220459, "determiner_noun_agreement_with_adj_irregular_1": 0.6790000200271606, "determiner_noun_agreement_with_adj_irregular_2": 0.7799999713897705, "determiner_noun_agreement_with_adjective_1": 0.828000009059906, "distractor_agreement_relational_noun": 0.29100000858306885, "distractor_agreement_relative_clause": 0.2930000126361847, "drop_argument": 0.6970000267028809, "ellipsis_n_bar_1": 0.5260000228881836, "ellipsis_n_bar_2": 0.6399999856948853, "existential_there_object_raising": 0.7369999885559082, "existential_there_quantifiers_1": 0.8640000224113464, "existential_there_quantifiers_2": 0.24899999797344208, "existential_there_subject_raising": 0.699999988079071, "expletive_it_object_raising": 0.7099999785423279, "inchoative": 0.39399999380111694, "intransitive": 0.5559999942779541, "irregular_past_participle_adjectives": 0.796999990940094, "irregular_past_participle_verbs": 0.7710000276565552, "irregular_plural_subject_verb_agreement_1": 0.574999988079071, "irregular_plural_subject_verb_agreement_2": 0.675000011920929, "left_branch_island_echo_question": 0.4950000047683716, "left_branch_island_simple_question": 0.3190000057220459, "matrix_question_npi_licensor_present": 0.27900001406669617, "npi_present_1": 0.39399999380111694, "npi_present_2": 0.3630000054836273, "only_npi_licensor_present": 0.7900000214576721, "only_npi_scope": 0.8059999942779541, "passive_1": 0.8510000109672546, "passive_2": 0.8270000219345093, "principle_A_c_command": 0.527999997138977, "principle_A_case_1": 1.0, "principle_A_case_2": 0.6320000290870667, "principle_A_domain_1": 0.9359999895095825, "principle_A_domain_2": 0.6899999976158142, "principle_A_domain_3": 0.45500001311302185, "principle_A_reconstruction": 0.29899999499320984, "regular_plural_subject_verb_agreement_1": 0.6740000247955322, "regular_plural_subject_verb_agreement_2": 0.6589999794960022, "sentential_negation_npi_licensor_present": 0.9750000238418579, "sentential_negation_npi_scope": 0.2849999964237213, "sentential_subject_island": 0.3089999854564667, "superlative_quantifiers_1": 0.7599999904632568, "superlative_quantifiers_2": 0.3059999942779541, "tough_vs_raising_1": 0.3619999885559082, "tough_vs_raising_2": 0.6819999814033508, "transitive": 0.7279999852180481, "wh_island": 0.3930000066757202, "wh_questions_object_gap": 0.6110000014305115, "wh_questions_subject_gap": 0.8809999823570251, "wh_questions_subject_gap_long_distance": 0.9430000185966492, "wh_vs_that_no_gap": 0.9580000042915344, "wh_vs_that_no_gap_long_distance": 0.9700000286102295, "wh_vs_that_with_gap": 0.11599999666213989, "wh_vs_that_with_gap_long_distance": 0.04699999839067459}, "by_phenomenon": {"island_effects": 0.4178750030696392, "anaphor_agreement": 0.5815000087022781, "s-selection": 0.6584999859333038, "argument_structure": 0.6494285762310028, "determiner_noun_agreement": 0.809749998152256, "subject_verb_agreement": 0.5278333375851313, "ellipsis": 0.5830000042915344, "control_raising": 0.6381999850273132, "quantifiers": 0.5447500012814999, "irregular_forms": 0.7840000092983246, "npi_licensing": 0.556000007050378, "binding": 0.6485714316368103, "filler_gap_dependency": 0.6465714329055378}}, "paloma": 130.82143442855065}