{"blimp": {"by_uid": {"adjunct_island": 0.7099999785423279, "anaphor_gender_agreement": 0.5640000104904175, "anaphor_number_agreement": 0.6159999966621399, "animate_subject_passive": 0.6790000200271606, "animate_subject_trans": 0.6420000195503235, "causative": 0.460999995470047, "complex_NP_island": 0.5009999871253967, "coordinate_structure_constraint_complex_left_branch": 0.2770000100135803, "coordinate_structure_constraint_object_extraction": 0.3700000047683716, "determiner_noun_agreement_1": 0.7149999737739563, "determiner_noun_agreement_2": 0.7080000042915344, "determiner_noun_agreement_irregular_1": 0.6579999923706055, "determiner_noun_agreement_irregular_2": 0.699999988079071, "determiner_noun_agreement_with_adj_2": 0.5230000019073486, "determiner_noun_agreement_with_adj_irregular_1": 0.492000013589859, "determiner_noun_agreement_with_adj_irregular_2": 0.5400000214576721, "determiner_noun_agreement_with_adjective_1": 0.5600000023841858, "distractor_agreement_relational_noun": 0.3540000021457672, "distractor_agreement_relative_clause": 0.3970000147819519, "drop_argument": 0.7089999914169312, "ellipsis_n_bar_1": 0.17100000381469727, "ellipsis_n_bar_2": 0.414000004529953, "existential_there_object_raising": 0.7490000128746033, "existential_there_quantifiers_1": 0.8220000267028809, "existential_there_quantifiers_2": 0.19599999487400055, "existential_there_subject_raising": 0.5230000019073486, "expletive_it_object_raising": 0.6990000009536743, "inchoative": 0.3659999966621399, "intransitive": 0.5509999990463257, "irregular_past_participle_adjectives": 0.41999998688697815, "irregular_past_participle_verbs": 0.703000009059906, "irregular_plural_subject_verb_agreement_1": 0.5600000023841858, "irregular_plural_subject_verb_agreement_2": 0.6589999794960022, "left_branch_island_echo_question": 0.527999997138977, "left_branch_island_simple_question": 0.33899998664855957, "matrix_question_npi_licensor_present": 0.19599999487400055, "npi_present_1": 0.328000009059906, "npi_present_2": 0.31299999356269836, "only_npi_licensor_present": 0.5170000195503235, "only_npi_scope": 0.4350000023841858, "passive_1": 0.7609999775886536, "passive_2": 0.7620000243186951, "principle_A_c_command": 0.609000027179718, "principle_A_case_1": 1.0, "principle_A_case_2": 0.5889999866485596, "principle_A_domain_1": 0.8560000061988831, "principle_A_domain_2": 0.5649999976158142, "principle_A_domain_3": 0.45100000500679016, "principle_A_reconstruction": 0.36000001430511475, "regular_plural_subject_verb_agreement_1": 0.5730000138282776, "regular_plural_subject_verb_agreement_2": 0.515999972820282, "sentential_negation_npi_licensor_present": 0.9710000157356262, "sentential_negation_npi_scope": 0.33500000834465027, "sentential_subject_island": 0.5059999823570251, "superlative_quantifiers_1": 0.4519999921321869, "superlative_quantifiers_2": 0.4860000014305115, "tough_vs_raising_1": 0.37299999594688416, "tough_vs_raising_2": 0.6549999713897705, "transitive": 0.6330000162124634, "wh_island": 0.6710000038146973, "wh_questions_object_gap": 0.6179999709129333, "wh_questions_subject_gap": 0.8669999837875366, "wh_questions_subject_gap_long_distance": 0.9210000038146973, "wh_vs_that_no_gap": 0.9359999895095825, "wh_vs_that_no_gap_long_distance": 0.9409999847412109, "wh_vs_that_with_gap": 0.09600000083446503, "wh_vs_that_with_gap_long_distance": 0.06199999898672104}, "by_phenomenon": {"island_effects": 0.48774999380111694, "anaphor_agreement": 0.5900000035762787, "s-selection": 0.6605000197887421, "argument_structure": 0.6061428572450366, "determiner_noun_agreement": 0.6119999997317791, "subject_verb_agreement": 0.5098333309094111, "ellipsis": 0.29250000417232513, "control_raising": 0.5997999966144562, "quantifiers": 0.48900000378489494, "irregular_forms": 0.5614999979734421, "npi_licensing": 0.4421428633587701, "binding": 0.6328571481364114, "filler_gap_dependency": 0.6344285617981639}}, "paloma": 431.3893342247408}