{"blimp": {"by_uid": {"adjunct_island": 0.6520000100135803, "anaphor_gender_agreement": 0.5170000195503235, "anaphor_number_agreement": 0.6710000038146973, "animate_subject_passive": 0.6769999861717224, "animate_subject_trans": 0.6399999856948853, "causative": 0.4749999940395355, "complex_NP_island": 0.4970000088214874, "coordinate_structure_constraint_complex_left_branch": 0.33399999141693115, "coordinate_structure_constraint_object_extraction": 0.5189999938011169, "determiner_noun_agreement_1": 0.8240000009536743, "determiner_noun_agreement_2": 0.781000018119812, "determiner_noun_agreement_irregular_1": 0.6940000057220459, "determiner_noun_agreement_irregular_2": 0.7329999804496765, "determiner_noun_agreement_with_adj_2": 0.6579999923706055, "determiner_noun_agreement_with_adj_irregular_1": 0.597000002861023, "determiner_noun_agreement_with_adj_irregular_2": 0.6449999809265137, "determiner_noun_agreement_with_adjective_1": 0.6830000281333923, "distractor_agreement_relational_noun": 0.3109999895095825, "distractor_agreement_relative_clause": 0.34599998593330383, "drop_argument": 0.6909999847412109, "ellipsis_n_bar_1": 0.35199999809265137, "ellipsis_n_bar_2": 0.4749999940395355, "existential_there_object_raising": 0.7429999709129333, "existential_there_quantifiers_1": 0.8830000162124634, "existential_there_quantifiers_2": 0.34599998593330383, "existential_there_subject_raising": 0.5460000038146973, "expletive_it_object_raising": 0.7049999833106995, "inchoative": 0.3779999911785126, "intransitive": 0.5460000038146973, "irregular_past_participle_adjectives": 0.4779999852180481, "irregular_past_participle_verbs": 0.7429999709129333, "irregular_plural_subject_verb_agreement_1": 0.5870000123977661, "irregular_plural_subject_verb_agreement_2": 0.6389999985694885, "left_branch_island_echo_question": 0.48899999260902405, "left_branch_island_simple_question": 0.3959999978542328, "matrix_question_npi_licensor_present": 0.16899999976158142, "npi_present_1": 0.3610000014305115, "npi_present_2": 0.335999995470047, "only_npi_licensor_present": 0.7039999961853027, "only_npi_scope": 0.6620000004768372, "passive_1": 0.8029999732971191, "passive_2": 0.7940000295639038, "principle_A_c_command": 0.6480000019073486, "principle_A_case_1": 1.0, "principle_A_case_2": 0.6349999904632568, "principle_A_domain_1": 0.9259999990463257, "principle_A_domain_2": 0.5770000219345093, "principle_A_domain_3": 0.46000000834465027, "principle_A_reconstruction": 0.34599998593330383, "regular_plural_subject_verb_agreement_1": 0.6129999756813049, "regular_plural_subject_verb_agreement_2": 0.5609999895095825, "sentential_negation_npi_licensor_present": 0.9869999885559082, "sentential_negation_npi_scope": 0.3449999988079071, "sentential_subject_island": 0.45399999618530273, "superlative_quantifiers_1": 0.5389999747276306, "superlative_quantifiers_2": 0.5550000071525574, "tough_vs_raising_1": 0.36500000953674316, "tough_vs_raising_2": 0.6759999990463257, "transitive": 0.6710000038146973, "wh_island": 0.671999990940094, "wh_questions_object_gap": 0.6830000281333923, "wh_questions_subject_gap": 0.9089999794960022, "wh_questions_subject_gap_long_distance": 0.9549999833106995, "wh_vs_that_no_gap": 0.9490000009536743, "wh_vs_that_no_gap_long_distance": 0.9509999752044678, "wh_vs_that_with_gap": 0.07800000160932541, "wh_vs_that_with_gap_long_distance": 0.05900000035762787}, "by_phenomenon": {"island_effects": 0.5016249977052212, "anaphor_agreement": 0.5940000116825104, "s-selection": 0.6584999859333038, "argument_structure": 0.6225714257785252, "determiner_noun_agreement": 0.7018750011920929, "subject_verb_agreement": 0.5094999919335047, "ellipsis": 0.41349999606609344, "control_raising": 0.6069999933242798, "quantifiers": 0.5807499960064888, "irregular_forms": 0.6104999780654907, "npi_licensing": 0.5091428543840136, "binding": 0.6560000010899135, "filler_gap_dependency": 0.6548571384378842}}, "paloma": 353.60078921500815}