{"blimp": {"by_uid": {"adjunct_island": 0.5550000071525574, "anaphor_gender_agreement": 0.4050000011920929, "anaphor_number_agreement": 0.4970000088214874, "animate_subject_passive": 0.5950000286102295, "animate_subject_trans": 0.6690000295639038, "causative": 0.4519999921321869, "complex_NP_island": 0.48100000619888306, "coordinate_structure_constraint_complex_left_branch": 0.23800000548362732, "coordinate_structure_constraint_object_extraction": 0.5410000085830688, "determiner_noun_agreement_1": 0.6230000257492065, "determiner_noun_agreement_2": 0.6159999966621399, "determiner_noun_agreement_irregular_1": 0.6230000257492065, "determiner_noun_agreement_irregular_2": 0.6449999809265137, "determiner_noun_agreement_with_adj_2": 0.4950000047683716, "determiner_noun_agreement_with_adj_irregular_1": 0.4390000104904175, "determiner_noun_agreement_with_adj_irregular_2": 0.5049999952316284, "determiner_noun_agreement_with_adjective_1": 0.47699999809265137, "distractor_agreement_relational_noun": 0.414000004529953, "distractor_agreement_relative_clause": 0.4399999976158142, "drop_argument": 0.7480000257492065, "ellipsis_n_bar_1": 0.23899999260902405, "ellipsis_n_bar_2": 0.4169999957084656, "existential_there_object_raising": 0.7300000190734863, "existential_there_quantifiers_1": 0.7620000243186951, "existential_there_quantifiers_2": 0.5950000286102295, "existential_there_subject_raising": 0.49300000071525574, "expletive_it_object_raising": 0.6610000133514404, "inchoative": 0.38600000739097595, "intransitive": 0.6019999980926514, "irregular_past_participle_adjectives": 0.5640000104904175, "irregular_past_participle_verbs": 0.6069999933242798, "irregular_plural_subject_verb_agreement_1": 0.5299999713897705, "irregular_plural_subject_verb_agreement_2": 0.5889999866485596, "left_branch_island_echo_question": 0.3869999945163727, "left_branch_island_simple_question": 0.2840000092983246, "matrix_question_npi_licensor_present": 0.4259999990463257, "npi_present_1": 0.26499998569488525, "npi_present_2": 0.2669999897480011, "only_npi_licensor_present": 0.07400000095367432, "only_npi_scope": 0.3370000123977661, "passive_1": 0.7129999995231628, "passive_2": 0.6980000138282776, "principle_A_c_command": 0.6129999756813049, "principle_A_case_1": 1.0, "principle_A_case_2": 0.45100000500679016, "principle_A_domain_1": 0.6489999890327454, "principle_A_domain_2": 0.5270000100135803, "principle_A_domain_3": 0.4790000021457672, "principle_A_reconstruction": 0.2619999945163727, "regular_plural_subject_verb_agreement_1": 0.503000020980835, "regular_plural_subject_verb_agreement_2": 0.5239999890327454, "sentential_negation_npi_licensor_present": 0.7799999713897705, "sentential_negation_npi_scope": 0.34299999475479126, "sentential_subject_island": 0.6129999756813049, "superlative_quantifiers_1": 0.5379999876022339, "superlative_quantifiers_2": 0.7390000224113464, "tough_vs_raising_1": 0.3269999921321869, "tough_vs_raising_2": 0.7089999914169312, "transitive": 0.5730000138282776, "wh_island": 0.703000009059906, "wh_questions_object_gap": 0.5590000152587891, "wh_questions_subject_gap": 0.8840000033378601, "wh_questions_subject_gap_long_distance": 0.8949999809265137, "wh_vs_that_no_gap": 0.8920000195503235, "wh_vs_that_no_gap_long_distance": 0.9039999842643738, "wh_vs_that_with_gap": 0.09200000017881393, "wh_vs_that_with_gap_long_distance": 0.08799999952316284}, "by_phenomenon": {"island_effects": 0.4752500019967556, "anaphor_agreement": 0.45100000500679016, "s-selection": 0.6320000290870667, "argument_structure": 0.5960000072206769, "determiner_noun_agreement": 0.5528750047087669, "subject_verb_agreement": 0.4999999950329463, "ellipsis": 0.3279999941587448, "control_raising": 0.5840000033378601, "quantifiers": 0.6585000157356262, "irregular_forms": 0.5855000019073486, "npi_licensing": 0.35599999342645916, "binding": 0.5687142823423658, "filler_gap_dependency": 0.6162857147199767}}, "paloma": 844.8928044016768}