{"blimp": {"by_uid": {"adjunct_island": 0.5820000171661377, "anaphor_gender_agreement": 0.41600000858306885, "anaphor_number_agreement": 0.5189999938011169, "animate_subject_passive": 0.6190000176429749, "animate_subject_trans": 0.6639999747276306, "causative": 0.46299999952316284, "complex_NP_island": 0.3799999952316284, "coordinate_structure_constraint_complex_left_branch": 0.25200000405311584, "coordinate_structure_constraint_object_extraction": 0.4230000078678131, "determiner_noun_agreement_1": 0.6190000176429749, "determiner_noun_agreement_2": 0.5899999737739563, "determiner_noun_agreement_irregular_1": 0.6150000095367432, "determiner_noun_agreement_irregular_2": 0.6470000147819519, "determiner_noun_agreement_with_adj_2": 0.4860000014305115, "determiner_noun_agreement_with_adj_irregular_1": 0.4480000138282776, "determiner_noun_agreement_with_adj_irregular_2": 0.4869999885559082, "determiner_noun_agreement_with_adjective_1": 0.4749999940395355, "distractor_agreement_relational_noun": 0.421999990940094, "distractor_agreement_relative_clause": 0.4320000112056732, "drop_argument": 0.7250000238418579, "ellipsis_n_bar_1": 0.20100000500679016, "ellipsis_n_bar_2": 0.36000001430511475, "existential_there_object_raising": 0.7570000290870667, "existential_there_quantifiers_1": 0.7089999914169312, "existential_there_quantifiers_2": 0.18299999833106995, "existential_there_subject_raising": 0.5419999957084656, "expletive_it_object_raising": 0.6790000200271606, "inchoative": 0.3779999911785126, "intransitive": 0.5789999961853027, "irregular_past_participle_adjectives": 0.765999972820282, "irregular_past_participle_verbs": 0.640999972820282, "irregular_plural_subject_verb_agreement_1": 0.527999997138977, "irregular_plural_subject_verb_agreement_2": 0.6029999852180481, "left_branch_island_echo_question": 0.503000020980835, "left_branch_island_simple_question": 0.30399999022483826, "matrix_question_npi_licensor_present": 0.2280000001192093, "npi_present_1": 0.3050000071525574, "npi_present_2": 0.30399999022483826, "only_npi_licensor_present": 0.6859999895095825, "only_npi_scope": 0.47600001096725464, "passive_1": 0.7440000176429749, "passive_2": 0.718999981880188, "principle_A_c_command": 0.6690000295639038, "principle_A_case_1": 1.0, "principle_A_case_2": 0.4819999933242798, "principle_A_domain_1": 0.9079999923706055, "principle_A_domain_2": 0.5329999923706055, "principle_A_domain_3": 0.44699999690055847, "principle_A_reconstruction": 0.2409999966621399, "regular_plural_subject_verb_agreement_1": 0.515999972820282, "regular_plural_subject_verb_agreement_2": 0.5149999856948853, "sentential_negation_npi_licensor_present": 0.8939999938011169, "sentential_negation_npi_scope": 0.3889999985694885, "sentential_subject_island": 0.5709999799728394, "superlative_quantifiers_1": 0.4869999885559082, "superlative_quantifiers_2": 0.7820000052452087, "tough_vs_raising_1": 0.36800000071525574, "tough_vs_raising_2": 0.6690000295639038, "transitive": 0.621999979019165, "wh_island": 0.8050000071525574, "wh_questions_object_gap": 0.5799999833106995, "wh_questions_subject_gap": 0.8980000019073486, "wh_questions_subject_gap_long_distance": 0.9150000214576721, "wh_vs_that_no_gap": 0.8930000066757202, "wh_vs_that_no_gap_long_distance": 0.8799999952316284, "wh_vs_that_with_gap": 0.07900000363588333, "wh_vs_that_with_gap_long_distance": 0.08799999952316284}, "by_phenomenon": {"island_effects": 0.4775000028312206, "anaphor_agreement": 0.4675000011920929, "s-selection": 0.6414999961853027, "argument_structure": 0.6042857127530235, "determiner_noun_agreement": 0.5458750016987324, "subject_verb_agreement": 0.50266665716966, "ellipsis": 0.28050000965595245, "control_raising": 0.6030000150203705, "quantifiers": 0.5402499958872795, "irregular_forms": 0.703499972820282, "npi_licensing": 0.46885714147772106, "binding": 0.6114285715988704, "filler_gap_dependency": 0.619000001677445}}, "paloma": 678.6567434224518}