{"blimp": {"by_uid": {"adjunct_island": 0.6589999794960022, "anaphor_gender_agreement": 0.5460000038146973, "anaphor_number_agreement": 0.8389999866485596, "animate_subject_passive": 0.7160000205039978, "animate_subject_trans": 0.7319999933242798, "causative": 0.4749999940395355, "complex_NP_island": 0.48500001430511475, "coordinate_structure_constraint_complex_left_branch": 0.16699999570846558, "coordinate_structure_constraint_object_extraction": 0.47699999809265137, "determiner_noun_agreement_1": 0.9110000133514404, "determiner_noun_agreement_2": 0.8880000114440918, "determiner_noun_agreement_irregular_1": 0.7799999713897705, "determiner_noun_agreement_irregular_2": 0.8199999928474426, "determiner_noun_agreement_with_adj_2": 0.7919999957084656, "determiner_noun_agreement_with_adj_irregular_1": 0.6769999861717224, "determiner_noun_agreement_with_adj_irregular_2": 0.734000027179718, "determiner_noun_agreement_with_adjective_1": 0.8420000076293945, "distractor_agreement_relational_noun": 0.37599998712539673, "distractor_agreement_relative_clause": 0.30799999833106995, "drop_argument": 0.7099999785423279, "ellipsis_n_bar_1": 0.5730000138282776, "ellipsis_n_bar_2": 0.7039999961853027, "existential_there_object_raising": 0.7360000014305115, "existential_there_quantifiers_1": 0.9520000219345093, "existential_there_quantifiers_2": 0.2840000092983246, "existential_there_subject_raising": 0.7329999804496765, "expletive_it_object_raising": 0.7129999995231628, "inchoative": 0.41499999165534973, "intransitive": 0.6110000014305115, "irregular_past_participle_adjectives": 0.9520000219345093, "irregular_past_participle_verbs": 0.8399999737739563, "irregular_plural_subject_verb_agreement_1": 0.652999997138977, "irregular_plural_subject_verb_agreement_2": 0.7919999957084656, "left_branch_island_echo_question": 0.5590000152587891, "left_branch_island_simple_question": 0.17299999296665192, "matrix_question_npi_licensor_present": 0.2160000056028366, "npi_present_1": 0.3140000104904175, "npi_present_2": 0.43299999833106995, "only_npi_licensor_present": 0.3959999978542328, "only_npi_scope": 0.7400000095367432, "passive_1": 0.8289999961853027, "passive_2": 0.8119999766349792, "principle_A_c_command": 0.4399999976158142, "principle_A_case_1": 1.0, "principle_A_case_2": 0.6710000038146973, "principle_A_domain_1": 0.9079999923706055, "principle_A_domain_2": 0.7400000095367432, "principle_A_domain_3": 0.4740000069141388, "principle_A_reconstruction": 0.4339999854564667, "regular_plural_subject_verb_agreement_1": 0.734000027179718, "regular_plural_subject_verb_agreement_2": 0.8259999752044678, "sentential_negation_npi_licensor_present": 0.996999979019165, "sentential_negation_npi_scope": 0.23499999940395355, "sentential_subject_island": 0.4020000100135803, "superlative_quantifiers_1": 0.44699999690055847, "superlative_quantifiers_2": 0.5059999823570251, "tough_vs_raising_1": 0.3529999852180481, "tough_vs_raising_2": 0.7300000190734863, "transitive": 0.7229999899864197, "wh_island": 0.6620000004768372, "wh_questions_object_gap": 0.5249999761581421, "wh_questions_subject_gap": 0.8999999761581421, "wh_questions_subject_gap_long_distance": 0.9610000252723694, "wh_vs_that_no_gap": 0.9750000238418579, "wh_vs_that_no_gap_long_distance": 0.9940000176429749, "wh_vs_that_with_gap": 0.15199999511241913, "wh_vs_that_with_gap_long_distance": 0.04399999976158142}, "by_phenomenon": {"island_effects": 0.44800000078976154, "anaphor_agreement": 0.6924999952316284, "s-selection": 0.7240000069141388, "argument_structure": 0.6535714183534894, "determiner_noun_agreement": 0.8055000007152557, "subject_verb_agreement": 0.6148333301146826, "ellipsis": 0.6385000050067902, "control_raising": 0.652999997138977, "quantifiers": 0.5472500026226044, "irregular_forms": 0.8959999978542328, "npi_licensing": 0.4758571428912027, "binding": 0.6667142851012093, "filler_gap_dependency": 0.6501428591353553}}, "paloma": 84.25822814233626}