{"blimp": {"by_uid": {"adjunct_island": 0.5109999775886536, "anaphor_gender_agreement": 0.531000018119812, "anaphor_number_agreement": 0.5009999871253967, "animate_subject_passive": 0.5699999928474426, "animate_subject_trans": 0.6029999852180481, "causative": 0.39899998903274536, "complex_NP_island": 0.4390000104904175, "coordinate_structure_constraint_complex_left_branch": 0.5299999713897705, "coordinate_structure_constraint_object_extraction": 0.5410000085830688, "determiner_noun_agreement_1": 0.49900001287460327, "determiner_noun_agreement_2": 0.48899999260902405, "determiner_noun_agreement_irregular_1": 0.48899999260902405, "determiner_noun_agreement_irregular_2": 0.4650000035762787, "determiner_noun_agreement_with_adj_2": 0.515999972820282, "determiner_noun_agreement_with_adj_irregular_1": 0.5019999742507935, "determiner_noun_agreement_with_adj_irregular_2": 0.5220000147819519, "determiner_noun_agreement_with_adjective_1": 0.5070000290870667, "distractor_agreement_relational_noun": 0.44999998807907104, "distractor_agreement_relative_clause": 0.5070000290870667, "drop_argument": 0.7049999833106995, "ellipsis_n_bar_1": 0.5339999794960022, "ellipsis_n_bar_2": 0.3240000009536743, "existential_there_object_raising": 0.6179999709129333, "existential_there_quantifiers_1": 0.6690000295639038, "existential_there_quantifiers_2": 0.4300000071525574, "existential_there_subject_raising": 0.5370000004768372, "expletive_it_object_raising": 0.5809999704360962, "inchoative": 0.4259999990463257, "intransitive": 0.597000002861023, "irregular_past_participle_adjectives": 0.5649999976158142, "irregular_past_participle_verbs": 0.597000002861023, "irregular_plural_subject_verb_agreement_1": 0.4970000088214874, "irregular_plural_subject_verb_agreement_2": 0.453000009059906, "left_branch_island_echo_question": 0.4440000057220459, "left_branch_island_simple_question": 0.49300000071525574, "matrix_question_npi_licensor_present": 0.6570000052452087, "npi_present_1": 0.6600000262260437, "npi_present_2": 0.5329999923706055, "only_npi_licensor_present": 0.7490000128746033, "only_npi_scope": 0.6129999756813049, "passive_1": 0.6029999852180481, "passive_2": 0.5910000205039978, "principle_A_c_command": 0.45399999618530273, "principle_A_case_1": 0.7730000019073486, "principle_A_case_2": 0.47099998593330383, "principle_A_domain_1": 0.3269999921321869, "principle_A_domain_2": 0.4860000014305115, "principle_A_domain_3": 0.47200000286102295, "principle_A_reconstruction": 0.5429999828338623, "regular_plural_subject_verb_agreement_1": 0.46799999475479126, "regular_plural_subject_verb_agreement_2": 0.5080000162124634, "sentential_negation_npi_licensor_present": 0.43799999356269836, "sentential_negation_npi_scope": 0.6510000228881836, "sentential_subject_island": 0.5410000085830688, "superlative_quantifiers_1": 0.40400001406669617, "superlative_quantifiers_2": 0.42100000381469727, "tough_vs_raising_1": 0.3919999897480011, "tough_vs_raising_2": 0.6309999823570251, "transitive": 0.5230000019073486, "wh_island": 0.5379999876022339, "wh_questions_object_gap": 0.503000020980835, "wh_questions_subject_gap": 0.4699999988079071, "wh_questions_subject_gap_long_distance": 0.4659999907016754, "wh_vs_that_no_gap": 0.5009999871253967, "wh_vs_that_no_gap_long_distance": 0.421999990940094, "wh_vs_that_with_gap": 0.4869999885559082, "wh_vs_that_with_gap_long_distance": 0.5640000104904175}, "by_phenomenon": {"island_effects": 0.5046249963343143, "anaphor_agreement": 0.5160000026226044, "s-selection": 0.5864999890327454, "argument_structure": 0.5491428545543126, "determiner_noun_agreement": 0.498624999076128, "subject_verb_agreement": 0.480500007669131, "ellipsis": 0.42899999022483826, "control_raising": 0.5517999827861786, "quantifiers": 0.48100001364946365, "irregular_forms": 0.5810000002384186, "npi_licensing": 0.6144285755498069, "binding": 0.503714280469077, "filler_gap_dependency": 0.4875714268003191}}, "paloma": 58426.66523029181}