{"blimp": {"by_uid": {"adjunct_island": 0.6019999980926514, "anaphor_gender_agreement": 0.4869999885559082, "anaphor_number_agreement": 0.8029999732971191, "animate_subject_passive": 0.6700000166893005, "animate_subject_trans": 0.7200000286102295, "causative": 0.46299999952316284, "complex_NP_island": 0.4909999966621399, "coordinate_structure_constraint_complex_left_branch": 0.1899999976158142, "coordinate_structure_constraint_object_extraction": 0.4790000021457672, "determiner_noun_agreement_1": 0.8970000147819519, "determiner_noun_agreement_2": 0.8759999871253967, "determiner_noun_agreement_irregular_1": 0.7549999952316284, "determiner_noun_agreement_irregular_2": 0.8119999766349792, "determiner_noun_agreement_with_adj_2": 0.8050000071525574, "determiner_noun_agreement_with_adj_irregular_1": 0.6919999718666077, "determiner_noun_agreement_with_adj_irregular_2": 0.7360000014305115, "determiner_noun_agreement_with_adjective_1": 0.843999981880188, "distractor_agreement_relational_noun": 0.2669999897480011, "distractor_agreement_relative_clause": 0.296999990940094, "drop_argument": 0.7260000109672546, "ellipsis_n_bar_1": 0.5640000104904175, "ellipsis_n_bar_2": 0.6840000152587891, "existential_there_object_raising": 0.7229999899864197, "existential_there_quantifiers_1": 0.9100000262260437, "existential_there_quantifiers_2": 0.22200000286102295, "existential_there_subject_raising": 0.7350000143051147, "expletive_it_object_raising": 0.7020000219345093, "inchoative": 0.4059999883174896, "intransitive": 0.625, "irregular_past_participle_adjectives": 0.9100000262260437, "irregular_past_participle_verbs": 0.8080000281333923, "irregular_plural_subject_verb_agreement_1": 0.6340000033378601, "irregular_plural_subject_verb_agreement_2": 0.7599999904632568, "left_branch_island_echo_question": 0.5529999732971191, "left_branch_island_simple_question": 0.2029999941587448, "matrix_question_npi_licensor_present": 0.24899999797344208, "npi_present_1": 0.24699999392032623, "npi_present_2": 0.42500001192092896, "only_npi_licensor_present": 0.41200000047683716, "only_npi_scope": 0.800000011920929, "passive_1": 0.843999981880188, "passive_2": 0.8080000281333923, "principle_A_c_command": 0.47699999809265137, "principle_A_case_1": 1.0, "principle_A_case_2": 0.628000020980835, "principle_A_domain_1": 0.8920000195503235, "principle_A_domain_2": 0.718999981880188, "principle_A_domain_3": 0.4620000123977661, "principle_A_reconstruction": 0.4059999883174896, "regular_plural_subject_verb_agreement_1": 0.7210000157356262, "regular_plural_subject_verb_agreement_2": 0.7649999856948853, "sentential_negation_npi_licensor_present": 0.9900000095367432, "sentential_negation_npi_scope": 0.21899999678134918, "sentential_subject_island": 0.39800000190734863, "superlative_quantifiers_1": 0.5210000276565552, "superlative_quantifiers_2": 0.47200000286102295, "tough_vs_raising_1": 0.33799999952316284, "tough_vs_raising_2": 0.7070000171661377, "transitive": 0.7080000042915344, "wh_island": 0.5320000052452087, "wh_questions_object_gap": 0.5690000057220459, "wh_questions_subject_gap": 0.8970000147819519, "wh_questions_subject_gap_long_distance": 0.9700000286102295, "wh_vs_that_no_gap": 0.984000027179718, "wh_vs_that_no_gap_long_distance": 0.9959999918937683, "wh_vs_that_with_gap": 0.10499999672174454, "wh_vs_that_with_gap_long_distance": 0.02800000086426735}, "by_phenomenon": {"island_effects": 0.43099999614059925, "anaphor_agreement": 0.6449999809265137, "s-selection": 0.695000022649765, "argument_structure": 0.6542857161590031, "determiner_noun_agreement": 0.8021249920129776, "subject_verb_agreement": 0.5739999959866205, "ellipsis": 0.6240000128746033, "control_raising": 0.6410000085830688, "quantifiers": 0.5312500149011612, "irregular_forms": 0.859000027179718, "npi_licensing": 0.47742857464722227, "binding": 0.6548571458884648, "filler_gap_dependency": 0.6498571522533894}}, "paloma": 94.85722428223812}