{"blimp": {"by_uid": {"adjunct_island": 0.6140000224113464, "anaphor_gender_agreement": 0.5019999742507935, "anaphor_number_agreement": 0.7720000147819519, "animate_subject_passive": 0.6629999876022339, "animate_subject_trans": 0.7139999866485596, "causative": 0.4659999907016754, "complex_NP_island": 0.4480000138282776, "coordinate_structure_constraint_complex_left_branch": 0.1679999977350235, "coordinate_structure_constraint_object_extraction": 0.5059999823570251, "determiner_noun_agreement_1": 0.8899999856948853, "determiner_noun_agreement_2": 0.8769999742507935, "determiner_noun_agreement_irregular_1": 0.7429999709129333, "determiner_noun_agreement_irregular_2": 0.8330000042915344, "determiner_noun_agreement_with_adj_2": 0.828000009059906, "determiner_noun_agreement_with_adj_irregular_1": 0.6909999847412109, "determiner_noun_agreement_with_adj_irregular_2": 0.7620000243186951, "determiner_noun_agreement_with_adjective_1": 0.8519999980926514, "distractor_agreement_relational_noun": 0.27799999713897705, "distractor_agreement_relative_clause": 0.3019999861717224, "drop_argument": 0.7070000171661377, "ellipsis_n_bar_1": 0.5419999957084656, "ellipsis_n_bar_2": 0.6880000233650208, "existential_there_object_raising": 0.7229999899864197, "existential_there_quantifiers_1": 0.8980000019073486, "existential_there_quantifiers_2": 0.2290000021457672, "existential_there_subject_raising": 0.7450000047683716, "expletive_it_object_raising": 0.7020000219345093, "inchoative": 0.4000000059604645, "intransitive": 0.6029999852180481, "irregular_past_participle_adjectives": 0.9039999842643738, "irregular_past_participle_verbs": 0.8109999895095825, "irregular_plural_subject_verb_agreement_1": 0.6079999804496765, "irregular_plural_subject_verb_agreement_2": 0.7310000061988831, "left_branch_island_echo_question": 0.5180000066757202, "left_branch_island_simple_question": 0.18400000035762787, "matrix_question_npi_licensor_present": 0.24500000476837158, "npi_present_1": 0.22499999403953552, "npi_present_2": 0.335999995470047, "only_npi_licensor_present": 0.8090000152587891, "only_npi_scope": 0.8550000190734863, "passive_1": 0.8500000238418579, "passive_2": 0.8230000138282776, "principle_A_c_command": 0.4699999988079071, "principle_A_case_1": 1.0, "principle_A_case_2": 0.6460000276565552, "principle_A_domain_1": 0.921999990940094, "principle_A_domain_2": 0.699999988079071, "principle_A_domain_3": 0.4519999921321869, "principle_A_reconstruction": 0.36500000953674316, "regular_plural_subject_verb_agreement_1": 0.6869999766349792, "regular_plural_subject_verb_agreement_2": 0.7149999737739563, "sentential_negation_npi_licensor_present": 0.9890000224113464, "sentential_negation_npi_scope": 0.26100000739097595, "sentential_subject_island": 0.3449999988079071, "superlative_quantifiers_1": 0.6299999952316284, "superlative_quantifiers_2": 0.37700000405311584, "tough_vs_raising_1": 0.3190000057220459, "tough_vs_raising_2": 0.7350000143051147, "transitive": 0.7149999737739563, "wh_island": 0.4580000042915344, "wh_questions_object_gap": 0.5910000205039978, "wh_questions_subject_gap": 0.9110000133514404, "wh_questions_subject_gap_long_distance": 0.9599999785423279, "wh_vs_that_no_gap": 0.9810000061988831, "wh_vs_that_no_gap_long_distance": 0.9919999837875366, "wh_vs_that_with_gap": 0.10499999672174454, "wh_vs_that_with_gap_long_distance": 0.03099999949336052}, "by_phenomenon": {"island_effects": 0.4051250033080578, "anaphor_agreement": 0.6369999945163727, "s-selection": 0.6884999871253967, "argument_structure": 0.652000001498631, "determiner_noun_agreement": 0.8094999939203262, "subject_verb_agreement": 0.5534999867280325, "ellipsis": 0.6150000095367432, "control_raising": 0.6448000073432922, "quantifiers": 0.533500000834465, "irregular_forms": 0.8574999868869781, "npi_licensing": 0.5314285797732217, "binding": 0.6507142867360797, "filler_gap_dependency": 0.6529999997998986}}, "paloma": 102.9114561754652}