{"blimp": {"by_uid": {"adjunct_island": 0.6430000066757202, "anaphor_gender_agreement": 0.5199999809265137, "anaphor_number_agreement": 0.8159999847412109, "animate_subject_passive": 0.7059999704360962, "animate_subject_trans": 0.7239999771118164, "causative": 0.4690000116825104, "complex_NP_island": 0.492000013589859, "coordinate_structure_constraint_complex_left_branch": 0.18199999630451202, "coordinate_structure_constraint_object_extraction": 0.5080000162124634, "determiner_noun_agreement_1": 0.906000018119812, "determiner_noun_agreement_2": 0.890999972820282, "determiner_noun_agreement_irregular_1": 0.765999972820282, "determiner_noun_agreement_irregular_2": 0.8130000233650208, "determiner_noun_agreement_with_adj_2": 0.7900000214576721, "determiner_noun_agreement_with_adj_irregular_1": 0.6690000295639038, "determiner_noun_agreement_with_adj_irregular_2": 0.7229999899864197, "determiner_noun_agreement_with_adjective_1": 0.8199999928474426, "distractor_agreement_relational_noun": 0.36399999260902405, "distractor_agreement_relative_clause": 0.2980000078678131, "drop_argument": 0.7089999914169312, "ellipsis_n_bar_1": 0.5590000152587891, "ellipsis_n_bar_2": 0.6890000104904175, "existential_there_object_raising": 0.7229999899864197, "existential_there_quantifiers_1": 0.9490000009536743, "existential_there_quantifiers_2": 0.28700000047683716, "existential_there_subject_raising": 0.703000009059906, "expletive_it_object_raising": 0.6980000138282776, "inchoative": 0.40799999237060547, "intransitive": 0.6129999756813049, "irregular_past_participle_adjectives": 0.9570000171661377, "irregular_past_participle_verbs": 0.8059999942779541, "irregular_plural_subject_verb_agreement_1": 0.6579999923706055, "irregular_plural_subject_verb_agreement_2": 0.7940000295639038, "left_branch_island_echo_question": 0.5659999847412109, "left_branch_island_simple_question": 0.1850000023841858, "matrix_question_npi_licensor_present": 0.20900000631809235, "npi_present_1": 0.32199999690055847, "npi_present_2": 0.44999998807907104, "only_npi_licensor_present": 0.3330000042915344, "only_npi_scope": 0.7059999704360962, "passive_1": 0.8349999785423279, "passive_2": 0.8119999766349792, "principle_A_c_command": 0.4819999933242798, "principle_A_case_1": 1.0, "principle_A_case_2": 0.6650000214576721, "principle_A_domain_1": 0.8980000019073486, "principle_A_domain_2": 0.7319999933242798, "principle_A_domain_3": 0.4690000116825104, "principle_A_reconstruction": 0.4410000145435333, "regular_plural_subject_verb_agreement_1": 0.7429999709129333, "regular_plural_subject_verb_agreement_2": 0.828000009059906, "sentential_negation_npi_licensor_present": 0.9959999918937683, "sentential_negation_npi_scope": 0.22300000488758087, "sentential_subject_island": 0.4009999930858612, "superlative_quantifiers_1": 0.44600000977516174, "superlative_quantifiers_2": 0.4819999933242798, "tough_vs_raising_1": 0.3409999907016754, "tough_vs_raising_2": 0.734000027179718, "transitive": 0.718999981880188, "wh_island": 0.6299999952316284, "wh_questions_object_gap": 0.5479999780654907, "wh_questions_subject_gap": 0.8859999775886536, "wh_questions_subject_gap_long_distance": 0.9580000042915344, "wh_vs_that_no_gap": 0.9769999980926514, "wh_vs_that_no_gap_long_distance": 0.9919999837875366, "wh_vs_that_with_gap": 0.14399999380111694, "wh_vs_that_with_gap_long_distance": 0.050999999046325684}, "by_phenomenon": {"island_effects": 0.4508750010281801, "anaphor_agreement": 0.6679999828338623, "s-selection": 0.7149999737739563, "argument_structure": 0.6521428440298352, "determiner_noun_agreement": 0.7972500026226044, "subject_verb_agreement": 0.614166667064031, "ellipsis": 0.6240000128746033, "control_raising": 0.6398000061511994, "quantifiers": 0.5410000011324883, "irregular_forms": 0.8815000057220459, "npi_licensing": 0.46271428040095736, "binding": 0.6695714337485177, "filler_gap_dependency": 0.6508571335247585}}, "paloma": 85.34057447993382}