{"blimp": {"by_uid": {"adjunct_island": 0.6019999980926514, "anaphor_gender_agreement": 0.5040000081062317, "anaphor_number_agreement": 0.8299999833106995, "animate_subject_passive": 0.6830000281333923, "animate_subject_trans": 0.718999981880188, "causative": 0.47600001096725464, "complex_NP_island": 0.5109999775886536, "coordinate_structure_constraint_complex_left_branch": 0.20600000023841858, "coordinate_structure_constraint_object_extraction": 0.4970000088214874, "determiner_noun_agreement_1": 0.9039999842643738, "determiner_noun_agreement_2": 0.8799999952316284, "determiner_noun_agreement_irregular_1": 0.7490000128746033, "determiner_noun_agreement_irregular_2": 0.8119999766349792, "determiner_noun_agreement_with_adj_2": 0.8069999814033508, "determiner_noun_agreement_with_adj_irregular_1": 0.6740000247955322, "determiner_noun_agreement_with_adj_irregular_2": 0.7419999837875366, "determiner_noun_agreement_with_adjective_1": 0.8600000143051147, "distractor_agreement_relational_noun": 0.2879999876022339, "distractor_agreement_relative_clause": 0.29499998688697815, "drop_argument": 0.7170000076293945, "ellipsis_n_bar_1": 0.5529999732971191, "ellipsis_n_bar_2": 0.6819999814033508, "existential_there_object_raising": 0.722000002861023, "existential_there_quantifiers_1": 0.9200000166893005, "existential_there_quantifiers_2": 0.2919999957084656, "existential_there_subject_raising": 0.7269999980926514, "expletive_it_object_raising": 0.7020000219345093, "inchoative": 0.40700000524520874, "intransitive": 0.6100000143051147, "irregular_past_participle_adjectives": 0.8989999890327454, "irregular_past_participle_verbs": 0.7950000166893005, "irregular_plural_subject_verb_agreement_1": 0.6349999904632568, "irregular_plural_subject_verb_agreement_2": 0.7609999775886536, "left_branch_island_echo_question": 0.5830000042915344, "left_branch_island_simple_question": 0.2070000022649765, "matrix_question_npi_licensor_present": 0.2329999953508377, "npi_present_1": 0.2750000059604645, "npi_present_2": 0.4410000145435333, "only_npi_licensor_present": 0.33500000834465027, "only_npi_scope": 0.7879999876022339, "passive_1": 0.8379999995231628, "passive_2": 0.8059999942779541, "principle_A_c_command": 0.47099998593330383, "principle_A_case_1": 1.0, "principle_A_case_2": 0.6380000114440918, "principle_A_domain_1": 0.8690000176429749, "principle_A_domain_2": 0.7319999933242798, "principle_A_domain_3": 0.4699999988079071, "principle_A_reconstruction": 0.4399999976158142, "regular_plural_subject_verb_agreement_1": 0.722000002861023, "regular_plural_subject_verb_agreement_2": 0.8009999990463257, "sentential_negation_npi_licensor_present": 0.9900000095367432, "sentential_negation_npi_scope": 0.2240000069141388, "sentential_subject_island": 0.39500001072883606, "superlative_quantifiers_1": 0.42800000309944153, "superlative_quantifiers_2": 0.460999995470047, "tough_vs_raising_1": 0.35899999737739563, "tough_vs_raising_2": 0.6880000233650208, "transitive": 0.7080000042915344, "wh_island": 0.5529999732971191, "wh_questions_object_gap": 0.5720000267028809, "wh_questions_subject_gap": 0.8970000147819519, "wh_questions_subject_gap_long_distance": 0.9599999785423279, "wh_vs_that_no_gap": 0.9789999723434448, "wh_vs_that_no_gap_long_distance": 0.9890000224113464, "wh_vs_that_with_gap": 0.12300000339746475, "wh_vs_that_with_gap_long_distance": 0.035999998450279236}, "by_phenomenon": {"island_effects": 0.44424999691545963, "anaphor_agreement": 0.6669999957084656, "s-selection": 0.7010000050067902, "argument_structure": 0.6517142908913749, "determiner_noun_agreement": 0.8034999966621399, "subject_verb_agreement": 0.5836666574080785, "ellipsis": 0.617499977350235, "control_raising": 0.63960000872612, "quantifiers": 0.5252500027418137, "irregular_forms": 0.847000002861023, "npi_licensing": 0.4694285754646574, "binding": 0.6600000006811959, "filler_gap_dependency": 0.6508571452328137}}, "paloma": 91.94147891433397}