{"blimp": {"by_uid": {"adjunct_island": 0.6439999938011169, "anaphor_gender_agreement": 0.5519999861717224, "anaphor_number_agreement": 0.8240000009536743, "animate_subject_passive": 0.6980000138282776, "animate_subject_trans": 0.7210000157356262, "causative": 0.47200000286102295, "complex_NP_island": 0.49900001287460327, "coordinate_structure_constraint_complex_left_branch": 0.17599999904632568, "coordinate_structure_constraint_object_extraction": 0.46799999475479126, "determiner_noun_agreement_1": 0.9039999842643738, "determiner_noun_agreement_2": 0.8840000033378601, "determiner_noun_agreement_irregular_1": 0.7680000066757202, "determiner_noun_agreement_irregular_2": 0.8059999942779541, "determiner_noun_agreement_with_adj_2": 0.7860000133514404, "determiner_noun_agreement_with_adj_irregular_1": 0.6729999780654907, "determiner_noun_agreement_with_adj_irregular_2": 0.7279999852180481, "determiner_noun_agreement_with_adjective_1": 0.8270000219345093, "distractor_agreement_relational_noun": 0.3709999918937683, "distractor_agreement_relative_clause": 0.3009999990463257, "drop_argument": 0.7179999947547913, "ellipsis_n_bar_1": 0.5789999961853027, "ellipsis_n_bar_2": 0.6990000009536743, "existential_there_object_raising": 0.7289999723434448, "existential_there_quantifiers_1": 0.9470000267028809, "existential_there_quantifiers_2": 0.26100000739097595, "existential_there_subject_raising": 0.703000009059906, "expletive_it_object_raising": 0.7049999833106995, "inchoative": 0.4169999957084656, "intransitive": 0.6100000143051147, "irregular_past_participle_adjectives": 0.9369999766349792, "irregular_past_participle_verbs": 0.8119999766349792, "irregular_plural_subject_verb_agreement_1": 0.652999997138977, "irregular_plural_subject_verb_agreement_2": 0.7760000228881836, "left_branch_island_echo_question": 0.5799999833106995, "left_branch_island_simple_question": 0.18000000715255737, "matrix_question_npi_licensor_present": 0.21199999749660492, "npi_present_1": 0.30000001192092896, "npi_present_2": 0.4339999854564667, "only_npi_licensor_present": 0.3610000014305115, "only_npi_scope": 0.7160000205039978, "passive_1": 0.8299999833106995, "passive_2": 0.8009999990463257, "principle_A_c_command": 0.47600001096725464, "principle_A_case_1": 1.0, "principle_A_case_2": 0.6790000200271606, "principle_A_domain_1": 0.875, "principle_A_domain_2": 0.7350000143051147, "principle_A_domain_3": 0.48100000619888306, "principle_A_reconstruction": 0.42399999499320984, "regular_plural_subject_verb_agreement_1": 0.7459999918937683, "regular_plural_subject_verb_agreement_2": 0.8220000267028809, "sentential_negation_npi_licensor_present": 0.9950000047683716, "sentential_negation_npi_scope": 0.22100000083446503, "sentential_subject_island": 0.38499999046325684, "superlative_quantifiers_1": 0.4749999940395355, "superlative_quantifiers_2": 0.47999998927116394, "tough_vs_raising_1": 0.35199999809265137, "tough_vs_raising_2": 0.734000027179718, "transitive": 0.7149999737739563, "wh_island": 0.6669999957084656, "wh_questions_object_gap": 0.5419999957084656, "wh_questions_subject_gap": 0.890999972820282, "wh_questions_subject_gap_long_distance": 0.9599999785423279, "wh_vs_that_no_gap": 0.9769999980926514, "wh_vs_that_no_gap_long_distance": 0.9929999709129333, "wh_vs_that_with_gap": 0.1379999965429306, "wh_vs_that_with_gap_long_distance": 0.039000000804662704}, "by_phenomenon": {"island_effects": 0.44987499713897705, "anaphor_agreement": 0.6879999935626984, "s-selection": 0.7095000147819519, "argument_structure": 0.6518571376800537, "determiner_noun_agreement": 0.7969999983906746, "subject_verb_agreement": 0.6115000049273173, "ellipsis": 0.6389999985694885, "control_raising": 0.644599997997284, "quantifiers": 0.5407500043511391, "irregular_forms": 0.8744999766349792, "npi_licensing": 0.46271428891590666, "binding": 0.6671428637845176, "filler_gap_dependency": 0.6485714162034648}}, "paloma": 85.21449312349645}