{"blimp": {"by_uid": {"adjunct_island": 0.5659999847412109, "anaphor_gender_agreement": 0.453000009059906, "anaphor_number_agreement": 0.699999988079071, "animate_subject_passive": 0.7179999947547913, "animate_subject_trans": 0.652999997138977, "causative": 0.48399999737739563, "complex_NP_island": 0.46799999475479126, "coordinate_structure_constraint_complex_left_branch": 0.1940000057220459, "coordinate_structure_constraint_object_extraction": 0.5920000076293945, "determiner_noun_agreement_1": 0.8830000162124634, "determiner_noun_agreement_2": 0.8500000238418579, "determiner_noun_agreement_irregular_1": 0.7210000157356262, "determiner_noun_agreement_irregular_2": 0.7480000257492065, "determiner_noun_agreement_with_adj_2": 0.7850000262260437, "determiner_noun_agreement_with_adj_irregular_1": 0.6470000147819519, "determiner_noun_agreement_with_adj_irregular_2": 0.718999981880188, "determiner_noun_agreement_with_adjective_1": 0.8140000104904175, "distractor_agreement_relational_noun": 0.25099998712539673, "distractor_agreement_relative_clause": 0.2980000078678131, "drop_argument": 0.6859999895095825, "ellipsis_n_bar_1": 0.4869999885559082, "ellipsis_n_bar_2": 0.5649999976158142, "existential_there_object_raising": 0.7480000257492065, "existential_there_quantifiers_1": 0.8849999904632568, "existential_there_quantifiers_2": 0.2709999978542328, "existential_there_subject_raising": 0.6880000233650208, "expletive_it_object_raising": 0.7099999785423279, "inchoative": 0.3630000054836273, "intransitive": 0.5400000214576721, "irregular_past_participle_adjectives": 0.6520000100135803, "irregular_past_participle_verbs": 0.7649999856948853, "irregular_plural_subject_verb_agreement_1": 0.6029999852180481, "irregular_plural_subject_verb_agreement_2": 0.7049999833106995, "left_branch_island_echo_question": 0.42399999499320984, "left_branch_island_simple_question": 0.31700000166893005, "matrix_question_npi_licensor_present": 0.22200000286102295, "npi_present_1": 0.3799999952316284, "npi_present_2": 0.2939999997615814, "only_npi_licensor_present": 0.503000020980835, "only_npi_scope": 0.8360000252723694, "passive_1": 0.8389999866485596, "passive_2": 0.8289999961853027, "principle_A_c_command": 0.6899999976158142, "principle_A_case_1": 1.0, "principle_A_case_2": 0.6510000228881836, "principle_A_domain_1": 0.8820000290870667, "principle_A_domain_2": 0.6179999709129333, "principle_A_domain_3": 0.44200000166893005, "principle_A_reconstruction": 0.3100000023841858, "regular_plural_subject_verb_agreement_1": 0.656000018119812, "regular_plural_subject_verb_agreement_2": 0.6230000257492065, "sentential_negation_npi_licensor_present": 0.9760000109672546, "sentential_negation_npi_scope": 0.2980000078678131, "sentential_subject_island": 0.4099999964237213, "superlative_quantifiers_1": 0.7279999852180481, "superlative_quantifiers_2": 0.5789999961853027, "tough_vs_raising_1": 0.33899998664855957, "tough_vs_raising_2": 0.7120000123977661, "transitive": 0.6899999976158142, "wh_island": 0.5419999957084656, "wh_questions_object_gap": 0.5630000233650208, "wh_questions_subject_gap": 0.9330000281333923, "wh_questions_subject_gap_long_distance": 0.9559999704360962, "wh_vs_that_no_gap": 0.9449999928474426, "wh_vs_that_no_gap_long_distance": 0.9700000286102295, "wh_vs_that_with_gap": 0.0949999988079071, "wh_vs_that_with_gap_long_distance": 0.04500000178813934}, "by_phenomenon": {"island_effects": 0.4391249977052212, "anaphor_agreement": 0.5764999985694885, "s-selection": 0.6854999959468842, "argument_structure": 0.6329999991825649, "determiner_noun_agreement": 0.7708750143647194, "subject_verb_agreement": 0.522666667898496, "ellipsis": 0.5259999930858612, "control_raising": 0.6394000053405762, "quantifiers": 0.6157499924302101, "irregular_forms": 0.7084999978542328, "npi_licensing": 0.5012857232775006, "binding": 0.6561428606510162, "filler_gap_dependency": 0.6438571491411754}}, "paloma": 248.06276900327995}