{"blimp": {"by_uid": {"adjunct_island": 0.6330000162124634, "anaphor_gender_agreement": 0.5680000185966492, "anaphor_number_agreement": 0.8399999737739563, "animate_subject_passive": 0.7110000252723694, "animate_subject_trans": 0.7269999980926514, "causative": 0.4740000069141388, "complex_NP_island": 0.4959999918937683, "coordinate_structure_constraint_complex_left_branch": 0.16300000250339508, "coordinate_structure_constraint_object_extraction": 0.4740000069141388, "determiner_noun_agreement_1": 0.9070000052452087, "determiner_noun_agreement_2": 0.8840000033378601, "determiner_noun_agreement_irregular_1": 0.7760000228881836, "determiner_noun_agreement_irregular_2": 0.8100000023841858, "determiner_noun_agreement_with_adj_2": 0.7789999842643738, "determiner_noun_agreement_with_adj_irregular_1": 0.6740000247955322, "determiner_noun_agreement_with_adj_irregular_2": 0.7179999947547913, "determiner_noun_agreement_with_adjective_1": 0.8349999785423279, "distractor_agreement_relational_noun": 0.3700000047683716, "distractor_agreement_relative_clause": 0.29899999499320984, "drop_argument": 0.7139999866485596, "ellipsis_n_bar_1": 0.5690000057220459, "ellipsis_n_bar_2": 0.6930000185966492, "existential_there_object_raising": 0.7239999771118164, "existential_there_quantifiers_1": 0.9520000219345093, "existential_there_quantifiers_2": 0.23999999463558197, "existential_there_subject_raising": 0.7120000123977661, "expletive_it_object_raising": 0.7020000219345093, "inchoative": 0.4090000092983246, "intransitive": 0.6060000061988831, "irregular_past_participle_adjectives": 0.9520000219345093, "irregular_past_participle_verbs": 0.796999990940094, "irregular_plural_subject_verb_agreement_1": 0.6430000066757202, "irregular_plural_subject_verb_agreement_2": 0.7900000214576721, "left_branch_island_echo_question": 0.5669999718666077, "left_branch_island_simple_question": 0.18000000715255737, "matrix_question_npi_licensor_present": 0.21400000154972076, "npi_present_1": 0.29600000381469727, "npi_present_2": 0.43299999833106995, "only_npi_licensor_present": 0.375, "only_npi_scope": 0.7300000190734863, "passive_1": 0.8370000123977661, "passive_2": 0.8109999895095825, "principle_A_c_command": 0.45899999141693115, "principle_A_case_1": 1.0, "principle_A_case_2": 0.6700000166893005, "principle_A_domain_1": 0.8830000162124634, "principle_A_domain_2": 0.7319999933242798, "principle_A_domain_3": 0.47600001096725464, "principle_A_reconstruction": 0.40700000524520874, "regular_plural_subject_verb_agreement_1": 0.7400000095367432, "regular_plural_subject_verb_agreement_2": 0.8220000267028809, "sentential_negation_npi_licensor_present": 0.9980000257492065, "sentential_negation_npi_scope": 0.23100000619888306, "sentential_subject_island": 0.3919999897480011, "superlative_quantifiers_1": 0.49900001287460327, "superlative_quantifiers_2": 0.5189999938011169, "tough_vs_raising_1": 0.3580000102519989, "tough_vs_raising_2": 0.7289999723434448, "transitive": 0.718999981880188, "wh_island": 0.6140000224113464, "wh_questions_object_gap": 0.5189999938011169, "wh_questions_subject_gap": 0.8840000033378601, "wh_questions_subject_gap_long_distance": 0.9549999833106995, "wh_vs_that_no_gap": 0.9710000157356262, "wh_vs_that_no_gap_long_distance": 0.9900000095367432, "wh_vs_that_with_gap": 0.16099999845027924, "wh_vs_that_with_gap_long_distance": 0.05400000140070915}, "by_phenomenon": {"island_effects": 0.43987500108778477, "anaphor_agreement": 0.7039999961853027, "s-selection": 0.7190000116825104, "argument_structure": 0.6528571418353489, "determiner_noun_agreement": 0.7978750020265579, "subject_verb_agreement": 0.6106666773557663, "ellipsis": 0.6310000121593475, "control_raising": 0.6449999988079071, "quantifiers": 0.5525000058114529, "irregular_forms": 0.8745000064373016, "npi_licensing": 0.4681428649595806, "binding": 0.6610000048364911, "filler_gap_dependency": 0.6477142865104335}}, "paloma": 84.95940324637117}