{"blimp": {"by_uid": {"adjunct_island": 0.5770000219345093, "anaphor_gender_agreement": 0.5109999775886536, "anaphor_number_agreement": 0.7179999947547913, "animate_subject_passive": 0.7020000219345093, "animate_subject_trans": 0.6589999794960022, "causative": 0.47600001096725464, "complex_NP_island": 0.47200000286102295, "coordinate_structure_constraint_complex_left_branch": 0.23399999737739563, "coordinate_structure_constraint_object_extraction": 0.5799999833106995, "determiner_noun_agreement_1": 0.8709999918937683, "determiner_noun_agreement_2": 0.8420000076293945, "determiner_noun_agreement_irregular_1": 0.7120000123977661, "determiner_noun_agreement_irregular_2": 0.7670000195503235, "determiner_noun_agreement_with_adj_2": 0.765999972820282, "determiner_noun_agreement_with_adj_irregular_1": 0.6340000033378601, "determiner_noun_agreement_with_adj_irregular_2": 0.6930000185966492, "determiner_noun_agreement_with_adjective_1": 0.777999997138977, "distractor_agreement_relational_noun": 0.2770000100135803, "distractor_agreement_relative_clause": 0.29600000381469727, "drop_argument": 0.6830000281333923, "ellipsis_n_bar_1": 0.43700000643730164, "ellipsis_n_bar_2": 0.5540000200271606, "existential_there_object_raising": 0.7419999837875366, "existential_there_quantifiers_1": 0.8619999885559082, "existential_there_quantifiers_2": 0.2529999911785126, "existential_there_subject_raising": 0.640999972820282, "expletive_it_object_raising": 0.7149999737739563, "inchoative": 0.36000001430511475, "intransitive": 0.5220000147819519, "irregular_past_participle_adjectives": 0.5720000267028809, "irregular_past_participle_verbs": 0.7749999761581421, "irregular_plural_subject_verb_agreement_1": 0.5860000252723694, "irregular_plural_subject_verb_agreement_2": 0.6779999732971191, "left_branch_island_echo_question": 0.44200000166893005, "left_branch_island_simple_question": 0.3240000009536743, "matrix_question_npi_licensor_present": 0.2029999941587448, "npi_present_1": 0.4000000059604645, "npi_present_2": 0.29600000381469727, "only_npi_licensor_present": 0.6060000061988831, "only_npi_scope": 0.8109999895095825, "passive_1": 0.8450000286102295, "passive_2": 0.8410000205039978, "principle_A_c_command": 0.6549999713897705, "principle_A_case_1": 1.0, "principle_A_case_2": 0.6480000019073486, "principle_A_domain_1": 0.8880000114440918, "principle_A_domain_2": 0.6079999804496765, "principle_A_domain_3": 0.45500001311302185, "principle_A_reconstruction": 0.3019999861717224, "regular_plural_subject_verb_agreement_1": 0.6439999938011169, "regular_plural_subject_verb_agreement_2": 0.5889999866485596, "sentential_negation_npi_licensor_present": 0.9819999933242798, "sentential_negation_npi_scope": 0.32499998807907104, "sentential_subject_island": 0.4269999861717224, "superlative_quantifiers_1": 0.7279999852180481, "superlative_quantifiers_2": 0.5299999713897705, "tough_vs_raising_1": 0.35100001096725464, "tough_vs_raising_2": 0.6959999799728394, "transitive": 0.6940000057220459, "wh_island": 0.6420000195503235, "wh_questions_object_gap": 0.593999981880188, "wh_questions_subject_gap": 0.9179999828338623, "wh_questions_subject_gap_long_distance": 0.9620000123977661, "wh_vs_that_no_gap": 0.9520000219345093, "wh_vs_that_no_gap_long_distance": 0.9679999947547913, "wh_vs_that_with_gap": 0.08500000089406967, "wh_vs_that_with_gap_long_distance": 0.04899999871850014}, "by_phenomenon": {"island_effects": 0.4622500017285347, "anaphor_agreement": 0.6144999861717224, "s-selection": 0.6805000007152557, "argument_structure": 0.6315714461462838, "determiner_noun_agreement": 0.7578750029206276, "subject_verb_agreement": 0.5116666654745737, "ellipsis": 0.49550001323223114, "control_raising": 0.6289999842643738, "quantifiers": 0.5932499840855598, "irregular_forms": 0.6735000014305115, "npi_licensing": 0.5175714258636747, "binding": 0.6508571377822331, "filler_gap_dependency": 0.646857141916241}}, "paloma": 257.8097716833241}