{"blimp": {"by_uid": {"adjunct_island": 0.5270000100135803, "anaphor_gender_agreement": 0.47999998927116394, "anaphor_number_agreement": 0.7120000123977661, "animate_subject_passive": 0.7020000219345093, "animate_subject_trans": 0.6589999794960022, "causative": 0.5059999823570251, "complex_NP_island": 0.4449999928474426, "coordinate_structure_constraint_complex_left_branch": 0.210999995470047, "coordinate_structure_constraint_object_extraction": 0.621999979019165, "determiner_noun_agreement_1": 0.8899999856948853, "determiner_noun_agreement_2": 0.8690000176429749, "determiner_noun_agreement_irregular_1": 0.7250000238418579, "determiner_noun_agreement_irregular_2": 0.7680000066757202, "determiner_noun_agreement_with_adj_2": 0.796999990940094, "determiner_noun_agreement_with_adj_irregular_1": 0.671999990940094, "determiner_noun_agreement_with_adj_irregular_2": 0.722000002861023, "determiner_noun_agreement_with_adjective_1": 0.8199999928474426, "distractor_agreement_relational_noun": 0.296999990940094, "distractor_agreement_relative_clause": 0.29600000381469727, "drop_argument": 0.675000011920929, "ellipsis_n_bar_1": 0.48899999260902405, "ellipsis_n_bar_2": 0.609000027179718, "existential_there_object_raising": 0.7300000190734863, "existential_there_quantifiers_1": 0.8550000190734863, "existential_there_quantifiers_2": 0.26899999380111694, "existential_there_subject_raising": 0.6970000267028809, "expletive_it_object_raising": 0.7149999737739563, "inchoative": 0.36000001430511475, "intransitive": 0.5270000100135803, "irregular_past_participle_adjectives": 0.6700000166893005, "irregular_past_participle_verbs": 0.7620000243186951, "irregular_plural_subject_verb_agreement_1": 0.5839999914169312, "irregular_plural_subject_verb_agreement_2": 0.6539999842643738, "left_branch_island_echo_question": 0.44999998807907104, "left_branch_island_simple_question": 0.31700000166893005, "matrix_question_npi_licensor_present": 0.24199999868869781, "npi_present_1": 0.4189999997615814, "npi_present_2": 0.3070000112056732, "only_npi_licensor_present": 0.5569999814033508, "only_npi_scope": 0.8140000104904175, "passive_1": 0.8379999995231628, "passive_2": 0.8349999785423279, "principle_A_c_command": 0.6209999918937683, "principle_A_case_1": 1.0, "principle_A_case_2": 0.6610000133514404, "principle_A_domain_1": 0.8510000109672546, "principle_A_domain_2": 0.6439999938011169, "principle_A_domain_3": 0.46399998664855957, "principle_A_reconstruction": 0.30399999022483826, "regular_plural_subject_verb_agreement_1": 0.656000018119812, "regular_plural_subject_verb_agreement_2": 0.6309999823570251, "sentential_negation_npi_licensor_present": 0.9459999799728394, "sentential_negation_npi_scope": 0.2669999897480011, "sentential_subject_island": 0.3440000116825104, "superlative_quantifiers_1": 0.8259999752044678, "superlative_quantifiers_2": 0.4050000011920929, "tough_vs_raising_1": 0.3310000002384186, "tough_vs_raising_2": 0.7260000109672546, "transitive": 0.7099999785423279, "wh_island": 0.41999998688697815, "wh_questions_object_gap": 0.5450000166893005, "wh_questions_subject_gap": 0.9010000228881836, "wh_questions_subject_gap_long_distance": 0.9520000219345093, "wh_vs_that_no_gap": 0.9449999928474426, "wh_vs_that_no_gap_long_distance": 0.9710000157356262, "wh_vs_that_with_gap": 0.11100000143051147, "wh_vs_that_with_gap_long_distance": 0.04600000008940697}, "by_phenomenon": {"island_effects": 0.4169999957084656, "anaphor_agreement": 0.596000000834465, "s-selection": 0.6805000007152557, "argument_structure": 0.6358571393149239, "determiner_noun_agreement": 0.7828750014305115, "subject_verb_agreement": 0.5196666618188223, "ellipsis": 0.549000009894371, "control_raising": 0.6398000061511994, "quantifiers": 0.588749997317791, "irregular_forms": 0.7160000205039978, "npi_licensing": 0.5074285673243659, "binding": 0.6492857124124255, "filler_gap_dependency": 0.6387142959449973}}, "paloma": 205.33954500005635}