{"blimp": {"by_uid": {"adjunct_island": 0.5580000281333923, "anaphor_gender_agreement": 0.39899998903274536, "anaphor_number_agreement": 0.49799999594688416, "animate_subject_passive": 0.5899999737739563, "animate_subject_trans": 0.6679999828338623, "causative": 0.4519999921321869, "complex_NP_island": 0.4869999885559082, "coordinate_structure_constraint_complex_left_branch": 0.24400000274181366, "coordinate_structure_constraint_object_extraction": 0.546999990940094, "determiner_noun_agreement_1": 0.6119999885559082, "determiner_noun_agreement_2": 0.6140000224113464, "determiner_noun_agreement_irregular_1": 0.6230000257492065, "determiner_noun_agreement_irregular_2": 0.640999972820282, "determiner_noun_agreement_with_adj_2": 0.492000013589859, "determiner_noun_agreement_with_adj_irregular_1": 0.4429999887943268, "determiner_noun_agreement_with_adj_irregular_2": 0.5049999952316284, "determiner_noun_agreement_with_adjective_1": 0.4729999899864197, "distractor_agreement_relational_noun": 0.4230000078678131, "distractor_agreement_relative_clause": 0.43799999356269836, "drop_argument": 0.7490000128746033, "ellipsis_n_bar_1": 0.24400000274181366, "ellipsis_n_bar_2": 0.41200000047683716, "existential_there_object_raising": 0.7260000109672546, "existential_there_quantifiers_1": 0.7599999904632568, "existential_there_quantifiers_2": 0.6000000238418579, "existential_there_subject_raising": 0.4950000047683716, "expletive_it_object_raising": 0.6610000133514404, "inchoative": 0.3799999952316284, "intransitive": 0.5979999899864197, "irregular_past_participle_adjectives": 0.5630000233650208, "irregular_past_participle_verbs": 0.6000000238418579, "irregular_plural_subject_verb_agreement_1": 0.5260000228881836, "irregular_plural_subject_verb_agreement_2": 0.5899999737739563, "left_branch_island_echo_question": 0.3930000066757202, "left_branch_island_simple_question": 0.29100000858306885, "matrix_question_npi_licensor_present": 0.42800000309944153, "npi_present_1": 0.26100000739097595, "npi_present_2": 0.2619999945163727, "only_npi_licensor_present": 0.05400000140070915, "only_npi_scope": 0.3310000002384186, "passive_1": 0.7059999704360962, "passive_2": 0.6980000138282776, "principle_A_c_command": 0.6110000014305115, "principle_A_case_1": 1.0, "principle_A_case_2": 0.4519999921321869, "principle_A_domain_1": 0.6349999904632568, "principle_A_domain_2": 0.5230000019073486, "principle_A_domain_3": 0.4729999899864197, "principle_A_reconstruction": 0.25999999046325684, "regular_plural_subject_verb_agreement_1": 0.49399998784065247, "regular_plural_subject_verb_agreement_2": 0.5220000147819519, "sentential_negation_npi_licensor_present": 0.777999997138977, "sentential_negation_npi_scope": 0.3499999940395355, "sentential_subject_island": 0.6140000224113464, "superlative_quantifiers_1": 0.515999972820282, "superlative_quantifiers_2": 0.7390000224113464, "tough_vs_raising_1": 0.32199999690055847, "tough_vs_raising_2": 0.7059999704360962, "transitive": 0.574999988079071, "wh_island": 0.7009999752044678, "wh_questions_object_gap": 0.5669999718666077, "wh_questions_subject_gap": 0.8840000033378601, "wh_questions_subject_gap_long_distance": 0.8960000276565552, "wh_vs_that_no_gap": 0.9020000100135803, "wh_vs_that_no_gap_long_distance": 0.9070000052452087, "wh_vs_that_with_gap": 0.0860000029206276, "wh_vs_that_with_gap_long_distance": 0.07999999821186066}, "by_phenomenon": {"island_effects": 0.47937500290572643, "anaphor_agreement": 0.44849999248981476, "s-selection": 0.6289999783039093, "argument_structure": 0.5939999946526119, "determiner_noun_agreement": 0.5503749996423721, "subject_verb_agreement": 0.4988333334525426, "ellipsis": 0.3280000016093254, "control_raising": 0.5819999992847442, "quantifiers": 0.6537500023841858, "irregular_forms": 0.5815000236034393, "npi_licensing": 0.35199999968920437, "binding": 0.5648571380547115, "filler_gap_dependency": 0.6174285741789001}}, "paloma": 866.7246805277435}