{"blimp": {"by_uid": {"adjunct_island": 0.5479999780654907, "anaphor_gender_agreement": 0.3490000069141388, "anaphor_number_agreement": 0.48100000619888306, "animate_subject_passive": 0.6190000176429749, "animate_subject_trans": 0.6600000262260437, "causative": 0.4390000104904175, "complex_NP_island": 0.4819999933242798, "coordinate_structure_constraint_complex_left_branch": 0.2919999957084656, "coordinate_structure_constraint_object_extraction": 0.5410000085830688, "determiner_noun_agreement_1": 0.578000009059906, "determiner_noun_agreement_2": 0.6039999723434448, "determiner_noun_agreement_irregular_1": 0.625, "determiner_noun_agreement_irregular_2": 0.6340000033378601, "determiner_noun_agreement_with_adj_2": 0.4909999966621399, "determiner_noun_agreement_with_adj_irregular_1": 0.45399999618530273, "determiner_noun_agreement_with_adj_irregular_2": 0.5149999856948853, "determiner_noun_agreement_with_adjective_1": 0.46700000762939453, "distractor_agreement_relational_noun": 0.4320000112056732, "distractor_agreement_relative_clause": 0.4650000035762787, "drop_argument": 0.7369999885559082, "ellipsis_n_bar_1": 0.2630000114440918, "ellipsis_n_bar_2": 0.4050000011920929, "existential_there_object_raising": 0.7179999947547913, "existential_there_quantifiers_1": 0.7450000047683716, "existential_there_quantifiers_2": 0.6050000190734863, "existential_there_subject_raising": 0.503000020980835, "expletive_it_object_raising": 0.6439999938011169, "inchoative": 0.37700000405311584, "intransitive": 0.5879999995231628, "irregular_past_participle_adjectives": 0.5419999957084656, "irregular_past_participle_verbs": 0.5759999752044678, "irregular_plural_subject_verb_agreement_1": 0.5260000228881836, "irregular_plural_subject_verb_agreement_2": 0.5759999752044678, "left_branch_island_echo_question": 0.3889999985694885, "left_branch_island_simple_question": 0.3330000042915344, "matrix_question_npi_licensor_present": 0.4359999895095825, "npi_present_1": 0.24400000274181366, "npi_present_2": 0.2460000067949295, "only_npi_licensor_present": 0.019999999552965164, "only_npi_scope": 0.328000009059906, "passive_1": 0.6940000057220459, "passive_2": 0.6959999799728394, "principle_A_c_command": 0.5849999785423279, "principle_A_case_1": 1.0, "principle_A_case_2": 0.44699999690055847, "principle_A_domain_1": 0.6830000281333923, "principle_A_domain_2": 0.5590000152587891, "principle_A_domain_3": 0.47099998593330383, "principle_A_reconstruction": 0.27000001072883606, "regular_plural_subject_verb_agreement_1": 0.4699999988079071, "regular_plural_subject_verb_agreement_2": 0.5210000276565552, "sentential_negation_npi_licensor_present": 0.7789999842643738, "sentential_negation_npi_scope": 0.34599998593330383, "sentential_subject_island": 0.621999979019165, "superlative_quantifiers_1": 0.5019999742507935, "superlative_quantifiers_2": 0.7319999933242798, "tough_vs_raising_1": 0.3269999921321869, "tough_vs_raising_2": 0.7089999914169312, "transitive": 0.5619999766349792, "wh_island": 0.652999997138977, "wh_questions_object_gap": 0.621999979019165, "wh_questions_subject_gap": 0.8880000114440918, "wh_questions_subject_gap_long_distance": 0.8859999775886536, "wh_vs_that_no_gap": 0.9210000038146973, "wh_vs_that_no_gap_long_distance": 0.9290000200271606, "wh_vs_that_with_gap": 0.07100000232458115, "wh_vs_that_with_gap_long_distance": 0.05900000035762787}, "by_phenomenon": {"island_effects": 0.48249999433755875, "anaphor_agreement": 0.4150000065565109, "s-selection": 0.6395000219345093, "argument_structure": 0.5847142807074955, "determiner_noun_agreement": 0.5459999963641167, "subject_verb_agreement": 0.49833333988984424, "ellipsis": 0.33400000631809235, "control_raising": 0.5801999986171722, "quantifiers": 0.6459999978542328, "irregular_forms": 0.5589999854564667, "npi_licensing": 0.3427142825509821, "binding": 0.5735714307853154, "filler_gap_dependency": 0.6251428563679967}}, "paloma": 962.9649720620611}