{"blimp": {"by_uid": {"adjunct_island": 0.5669999718666077, "anaphor_gender_agreement": 0.3619999885559082, "anaphor_number_agreement": 0.49000000953674316, "animate_subject_passive": 0.6200000047683716, "animate_subject_trans": 0.6589999794960022, "causative": 0.45399999618530273, "complex_NP_island": 0.4309999942779541, "coordinate_structure_constraint_complex_left_branch": 0.24699999392032623, "coordinate_structure_constraint_object_extraction": 0.44999998807907104, "determiner_noun_agreement_1": 0.6420000195503235, "determiner_noun_agreement_2": 0.6200000047683716, "determiner_noun_agreement_irregular_1": 0.6190000176429749, "determiner_noun_agreement_irregular_2": 0.6510000228881836, "determiner_noun_agreement_with_adj_2": 0.49399998784065247, "determiner_noun_agreement_with_adj_irregular_1": 0.44999998807907104, "determiner_noun_agreement_with_adj_irregular_2": 0.5009999871253967, "determiner_noun_agreement_with_adjective_1": 0.48500001430511475, "distractor_agreement_relational_noun": 0.41999998688697815, "distractor_agreement_relative_clause": 0.4390000104904175, "drop_argument": 0.7419999837875366, "ellipsis_n_bar_1": 0.21699999272823334, "ellipsis_n_bar_2": 0.3659999966621399, "existential_there_object_raising": 0.7419999837875366, "existential_there_quantifiers_1": 0.7310000061988831, "existential_there_quantifiers_2": 0.21199999749660492, "existential_there_subject_raising": 0.5149999856948853, "expletive_it_object_raising": 0.6790000200271606, "inchoative": 0.38600000739097595, "intransitive": 0.5839999914169312, "irregular_past_participle_adjectives": 0.7089999914169312, "irregular_past_participle_verbs": 0.6169999837875366, "irregular_plural_subject_verb_agreement_1": 0.5350000262260437, "irregular_plural_subject_verb_agreement_2": 0.5979999899864197, "left_branch_island_echo_question": 0.43799999356269836, "left_branch_island_simple_question": 0.27399998903274536, "matrix_question_npi_licensor_present": 0.2800000011920929, "npi_present_1": 0.33399999141693115, "npi_present_2": 0.33899998664855957, "only_npi_licensor_present": 0.7599999904632568, "only_npi_scope": 0.49000000953674316, "passive_1": 0.7289999723434448, "passive_2": 0.7070000171661377, "principle_A_c_command": 0.652999997138977, "principle_A_case_1": 1.0, "principle_A_case_2": 0.4620000123977661, "principle_A_domain_1": 0.8830000162124634, "principle_A_domain_2": 0.5569999814033508, "principle_A_domain_3": 0.46399998664855957, "principle_A_reconstruction": 0.24400000274181366, "regular_plural_subject_verb_agreement_1": 0.5289999842643738, "regular_plural_subject_verb_agreement_2": 0.531000018119812, "sentential_negation_npi_licensor_present": 0.8650000095367432, "sentential_negation_npi_scope": 0.37299999594688416, "sentential_subject_island": 0.593999981880188, "superlative_quantifiers_1": 0.4519999921321869, "superlative_quantifiers_2": 0.8259999752044678, "tough_vs_raising_1": 0.3499999940395355, "tough_vs_raising_2": 0.6909999847412109, "transitive": 0.6209999918937683, "wh_island": 0.7310000061988831, "wh_questions_object_gap": 0.5720000267028809, "wh_questions_subject_gap": 0.9039999842643738, "wh_questions_subject_gap_long_distance": 0.9210000038146973, "wh_vs_that_no_gap": 0.9139999747276306, "wh_vs_that_no_gap_long_distance": 0.9010000228881836, "wh_vs_that_with_gap": 0.07400000095367432, "wh_vs_that_with_gap_long_distance": 0.07800000160932541}, "by_phenomenon": {"island_effects": 0.4664999898523092, "anaphor_agreement": 0.4259999990463257, "s-selection": 0.6394999921321869, "argument_structure": 0.6032857085977282, "determiner_noun_agreement": 0.5577500052750111, "subject_verb_agreement": 0.5086666693290075, "ellipsis": 0.2914999946951866, "control_raising": 0.5953999936580658, "quantifiers": 0.5552499927580357, "irregular_forms": 0.6629999876022339, "npi_licensing": 0.49157142639160156, "binding": 0.6089999995061329, "filler_gap_dependency": 0.6234285735658237}}, "paloma": 799.7063985924273}