{"blimp": {"by_uid": {"adjunct_island": 0.5529999732971191, "anaphor_gender_agreement": 0.3709999918937683, "anaphor_number_agreement": 0.4950000047683716, "animate_subject_passive": 0.6169999837875366, "animate_subject_trans": 0.652999997138977, "causative": 0.4359999895095825, "complex_NP_island": 0.4790000021457672, "coordinate_structure_constraint_complex_left_branch": 0.30399999022483826, "coordinate_structure_constraint_object_extraction": 0.5440000295639038, "determiner_noun_agreement_1": 0.578000009059906, "determiner_noun_agreement_2": 0.5960000157356262, "determiner_noun_agreement_irregular_1": 0.625, "determiner_noun_agreement_irregular_2": 0.6309999823570251, "determiner_noun_agreement_with_adj_2": 0.4880000054836273, "determiner_noun_agreement_with_adj_irregular_1": 0.45500001311302185, "determiner_noun_agreement_with_adj_irregular_2": 0.5189999938011169, "determiner_noun_agreement_with_adjective_1": 0.4659999907016754, "distractor_agreement_relational_noun": 0.421999990940094, "distractor_agreement_relative_clause": 0.46799999475479126, "drop_argument": 0.7360000014305115, "ellipsis_n_bar_1": 0.2709999978542328, "ellipsis_n_bar_2": 0.3959999978542328, "existential_there_object_raising": 0.7149999737739563, "existential_there_quantifiers_1": 0.7440000176429749, "existential_there_quantifiers_2": 0.6029999852180481, "existential_there_subject_raising": 0.5090000033378601, "expletive_it_object_raising": 0.6359999775886536, "inchoative": 0.3799999952316284, "intransitive": 0.578000009059906, "irregular_past_participle_adjectives": 0.5509999990463257, "irregular_past_participle_verbs": 0.5690000057220459, "irregular_plural_subject_verb_agreement_1": 0.5230000019073486, "irregular_plural_subject_verb_agreement_2": 0.5680000185966492, "left_branch_island_echo_question": 0.38499999046325684, "left_branch_island_simple_question": 0.34200000762939453, "matrix_question_npi_licensor_present": 0.44200000166893005, "npi_present_1": 0.24400000274181366, "npi_present_2": 0.24899999797344208, "only_npi_licensor_present": 0.01600000075995922, "only_npi_scope": 0.31700000166893005, "passive_1": 0.6869999766349792, "passive_2": 0.6949999928474426, "principle_A_c_command": 0.574999988079071, "principle_A_case_1": 1.0, "principle_A_case_2": 0.453000009059906, "principle_A_domain_1": 0.6740000247955322, "principle_A_domain_2": 0.5509999990463257, "principle_A_domain_3": 0.4740000069141388, "principle_A_reconstruction": 0.2750000059604645, "regular_plural_subject_verb_agreement_1": 0.45899999141693115, "regular_plural_subject_verb_agreement_2": 0.5120000243186951, "sentential_negation_npi_licensor_present": 0.7900000214576721, "sentential_negation_npi_scope": 0.3540000021457672, "sentential_subject_island": 0.6269999742507935, "superlative_quantifiers_1": 0.46799999475479126, "superlative_quantifiers_2": 0.7279999852180481, "tough_vs_raising_1": 0.3240000009536743, "tough_vs_raising_2": 0.7120000123977661, "transitive": 0.5569999814033508, "wh_island": 0.6389999985694885, "wh_questions_object_gap": 0.6399999856948853, "wh_questions_subject_gap": 0.890999972820282, "wh_questions_subject_gap_long_distance": 0.8840000033378601, "wh_vs_that_no_gap": 0.9229999780654907, "wh_vs_that_no_gap_long_distance": 0.9359999895095825, "wh_vs_that_with_gap": 0.06800000369548798, "wh_vs_that_with_gap_long_distance": 0.057999998331069946}, "by_phenomenon": {"island_effects": 0.4841249957680702, "anaphor_agreement": 0.43299999833106995, "s-selection": 0.6349999904632568, "argument_structure": 0.5812857065882001, "determiner_noun_agreement": 0.5447500012814999, "subject_verb_agreement": 0.4920000036557515, "ellipsis": 0.3334999978542328, "control_raising": 0.5791999936103821, "quantifiers": 0.6357499957084656, "irregular_forms": 0.5600000023841858, "npi_licensing": 0.34457143263093065, "binding": 0.5717142905507769, "filler_gap_dependency": 0.628571418779237}}, "paloma": 990.812821811583}