{"blimp": {"by_uid": {"adjunct_island": 0.5950000286102295, "anaphor_gender_agreement": 0.4729999899864197, "anaphor_number_agreement": 0.7549999952316284, "animate_subject_passive": 0.6600000262260437, "animate_subject_trans": 0.7089999914169312, "causative": 0.47200000286102295, "complex_NP_island": 0.44200000166893005, "coordinate_structure_constraint_complex_left_branch": 0.1860000044107437, "coordinate_structure_constraint_object_extraction": 0.5059999823570251, "determiner_noun_agreement_1": 0.8960000276565552, "determiner_noun_agreement_2": 0.8870000243186951, "determiner_noun_agreement_irregular_1": 0.7519999742507935, "determiner_noun_agreement_irregular_2": 0.8339999914169312, "determiner_noun_agreement_with_adj_2": 0.8349999785423279, "determiner_noun_agreement_with_adj_irregular_1": 0.6830000281333923, "determiner_noun_agreement_with_adj_irregular_2": 0.7699999809265137, "determiner_noun_agreement_with_adjective_1": 0.8489999771118164, "distractor_agreement_relational_noun": 0.289000004529953, "distractor_agreement_relative_clause": 0.2980000078678131, "drop_argument": 0.7020000219345093, "ellipsis_n_bar_1": 0.5550000071525574, "ellipsis_n_bar_2": 0.6800000071525574, "existential_there_object_raising": 0.7250000238418579, "existential_there_quantifiers_1": 0.8820000290870667, "existential_there_quantifiers_2": 0.1899999976158142, "existential_there_subject_raising": 0.7570000290870667, "expletive_it_object_raising": 0.7049999833106995, "inchoative": 0.41100001335144043, "intransitive": 0.6019999980926514, "irregular_past_participle_adjectives": 0.9190000295639038, "irregular_past_participle_verbs": 0.8100000023841858, "irregular_plural_subject_verb_agreement_1": 0.597000002861023, "irregular_plural_subject_verb_agreement_2": 0.7250000238418579, "left_branch_island_echo_question": 0.5249999761581421, "left_branch_island_simple_question": 0.2150000035762787, "matrix_question_npi_licensor_present": 0.25699999928474426, "npi_present_1": 0.22100000083446503, "npi_present_2": 0.35600000619888306, "only_npi_licensor_present": 0.75, "only_npi_scope": 0.8069999814033508, "passive_1": 0.8579999804496765, "passive_2": 0.8190000057220459, "principle_A_c_command": 0.4699999988079071, "principle_A_case_1": 1.0, "principle_A_case_2": 0.6480000019073486, "principle_A_domain_1": 0.9369999766349792, "principle_A_domain_2": 0.7020000219345093, "principle_A_domain_3": 0.4580000042915344, "principle_A_reconstruction": 0.3580000102519989, "regular_plural_subject_verb_agreement_1": 0.6880000233650208, "regular_plural_subject_verb_agreement_2": 0.6970000267028809, "sentential_negation_npi_licensor_present": 0.9940000176429749, "sentential_negation_npi_scope": 0.2549999952316284, "sentential_subject_island": 0.3059999942779541, "superlative_quantifiers_1": 0.6880000233650208, "superlative_quantifiers_2": 0.3269999921321869, "tough_vs_raising_1": 0.3269999921321869, "tough_vs_raising_2": 0.7239999771118164, "transitive": 0.7210000157356262, "wh_island": 0.44999998807907104, "wh_questions_object_gap": 0.5849999785423279, "wh_questions_subject_gap": 0.8980000019073486, "wh_questions_subject_gap_long_distance": 0.9589999914169312, "wh_vs_that_no_gap": 0.9760000109672546, "wh_vs_that_no_gap_long_distance": 0.9909999966621399, "wh_vs_that_with_gap": 0.11100000143051147, "wh_vs_that_with_gap_long_distance": 0.041999999433755875}, "by_phenomenon": {"island_effects": 0.4031249973922968, "anaphor_agreement": 0.613999992609024, "s-selection": 0.6845000088214874, "argument_structure": 0.6550000054495675, "determiner_noun_agreement": 0.8132499977946281, "subject_verb_agreement": 0.5490000148614248, "ellipsis": 0.6175000071525574, "control_raising": 0.6476000010967254, "quantifiers": 0.5217500105500221, "irregular_forms": 0.8645000159740448, "npi_licensing": 0.5200000000851495, "binding": 0.6532857162611825, "filler_gap_dependency": 0.6517142829086099}}, "paloma": 105.90285835531945}