{"blimp": {"by_uid": {"adjunct_island": 0.6809999942779541, "anaphor_gender_agreement": 0.5580000281333923, "anaphor_number_agreement": 0.6069999933242798, "animate_subject_passive": 0.6729999780654907, "animate_subject_trans": 0.6470000147819519, "causative": 0.46399998664855957, "complex_NP_island": 0.48100000619888306, "coordinate_structure_constraint_complex_left_branch": 0.28700000047683716, "coordinate_structure_constraint_object_extraction": 0.33000001311302185, "determiner_noun_agreement_1": 0.703000009059906, "determiner_noun_agreement_2": 0.6880000233650208, "determiner_noun_agreement_irregular_1": 0.6380000114440918, "determiner_noun_agreement_irregular_2": 0.6919999718666077, "determiner_noun_agreement_with_adj_2": 0.4950000047683716, "determiner_noun_agreement_with_adj_irregular_1": 0.4650000035762787, "determiner_noun_agreement_with_adj_irregular_2": 0.5109999775886536, "determiner_noun_agreement_with_adjective_1": 0.5199999809265137, "distractor_agreement_relational_noun": 0.36899998784065247, "distractor_agreement_relative_clause": 0.4020000100135803, "drop_argument": 0.7170000076293945, "ellipsis_n_bar_1": 0.1589999943971634, "ellipsis_n_bar_2": 0.39899998903274536, "existential_there_object_raising": 0.7549999952316284, "existential_there_quantifiers_1": 0.7879999876022339, "existential_there_quantifiers_2": 0.1860000044107437, "existential_there_subject_raising": 0.531000018119812, "expletive_it_object_raising": 0.6890000104904175, "inchoative": 0.3709999918937683, "intransitive": 0.5419999957084656, "irregular_past_participle_adjectives": 0.4659999907016754, "irregular_past_participle_verbs": 0.7229999899864197, "irregular_plural_subject_verb_agreement_1": 0.5550000071525574, "irregular_plural_subject_verb_agreement_2": 0.6320000290870667, "left_branch_island_echo_question": 0.5289999842643738, "left_branch_island_simple_question": 0.34200000762939453, "matrix_question_npi_licensor_present": 0.21400000154972076, "npi_present_1": 0.3109999895095825, "npi_present_2": 0.2919999957084656, "only_npi_licensor_present": 0.32600000500679016, "only_npi_scope": 0.382999986410141, "passive_1": 0.7419999837875366, "passive_2": 0.7319999933242798, "principle_A_c_command": 0.597000002861023, "principle_A_case_1": 1.0, "principle_A_case_2": 0.5649999976158142, "principle_A_domain_1": 0.8370000123977661, "principle_A_domain_2": 0.5649999976158142, "principle_A_domain_3": 0.4580000042915344, "principle_A_reconstruction": 0.36399999260902405, "regular_plural_subject_verb_agreement_1": 0.5559999942779541, "regular_plural_subject_verb_agreement_2": 0.49799999594688416, "sentential_negation_npi_licensor_present": 0.9660000205039978, "sentential_negation_npi_scope": 0.31200000643730164, "sentential_subject_island": 0.5410000085830688, "superlative_quantifiers_1": 0.421999990940094, "superlative_quantifiers_2": 0.4909999966621399, "tough_vs_raising_1": 0.36399999260902405, "tough_vs_raising_2": 0.6639999747276306, "transitive": 0.6430000066757202, "wh_island": 0.7260000109672546, "wh_questions_object_gap": 0.5879999995231628, "wh_questions_subject_gap": 0.8240000009536743, "wh_questions_subject_gap_long_distance": 0.9100000262260437, "wh_vs_that_no_gap": 0.9139999747276306, "wh_vs_that_no_gap_long_distance": 0.9129999876022339, "wh_vs_that_with_gap": 0.11400000005960464, "wh_vs_that_with_gap_long_distance": 0.07100000232458115}, "by_phenomenon": {"island_effects": 0.4896250031888485, "anaphor_agreement": 0.5825000107288361, "s-selection": 0.6599999964237213, "argument_structure": 0.6015714236668178, "determiner_noun_agreement": 0.5889999978244305, "subject_verb_agreement": 0.5020000040531158, "ellipsis": 0.2789999917149544, "control_raising": 0.6005999982357025, "quantifiers": 0.47174999490380287, "irregular_forms": 0.5944999903440475, "npi_licensing": 0.4005714293037142, "binding": 0.6265714296272823, "filler_gap_dependency": 0.6191428559167045}}, "paloma": 456.7984608414281}