{"blimp": {"by_uid": {"adjunct_island": 0.6039999723434448, "anaphor_gender_agreement": 0.4790000021457672, "anaphor_number_agreement": 0.7710000276565552, "animate_subject_passive": 0.6579999923706055, "animate_subject_trans": 0.7139999866485596, "causative": 0.460999995470047, "complex_NP_island": 0.4519999921321869, "coordinate_structure_constraint_complex_left_branch": 0.17000000178813934, "coordinate_structure_constraint_object_extraction": 0.49799999594688416, "determiner_noun_agreement_1": 0.890999972820282, "determiner_noun_agreement_2": 0.8840000033378601, "determiner_noun_agreement_irregular_1": 0.7360000014305115, "determiner_noun_agreement_irregular_2": 0.8259999752044678, "determiner_noun_agreement_with_adj_2": 0.8259999752044678, "determiner_noun_agreement_with_adj_irregular_1": 0.675000011920929, "determiner_noun_agreement_with_adj_irregular_2": 0.765999972820282, "determiner_noun_agreement_with_adjective_1": 0.8539999723434448, "distractor_agreement_relational_noun": 0.26499998569488525, "distractor_agreement_relative_clause": 0.31299999356269836, "drop_argument": 0.7149999737739563, "ellipsis_n_bar_1": 0.5630000233650208, "ellipsis_n_bar_2": 0.6579999923706055, "existential_there_object_raising": 0.722000002861023, "existential_there_quantifiers_1": 0.8930000066757202, "existential_there_quantifiers_2": 0.23600000143051147, "existential_there_subject_raising": 0.7319999933242798, "expletive_it_object_raising": 0.7020000219345093, "inchoative": 0.40400001406669617, "intransitive": 0.5989999771118164, "irregular_past_participle_adjectives": 0.9330000281333923, "irregular_past_participle_verbs": 0.8029999732971191, "irregular_plural_subject_verb_agreement_1": 0.6110000014305115, "irregular_plural_subject_verb_agreement_2": 0.7149999737739563, "left_branch_island_echo_question": 0.5230000019073486, "left_branch_island_simple_question": 0.18400000035762787, "matrix_question_npi_licensor_present": 0.23999999463558197, "npi_present_1": 0.21299999952316284, "npi_present_2": 0.33899998664855957, "only_npi_licensor_present": 0.7599999904632568, "only_npi_scope": 0.8230000138282776, "passive_1": 0.8450000286102295, "passive_2": 0.8069999814033508, "principle_A_c_command": 0.4659999907016754, "principle_A_case_1": 1.0, "principle_A_case_2": 0.6480000019073486, "principle_A_domain_1": 0.9380000233650208, "principle_A_domain_2": 0.6940000057220459, "principle_A_domain_3": 0.4580000042915344, "principle_A_reconstruction": 0.38100001215934753, "regular_plural_subject_verb_agreement_1": 0.6959999799728394, "regular_plural_subject_verb_agreement_2": 0.6909999847412109, "sentential_negation_npi_licensor_present": 0.9879999756813049, "sentential_negation_npi_scope": 0.26899999380111694, "sentential_subject_island": 0.35499998927116394, "superlative_quantifiers_1": 0.5849999785423279, "superlative_quantifiers_2": 0.3970000147819519, "tough_vs_raising_1": 0.3199999928474426, "tough_vs_raising_2": 0.7210000157356262, "transitive": 0.7059999704360962, "wh_island": 0.46799999475479126, "wh_questions_object_gap": 0.5830000042915344, "wh_questions_subject_gap": 0.8930000066757202, "wh_questions_subject_gap_long_distance": 0.9599999785423279, "wh_vs_that_no_gap": 0.9739999771118164, "wh_vs_that_no_gap_long_distance": 0.9890000224113464, "wh_vs_that_with_gap": 0.12099999934434891, "wh_vs_that_with_gap_long_distance": 0.04600000008940697}, "by_phenomenon": {"island_effects": 0.40674999356269836, "anaphor_agreement": 0.6250000149011612, "s-selection": 0.6859999895095825, "argument_structure": 0.6481428486960275, "determiner_noun_agreement": 0.8072499856352806, "subject_verb_agreement": 0.5484999865293503, "ellipsis": 0.6105000078678131, "control_raising": 0.6394000053405762, "quantifiers": 0.5277500003576279, "irregular_forms": 0.8680000007152557, "npi_licensing": 0.5188571363687515, "binding": 0.6550000054495675, "filler_gap_dependency": 0.6522857126380716}}, "paloma": 103.70383871166548}