{"blimp": {"by_uid": {"adjunct_island": 0.652999997138977, "anaphor_gender_agreement": 0.5339999794960022, "anaphor_number_agreement": 0.8429999947547913, "animate_subject_passive": 0.7269999980926514, "animate_subject_trans": 0.7269999980926514, "causative": 0.47999998927116394, "complex_NP_island": 0.49300000071525574, "coordinate_structure_constraint_complex_left_branch": 0.16300000250339508, "coordinate_structure_constraint_object_extraction": 0.4620000123977661, "determiner_noun_agreement_1": 0.8949999809265137, "determiner_noun_agreement_2": 0.8830000162124634, "determiner_noun_agreement_irregular_1": 0.7649999856948853, "determiner_noun_agreement_irregular_2": 0.8090000152587891, "determiner_noun_agreement_with_adj_2": 0.781000018119812, "determiner_noun_agreement_with_adj_irregular_1": 0.6629999876022339, "determiner_noun_agreement_with_adj_irregular_2": 0.7070000171661377, "determiner_noun_agreement_with_adjective_1": 0.8169999718666077, "distractor_agreement_relational_noun": 0.3610000014305115, "distractor_agreement_relative_clause": 0.3109999895095825, "drop_argument": 0.7139999866485596, "ellipsis_n_bar_1": 0.5669999718666077, "ellipsis_n_bar_2": 0.6970000267028809, "existential_there_object_raising": 0.7319999933242798, "existential_there_quantifiers_1": 0.9679999947547913, "existential_there_quantifiers_2": 0.2809999883174896, "existential_there_subject_raising": 0.7210000157356262, "expletive_it_object_raising": 0.7020000219345093, "inchoative": 0.414000004529953, "intransitive": 0.6169999837875366, "irregular_past_participle_adjectives": 0.9480000138282776, "irregular_past_participle_verbs": 0.8209999799728394, "irregular_plural_subject_verb_agreement_1": 0.640999972820282, "irregular_plural_subject_verb_agreement_2": 0.7950000166893005, "left_branch_island_echo_question": 0.5569999814033508, "left_branch_island_simple_question": 0.164000004529953, "matrix_question_npi_licensor_present": 0.19300000369548798, "npi_present_1": 0.3109999895095825, "npi_present_2": 0.41100001335144043, "only_npi_licensor_present": 0.4259999990463257, "only_npi_scope": 0.722000002861023, "passive_1": 0.8320000171661377, "passive_2": 0.8199999928474426, "principle_A_c_command": 0.44600000977516174, "principle_A_case_1": 1.0, "principle_A_case_2": 0.6959999799728394, "principle_A_domain_1": 0.8840000033378601, "principle_A_domain_2": 0.7440000176429749, "principle_A_domain_3": 0.4830000102519989, "principle_A_reconstruction": 0.4309999942779541, "regular_plural_subject_verb_agreement_1": 0.7400000095367432, "regular_plural_subject_verb_agreement_2": 0.8240000009536743, "sentential_negation_npi_licensor_present": 0.9980000257492065, "sentential_negation_npi_scope": 0.2770000100135803, "sentential_subject_island": 0.39500001072883606, "superlative_quantifiers_1": 0.4519999921321869, "superlative_quantifiers_2": 0.5559999942779541, "tough_vs_raising_1": 0.3490000069141388, "tough_vs_raising_2": 0.7419999837875366, "transitive": 0.7269999980926514, "wh_island": 0.640999972820282, "wh_questions_object_gap": 0.5320000052452087, "wh_questions_subject_gap": 0.8709999918937683, "wh_questions_subject_gap_long_distance": 0.9580000042915344, "wh_vs_that_no_gap": 0.9629999995231628, "wh_vs_that_no_gap_long_distance": 0.984000027179718, "wh_vs_that_with_gap": 0.16899999976158142, "wh_vs_that_with_gap_long_distance": 0.05999999865889549}, "by_phenomenon": {"island_effects": 0.440999997779727, "anaphor_agreement": 0.6884999871253967, "s-selection": 0.7269999980926514, "argument_structure": 0.6577142817633492, "determiner_noun_agreement": 0.7899999991059303, "subject_verb_agreement": 0.6119999984900156, "ellipsis": 0.6319999992847443, "control_raising": 0.6492000043392181, "quantifiers": 0.5642499923706055, "irregular_forms": 0.8844999969005585, "npi_licensing": 0.4768571491752352, "binding": 0.6691428593226841, "filler_gap_dependency": 0.648142860936267}}, "paloma": 82.88804007066666}