{"blimp": {"by_uid": {"adjunct_island": 0.5519999861717224, "anaphor_gender_agreement": 0.38999998569488525, "anaphor_number_agreement": 0.48899999260902405, "animate_subject_passive": 0.5979999899864197, "animate_subject_trans": 0.6650000214576721, "causative": 0.4490000009536743, "complex_NP_island": 0.4830000102519989, "coordinate_structure_constraint_complex_left_branch": 0.24899999797344208, "coordinate_structure_constraint_object_extraction": 0.5410000085830688, "determiner_noun_agreement_1": 0.6060000061988831, "determiner_noun_agreement_2": 0.609000027179718, "determiner_noun_agreement_irregular_1": 0.621999979019165, "determiner_noun_agreement_irregular_2": 0.6349999904632568, "determiner_noun_agreement_with_adj_2": 0.4909999966621399, "determiner_noun_agreement_with_adj_irregular_1": 0.4440000057220459, "determiner_noun_agreement_with_adj_irregular_2": 0.5070000290870667, "determiner_noun_agreement_with_adjective_1": 0.4749999940395355, "distractor_agreement_relational_noun": 0.4189999997615814, "distractor_agreement_relative_clause": 0.4490000009536743, "drop_argument": 0.7429999709129333, "ellipsis_n_bar_1": 0.25, "ellipsis_n_bar_2": 0.41100001335144043, "existential_there_object_raising": 0.7239999771118164, "existential_there_quantifiers_1": 0.7570000290870667, "existential_there_quantifiers_2": 0.5979999899864197, "existential_there_subject_raising": 0.4970000088214874, "expletive_it_object_raising": 0.6549999713897705, "inchoative": 0.38199999928474426, "intransitive": 0.593999981880188, "irregular_past_participle_adjectives": 0.550000011920929, "irregular_past_participle_verbs": 0.6010000109672546, "irregular_plural_subject_verb_agreement_1": 0.5320000052452087, "irregular_plural_subject_verb_agreement_2": 0.5879999995231628, "left_branch_island_echo_question": 0.3959999978542328, "left_branch_island_simple_question": 0.30399999022483826, "matrix_question_npi_licensor_present": 0.4300000071525574, "npi_present_1": 0.25600001215934753, "npi_present_2": 0.2630000114440918, "only_npi_licensor_present": 0.04699999839067459, "only_npi_scope": 0.32899999618530273, "passive_1": 0.7049999833106995, "passive_2": 0.6959999799728394, "principle_A_c_command": 0.5899999737739563, "principle_A_case_1": 1.0, "principle_A_case_2": 0.4560000002384186, "principle_A_domain_1": 0.6370000243186951, "principle_A_domain_2": 0.5400000214576721, "principle_A_domain_3": 0.47200000286102295, "principle_A_reconstruction": 0.26499998569488525, "regular_plural_subject_verb_agreement_1": 0.4880000054836273, "regular_plural_subject_verb_agreement_2": 0.5210000276565552, "sentential_negation_npi_licensor_present": 0.7820000052452087, "sentential_negation_npi_scope": 0.3580000102519989, "sentential_subject_island": 0.6169999837875366, "superlative_quantifiers_1": 0.4970000088214874, "superlative_quantifiers_2": 0.7390000224113464, "tough_vs_raising_1": 0.33000001311302185, "tough_vs_raising_2": 0.7099999785423279, "transitive": 0.5690000057220459, "wh_island": 0.699999988079071, "wh_questions_object_gap": 0.574999988079071, "wh_questions_subject_gap": 0.8889999985694885, "wh_questions_subject_gap_long_distance": 0.8920000195503235, "wh_vs_that_no_gap": 0.9070000052452087, "wh_vs_that_no_gap_long_distance": 0.9169999957084656, "wh_vs_that_with_gap": 0.08699999749660492, "wh_vs_that_with_gap_long_distance": 0.0729999989271164}, "by_phenomenon": {"island_effects": 0.48024999536573887, "anaphor_agreement": 0.43949998915195465, "s-selection": 0.6315000057220459, "argument_structure": 0.5911428460053035, "determiner_noun_agreement": 0.5486250035464764, "subject_verb_agreement": 0.49950000643730164, "ellipsis": 0.3305000066757202, "control_raising": 0.5831999897956848, "quantifiers": 0.64775001257658, "irregular_forms": 0.5755000114440918, "npi_licensing": 0.3521428629755974, "binding": 0.5657142869063786, "filler_gap_dependency": 0.620000000510897}}, "paloma": 888.6507306620634}