{"blimp": {"by_uid": {"adjunct_island": 0.5740000009536743, "anaphor_gender_agreement": 0.4880000054836273, "anaphor_number_agreement": 0.7120000123977661, "animate_subject_passive": 0.7120000123977661, "animate_subject_trans": 0.6539999842643738, "causative": 0.48899999260902405, "complex_NP_island": 0.4620000123977661, "coordinate_structure_constraint_complex_left_branch": 0.20600000023841858, "coordinate_structure_constraint_object_extraction": 0.5979999899864197, "determiner_noun_agreement_1": 0.8870000243186951, "determiner_noun_agreement_2": 0.8659999966621399, "determiner_noun_agreement_irregular_1": 0.7120000123977661, "determiner_noun_agreement_irregular_2": 0.7720000147819519, "determiner_noun_agreement_with_adj_2": 0.7919999957084656, "determiner_noun_agreement_with_adj_irregular_1": 0.6499999761581421, "determiner_noun_agreement_with_adj_irregular_2": 0.7200000286102295, "determiner_noun_agreement_with_adjective_1": 0.8119999766349792, "distractor_agreement_relational_noun": 0.26499998569488525, "distractor_agreement_relative_clause": 0.2879999876022339, "drop_argument": 0.6840000152587891, "ellipsis_n_bar_1": 0.492000013589859, "ellipsis_n_bar_2": 0.5669999718666077, "existential_there_object_raising": 0.7390000224113464, "existential_there_quantifiers_1": 0.859000027179718, "existential_there_quantifiers_2": 0.2160000056028366, "existential_there_subject_raising": 0.6840000152587891, "expletive_it_object_raising": 0.7099999785423279, "inchoative": 0.3630000054836273, "intransitive": 0.5230000019073486, "irregular_past_participle_adjectives": 0.6510000228881836, "irregular_past_participle_verbs": 0.7649999856948853, "irregular_plural_subject_verb_agreement_1": 0.5820000171661377, "irregular_plural_subject_verb_agreement_2": 0.6549999713897705, "left_branch_island_echo_question": 0.43700000643730164, "left_branch_island_simple_question": 0.3100000023841858, "matrix_question_npi_licensor_present": 0.210999995470047, "npi_present_1": 0.3880000114440918, "npi_present_2": 0.28700000047683716, "only_npi_licensor_present": 0.546999990940094, "only_npi_scope": 0.8330000042915344, "passive_1": 0.8389999866485596, "passive_2": 0.8240000009536743, "principle_A_c_command": 0.6759999990463257, "principle_A_case_1": 1.0, "principle_A_case_2": 0.628000020980835, "principle_A_domain_1": 0.9200000166893005, "principle_A_domain_2": 0.6200000047683716, "principle_A_domain_3": 0.46000000834465027, "principle_A_reconstruction": 0.3100000023841858, "regular_plural_subject_verb_agreement_1": 0.6620000004768372, "regular_plural_subject_verb_agreement_2": 0.6150000095367432, "sentential_negation_npi_licensor_present": 0.9660000205039978, "sentential_negation_npi_scope": 0.28299999237060547, "sentential_subject_island": 0.37700000405311584, "superlative_quantifiers_1": 0.7369999885559082, "superlative_quantifiers_2": 0.4580000042915344, "tough_vs_raising_1": 0.3199999928474426, "tough_vs_raising_2": 0.7260000109672546, "transitive": 0.7039999961853027, "wh_island": 0.49000000953674316, "wh_questions_object_gap": 0.5640000104904175, "wh_questions_subject_gap": 0.9190000295639038, "wh_questions_subject_gap_long_distance": 0.9570000171661377, "wh_vs_that_no_gap": 0.949999988079071, "wh_vs_that_no_gap_long_distance": 0.9660000205039978, "wh_vs_that_with_gap": 0.10899999737739563, "wh_vs_that_with_gap_long_distance": 0.05299999937415123}, "by_phenomenon": {"island_effects": 0.43175000324845314, "anaphor_agreement": 0.6000000089406967, "s-selection": 0.68299999833107, "argument_structure": 0.6322857141494751, "determiner_noun_agreement": 0.7763750031590462, "subject_verb_agreement": 0.5111666619777679, "ellipsis": 0.5294999927282333, "control_raising": 0.6358000040054321, "quantifiers": 0.5675000064074993, "irregular_forms": 0.7080000042915344, "npi_licensing": 0.502142859356744, "binding": 0.6591428646019527, "filler_gap_dependency": 0.6454285803650107}}, "paloma": 236.16780223048937}