{"blimp": {"by_uid": {"adjunct_island": 0.5270000100135803, "anaphor_gender_agreement": 0.3240000009536743, "anaphor_number_agreement": 0.4620000123977661, "animate_subject_passive": 0.6200000047683716, "animate_subject_trans": 0.6269999742507935, "causative": 0.421999990940094, "complex_NP_island": 0.48399999737739563, "coordinate_structure_constraint_complex_left_branch": 0.4099999964237213, "coordinate_structure_constraint_object_extraction": 0.5529999732971191, "determiner_noun_agreement_1": 0.5529999732971191, "determiner_noun_agreement_2": 0.5609999895095825, "determiner_noun_agreement_irregular_1": 0.6039999723434448, "determiner_noun_agreement_irregular_2": 0.5870000123977661, "determiner_noun_agreement_with_adj_2": 0.48399999737739563, "determiner_noun_agreement_with_adj_irregular_1": 0.4790000021457672, "determiner_noun_agreement_with_adj_irregular_2": 0.527999997138977, "determiner_noun_agreement_with_adjective_1": 0.4779999852180481, "distractor_agreement_relational_noun": 0.42100000381469727, "distractor_agreement_relative_clause": 0.4860000014305115, "drop_argument": 0.7269999980926514, "ellipsis_n_bar_1": 0.3619999885559082, "ellipsis_n_bar_2": 0.35199999809265137, "existential_there_object_raising": 0.6930000185966492, "existential_there_quantifiers_1": 0.7429999709129333, "existential_there_quantifiers_2": 0.6110000014305115, "existential_there_subject_raising": 0.5199999809265137, "expletive_it_object_raising": 0.6209999918937683, "inchoative": 0.36800000071525574, "intransitive": 0.5680000185966492, "irregular_past_participle_adjectives": 0.5910000205039978, "irregular_past_participle_verbs": 0.5199999809265137, "irregular_plural_subject_verb_agreement_1": 0.5080000162124634, "irregular_plural_subject_verb_agreement_2": 0.5440000295639038, "left_branch_island_echo_question": 0.38100001215934753, "left_branch_island_simple_question": 0.4309999942779541, "matrix_question_npi_licensor_present": 0.4790000021457672, "npi_present_1": 0.21799999475479126, "npi_present_2": 0.22699999809265137, "only_npi_licensor_present": 0.004000000189989805, "only_npi_scope": 0.3140000104904175, "passive_1": 0.6830000281333923, "passive_2": 0.6869999766349792, "principle_A_c_command": 0.503000020980835, "principle_A_case_1": 1.0, "principle_A_case_2": 0.4650000035762787, "principle_A_domain_1": 0.7739999890327454, "principle_A_domain_2": 0.5879999995231628, "principle_A_domain_3": 0.4659999907016754, "principle_A_reconstruction": 0.3179999887943268, "regular_plural_subject_verb_agreement_1": 0.42899999022483826, "regular_plural_subject_verb_agreement_2": 0.503000020980835, "sentential_negation_npi_licensor_present": 0.796999990940094, "sentential_negation_npi_scope": 0.3160000145435333, "sentential_subject_island": 0.6359999775886536, "superlative_quantifiers_1": 0.4569999873638153, "superlative_quantifiers_2": 0.7160000205039978, "tough_vs_raising_1": 0.3089999854564667, "tough_vs_raising_2": 0.7120000123977661, "transitive": 0.5429999828338623, "wh_island": 0.5649999976158142, "wh_questions_object_gap": 0.7110000252723694, "wh_questions_subject_gap": 0.8640000224113464, "wh_questions_subject_gap_long_distance": 0.859000027179718, "wh_vs_that_no_gap": 0.9340000152587891, "wh_vs_that_no_gap_long_distance": 0.9539999961853027, "wh_vs_that_with_gap": 0.04399999976158142, "wh_vs_that_with_gap_long_distance": 0.03999999910593033}, "by_phenomenon": {"island_effects": 0.4983749948441982, "anaphor_agreement": 0.3930000066757202, "s-selection": 0.6234999895095825, "argument_structure": 0.5711428565638406, "determiner_noun_agreement": 0.5342499911785126, "subject_verb_agreement": 0.4818333437045415, "ellipsis": 0.3569999933242798, "control_raising": 0.5709999978542328, "quantifiers": 0.6317499950528145, "irregular_forms": 0.5555000007152557, "npi_licensing": 0.3364285730224635, "binding": 0.587714284658432, "filler_gap_dependency": 0.6294285835964339}}, "paloma": 1288.835047556382}