{"blimp": {"by_uid": {"adjunct_island": 0.5350000262260437, "anaphor_gender_agreement": 0.4819999933242798, "anaphor_number_agreement": 0.7089999914169312, "animate_subject_passive": 0.7110000252723694, "animate_subject_trans": 0.6579999923706055, "causative": 0.5019999742507935, "complex_NP_island": 0.45399999618530273, "coordinate_structure_constraint_complex_left_branch": 0.19499999284744263, "coordinate_structure_constraint_object_extraction": 0.5899999737739563, "determiner_noun_agreement_1": 0.8880000114440918, "determiner_noun_agreement_2": 0.8759999871253967, "determiner_noun_agreement_irregular_1": 0.7300000190734863, "determiner_noun_agreement_irregular_2": 0.7770000100135803, "determiner_noun_agreement_with_adj_2": 0.8180000185966492, "determiner_noun_agreement_with_adj_irregular_1": 0.6579999923706055, "determiner_noun_agreement_with_adj_irregular_2": 0.7409999966621399, "determiner_noun_agreement_with_adjective_1": 0.8069999814033508, "distractor_agreement_relational_noun": 0.31299999356269836, "distractor_agreement_relative_clause": 0.2919999957084656, "drop_argument": 0.6779999732971191, "ellipsis_n_bar_1": 0.5019999742507935, "ellipsis_n_bar_2": 0.6330000162124634, "existential_there_object_raising": 0.7390000224113464, "existential_there_quantifiers_1": 0.8840000033378601, "existential_there_quantifiers_2": 0.3319999873638153, "existential_there_subject_raising": 0.7059999704360962, "expletive_it_object_raising": 0.7260000109672546, "inchoative": 0.3709999918937683, "intransitive": 0.5389999747276306, "irregular_past_participle_adjectives": 0.6830000281333923, "irregular_past_participle_verbs": 0.7720000147819519, "irregular_plural_subject_verb_agreement_1": 0.5730000138282776, "irregular_plural_subject_verb_agreement_2": 0.6050000190734863, "left_branch_island_echo_question": 0.44200000166893005, "left_branch_island_simple_question": 0.28700000047683716, "matrix_question_npi_licensor_present": 0.23999999463558197, "npi_present_1": 0.4129999876022339, "npi_present_2": 0.3050000071525574, "only_npi_licensor_present": 0.5509999990463257, "only_npi_scope": 0.8059999942779541, "passive_1": 0.8410000205039978, "passive_2": 0.8330000042915344, "principle_A_c_command": 0.5659999847412109, "principle_A_case_1": 1.0, "principle_A_case_2": 0.6610000133514404, "principle_A_domain_1": 0.8790000081062317, "principle_A_domain_2": 0.6710000038146973, "principle_A_domain_3": 0.47099998593330383, "principle_A_reconstruction": 0.2619999945163727, "regular_plural_subject_verb_agreement_1": 0.6579999923706055, "regular_plural_subject_verb_agreement_2": 0.6150000095367432, "sentential_negation_npi_licensor_present": 0.953000009059906, "sentential_negation_npi_scope": 0.28200000524520874, "sentential_subject_island": 0.3580000102519989, "superlative_quantifiers_1": 0.7450000047683716, "superlative_quantifiers_2": 0.3840000033378601, "tough_vs_raising_1": 0.34299999475479126, "tough_vs_raising_2": 0.7089999914169312, "transitive": 0.7139999866485596, "wh_island": 0.4059999883174896, "wh_questions_object_gap": 0.5260000228881836, "wh_questions_subject_gap": 0.9079999923706055, "wh_questions_subject_gap_long_distance": 0.9490000009536743, "wh_vs_that_no_gap": 0.9470000267028809, "wh_vs_that_no_gap_long_distance": 0.9649999737739563, "wh_vs_that_with_gap": 0.12300000339746475, "wh_vs_that_with_gap_long_distance": 0.04500000178813934}, "by_phenomenon": {"island_effects": 0.40837499871850014, "anaphor_agreement": 0.5954999923706055, "s-selection": 0.6845000088214874, "argument_structure": 0.639714275087629, "determiner_noun_agreement": 0.7868750020861626, "subject_verb_agreement": 0.5093333373467127, "ellipsis": 0.5674999952316284, "control_raising": 0.644599997997284, "quantifiers": 0.5862499997019768, "irregular_forms": 0.7275000214576721, "npi_licensing": 0.5071428567171097, "binding": 0.6442857129233224, "filler_gap_dependency": 0.637571431696415}}, "paloma": 178.80726190892662}