{"blimp": {"by_uid": {"adjunct_island": 0.6589999794960022, "anaphor_gender_agreement": 0.5619999766349792, "anaphor_number_agreement": 0.8240000009536743, "animate_subject_passive": 0.7110000252723694, "animate_subject_trans": 0.7250000238418579, "causative": 0.4830000102519989, "complex_NP_island": 0.5019999742507935, "coordinate_structure_constraint_complex_left_branch": 0.15600000321865082, "coordinate_structure_constraint_object_extraction": 0.48899999260902405, "determiner_noun_agreement_1": 0.906000018119812, "determiner_noun_agreement_2": 0.8889999985694885, "determiner_noun_agreement_irregular_1": 0.7670000195503235, "determiner_noun_agreement_irregular_2": 0.8169999718666077, "determiner_noun_agreement_with_adj_2": 0.7960000038146973, "determiner_noun_agreement_with_adj_irregular_1": 0.6740000247955322, "determiner_noun_agreement_with_adj_irregular_2": 0.7250000238418579, "determiner_noun_agreement_with_adjective_1": 0.824999988079071, "distractor_agreement_relational_noun": 0.36000001430511475, "distractor_agreement_relative_clause": 0.3100000023841858, "drop_argument": 0.7160000205039978, "ellipsis_n_bar_1": 0.5440000295639038, "ellipsis_n_bar_2": 0.7110000252723694, "existential_there_object_raising": 0.7210000157356262, "existential_there_quantifiers_1": 0.9660000205039978, "existential_there_quantifiers_2": 0.3100000023841858, "existential_there_subject_raising": 0.7239999771118164, "expletive_it_object_raising": 0.7049999833106995, "inchoative": 0.41499999165534973, "intransitive": 0.6259999871253967, "irregular_past_participle_adjectives": 0.9570000171661377, "irregular_past_participle_verbs": 0.8130000233650208, "irregular_plural_subject_verb_agreement_1": 0.6620000004768372, "irregular_plural_subject_verb_agreement_2": 0.7950000166893005, "left_branch_island_echo_question": 0.5580000281333923, "left_branch_island_simple_question": 0.16200000047683716, "matrix_question_npi_licensor_present": 0.20999999344348907, "npi_present_1": 0.3100000023841858, "npi_present_2": 0.41999998688697815, "only_npi_licensor_present": 0.4230000078678131, "only_npi_scope": 0.7459999918937683, "passive_1": 0.8339999914169312, "passive_2": 0.8270000219345093, "principle_A_c_command": 0.48500001430511475, "principle_A_case_1": 1.0, "principle_A_case_2": 0.7009999752044678, "principle_A_domain_1": 0.8859999775886536, "principle_A_domain_2": 0.7279999852180481, "principle_A_domain_3": 0.4790000021457672, "principle_A_reconstruction": 0.41999998688697815, "regular_plural_subject_verb_agreement_1": 0.7419999837875366, "regular_plural_subject_verb_agreement_2": 0.8169999718666077, "sentential_negation_npi_licensor_present": 0.9940000176429749, "sentential_negation_npi_scope": 0.23399999737739563, "sentential_subject_island": 0.3889999985694885, "superlative_quantifiers_1": 0.49000000953674316, "superlative_quantifiers_2": 0.5270000100135803, "tough_vs_raising_1": 0.35600000619888306, "tough_vs_raising_2": 0.7409999966621399, "transitive": 0.7200000286102295, "wh_island": 0.6499999761581421, "wh_questions_object_gap": 0.5320000052452087, "wh_questions_subject_gap": 0.8949999809265137, "wh_questions_subject_gap_long_distance": 0.9679999947547913, "wh_vs_that_no_gap": 0.972000002861023, "wh_vs_that_no_gap_long_distance": 0.9909999966621399, "wh_vs_that_with_gap": 0.15800000727176666, "wh_vs_that_with_gap_long_distance": 0.05299999937415123}, "by_phenomenon": {"island_effects": 0.44562499411404133, "anaphor_agreement": 0.6929999887943268, "s-selection": 0.7180000245571136, "argument_structure": 0.6601428644997733, "determiner_noun_agreement": 0.7998750060796738, "subject_verb_agreement": 0.6143333315849304, "ellipsis": 0.6275000274181366, "control_raising": 0.649399995803833, "quantifiers": 0.5732500106096268, "irregular_forms": 0.8850000202655792, "npi_licensing": 0.47671428535665783, "binding": 0.6712857059070042, "filler_gap_dependency": 0.6527142838707992}}, "paloma": 83.54656278779697}