{"blimp": {"by_uid": {"adjunct_island": 0.6489999890327454, "anaphor_gender_agreement": 0.5630000233650208, "anaphor_number_agreement": 0.8299999833106995, "animate_subject_passive": 0.7139999866485596, "animate_subject_trans": 0.7289999723434448, "causative": 0.46299999952316284, "complex_NP_island": 0.4950000047683716, "coordinate_structure_constraint_complex_left_branch": 0.17800000309944153, "coordinate_structure_constraint_object_extraction": 0.4740000069141388, "determiner_noun_agreement_1": 0.9039999842643738, "determiner_noun_agreement_2": 0.8849999904632568, "determiner_noun_agreement_irregular_1": 0.765999972820282, "determiner_noun_agreement_irregular_2": 0.8080000281333923, "determiner_noun_agreement_with_adj_2": 0.7910000085830688, "determiner_noun_agreement_with_adj_irregular_1": 0.6710000038146973, "determiner_noun_agreement_with_adj_irregular_2": 0.734000027179718, "determiner_noun_agreement_with_adjective_1": 0.8309999704360962, "distractor_agreement_relational_noun": 0.36800000071525574, "distractor_agreement_relative_clause": 0.3089999854564667, "drop_argument": 0.7179999947547913, "ellipsis_n_bar_1": 0.5740000009536743, "ellipsis_n_bar_2": 0.7039999961853027, "existential_there_object_raising": 0.7319999933242798, "existential_there_quantifiers_1": 0.949999988079071, "existential_there_quantifiers_2": 0.26899999380111694, "existential_there_subject_raising": 0.7110000252723694, "expletive_it_object_raising": 0.7070000171661377, "inchoative": 0.4090000092983246, "intransitive": 0.6200000047683716, "irregular_past_participle_adjectives": 0.9380000233650208, "irregular_past_participle_verbs": 0.8130000233650208, "irregular_plural_subject_verb_agreement_1": 0.6520000100135803, "irregular_plural_subject_verb_agreement_2": 0.7760000228881836, "left_branch_island_echo_question": 0.5580000281333923, "left_branch_island_simple_question": 0.1770000010728836, "matrix_question_npi_licensor_present": 0.21799999475479126, "npi_present_1": 0.29899999499320984, "npi_present_2": 0.4320000112056732, "only_npi_licensor_present": 0.34700000286102295, "only_npi_scope": 0.7160000205039978, "passive_1": 0.8360000252723694, "passive_2": 0.8119999766349792, "principle_A_c_command": 0.4729999899864197, "principle_A_case_1": 1.0, "principle_A_case_2": 0.6759999990463257, "principle_A_domain_1": 0.8709999918937683, "principle_A_domain_2": 0.7419999837875366, "principle_A_domain_3": 0.47600001096725464, "principle_A_reconstruction": 0.42100000381469727, "regular_plural_subject_verb_agreement_1": 0.7440000176429749, "regular_plural_subject_verb_agreement_2": 0.8289999961853027, "sentential_negation_npi_licensor_present": 0.996999979019165, "sentential_negation_npi_scope": 0.22300000488758087, "sentential_subject_island": 0.38999998569488525, "superlative_quantifiers_1": 0.48500001430511475, "superlative_quantifiers_2": 0.4909999966621399, "tough_vs_raising_1": 0.3529999852180481, "tough_vs_raising_2": 0.7229999899864197, "transitive": 0.7170000076293945, "wh_island": 0.6460000276565552, "wh_questions_object_gap": 0.5099999904632568, "wh_questions_subject_gap": 0.8600000143051147, "wh_questions_subject_gap_long_distance": 0.9559999704360962, "wh_vs_that_no_gap": 0.972000002861023, "wh_vs_that_no_gap_long_distance": 0.9850000143051147, "wh_vs_that_with_gap": 0.15000000596046448, "wh_vs_that_with_gap_long_distance": 0.05900000035762787}, "by_phenomenon": {"island_effects": 0.4458750057965517, "anaphor_agreement": 0.6965000033378601, "s-selection": 0.7214999794960022, "argument_structure": 0.6535714311259133, "determiner_noun_agreement": 0.7987499982118607, "subject_verb_agreement": 0.6130000054836273, "ellipsis": 0.6389999985694885, "control_raising": 0.645200002193451, "quantifiers": 0.5487499982118607, "irregular_forms": 0.8755000233650208, "npi_licensing": 0.46171428688934874, "binding": 0.665571425642286, "filler_gap_dependency": 0.6417142855269569}}, "paloma": 85.20316509510997}