{"blimp": {"by_uid": {"adjunct_island": 0.5720000267028809, "anaphor_gender_agreement": 0.4740000069141388, "anaphor_number_agreement": 0.7110000252723694, "animate_subject_passive": 0.6690000295639038, "animate_subject_trans": 0.6510000228881836, "causative": 0.48899999260902405, "complex_NP_island": 0.45399999618530273, "coordinate_structure_constraint_complex_left_branch": 0.25099998712539673, "coordinate_structure_constraint_object_extraction": 0.5609999895095825, "determiner_noun_agreement_1": 0.8930000066757202, "determiner_noun_agreement_2": 0.9169999957084656, "determiner_noun_agreement_irregular_1": 0.7519999742507935, "determiner_noun_agreement_irregular_2": 0.8370000123977661, "determiner_noun_agreement_with_adj_2": 0.8410000205039978, "determiner_noun_agreement_with_adj_irregular_1": 0.6809999942779541, "determiner_noun_agreement_with_adj_irregular_2": 0.7870000004768372, "determiner_noun_agreement_with_adjective_1": 0.8339999914169312, "distractor_agreement_relational_noun": 0.28200000524520874, "distractor_agreement_relative_clause": 0.2759999930858612, "drop_argument": 0.6990000009536743, "ellipsis_n_bar_1": 0.5479999780654907, "ellipsis_n_bar_2": 0.6489999890327454, "existential_there_object_raising": 0.7459999918937683, "existential_there_quantifiers_1": 0.8659999966621399, "existential_there_quantifiers_2": 0.22300000488758087, "existential_there_subject_raising": 0.7039999961853027, "expletive_it_object_raising": 0.7049999833106995, "inchoative": 0.3919999897480011, "intransitive": 0.5410000085830688, "irregular_past_participle_adjectives": 0.9079999923706055, "irregular_past_participle_verbs": 0.7760000228881836, "irregular_plural_subject_verb_agreement_1": 0.5899999737739563, "irregular_plural_subject_verb_agreement_2": 0.6650000214576721, "left_branch_island_echo_question": 0.5149999856948853, "left_branch_island_simple_question": 0.32199999690055847, "matrix_question_npi_licensor_present": 0.289000004529953, "npi_present_1": 0.382999986410141, "npi_present_2": 0.3700000047683716, "only_npi_licensor_present": 0.8100000023841858, "only_npi_scope": 0.8059999942779541, "passive_1": 0.847000002861023, "passive_2": 0.8199999928474426, "principle_A_c_command": 0.5299999713897705, "principle_A_case_1": 1.0, "principle_A_case_2": 0.6399999856948853, "principle_A_domain_1": 0.9319999814033508, "principle_A_domain_2": 0.6830000281333923, "principle_A_domain_3": 0.460999995470047, "principle_A_reconstruction": 0.29899999499320984, "regular_plural_subject_verb_agreement_1": 0.6759999990463257, "regular_plural_subject_verb_agreement_2": 0.6629999876022339, "sentential_negation_npi_licensor_present": 0.9779999852180481, "sentential_negation_npi_scope": 0.32100000977516174, "sentential_subject_island": 0.3070000112056732, "superlative_quantifiers_1": 0.7770000100135803, "superlative_quantifiers_2": 0.29899999499320984, "tough_vs_raising_1": 0.3230000138282776, "tough_vs_raising_2": 0.7070000171661377, "transitive": 0.7279999852180481, "wh_island": 0.39899998903274536, "wh_questions_object_gap": 0.5860000252723694, "wh_questions_subject_gap": 0.8880000114440918, "wh_questions_subject_gap_long_distance": 0.9509999752044678, "wh_vs_that_no_gap": 0.9589999914169312, "wh_vs_that_no_gap_long_distance": 0.972000002861023, "wh_vs_that_with_gap": 0.12600000202655792, "wh_vs_that_with_gap_long_distance": 0.04399999976158142}, "by_phenomenon": {"island_effects": 0.42262499779462814, "anaphor_agreement": 0.5925000160932541, "s-selection": 0.6600000262260437, "argument_structure": 0.6451428532600403, "determiner_noun_agreement": 0.8177499994635582, "subject_verb_agreement": 0.5253333300352097, "ellipsis": 0.598499983549118, "control_raising": 0.6370000004768371, "quantifiers": 0.5412500016391277, "irregular_forms": 0.8420000076293945, "npi_licensing": 0.565285712480545, "binding": 0.6492857081549508, "filler_gap_dependency": 0.6465714297124318}}, "paloma": 126.07130631902076}