{"blimp": {"by_uid": {"adjunct_island": 0.597000002861023, "anaphor_gender_agreement": 0.4410000145435333, "anaphor_number_agreement": 0.75, "animate_subject_passive": 0.6740000247955322, "animate_subject_trans": 0.7110000252723694, "causative": 0.4819999933242798, "complex_NP_island": 0.4399999976158142, "coordinate_structure_constraint_complex_left_branch": 0.17499999701976776, "coordinate_structure_constraint_object_extraction": 0.5109999775886536, "determiner_noun_agreement_1": 0.8930000066757202, "determiner_noun_agreement_2": 0.8939999938011169, "determiner_noun_agreement_irregular_1": 0.7429999709129333, "determiner_noun_agreement_irregular_2": 0.8450000286102295, "determiner_noun_agreement_with_adj_2": 0.8429999947547913, "determiner_noun_agreement_with_adj_irregular_1": 0.6930000185966492, "determiner_noun_agreement_with_adj_irregular_2": 0.7799999713897705, "determiner_noun_agreement_with_adjective_1": 0.8479999899864197, "distractor_agreement_relational_noun": 0.27900001406669617, "distractor_agreement_relative_clause": 0.296999990940094, "drop_argument": 0.7009999752044678, "ellipsis_n_bar_1": 0.5509999990463257, "ellipsis_n_bar_2": 0.6639999747276306, "existential_there_object_raising": 0.7260000109672546, "existential_there_quantifiers_1": 0.8899999856948853, "existential_there_quantifiers_2": 0.20000000298023224, "existential_there_subject_raising": 0.7409999966621399, "expletive_it_object_raising": 0.7020000219345093, "inchoative": 0.4009999930858612, "intransitive": 0.5929999947547913, "irregular_past_participle_adjectives": 0.921999990940094, "irregular_past_participle_verbs": 0.800000011920929, "irregular_plural_subject_verb_agreement_1": 0.6029999852180481, "irregular_plural_subject_verb_agreement_2": 0.7110000252723694, "left_branch_island_echo_question": 0.5170000195503235, "left_branch_island_simple_question": 0.210999995470047, "matrix_question_npi_licensor_present": 0.26600000262260437, "npi_present_1": 0.23399999737739563, "npi_present_2": 0.3479999899864197, "only_npi_licensor_present": 0.7670000195503235, "only_npi_scope": 0.8109999895095825, "passive_1": 0.8600000143051147, "passive_2": 0.8320000171661377, "principle_A_c_command": 0.4860000014305115, "principle_A_case_1": 1.0, "principle_A_case_2": 0.6420000195503235, "principle_A_domain_1": 0.949999988079071, "principle_A_domain_2": 0.6930000185966492, "principle_A_domain_3": 0.45899999141693115, "principle_A_reconstruction": 0.34299999475479126, "regular_plural_subject_verb_agreement_1": 0.6949999928474426, "regular_plural_subject_verb_agreement_2": 0.7020000219345093, "sentential_negation_npi_licensor_present": 0.9890000224113464, "sentential_negation_npi_scope": 0.2809999883174896, "sentential_subject_island": 0.32199999690055847, "superlative_quantifiers_1": 0.6869999766349792, "superlative_quantifiers_2": 0.3449999988079071, "tough_vs_raising_1": 0.3310000002384186, "tough_vs_raising_2": 0.7149999737739563, "transitive": 0.718999981880188, "wh_island": 0.45100000500679016, "wh_questions_object_gap": 0.574999988079071, "wh_questions_subject_gap": 0.8939999938011169, "wh_questions_subject_gap_long_distance": 0.9610000252723694, "wh_vs_that_no_gap": 0.9700000286102295, "wh_vs_that_no_gap_long_distance": 0.9890000224113464, "wh_vs_that_with_gap": 0.11599999666213989, "wh_vs_that_with_gap_long_distance": 0.03500000014901161}, "by_phenomenon": {"island_effects": 0.4029999990016222, "anaphor_agreement": 0.5955000072717667, "s-selection": 0.6925000250339508, "argument_structure": 0.6554285671029773, "determiner_noun_agreement": 0.8173749968409538, "subject_verb_agreement": 0.5478333383798599, "ellipsis": 0.6074999868869781, "control_raising": 0.6430000007152558, "quantifiers": 0.530499991029501, "irregular_forms": 0.8610000014305115, "npi_licensing": 0.5280000013964516, "binding": 0.6532857162611825, "filler_gap_dependency": 0.6485714364264693}}, "paloma": 105.15613453031001}