{"blimp": {"by_uid": {"adjunct_island": 0.6110000014305115, "anaphor_gender_agreement": 0.5, "anaphor_number_agreement": 0.7990000247955322, "animate_subject_passive": 0.6669999957084656, "animate_subject_trans": 0.7110000252723694, "causative": 0.46299999952316284, "complex_NP_island": 0.5019999742507935, "coordinate_structure_constraint_complex_left_branch": 0.1770000010728836, "coordinate_structure_constraint_object_extraction": 0.4749999940395355, "determiner_noun_agreement_1": 0.9010000228881836, "determiner_noun_agreement_2": 0.8659999966621399, "determiner_noun_agreement_irregular_1": 0.7440000176429749, "determiner_noun_agreement_irregular_2": 0.8050000071525574, "determiner_noun_agreement_with_adj_2": 0.7979999780654907, "determiner_noun_agreement_with_adj_irregular_1": 0.6830000281333923, "determiner_noun_agreement_with_adj_irregular_2": 0.7310000061988831, "determiner_noun_agreement_with_adjective_1": 0.8479999899864197, "distractor_agreement_relational_noun": 0.2840000092983246, "distractor_agreement_relative_clause": 0.3019999861717224, "drop_argument": 0.722000002861023, "ellipsis_n_bar_1": 0.5690000057220459, "ellipsis_n_bar_2": 0.671999990940094, "existential_there_object_raising": 0.7279999852180481, "existential_there_quantifiers_1": 0.9179999828338623, "existential_there_quantifiers_2": 0.2240000069141388, "existential_there_subject_raising": 0.7409999966621399, "expletive_it_object_raising": 0.7080000042915344, "inchoative": 0.4169999957084656, "intransitive": 0.6050000190734863, "irregular_past_participle_adjectives": 0.9229999780654907, "irregular_past_participle_verbs": 0.796999990940094, "irregular_plural_subject_verb_agreement_1": 0.628000020980835, "irregular_plural_subject_verb_agreement_2": 0.7739999890327454, "left_branch_island_echo_question": 0.546999990940094, "left_branch_island_simple_question": 0.1940000057220459, "matrix_question_npi_licensor_present": 0.2549999952316284, "npi_present_1": 0.2409999966621399, "npi_present_2": 0.40799999237060547, "only_npi_licensor_present": 0.41499999165534973, "only_npi_scope": 0.8119999766349792, "passive_1": 0.8510000109672546, "passive_2": 0.8100000023841858, "principle_A_c_command": 0.4959999918937683, "principle_A_case_1": 1.0, "principle_A_case_2": 0.6340000033378601, "principle_A_domain_1": 0.8980000019073486, "principle_A_domain_2": 0.7070000171661377, "principle_A_domain_3": 0.4580000042915344, "principle_A_reconstruction": 0.414000004529953, "regular_plural_subject_verb_agreement_1": 0.7039999961853027, "regular_plural_subject_verb_agreement_2": 0.7649999856948853, "sentential_negation_npi_licensor_present": 0.9909999966621399, "sentential_negation_npi_scope": 0.24199999868869781, "sentential_subject_island": 0.38999998569488525, "superlative_quantifiers_1": 0.5590000152587891, "superlative_quantifiers_2": 0.48100000619888306, "tough_vs_raising_1": 0.3580000102519989, "tough_vs_raising_2": 0.6850000023841858, "transitive": 0.7059999704360962, "wh_island": 0.5329999923706055, "wh_questions_object_gap": 0.5730000138282776, "wh_questions_subject_gap": 0.8970000147819519, "wh_questions_subject_gap_long_distance": 0.9599999785423279, "wh_vs_that_no_gap": 0.9829999804496765, "wh_vs_that_no_gap_long_distance": 0.9959999918937683, "wh_vs_that_with_gap": 0.10999999940395355, "wh_vs_that_with_gap_long_distance": 0.02800000086426735}, "by_phenomenon": {"island_effects": 0.42862499319016933, "anaphor_agreement": 0.6495000123977661, "s-selection": 0.6890000104904175, "argument_structure": 0.6534285715648106, "determiner_noun_agreement": 0.7970000058412552, "subject_verb_agreement": 0.5761666645606359, "ellipsis": 0.62049999833107, "control_raising": 0.6439999997615814, "quantifiers": 0.5455000028014183, "irregular_forms": 0.8599999845027924, "npi_licensing": 0.4805714211293629, "binding": 0.6581428604466575, "filler_gap_dependency": 0.6495714256806033}}, "paloma": 94.4008796079649}