{"blimp": {"by_uid": {"adjunct_island": 0.5659999847412109, "anaphor_gender_agreement": 0.45100000500679016, "anaphor_number_agreement": 0.6959999799728394, "animate_subject_passive": 0.6970000267028809, "animate_subject_trans": 0.6470000147819519, "causative": 0.5009999871253967, "complex_NP_island": 0.46000000834465027, "coordinate_structure_constraint_complex_left_branch": 0.21199999749660492, "coordinate_structure_constraint_object_extraction": 0.5699999928474426, "determiner_noun_agreement_1": 0.8849999904632568, "determiner_noun_agreement_2": 0.8840000033378601, "determiner_noun_agreement_irregular_1": 0.7440000176429749, "determiner_noun_agreement_irregular_2": 0.800000011920929, "determiner_noun_agreement_with_adj_2": 0.8379999995231628, "determiner_noun_agreement_with_adj_irregular_1": 0.671999990940094, "determiner_noun_agreement_with_adj_irregular_2": 0.7730000019073486, "determiner_noun_agreement_with_adjective_1": 0.8159999847412109, "distractor_agreement_relational_noun": 0.3070000112056732, "distractor_agreement_relative_clause": 0.2980000078678131, "drop_argument": 0.6840000152587891, "ellipsis_n_bar_1": 0.5080000162124634, "ellipsis_n_bar_2": 0.6510000228881836, "existential_there_object_raising": 0.7519999742507935, "existential_there_quantifiers_1": 0.8870000243186951, "existential_there_quantifiers_2": 0.3089999854564667, "existential_there_subject_raising": 0.7089999914169312, "expletive_it_object_raising": 0.7070000171661377, "inchoative": 0.3799999952316284, "intransitive": 0.5289999842643738, "irregular_past_participle_adjectives": 0.7559999823570251, "irregular_past_participle_verbs": 0.7820000052452087, "irregular_plural_subject_verb_agreement_1": 0.5799999833106995, "irregular_plural_subject_verb_agreement_2": 0.628000020980835, "left_branch_island_echo_question": 0.4650000035762787, "left_branch_island_simple_question": 0.289000004529953, "matrix_question_npi_licensor_present": 0.24899999797344208, "npi_present_1": 0.40299999713897705, "npi_present_2": 0.34200000762939453, "only_npi_licensor_present": 0.5540000200271606, "only_npi_scope": 0.7799999713897705, "passive_1": 0.8320000171661377, "passive_2": 0.8389999866485596, "principle_A_c_command": 0.5320000052452087, "principle_A_case_1": 1.0, "principle_A_case_2": 0.6449999809265137, "principle_A_domain_1": 0.9070000052452087, "principle_A_domain_2": 0.6890000104904175, "principle_A_domain_3": 0.45899999141693115, "principle_A_reconstruction": 0.2770000100135803, "regular_plural_subject_verb_agreement_1": 0.6600000262260437, "regular_plural_subject_verb_agreement_2": 0.6259999871253967, "sentential_negation_npi_licensor_present": 0.9660000205039978, "sentential_negation_npi_scope": 0.2639999985694885, "sentential_subject_island": 0.34200000762939453, "superlative_quantifiers_1": 0.7670000195503235, "superlative_quantifiers_2": 0.2849999964237213, "tough_vs_raising_1": 0.37299999594688416, "tough_vs_raising_2": 0.6769999861717224, "transitive": 0.7269999980926514, "wh_island": 0.3700000047683716, "wh_questions_object_gap": 0.5529999732971191, "wh_questions_subject_gap": 0.8999999761581421, "wh_questions_subject_gap_long_distance": 0.9449999928474426, "wh_vs_that_no_gap": 0.9490000009536743, "wh_vs_that_no_gap_long_distance": 0.9610000252723694, "wh_vs_that_with_gap": 0.11599999666213989, "wh_vs_that_with_gap_long_distance": 0.0560000017285347}, "by_phenomenon": {"island_effects": 0.4092500004917383, "anaphor_agreement": 0.5734999924898148, "s-selection": 0.6720000207424164, "argument_structure": 0.6417142833982196, "determiner_noun_agreement": 0.8015000000596046, "subject_verb_agreement": 0.5165000061194102, "ellipsis": 0.5795000195503235, "control_raising": 0.6435999929904938, "quantifiers": 0.5620000064373016, "irregular_forms": 0.7689999938011169, "npi_licensing": 0.508285716176033, "binding": 0.6441428576196943, "filler_gap_dependency": 0.6399999952742031}}, "paloma": 155.8361694927415}