{"blimp": {"by_uid": {"adjunct_island": 0.5809999704360962, "anaphor_gender_agreement": 0.4480000138282776, "anaphor_number_agreement": 0.7549999952316284, "animate_subject_passive": 0.6650000214576721, "animate_subject_trans": 0.7200000286102295, "causative": 0.46700000762939453, "complex_NP_island": 0.4560000002384186, "coordinate_structure_constraint_complex_left_branch": 0.16099999845027924, "coordinate_structure_constraint_object_extraction": 0.49300000071525574, "determiner_noun_agreement_1": 0.8820000290870667, "determiner_noun_agreement_2": 0.8740000128746033, "determiner_noun_agreement_irregular_1": 0.7369999885559082, "determiner_noun_agreement_irregular_2": 0.8220000267028809, "determiner_noun_agreement_with_adj_2": 0.8220000267028809, "determiner_noun_agreement_with_adj_irregular_1": 0.675000011920929, "determiner_noun_agreement_with_adj_irregular_2": 0.7549999952316284, "determiner_noun_agreement_with_adjective_1": 0.8450000286102295, "distractor_agreement_relational_noun": 0.2759999930858612, "distractor_agreement_relative_clause": 0.3009999990463257, "drop_argument": 0.7200000286102295, "ellipsis_n_bar_1": 0.5600000023841858, "ellipsis_n_bar_2": 0.6779999732971191, "existential_there_object_raising": 0.7200000286102295, "existential_there_quantifiers_1": 0.9190000295639038, "existential_there_quantifiers_2": 0.18799999356269836, "existential_there_subject_raising": 0.7450000047683716, "expletive_it_object_raising": 0.7080000042915344, "inchoative": 0.40700000524520874, "intransitive": 0.5979999899864197, "irregular_past_participle_adjectives": 0.9070000052452087, "irregular_past_participle_verbs": 0.8199999928474426, "irregular_plural_subject_verb_agreement_1": 0.6150000095367432, "irregular_plural_subject_verb_agreement_2": 0.753000020980835, "left_branch_island_echo_question": 0.5170000195503235, "left_branch_island_simple_question": 0.1860000044107437, "matrix_question_npi_licensor_present": 0.2409999966621399, "npi_present_1": 0.21899999678134918, "npi_present_2": 0.3630000054836273, "only_npi_licensor_present": 0.6629999876022339, "only_npi_scope": 0.8159999847412109, "passive_1": 0.8550000190734863, "passive_2": 0.8180000185966492, "principle_A_c_command": 0.48100000619888306, "principle_A_case_1": 1.0, "principle_A_case_2": 0.6340000033378601, "principle_A_domain_1": 0.9399999976158142, "principle_A_domain_2": 0.7080000042915344, "principle_A_domain_3": 0.45399999618530273, "principle_A_reconstruction": 0.41200000047683716, "regular_plural_subject_verb_agreement_1": 0.7089999914169312, "regular_plural_subject_verb_agreement_2": 0.7179999947547913, "sentential_negation_npi_licensor_present": 0.9860000014305115, "sentential_negation_npi_scope": 0.27399998903274536, "sentential_subject_island": 0.36000001430511475, "superlative_quantifiers_1": 0.6539999842643738, "superlative_quantifiers_2": 0.3869999945163727, "tough_vs_raising_1": 0.34700000286102295, "tough_vs_raising_2": 0.6830000281333923, "transitive": 0.7129999995231628, "wh_island": 0.44600000977516174, "wh_questions_object_gap": 0.5699999928474426, "wh_questions_subject_gap": 0.890999972820282, "wh_questions_subject_gap_long_distance": 0.9549999833106995, "wh_vs_that_no_gap": 0.9779999852180481, "wh_vs_that_no_gap_long_distance": 0.9929999709129333, "wh_vs_that_with_gap": 0.11100000143051147, "wh_vs_that_with_gap_long_distance": 0.028999999165534973}, "by_phenomenon": {"island_effects": 0.4000000022351742, "anaphor_agreement": 0.601500004529953, "s-selection": 0.6925000250339508, "argument_structure": 0.6540000098092216, "determiner_noun_agreement": 0.8015000149607658, "subject_verb_agreement": 0.5620000014702479, "ellipsis": 0.6189999878406525, "control_raising": 0.6406000137329102, "quantifiers": 0.5370000004768372, "irregular_forms": 0.8634999990463257, "npi_licensing": 0.5088571373905454, "binding": 0.6612857154437474, "filler_gap_dependency": 0.646714272243636}}, "paloma": 99.62829354490553}