{"blimp": {"by_uid": {"adjunct_island": 0.5130000114440918, "anaphor_gender_agreement": 0.3190000057220459, "anaphor_number_agreement": 0.4569999873638153, "animate_subject_passive": 0.6179999709129333, "animate_subject_trans": 0.6169999837875366, "causative": 0.42399999499320984, "complex_NP_island": 0.49300000071525574, "coordinate_structure_constraint_complex_left_branch": 0.4359999895095825, "coordinate_structure_constraint_object_extraction": 0.5580000281333923, "determiner_noun_agreement_1": 0.5429999828338623, "determiner_noun_agreement_2": 0.5550000071525574, "determiner_noun_agreement_irregular_1": 0.597000002861023, "determiner_noun_agreement_irregular_2": 0.5799999833106995, "determiner_noun_agreement_with_adj_2": 0.4869999885559082, "determiner_noun_agreement_with_adj_irregular_1": 0.49000000953674316, "determiner_noun_agreement_with_adj_irregular_2": 0.5239999890327454, "determiner_noun_agreement_with_adjective_1": 0.4880000054836273, "distractor_agreement_relational_noun": 0.414000004529953, "distractor_agreement_relative_clause": 0.49399998784065247, "drop_argument": 0.7239999771118164, "ellipsis_n_bar_1": 0.39899998903274536, "ellipsis_n_bar_2": 0.3409999907016754, "existential_there_object_raising": 0.6930000185966492, "existential_there_quantifiers_1": 0.7419999837875366, "existential_there_quantifiers_2": 0.6119999885559082, "existential_there_subject_raising": 0.527999997138977, "expletive_it_object_raising": 0.6200000047683716, "inchoative": 0.37400001287460327, "intransitive": 0.5529999732971191, "irregular_past_participle_adjectives": 0.5950000286102295, "irregular_past_participle_verbs": 0.5170000195503235, "irregular_plural_subject_verb_agreement_1": 0.5059999823570251, "irregular_plural_subject_verb_agreement_2": 0.5270000100135803, "left_branch_island_echo_question": 0.37599998712539673, "left_branch_island_simple_question": 0.45399999618530273, "matrix_question_npi_licensor_present": 0.49300000071525574, "npi_present_1": 0.21400000154972076, "npi_present_2": 0.22499999403953552, "only_npi_licensor_present": 0.0020000000949949026, "only_npi_scope": 0.30799999833106995, "passive_1": 0.6840000152587891, "passive_2": 0.6840000152587891, "principle_A_c_command": 0.5040000081062317, "principle_A_case_1": 1.0, "principle_A_case_2": 0.4650000035762787, "principle_A_domain_1": 0.8029999732971191, "principle_A_domain_2": 0.5860000252723694, "principle_A_domain_3": 0.46299999952316284, "principle_A_reconstruction": 0.32499998807907104, "regular_plural_subject_verb_agreement_1": 0.4269999861717224, "regular_plural_subject_verb_agreement_2": 0.5080000162124634, "sentential_negation_npi_licensor_present": 0.7850000262260437, "sentential_negation_npi_scope": 0.3240000009536743, "sentential_subject_island": 0.6200000047683716, "superlative_quantifiers_1": 0.46399998664855957, "superlative_quantifiers_2": 0.7160000205039978, "tough_vs_raising_1": 0.30399999022483826, "tough_vs_raising_2": 0.7179999947547913, "transitive": 0.5370000004768372, "wh_island": 0.5559999942779541, "wh_questions_object_gap": 0.7239999771118164, "wh_questions_subject_gap": 0.8500000238418579, "wh_questions_subject_gap_long_distance": 0.8410000205039978, "wh_vs_that_no_gap": 0.9340000152587891, "wh_vs_that_no_gap_long_distance": 0.9480000138282776, "wh_vs_that_with_gap": 0.04100000113248825, "wh_vs_that_with_gap_long_distance": 0.039000000804662704}, "by_phenomenon": {"island_effects": 0.5007500015199184, "anaphor_agreement": 0.3879999965429306, "s-selection": 0.617499977350235, "argument_structure": 0.5685714270387378, "determiner_noun_agreement": 0.5329999960958958, "subject_verb_agreement": 0.4793333311875661, "ellipsis": 0.3699999898672104, "control_raising": 0.5726000010967255, "quantifiers": 0.6334999948740005, "irregular_forms": 0.5560000240802765, "npi_licensing": 0.33585714598718497, "binding": 0.5922857139791761, "filler_gap_dependency": 0.6252857217831271}}, "paloma": 1398.4063515905718}