{"blimp": {"by_uid": {"adjunct_island": 0.6399999856948853, "anaphor_gender_agreement": 0.48100000619888306, "anaphor_number_agreement": 0.7829999923706055, "animate_subject_passive": 0.6940000057220459, "animate_subject_trans": 0.7289999723434448, "causative": 0.47099998593330383, "complex_NP_island": 0.5139999985694885, "coordinate_structure_constraint_complex_left_branch": 0.17000000178813934, "coordinate_structure_constraint_object_extraction": 0.47600001096725464, "determiner_noun_agreement_1": 0.9129999876022339, "determiner_noun_agreement_2": 0.8859999775886536, "determiner_noun_agreement_irregular_1": 0.7639999985694885, "determiner_noun_agreement_irregular_2": 0.8069999814033508, "determiner_noun_agreement_with_adj_2": 0.7979999780654907, "determiner_noun_agreement_with_adj_irregular_1": 0.6679999828338623, "determiner_noun_agreement_with_adj_irregular_2": 0.7379999756813049, "determiner_noun_agreement_with_adjective_1": 0.8379999995231628, "distractor_agreement_relational_noun": 0.35600000619888306, "distractor_agreement_relative_clause": 0.29100000858306885, "drop_argument": 0.7080000042915344, "ellipsis_n_bar_1": 0.5479999780654907, "ellipsis_n_bar_2": 0.6930000185966492, "existential_there_object_raising": 0.7350000143051147, "existential_there_quantifiers_1": 0.9350000023841858, "existential_there_quantifiers_2": 0.29899999499320984, "existential_there_subject_raising": 0.7020000219345093, "expletive_it_object_raising": 0.7080000042915344, "inchoative": 0.41200000047683716, "intransitive": 0.609000027179718, "irregular_past_participle_adjectives": 0.949999988079071, "irregular_past_participle_verbs": 0.8100000023841858, "irregular_plural_subject_verb_agreement_1": 0.6620000004768372, "irregular_plural_subject_verb_agreement_2": 0.7889999747276306, "left_branch_island_echo_question": 0.578000009059906, "left_branch_island_simple_question": 0.18400000035762787, "matrix_question_npi_licensor_present": 0.2240000069141388, "npi_present_1": 0.31200000643730164, "npi_present_2": 0.4480000138282776, "only_npi_licensor_present": 0.3370000123977661, "only_npi_scope": 0.7279999852180481, "passive_1": 0.8289999961853027, "passive_2": 0.7990000247955322, "principle_A_c_command": 0.4880000054836273, "principle_A_case_1": 1.0, "principle_A_case_2": 0.671999990940094, "principle_A_domain_1": 0.8920000195503235, "principle_A_domain_2": 0.7229999899864197, "principle_A_domain_3": 0.4749999940395355, "principle_A_reconstruction": 0.42500001192092896, "regular_plural_subject_verb_agreement_1": 0.7369999885559082, "regular_plural_subject_verb_agreement_2": 0.8209999799728394, "sentential_negation_npi_licensor_present": 0.9940000176429749, "sentential_negation_npi_scope": 0.20499999821186066, "sentential_subject_island": 0.3930000066757202, "superlative_quantifiers_1": 0.3930000066757202, "superlative_quantifiers_2": 0.5199999809265137, "tough_vs_raising_1": 0.367000013589859, "tough_vs_raising_2": 0.7059999704360962, "transitive": 0.7110000252723694, "wh_island": 0.6019999980926514, "wh_questions_object_gap": 0.5230000019073486, "wh_questions_subject_gap": 0.8859999775886536, "wh_questions_subject_gap_long_distance": 0.9639999866485596, "wh_vs_that_no_gap": 0.9760000109672546, "wh_vs_that_no_gap_long_distance": 0.9900000095367432, "wh_vs_that_with_gap": 0.15299999713897705, "wh_vs_that_with_gap_long_distance": 0.05299999937415123}, "by_phenomenon": {"island_effects": 0.44462500140070915, "anaphor_agreement": 0.6319999992847443, "s-selection": 0.7114999890327454, "argument_structure": 0.6484285805906568, "determiner_noun_agreement": 0.8014999851584435, "subject_verb_agreement": 0.6093333264191946, "ellipsis": 0.62049999833107, "control_raising": 0.6436000049114228, "quantifiers": 0.5367499962449074, "irregular_forms": 0.8799999952316284, "npi_licensing": 0.4640000058071954, "binding": 0.6678571445601327, "filler_gap_dependency": 0.6492857118802411}}, "paloma": 86.75937033455547}