{"blimp": {"by_uid": {"adjunct_island": 0.4909999966621399, "anaphor_gender_agreement": 0.30300000309944153, "anaphor_number_agreement": 0.41999998688697815, "animate_subject_passive": 0.6230000257492065, "animate_subject_trans": 0.5960000157356262, "causative": 0.4050000011920929, "complex_NP_island": 0.48899999260902405, "coordinate_structure_constraint_complex_left_branch": 0.5320000052452087, "coordinate_structure_constraint_object_extraction": 0.5659999847412109, "determiner_noun_agreement_1": 0.5210000276565552, "determiner_noun_agreement_2": 0.5180000066757202, "determiner_noun_agreement_irregular_1": 0.5580000281333923, "determiner_noun_agreement_irregular_2": 0.5410000085830688, "determiner_noun_agreement_with_adj_2": 0.49900001287460327, "determiner_noun_agreement_with_adj_irregular_1": 0.5109999775886536, "determiner_noun_agreement_with_adj_irregular_2": 0.5249999761581421, "determiner_noun_agreement_with_adjective_1": 0.4860000014305115, "distractor_agreement_relational_noun": 0.4560000002384186, "distractor_agreement_relative_clause": 0.5199999809265137, "drop_argument": 0.7179999947547913, "ellipsis_n_bar_1": 0.5170000195503235, "ellipsis_n_bar_2": 0.3269999921321869, "existential_there_object_raising": 0.6589999794960022, "existential_there_quantifiers_1": 0.7979999780654907, "existential_there_quantifiers_2": 0.6269999742507935, "existential_there_subject_raising": 0.5619999766349792, "expletive_it_object_raising": 0.6000000238418579, "inchoative": 0.36800000071525574, "intransitive": 0.5379999876022339, "irregular_past_participle_adjectives": 0.5770000219345093, "irregular_past_participle_verbs": 0.527999997138977, "irregular_plural_subject_verb_agreement_1": 0.48899999260902405, "irregular_plural_subject_verb_agreement_2": 0.4909999966621399, "left_branch_island_echo_question": 0.38100001215934753, "left_branch_island_simple_question": 0.5260000228881836, "matrix_question_npi_licensor_present": 0.5730000138282776, "npi_present_1": 0.23600000143051147, "npi_present_2": 0.2150000035762787, "only_npi_licensor_present": 0.0, "only_npi_scope": 0.3230000138282776, "passive_1": 0.6639999747276306, "passive_2": 0.6650000214576721, "principle_A_c_command": 0.5270000100135803, "principle_A_case_1": 0.9990000128746033, "principle_A_case_2": 0.4790000021457672, "principle_A_domain_1": 0.847000002861023, "principle_A_domain_2": 0.574999988079071, "principle_A_domain_3": 0.45399999618530273, "principle_A_reconstruction": 0.4620000123977661, "regular_plural_subject_verb_agreement_1": 0.4339999854564667, "regular_plural_subject_verb_agreement_2": 0.503000020980835, "sentential_negation_npi_licensor_present": 0.6830000281333923, "sentential_negation_npi_scope": 0.39899998903274536, "sentential_subject_island": 0.5920000076293945, "superlative_quantifiers_1": 0.46799999475479126, "superlative_quantifiers_2": 0.7099999785423279, "tough_vs_raising_1": 0.29899999499320984, "tough_vs_raising_2": 0.718999981880188, "transitive": 0.527999997138977, "wh_island": 0.5, "wh_questions_object_gap": 0.7860000133514404, "wh_questions_subject_gap": 0.718999981880188, "wh_questions_subject_gap_long_distance": 0.734000027179718, "wh_vs_that_no_gap": 0.9120000004768372, "wh_vs_that_no_gap_long_distance": 0.9309999942779541, "wh_vs_that_with_gap": 0.061000000685453415, "wh_vs_that_with_gap_long_distance": 0.07699999958276749}, "by_phenomenon": {"island_effects": 0.5096250027418137, "anaphor_agreement": 0.36149999499320984, "s-selection": 0.6095000207424164, "argument_structure": 0.5551428539412362, "determiner_noun_agreement": 0.5198750048875809, "subject_verb_agreement": 0.48216666281223297, "ellipsis": 0.4220000058412552, "control_raising": 0.5677999913692474, "quantifiers": 0.6507499814033508, "irregular_forms": 0.5525000095367432, "npi_licensing": 0.3470000071184976, "binding": 0.6204285749367305, "filler_gap_dependency": 0.6028571453477655}}, "paloma": 2260.1201094039225}