{"blimp": {"by_uid": {"adjunct_island": 0.48899999260902405, "anaphor_gender_agreement": 0.31700000166893005, "anaphor_number_agreement": 0.43799999356269836, "animate_subject_passive": 0.6269999742507935, "animate_subject_trans": 0.6069999933242798, "causative": 0.40799999237060547, "complex_NP_island": 0.48100000619888306, "coordinate_structure_constraint_complex_left_branch": 0.49399998784065247, "coordinate_structure_constraint_object_extraction": 0.5630000233650208, "determiner_noun_agreement_1": 0.5199999809265137, "determiner_noun_agreement_2": 0.531000018119812, "determiner_noun_agreement_irregular_1": 0.5759999752044678, "determiner_noun_agreement_irregular_2": 0.5519999861717224, "determiner_noun_agreement_with_adj_2": 0.49399998784065247, "determiner_noun_agreement_with_adj_irregular_1": 0.5130000114440918, "determiner_noun_agreement_with_adj_irregular_2": 0.5210000276565552, "determiner_noun_agreement_with_adjective_1": 0.4869999885559082, "distractor_agreement_relational_noun": 0.4230000078678131, "distractor_agreement_relative_clause": 0.49799999594688416, "drop_argument": 0.7229999899864197, "ellipsis_n_bar_1": 0.46299999952316284, "ellipsis_n_bar_2": 0.328000009059906, "existential_there_object_raising": 0.6779999732971191, "existential_there_quantifiers_1": 0.7829999923706055, "existential_there_quantifiers_2": 0.6079999804496765, "existential_there_subject_raising": 0.5460000038146973, "expletive_it_object_raising": 0.6140000224113464, "inchoative": 0.36399999260902405, "intransitive": 0.5360000133514404, "irregular_past_participle_adjectives": 0.5889999866485596, "irregular_past_participle_verbs": 0.5170000195503235, "irregular_plural_subject_verb_agreement_1": 0.49799999594688416, "irregular_plural_subject_verb_agreement_2": 0.5009999871253967, "left_branch_island_echo_question": 0.3799999952316284, "left_branch_island_simple_question": 0.48899999260902405, "matrix_question_npi_licensor_present": 0.527999997138977, "npi_present_1": 0.22599999606609344, "npi_present_2": 0.210999995470047, "only_npi_licensor_present": 0.0, "only_npi_scope": 0.31700000166893005, "passive_1": 0.6759999990463257, "passive_2": 0.6700000166893005, "principle_A_c_command": 0.5180000066757202, "principle_A_case_1": 1.0, "principle_A_case_2": 0.47600001096725464, "principle_A_domain_1": 0.8510000109672546, "principle_A_domain_2": 0.5820000171661377, "principle_A_domain_3": 0.4620000123977661, "principle_A_reconstruction": 0.38600000739097595, "regular_plural_subject_verb_agreement_1": 0.4359999895095825, "regular_plural_subject_verb_agreement_2": 0.5059999823570251, "sentential_negation_npi_licensor_present": 0.746999979019165, "sentential_negation_npi_scope": 0.33799999952316284, "sentential_subject_island": 0.6039999723434448, "superlative_quantifiers_1": 0.45899999141693115, "superlative_quantifiers_2": 0.7120000123977661, "tough_vs_raising_1": 0.30000001192092896, "tough_vs_raising_2": 0.7210000157356262, "transitive": 0.5379999876022339, "wh_island": 0.5370000004768372, "wh_questions_object_gap": 0.7580000162124634, "wh_questions_subject_gap": 0.7820000052452087, "wh_questions_subject_gap_long_distance": 0.7860000133514404, "wh_vs_that_no_gap": 0.9300000071525574, "wh_vs_that_no_gap_long_distance": 0.9470000267028809, "wh_vs_that_with_gap": 0.04699999839067459, "wh_vs_that_with_gap_long_distance": 0.050999999046325684}, "by_phenomenon": {"island_effects": 0.5046249963343143, "anaphor_agreement": 0.3774999976158142, "s-selection": 0.6169999837875366, "argument_structure": 0.5592857130936214, "determiner_noun_agreement": 0.5242499969899654, "subject_verb_agreement": 0.47699999312559765, "ellipsis": 0.3955000042915344, "control_raising": 0.5718000054359436, "quantifiers": 0.6404999941587448, "irregular_forms": 0.5530000030994415, "npi_licensing": 0.3381428526980536, "binding": 0.6107142950807299, "filler_gap_dependency": 0.6144285808716502}}, "paloma": 1757.7169413390475}