{"blimp": {"by_uid": {"adjunct_island": 0.6110000014305115, "anaphor_gender_agreement": 0.5199999809265137, "anaphor_number_agreement": 0.8270000219345093, "animate_subject_passive": 0.6759999990463257, "animate_subject_trans": 0.7260000109672546, "causative": 0.4690000116825104, "complex_NP_island": 0.5009999871253967, "coordinate_structure_constraint_complex_left_branch": 0.17000000178813934, "coordinate_structure_constraint_object_extraction": 0.4869999885559082, "determiner_noun_agreement_1": 0.9100000262260437, "determiner_noun_agreement_2": 0.8809999823570251, "determiner_noun_agreement_irregular_1": 0.7540000081062317, "determiner_noun_agreement_irregular_2": 0.8140000104904175, "determiner_noun_agreement_with_adj_2": 0.8040000200271606, "determiner_noun_agreement_with_adj_irregular_1": 0.6800000071525574, "determiner_noun_agreement_with_adj_irregular_2": 0.7429999709129333, "determiner_noun_agreement_with_adjective_1": 0.8489999771118164, "distractor_agreement_relational_noun": 0.3089999854564667, "distractor_agreement_relative_clause": 0.29600000381469727, "drop_argument": 0.722000002861023, "ellipsis_n_bar_1": 0.5339999794960022, "ellipsis_n_bar_2": 0.6869999766349792, "existential_there_object_raising": 0.7310000061988831, "existential_there_quantifiers_1": 0.9330000281333923, "existential_there_quantifiers_2": 0.2840000092983246, "existential_there_subject_raising": 0.7089999914169312, "expletive_it_object_raising": 0.7049999833106995, "inchoative": 0.4180000126361847, "intransitive": 0.6159999966621399, "irregular_past_participle_adjectives": 0.9509999752044678, "irregular_past_participle_verbs": 0.8109999895095825, "irregular_plural_subject_verb_agreement_1": 0.6549999713897705, "irregular_plural_subject_verb_agreement_2": 0.7670000195503235, "left_branch_island_echo_question": 0.5600000023841858, "left_branch_island_simple_question": 0.1889999955892563, "matrix_question_npi_licensor_present": 0.23499999940395355, "npi_present_1": 0.3050000071525574, "npi_present_2": 0.43700000643730164, "only_npi_licensor_present": 0.2840000092983246, "only_npi_scope": 0.7400000095367432, "passive_1": 0.8389999866485596, "passive_2": 0.8009999990463257, "principle_A_c_command": 0.47099998593330383, "principle_A_case_1": 1.0, "principle_A_case_2": 0.6380000114440918, "principle_A_domain_1": 0.8610000014305115, "principle_A_domain_2": 0.7300000190734863, "principle_A_domain_3": 0.46700000762939453, "principle_A_reconstruction": 0.4339999854564667, "regular_plural_subject_verb_agreement_1": 0.7260000109672546, "regular_plural_subject_verb_agreement_2": 0.8069999814033508, "sentential_negation_npi_licensor_present": 0.9940000176429749, "sentential_negation_npi_scope": 0.21799999475479126, "sentential_subject_island": 0.4059999883174896, "superlative_quantifiers_1": 0.4350000023841858, "superlative_quantifiers_2": 0.5080000162124634, "tough_vs_raising_1": 0.3630000054836273, "tough_vs_raising_2": 0.7049999833106995, "transitive": 0.7110000252723694, "wh_island": 0.527999997138977, "wh_questions_object_gap": 0.531000018119812, "wh_questions_subject_gap": 0.8960000276565552, "wh_questions_subject_gap_long_distance": 0.9570000171661377, "wh_vs_that_no_gap": 0.9760000109672546, "wh_vs_that_no_gap_long_distance": 0.9879999756813049, "wh_vs_that_with_gap": 0.13500000536441803, "wh_vs_that_with_gap_long_distance": 0.04500000178813934}, "by_phenomenon": {"island_effects": 0.43149999529123306, "anaphor_agreement": 0.6735000014305115, "s-selection": 0.7010000050067902, "argument_structure": 0.653714290687016, "determiner_noun_agreement": 0.8043750002980232, "subject_verb_agreement": 0.5933333287636439, "ellipsis": 0.6104999780654907, "control_raising": 0.6425999939441681, "quantifiers": 0.5400000140070915, "irregular_forms": 0.8809999823570251, "npi_licensing": 0.45900000631809235, "binding": 0.657285715852465, "filler_gap_dependency": 0.6468571509633746}}, "paloma": 89.76054720405087}