{"blimp": {"by_uid": {"adjunct_island": 0.5249999761581421, "anaphor_gender_agreement": 0.48399999737739563, "anaphor_number_agreement": 0.7329999804496765, "animate_subject_passive": 0.7049999833106995, "animate_subject_trans": 0.6549999713897705, "causative": 0.5109999775886536, "complex_NP_island": 0.4410000145435333, "coordinate_structure_constraint_complex_left_branch": 0.2029999941587448, "coordinate_structure_constraint_object_extraction": 0.6150000095367432, "determiner_noun_agreement_1": 0.8889999985694885, "determiner_noun_agreement_2": 0.8740000128746033, "determiner_noun_agreement_irregular_1": 0.7279999852180481, "determiner_noun_agreement_irregular_2": 0.7789999842643738, "determiner_noun_agreement_with_adj_2": 0.8090000152587891, "determiner_noun_agreement_with_adj_irregular_1": 0.6639999747276306, "determiner_noun_agreement_with_adj_irregular_2": 0.7369999885559082, "determiner_noun_agreement_with_adjective_1": 0.8080000281333923, "distractor_agreement_relational_noun": 0.31299999356269836, "distractor_agreement_relative_clause": 0.29499998688697815, "drop_argument": 0.6729999780654907, "ellipsis_n_bar_1": 0.5009999871253967, "ellipsis_n_bar_2": 0.6159999966621399, "existential_there_object_raising": 0.7360000014305115, "existential_there_quantifiers_1": 0.8799999952316284, "existential_there_quantifiers_2": 0.32899999618530273, "existential_there_subject_raising": 0.6970000267028809, "expletive_it_object_raising": 0.7160000205039978, "inchoative": 0.382999986410141, "intransitive": 0.5339999794960022, "irregular_past_participle_adjectives": 0.6930000185966492, "irregular_past_participle_verbs": 0.7689999938011169, "irregular_plural_subject_verb_agreement_1": 0.5830000042915344, "irregular_plural_subject_verb_agreement_2": 0.6150000095367432, "left_branch_island_echo_question": 0.42800000309944153, "left_branch_island_simple_question": 0.3160000145435333, "matrix_question_npi_licensor_present": 0.25099998712539673, "npi_present_1": 0.4180000126361847, "npi_present_2": 0.3199999928474426, "only_npi_licensor_present": 0.5559999942779541, "only_npi_scope": 0.8100000023841858, "passive_1": 0.8429999947547913, "passive_2": 0.8379999995231628, "principle_A_c_command": 0.5519999861717224, "principle_A_case_1": 1.0, "principle_A_case_2": 0.675000011920929, "principle_A_domain_1": 0.8370000123977661, "principle_A_domain_2": 0.675000011920929, "principle_A_domain_3": 0.460999995470047, "principle_A_reconstruction": 0.289000004529953, "regular_plural_subject_verb_agreement_1": 0.6589999794960022, "regular_plural_subject_verb_agreement_2": 0.6200000047683716, "sentential_negation_npi_licensor_present": 0.9589999914169312, "sentential_negation_npi_scope": 0.29100000858306885, "sentential_subject_island": 0.3540000021457672, "superlative_quantifiers_1": 0.7990000247955322, "superlative_quantifiers_2": 0.38199999928474426, "tough_vs_raising_1": 0.3400000035762787, "tough_vs_raising_2": 0.7170000076293945, "transitive": 0.7080000042915344, "wh_island": 0.4399999976158142, "wh_questions_object_gap": 0.5370000004768372, "wh_questions_subject_gap": 0.9020000100135803, "wh_questions_subject_gap_long_distance": 0.9520000219345093, "wh_vs_that_no_gap": 0.9430000185966492, "wh_vs_that_no_gap_long_distance": 0.9599999785423279, "wh_vs_that_with_gap": 0.12200000137090683, "wh_vs_that_with_gap_long_distance": 0.0560000017285347}, "by_phenomenon": {"island_effects": 0.41525000147521496, "anaphor_agreement": 0.6084999889135361, "s-selection": 0.679999977350235, "argument_structure": 0.6414285600185394, "determiner_noun_agreement": 0.7859999984502792, "subject_verb_agreement": 0.5141666630903879, "ellipsis": 0.5584999918937683, "control_raising": 0.6412000119686126, "quantifiers": 0.5975000038743019, "irregular_forms": 0.7310000061988831, "npi_licensing": 0.5149999984673092, "binding": 0.6412857174873352, "filler_gap_dependency": 0.638857147523335}}, "paloma": 182.89935974626175}