{"blimp": {"by_uid": {"adjunct_island": 0.6700000166893005, "anaphor_gender_agreement": 0.6110000014305115, "anaphor_number_agreement": 0.8560000061988831, "animate_subject_passive": 0.7139999866485596, "animate_subject_trans": 0.7269999980926514, "causative": 0.48100000619888306, "complex_NP_island": 0.49799999594688416, "coordinate_structure_constraint_complex_left_branch": 0.17299999296665192, "coordinate_structure_constraint_object_extraction": 0.4950000047683716, "determiner_noun_agreement_1": 0.9110000133514404, "determiner_noun_agreement_2": 0.890999972820282, "determiner_noun_agreement_irregular_1": 0.7620000243186951, "determiner_noun_agreement_irregular_2": 0.8159999847412109, "determiner_noun_agreement_with_adj_2": 0.7929999828338623, "determiner_noun_agreement_with_adj_irregular_1": 0.6660000085830688, "determiner_noun_agreement_with_adj_irregular_2": 0.7260000109672546, "determiner_noun_agreement_with_adjective_1": 0.828000009059906, "distractor_agreement_relational_noun": 0.3540000021457672, "distractor_agreement_relative_clause": 0.29899999499320984, "drop_argument": 0.7149999737739563, "ellipsis_n_bar_1": 0.5740000009536743, "ellipsis_n_bar_2": 0.7129999995231628, "existential_there_object_raising": 0.7279999852180481, "existential_there_quantifiers_1": 0.9589999914169312, "existential_there_quantifiers_2": 0.27900001406669617, "existential_there_subject_raising": 0.7269999980926514, "expletive_it_object_raising": 0.7009999752044678, "inchoative": 0.41100001335144043, "intransitive": 0.6159999966621399, "irregular_past_participle_adjectives": 0.9559999704360962, "irregular_past_participle_verbs": 0.8140000104904175, "irregular_plural_subject_verb_agreement_1": 0.6589999794960022, "irregular_plural_subject_verb_agreement_2": 0.7990000247955322, "left_branch_island_echo_question": 0.5709999799728394, "left_branch_island_simple_question": 0.17800000309944153, "matrix_question_npi_licensor_present": 0.210999995470047, "npi_present_1": 0.27799999713897705, "npi_present_2": 0.40299999713897705, "only_npi_licensor_present": 0.414000004529953, "only_npi_scope": 0.7490000128746033, "passive_1": 0.8339999914169312, "passive_2": 0.8140000104904175, "principle_A_c_command": 0.453000009059906, "principle_A_case_1": 1.0, "principle_A_case_2": 0.6729999780654907, "principle_A_domain_1": 0.8899999856948853, "principle_A_domain_2": 0.7379999756813049, "principle_A_domain_3": 0.48399999737739563, "principle_A_reconstruction": 0.4350000023841858, "regular_plural_subject_verb_agreement_1": 0.7440000176429749, "regular_plural_subject_verb_agreement_2": 0.8259999752044678, "sentential_negation_npi_licensor_present": 0.9990000128746033, "sentential_negation_npi_scope": 0.22599999606609344, "sentential_subject_island": 0.41200000047683716, "superlative_quantifiers_1": 0.4790000021457672, "superlative_quantifiers_2": 0.5299999713897705, "tough_vs_raising_1": 0.3490000069141388, "tough_vs_raising_2": 0.7400000095367432, "transitive": 0.7179999947547913, "wh_island": 0.6510000228881836, "wh_questions_object_gap": 0.5270000100135803, "wh_questions_subject_gap": 0.8870000243186951, "wh_questions_subject_gap_long_distance": 0.9559999704360962, "wh_vs_that_no_gap": 0.968999981880188, "wh_vs_that_no_gap_long_distance": 0.9900000095367432, "wh_vs_that_with_gap": 0.1599999964237213, "wh_vs_that_with_gap_long_distance": 0.05299999937415123}, "by_phenomenon": {"island_effects": 0.45600000210106373, "anaphor_agreement": 0.7335000038146973, "s-selection": 0.7204999923706055, "argument_structure": 0.65557142666408, "determiner_noun_agreement": 0.799125000834465, "subject_verb_agreement": 0.6134999990463257, "ellipsis": 0.6435000002384186, "control_raising": 0.6489999949932098, "quantifiers": 0.5617499947547913, "irregular_forms": 0.8849999904632568, "npi_licensing": 0.4685714308704649, "binding": 0.6675714211804527, "filler_gap_dependency": 0.6488571417118821}}, "paloma": 83.71996290334842}