{"blimp": {"by_uid": {"adjunct_island": 0.597000002861023, "anaphor_gender_agreement": 0.460999995470047, "anaphor_number_agreement": 0.7879999876022339, "animate_subject_passive": 0.6729999780654907, "animate_subject_trans": 0.7170000076293945, "causative": 0.46000000834465027, "complex_NP_island": 0.47099998593330383, "coordinate_structure_constraint_complex_left_branch": 0.1589999943971634, "coordinate_structure_constraint_object_extraction": 0.5, "determiner_noun_agreement_1": 0.8899999856948853, "determiner_noun_agreement_2": 0.8690000176429749, "determiner_noun_agreement_irregular_1": 0.734000027179718, "determiner_noun_agreement_irregular_2": 0.8169999718666077, "determiner_noun_agreement_with_adj_2": 0.8080000281333923, "determiner_noun_agreement_with_adj_irregular_1": 0.6819999814033508, "determiner_noun_agreement_with_adj_irregular_2": 0.7509999871253967, "determiner_noun_agreement_with_adjective_1": 0.8429999947547913, "distractor_agreement_relational_noun": 0.27399998903274536, "distractor_agreement_relative_clause": 0.289000004529953, "drop_argument": 0.7160000205039978, "ellipsis_n_bar_1": 0.5440000295639038, "ellipsis_n_bar_2": 0.6819999814033508, "existential_there_object_raising": 0.7139999866485596, "existential_there_quantifiers_1": 0.9129999876022339, "existential_there_quantifiers_2": 0.1899999976158142, "existential_there_subject_raising": 0.7350000143051147, "expletive_it_object_raising": 0.6990000009536743, "inchoative": 0.4050000011920929, "intransitive": 0.6060000061988831, "irregular_past_participle_adjectives": 0.8859999775886536, "irregular_past_participle_verbs": 0.8309999704360962, "irregular_plural_subject_verb_agreement_1": 0.6100000143051147, "irregular_plural_subject_verb_agreement_2": 0.7429999709129333, "left_branch_island_echo_question": 0.5210000276565552, "left_branch_island_simple_question": 0.1850000023841858, "matrix_question_npi_licensor_present": 0.2540000081062317, "npi_present_1": 0.2280000001192093, "npi_present_2": 0.37700000405311584, "only_npi_licensor_present": 0.675000011920929, "only_npi_scope": 0.8130000233650208, "passive_1": 0.8510000109672546, "passive_2": 0.8149999976158142, "principle_A_c_command": 0.4580000042915344, "principle_A_case_1": 1.0, "principle_A_case_2": 0.6299999952316284, "principle_A_domain_1": 0.9330000281333923, "principle_A_domain_2": 0.7059999704360962, "principle_A_domain_3": 0.45399999618530273, "principle_A_reconstruction": 0.4050000011920929, "regular_plural_subject_verb_agreement_1": 0.7089999914169312, "regular_plural_subject_verb_agreement_2": 0.7260000109672546, "sentential_negation_npi_licensor_present": 0.9959999918937683, "sentential_negation_npi_scope": 0.2750000059604645, "sentential_subject_island": 0.36000001430511475, "superlative_quantifiers_1": 0.6470000147819519, "superlative_quantifiers_2": 0.41600000858306885, "tough_vs_raising_1": 0.3330000042915344, "tough_vs_raising_2": 0.703000009059906, "transitive": 0.7129999995231628, "wh_island": 0.4779999852180481, "wh_questions_object_gap": 0.5569999814033508, "wh_questions_subject_gap": 0.8889999985694885, "wh_questions_subject_gap_long_distance": 0.9620000123977661, "wh_vs_that_no_gap": 0.9750000238418579, "wh_vs_that_no_gap_long_distance": 0.9940000176429749, "wh_vs_that_with_gap": 0.11699999868869781, "wh_vs_that_with_gap_long_distance": 0.029999999329447746}, "by_phenomenon": {"island_effects": 0.40887500159442425, "anaphor_agreement": 0.6244999915361404, "s-selection": 0.6949999928474426, "argument_structure": 0.6522857206208366, "determiner_noun_agreement": 0.7992499992251396, "subject_verb_agreement": 0.5584999968608221, "ellipsis": 0.6130000054836273, "control_raising": 0.6368000030517578, "quantifiers": 0.5415000021457672, "irregular_forms": 0.8584999740123749, "npi_licensing": 0.5168571493455342, "binding": 0.655142856495721, "filler_gap_dependency": 0.6462857188390834}}, "paloma": 99.20964836916441}