{"blimp": {"by_uid": {"adjunct_island": 0.5419999957084656, "anaphor_gender_agreement": 0.48100000619888306, "anaphor_number_agreement": 0.718999981880188, "animate_subject_passive": 0.7070000171661377, "animate_subject_trans": 0.6650000214576721, "causative": 0.49000000953674316, "complex_NP_island": 0.44200000166893005, "coordinate_structure_constraint_complex_left_branch": 0.2280000001192093, "coordinate_structure_constraint_object_extraction": 0.5989999771118164, "determiner_noun_agreement_1": 0.8899999856948853, "determiner_noun_agreement_2": 0.8539999723434448, "determiner_noun_agreement_irregular_1": 0.7289999723434448, "determiner_noun_agreement_irregular_2": 0.765999972820282, "determiner_noun_agreement_with_adj_2": 0.7889999747276306, "determiner_noun_agreement_with_adj_irregular_1": 0.6620000004768372, "determiner_noun_agreement_with_adj_irregular_2": 0.722000002861023, "determiner_noun_agreement_with_adjective_1": 0.8289999961853027, "distractor_agreement_relational_noun": 0.2800000011920929, "distractor_agreement_relative_clause": 0.2930000126361847, "drop_argument": 0.6869999766349792, "ellipsis_n_bar_1": 0.5090000033378601, "ellipsis_n_bar_2": 0.5899999737739563, "existential_there_object_raising": 0.7409999966621399, "existential_there_quantifiers_1": 0.8700000047683716, "existential_there_quantifiers_2": 0.23199999332427979, "existential_there_subject_raising": 0.6959999799728394, "expletive_it_object_raising": 0.7149999737739563, "inchoative": 0.3659999966621399, "intransitive": 0.5299999713897705, "irregular_past_participle_adjectives": 0.6480000019073486, "irregular_past_participle_verbs": 0.7609999775886536, "irregular_plural_subject_verb_agreement_1": 0.5839999914169312, "irregular_plural_subject_verb_agreement_2": 0.6570000052452087, "left_branch_island_echo_question": 0.45399999618530273, "left_branch_island_simple_question": 0.33500000834465027, "matrix_question_npi_licensor_present": 0.2240000069141388, "npi_present_1": 0.40400001406669617, "npi_present_2": 0.28999999165534973, "only_npi_licensor_present": 0.49799999594688416, "only_npi_scope": 0.7979999780654907, "passive_1": 0.8429999947547913, "passive_2": 0.8309999704360962, "principle_A_c_command": 0.6470000147819519, "principle_A_case_1": 1.0, "principle_A_case_2": 0.6700000166893005, "principle_A_domain_1": 0.878000020980835, "principle_A_domain_2": 0.6349999904632568, "principle_A_domain_3": 0.45500001311302185, "principle_A_reconstruction": 0.30399999022483826, "regular_plural_subject_verb_agreement_1": 0.6600000262260437, "regular_plural_subject_verb_agreement_2": 0.6399999856948853, "sentential_negation_npi_licensor_present": 0.9580000042915344, "sentential_negation_npi_scope": 0.25200000405311584, "sentential_subject_island": 0.3619999885559082, "superlative_quantifiers_1": 0.7839999794960022, "superlative_quantifiers_2": 0.43799999356269836, "tough_vs_raising_1": 0.33000001311302185, "tough_vs_raising_2": 0.7139999866485596, "transitive": 0.7049999833106995, "wh_island": 0.5049999952316284, "wh_questions_object_gap": 0.5329999923706055, "wh_questions_subject_gap": 0.8930000066757202, "wh_questions_subject_gap_long_distance": 0.9520000219345093, "wh_vs_that_no_gap": 0.9380000233650208, "wh_vs_that_no_gap_long_distance": 0.9599999785423279, "wh_vs_that_with_gap": 0.13199999928474426, "wh_vs_that_with_gap_long_distance": 0.05299999937415123}, "by_phenomenon": {"island_effects": 0.43337499536573887, "anaphor_agreement": 0.5999999940395355, "s-selection": 0.6860000193119049, "argument_structure": 0.6359999861036029, "determiner_noun_agreement": 0.7801249846816063, "subject_verb_agreement": 0.5190000037352244, "ellipsis": 0.5494999885559082, "control_raising": 0.6391999900341034, "quantifiers": 0.580999992787838, "irregular_forms": 0.7044999897480011, "npi_licensing": 0.4891428564276014, "binding": 0.6555714351790292, "filler_gap_dependency": 0.6372857173638684}}, "paloma": 221.9247399692336}