{"blimp": {"by_uid": {"adjunct_island": 0.6309999823570251, "anaphor_gender_agreement": 0.5460000038146973, "anaphor_number_agreement": 0.8399999737739563, "animate_subject_passive": 0.6909999847412109, "animate_subject_trans": 0.7239999771118164, "causative": 0.46700000762939453, "complex_NP_island": 0.4909999966621399, "coordinate_structure_constraint_complex_left_branch": 0.164000004529953, "coordinate_structure_constraint_object_extraction": 0.49000000953674316, "determiner_noun_agreement_1": 0.9129999876022339, "determiner_noun_agreement_2": 0.8870000243186951, "determiner_noun_agreement_irregular_1": 0.7639999985694885, "determiner_noun_agreement_irregular_2": 0.8100000023841858, "determiner_noun_agreement_with_adj_2": 0.7919999957084656, "determiner_noun_agreement_with_adj_irregular_1": 0.671999990940094, "determiner_noun_agreement_with_adj_irregular_2": 0.722000002861023, "determiner_noun_agreement_with_adjective_1": 0.8370000123977661, "distractor_agreement_relational_noun": 0.35100001096725464, "distractor_agreement_relative_clause": 0.3019999861717224, "drop_argument": 0.7179999947547913, "ellipsis_n_bar_1": 0.527999997138977, "ellipsis_n_bar_2": 0.6970000267028809, "existential_there_object_raising": 0.7269999980926514, "existential_there_quantifiers_1": 0.9350000023841858, "existential_there_quantifiers_2": 0.2879999876022339, "existential_there_subject_raising": 0.7200000286102295, "expletive_it_object_raising": 0.7070000171661377, "inchoative": 0.41999998688697815, "intransitive": 0.6129999756813049, "irregular_past_participle_adjectives": 0.9480000138282776, "irregular_past_participle_verbs": 0.8130000233650208, "irregular_plural_subject_verb_agreement_1": 0.6589999794960022, "irregular_plural_subject_verb_agreement_2": 0.7889999747276306, "left_branch_island_echo_question": 0.5680000185966492, "left_branch_island_simple_question": 0.19200000166893005, "matrix_question_npi_licensor_present": 0.2370000034570694, "npi_present_1": 0.29899999499320984, "npi_present_2": 0.4359999895095825, "only_npi_licensor_present": 0.3499999940395355, "only_npi_scope": 0.7490000128746033, "passive_1": 0.8349999785423279, "passive_2": 0.8130000233650208, "principle_A_c_command": 0.4620000123977661, "principle_A_case_1": 1.0, "principle_A_case_2": 0.6639999747276306, "principle_A_domain_1": 0.8690000176429749, "principle_A_domain_2": 0.7310000061988831, "principle_A_domain_3": 0.4749999940395355, "principle_A_reconstruction": 0.41200000047683716, "regular_plural_subject_verb_agreement_1": 0.7379999756813049, "regular_plural_subject_verb_agreement_2": 0.8209999799728394, "sentential_negation_npi_licensor_present": 0.9879999756813049, "sentential_negation_npi_scope": 0.2199999988079071, "sentential_subject_island": 0.40400001406669617, "superlative_quantifiers_1": 0.41200000047683716, "superlative_quantifiers_2": 0.4779999852180481, "tough_vs_raising_1": 0.35899999737739563, "tough_vs_raising_2": 0.7269999980926514, "transitive": 0.7129999995231628, "wh_island": 0.5910000205039978, "wh_questions_object_gap": 0.5320000052452087, "wh_questions_subject_gap": 0.8980000019073486, "wh_questions_subject_gap_long_distance": 0.9580000042915344, "wh_vs_that_no_gap": 0.9710000157356262, "wh_vs_that_no_gap_long_distance": 0.9900000095367432, "wh_vs_that_with_gap": 0.14300000667572021, "wh_vs_that_with_gap_long_distance": 0.04800000041723251}, "by_phenomenon": {"island_effects": 0.4413750059902668, "anaphor_agreement": 0.6929999887943268, "s-selection": 0.7074999809265137, "argument_structure": 0.6541428523404258, "determiner_noun_agreement": 0.799625001847744, "subject_verb_agreement": 0.6099999845027924, "ellipsis": 0.612500011920929, "control_raising": 0.6480000078678131, "quantifiers": 0.5282499939203262, "irregular_forms": 0.8805000185966492, "npi_licensing": 0.4684285670518875, "binding": 0.6590000007833753, "filler_gap_dependency": 0.6485714348299163}}, "paloma": 86.16078318610839}