{"blimp": {"by_uid": {"adjunct_island": 0.6809999942779541, "anaphor_gender_agreement": 0.5260000228881836, "anaphor_number_agreement": 0.6380000114440918, "animate_subject_passive": 0.6759999990463257, "animate_subject_trans": 0.6359999775886536, "causative": 0.4690000116825104, "complex_NP_island": 0.5040000081062317, "coordinate_structure_constraint_complex_left_branch": 0.33399999141693115, "coordinate_structure_constraint_object_extraction": 0.5070000290870667, "determiner_noun_agreement_1": 0.8050000071525574, "determiner_noun_agreement_2": 0.7720000147819519, "determiner_noun_agreement_irregular_1": 0.6840000152587891, "determiner_noun_agreement_irregular_2": 0.7350000143051147, "determiner_noun_agreement_with_adj_2": 0.6349999904632568, "determiner_noun_agreement_with_adj_irregular_1": 0.5770000219345093, "determiner_noun_agreement_with_adj_irregular_2": 0.6309999823570251, "determiner_noun_agreement_with_adjective_1": 0.6679999828338623, "distractor_agreement_relational_noun": 0.3190000057220459, "distractor_agreement_relative_clause": 0.3700000047683716, "drop_argument": 0.699999988079071, "ellipsis_n_bar_1": 0.3319999873638153, "ellipsis_n_bar_2": 0.4779999852180481, "existential_there_object_raising": 0.7519999742507935, "existential_there_quantifiers_1": 0.8669999837875366, "existential_there_quantifiers_2": 0.2750000059604645, "existential_there_subject_raising": 0.5400000214576721, "expletive_it_object_raising": 0.7059999704360962, "inchoative": 0.36399999260902405, "intransitive": 0.5490000247955322, "irregular_past_participle_adjectives": 0.46000000834465027, "irregular_past_participle_verbs": 0.7400000095367432, "irregular_plural_subject_verb_agreement_1": 0.5870000123977661, "irregular_plural_subject_verb_agreement_2": 0.6169999837875366, "left_branch_island_echo_question": 0.49900001287460327, "left_branch_island_simple_question": 0.3840000033378601, "matrix_question_npi_licensor_present": 0.16599999368190765, "npi_present_1": 0.34200000762939453, "npi_present_2": 0.32899999618530273, "only_npi_licensor_present": 0.7630000114440918, "only_npi_scope": 0.6800000071525574, "passive_1": 0.8029999732971191, "passive_2": 0.781000018119812, "principle_A_c_command": 0.6489999890327454, "principle_A_case_1": 1.0, "principle_A_case_2": 0.6240000128746033, "principle_A_domain_1": 0.9210000038146973, "principle_A_domain_2": 0.5609999895095825, "principle_A_domain_3": 0.46000000834465027, "principle_A_reconstruction": 0.3479999899864197, "regular_plural_subject_verb_agreement_1": 0.5960000157356262, "regular_plural_subject_verb_agreement_2": 0.5519999861717224, "sentential_negation_npi_licensor_present": 0.9850000143051147, "sentential_negation_npi_scope": 0.33399999141693115, "sentential_subject_island": 0.4580000042915344, "superlative_quantifiers_1": 0.47999998927116394, "superlative_quantifiers_2": 0.527999997138977, "tough_vs_raising_1": 0.3400000035762787, "tough_vs_raising_2": 0.6940000057220459, "transitive": 0.6700000166893005, "wh_island": 0.6520000100135803, "wh_questions_object_gap": 0.6690000295639038, "wh_questions_subject_gap": 0.9010000228881836, "wh_questions_subject_gap_long_distance": 0.9470000267028809, "wh_vs_that_no_gap": 0.9509999752044678, "wh_vs_that_no_gap_long_distance": 0.9490000009536743, "wh_vs_that_with_gap": 0.09000000357627869, "wh_vs_that_with_gap_long_distance": 0.05700000002980232}, "by_phenomenon": {"island_effects": 0.5023750066757202, "anaphor_agreement": 0.5820000171661377, "s-selection": 0.6559999883174896, "argument_structure": 0.6194285750389099, "determiner_noun_agreement": 0.6883750036358833, "subject_verb_agreement": 0.5068333347638448, "ellipsis": 0.4049999862909317, "control_raising": 0.6063999950885772, "quantifiers": 0.5374999940395355, "irregular_forms": 0.6000000089406967, "npi_licensing": 0.5141428602593285, "binding": 0.6518571419375283, "filler_gap_dependency": 0.6520000084170273}}, "paloma": 362.23337070518255}