{"blimp": {"by_uid": {"adjunct_island": 0.5040000081062317, "anaphor_gender_agreement": 0.4909999966621399, "anaphor_number_agreement": 0.48399999737739563, "animate_subject_passive": 0.5950000286102295, "animate_subject_trans": 0.6269999742507935, "causative": 0.4180000126361847, "complex_NP_island": 0.4519999921321869, "coordinate_structure_constraint_complex_left_branch": 0.5379999876022339, "coordinate_structure_constraint_object_extraction": 0.5569999814033508, "determiner_noun_agreement_1": 0.5049999952316284, "determiner_noun_agreement_2": 0.5019999742507935, "determiner_noun_agreement_irregular_1": 0.5130000114440918, "determiner_noun_agreement_irregular_2": 0.47200000286102295, "determiner_noun_agreement_with_adj_2": 0.5099999904632568, "determiner_noun_agreement_with_adj_irregular_1": 0.5130000114440918, "determiner_noun_agreement_with_adj_irregular_2": 0.5099999904632568, "determiner_noun_agreement_with_adjective_1": 0.49399998784065247, "distractor_agreement_relational_noun": 0.4620000123977661, "distractor_agreement_relative_clause": 0.5299999713897705, "drop_argument": 0.6909999847412109, "ellipsis_n_bar_1": 0.5180000066757202, "ellipsis_n_bar_2": 0.33399999141693115, "existential_there_object_raising": 0.6179999709129333, "existential_there_quantifiers_1": 0.824999988079071, "existential_there_quantifiers_2": 0.5540000200271606, "existential_there_subject_raising": 0.5270000100135803, "expletive_it_object_raising": 0.5809999704360962, "inchoative": 0.4020000100135803, "intransitive": 0.5770000219345093, "irregular_past_participle_adjectives": 0.49000000953674316, "irregular_past_participle_verbs": 0.593999981880188, "irregular_plural_subject_verb_agreement_1": 0.4830000102519989, "irregular_plural_subject_verb_agreement_2": 0.4659999907016754, "left_branch_island_echo_question": 0.39500001072883606, "left_branch_island_simple_question": 0.5, "matrix_question_npi_licensor_present": 0.6930000185966492, "npi_present_1": 0.492000013589859, "npi_present_2": 0.41200000047683716, "only_npi_licensor_present": 0.3149999976158142, "only_npi_scope": 0.4449999928474426, "passive_1": 0.6060000061988831, "passive_2": 0.6029999852180481, "principle_A_c_command": 0.45100000500679016, "principle_A_case_1": 0.9729999899864197, "principle_A_case_2": 0.48500001430511475, "principle_A_domain_1": 0.3889999985694885, "principle_A_domain_2": 0.4819999933242798, "principle_A_domain_3": 0.4569999873638153, "principle_A_reconstruction": 0.5080000162124634, "regular_plural_subject_verb_agreement_1": 0.4580000042915344, "regular_plural_subject_verb_agreement_2": 0.5059999823570251, "sentential_negation_npi_licensor_present": 0.4480000138282776, "sentential_negation_npi_scope": 0.5720000267028809, "sentential_subject_island": 0.5559999942779541, "superlative_quantifiers_1": 0.34700000286102295, "superlative_quantifiers_2": 0.5249999761581421, "tough_vs_raising_1": 0.3160000145435333, "tough_vs_raising_2": 0.6840000152587891, "transitive": 0.5239999890327454, "wh_island": 0.5429999828338623, "wh_questions_object_gap": 0.6039999723434448, "wh_questions_subject_gap": 0.5649999976158142, "wh_questions_subject_gap_long_distance": 0.5569999814033508, "wh_vs_that_no_gap": 0.7179999947547913, "wh_vs_that_no_gap_long_distance": 0.6700000166893005, "wh_vs_that_with_gap": 0.30300000309944153, "wh_vs_that_with_gap_long_distance": 0.3269999921321869}, "by_phenomenon": {"island_effects": 0.505624994635582, "anaphor_agreement": 0.48749999701976776, "s-selection": 0.6110000014305115, "argument_structure": 0.5458571442535946, "determiner_noun_agreement": 0.5023749954998493, "subject_verb_agreement": 0.4841666618982951, "ellipsis": 0.4259999990463257, "control_raising": 0.5451999962329864, "quantifiers": 0.5627499967813492, "irregular_forms": 0.5419999957084656, "npi_licensing": 0.48242858052253723, "binding": 0.5350000006811959, "filler_gap_dependency": 0.5348571368626186}}, "paloma": 30264.192330411584}