{"blimp": {"by_uid": {"adjunct_island": 0.492000013589859, "anaphor_gender_agreement": 0.3160000145435333, "anaphor_number_agreement": 0.44200000166893005, "animate_subject_passive": 0.628000020980835, "animate_subject_trans": 0.6110000014305115, "causative": 0.414000004529953, "complex_NP_island": 0.4830000102519989, "coordinate_structure_constraint_complex_left_branch": 0.4830000102519989, "coordinate_structure_constraint_object_extraction": 0.5609999895095825, "determiner_noun_agreement_1": 0.5249999761581421, "determiner_noun_agreement_2": 0.5320000052452087, "determiner_noun_agreement_irregular_1": 0.5759999752044678, "determiner_noun_agreement_irregular_2": 0.5550000071525574, "determiner_noun_agreement_with_adj_2": 0.49300000071525574, "determiner_noun_agreement_with_adj_irregular_1": 0.5070000290870667, "determiner_noun_agreement_with_adj_irregular_2": 0.5239999890327454, "determiner_noun_agreement_with_adjective_1": 0.4909999966621399, "distractor_agreement_relational_noun": 0.41999998688697815, "distractor_agreement_relative_clause": 0.4970000088214874, "drop_argument": 0.7229999899864197, "ellipsis_n_bar_1": 0.4410000145435333, "ellipsis_n_bar_2": 0.33000001311302185, "existential_there_object_raising": 0.6769999861717224, "existential_there_quantifiers_1": 0.7699999809265137, "existential_there_quantifiers_2": 0.6060000061988831, "existential_there_subject_raising": 0.5450000166893005, "expletive_it_object_raising": 0.6119999885559082, "inchoative": 0.36399999260902405, "intransitive": 0.5389999747276306, "irregular_past_participle_adjectives": 0.5950000286102295, "irregular_past_participle_verbs": 0.5180000066757202, "irregular_plural_subject_verb_agreement_1": 0.49900001287460327, "irregular_plural_subject_verb_agreement_2": 0.5, "left_branch_island_echo_question": 0.37400001287460327, "left_branch_island_simple_question": 0.4869999885559082, "matrix_question_npi_licensor_present": 0.5239999890327454, "npi_present_1": 0.21799999475479126, "npi_present_2": 0.20999999344348907, "only_npi_licensor_present": 0.0, "only_npi_scope": 0.31299999356269836, "passive_1": 0.6740000247955322, "passive_2": 0.675000011920929, "principle_A_c_command": 0.5130000114440918, "principle_A_case_1": 1.0, "principle_A_case_2": 0.47699999809265137, "principle_A_domain_1": 0.8489999771118164, "principle_A_domain_2": 0.5849999785423279, "principle_A_domain_3": 0.46299999952316284, "principle_A_reconstruction": 0.3700000047683716, "regular_plural_subject_verb_agreement_1": 0.4350000023841858, "regular_plural_subject_verb_agreement_2": 0.5049999952316284, "sentential_negation_npi_licensor_present": 0.75, "sentential_negation_npi_scope": 0.3269999921321869, "sentential_subject_island": 0.6119999885559082, "superlative_quantifiers_1": 0.4580000042915344, "superlative_quantifiers_2": 0.7120000123977661, "tough_vs_raising_1": 0.30399999022483826, "tough_vs_raising_2": 0.7229999899864197, "transitive": 0.5350000262260437, "wh_island": 0.5410000085830688, "wh_questions_object_gap": 0.7490000128746033, "wh_questions_subject_gap": 0.8009999990463257, "wh_questions_subject_gap_long_distance": 0.8040000200271606, "wh_vs_that_no_gap": 0.9369999766349792, "wh_vs_that_no_gap_long_distance": 0.9459999799728394, "wh_vs_that_with_gap": 0.04100000113248825, "wh_vs_that_with_gap_long_distance": 0.03999999910593033}, "by_phenomenon": {"island_effects": 0.504125002771616, "anaphor_agreement": 0.3790000081062317, "s-selection": 0.6195000112056732, "argument_structure": 0.5605714321136475, "determiner_noun_agreement": 0.525374997407198, "subject_verb_agreement": 0.47600000103314716, "ellipsis": 0.3855000138282776, "control_raising": 0.5721999943256378, "quantifiers": 0.6365000009536743, "irregular_forms": 0.5565000176429749, "npi_licensing": 0.3345714232751301, "binding": 0.6081428527832031, "filler_gap_dependency": 0.6168571412563324}}, "paloma": 1674.1262457445523}