{"blimp": {"by_uid": {"adjunct_island": 0.6150000095367432, "anaphor_gender_agreement": 0.48100000619888306, "anaphor_number_agreement": 0.8059999942779541, "animate_subject_passive": 0.6610000133514404, "animate_subject_trans": 0.7250000238418579, "causative": 0.46700000762939453, "complex_NP_island": 0.5009999871253967, "coordinate_structure_constraint_complex_left_branch": 0.19699999690055847, "coordinate_structure_constraint_object_extraction": 0.47099998593330383, "determiner_noun_agreement_1": 0.9079999923706055, "determiner_noun_agreement_2": 0.878000020980835, "determiner_noun_agreement_irregular_1": 0.7480000257492065, "determiner_noun_agreement_irregular_2": 0.8109999895095825, "determiner_noun_agreement_with_adj_2": 0.796999990940094, "determiner_noun_agreement_with_adj_irregular_1": 0.6729999780654907, "determiner_noun_agreement_with_adj_irregular_2": 0.7289999723434448, "determiner_noun_agreement_with_adjective_1": 0.8429999947547913, "distractor_agreement_relational_noun": 0.2930000126361847, "distractor_agreement_relative_clause": 0.29100000858306885, "drop_argument": 0.7239999771118164, "ellipsis_n_bar_1": 0.5619999766349792, "ellipsis_n_bar_2": 0.6779999732971191, "existential_there_object_raising": 0.7149999737739563, "existential_there_quantifiers_1": 0.9300000071525574, "existential_there_quantifiers_2": 0.27799999713897705, "existential_there_subject_raising": 0.734000027179718, "expletive_it_object_raising": 0.703000009059906, "inchoative": 0.4059999883174896, "intransitive": 0.6140000224113464, "irregular_past_participle_adjectives": 0.9139999747276306, "irregular_past_participle_verbs": 0.8230000138282776, "irregular_plural_subject_verb_agreement_1": 0.621999979019165, "irregular_plural_subject_verb_agreement_2": 0.7620000243186951, "left_branch_island_echo_question": 0.578000009059906, "left_branch_island_simple_question": 0.20000000298023224, "matrix_question_npi_licensor_present": 0.2280000001192093, "npi_present_1": 0.2879999876022339, "npi_present_2": 0.4480000138282776, "only_npi_licensor_present": 0.38499999046325684, "only_npi_scope": 0.796999990940094, "passive_1": 0.8330000042915344, "passive_2": 0.8050000071525574, "principle_A_c_command": 0.47699999809265137, "principle_A_case_1": 1.0, "principle_A_case_2": 0.6370000243186951, "principle_A_domain_1": 0.8560000061988831, "principle_A_domain_2": 0.7260000109672546, "principle_A_domain_3": 0.4659999907016754, "principle_A_reconstruction": 0.41999998688697815, "regular_plural_subject_verb_agreement_1": 0.7110000252723694, "regular_plural_subject_verb_agreement_2": 0.796999990940094, "sentential_negation_npi_licensor_present": 0.9890000224113464, "sentential_negation_npi_scope": 0.20800000429153442, "sentential_subject_island": 0.4059999883174896, "superlative_quantifiers_1": 0.4320000112056732, "superlative_quantifiers_2": 0.4659999907016754, "tough_vs_raising_1": 0.35199999809265137, "tough_vs_raising_2": 0.6880000233650208, "transitive": 0.703000009059906, "wh_island": 0.5189999938011169, "wh_questions_object_gap": 0.5820000171661377, "wh_questions_subject_gap": 0.9070000052452087, "wh_questions_subject_gap_long_distance": 0.9679999947547913, "wh_vs_that_no_gap": 0.9800000190734863, "wh_vs_that_no_gap_long_distance": 0.9900000095367432, "wh_vs_that_with_gap": 0.11699999868869781, "wh_vs_that_with_gap_long_distance": 0.03999999910593033}, "by_phenomenon": {"island_effects": 0.4358749967068434, "anaphor_agreement": 0.6435000002384186, "s-selection": 0.6930000185966492, "argument_structure": 0.6502857165677207, "determiner_noun_agreement": 0.7983749955892563, "subject_verb_agreement": 0.5793333401282629, "ellipsis": 0.6199999749660492, "control_raising": 0.6384000062942505, "quantifiers": 0.5265000015497208, "irregular_forms": 0.8684999942779541, "npi_licensing": 0.47757142995085033, "binding": 0.6545714310237339, "filler_gap_dependency": 0.6548571490815708}}, "paloma": 91.48507839769437}