{"blimp": {"by_uid": {"adjunct_island": 0.6159999966621399, "anaphor_gender_agreement": 0.5460000038146973, "anaphor_number_agreement": 0.578000009059906, "animate_subject_passive": 0.6340000033378601, "animate_subject_trans": 0.625, "causative": 0.47099998593330383, "complex_NP_island": 0.39399999380111694, "coordinate_structure_constraint_complex_left_branch": 0.2879999876022339, "coordinate_structure_constraint_object_extraction": 0.35899999737739563, "determiner_noun_agreement_1": 0.652999997138977, "determiner_noun_agreement_2": 0.6079999804496765, "determiner_noun_agreement_irregular_1": 0.609000027179718, "determiner_noun_agreement_irregular_2": 0.6389999985694885, "determiner_noun_agreement_with_adj_2": 0.4779999852180481, "determiner_noun_agreement_with_adj_irregular_1": 0.4399999976158142, "determiner_noun_agreement_with_adj_irregular_2": 0.4779999852180481, "determiner_noun_agreement_with_adjective_1": 0.46399998664855957, "distractor_agreement_relational_noun": 0.40400001406669617, "distractor_agreement_relative_clause": 0.4339999854564667, "drop_argument": 0.7239999771118164, "ellipsis_n_bar_1": 0.2070000022649765, "ellipsis_n_bar_2": 0.35899999737739563, "existential_there_object_raising": 0.7519999742507935, "existential_there_quantifiers_1": 0.734000027179718, "existential_there_quantifiers_2": 0.12800000607967377, "existential_there_subject_raising": 0.5049999952316284, "expletive_it_object_raising": 0.6850000023841858, "inchoative": 0.3659999966621399, "intransitive": 0.5580000281333923, "irregular_past_participle_adjectives": 0.7110000252723694, "irregular_past_participle_verbs": 0.6859999895095825, "irregular_plural_subject_verb_agreement_1": 0.550000011920929, "irregular_plural_subject_verb_agreement_2": 0.6230000257492065, "left_branch_island_echo_question": 0.5339999794960022, "left_branch_island_simple_question": 0.33399999141693115, "matrix_question_npi_licensor_present": 0.19699999690055847, "npi_present_1": 0.2770000100135803, "npi_present_2": 0.2840000092983246, "only_npi_licensor_present": 0.6600000262260437, "only_npi_scope": 0.5170000195503235, "passive_1": 0.7450000047683716, "passive_2": 0.7329999804496765, "principle_A_c_command": 0.6669999957084656, "principle_A_case_1": 1.0, "principle_A_case_2": 0.4830000102519989, "principle_A_domain_1": 0.902999997138977, "principle_A_domain_2": 0.5180000066757202, "principle_A_domain_3": 0.45100000500679016, "principle_A_reconstruction": 0.32100000977516174, "regular_plural_subject_verb_agreement_1": 0.5389999747276306, "regular_plural_subject_verb_agreement_2": 0.5130000114440918, "sentential_negation_npi_licensor_present": 0.925000011920929, "sentential_negation_npi_scope": 0.33899998664855957, "sentential_subject_island": 0.5709999799728394, "superlative_quantifiers_1": 0.37299999594688416, "superlative_quantifiers_2": 0.6759999990463257, "tough_vs_raising_1": 0.39500001072883606, "tough_vs_raising_2": 0.6340000033378601, "transitive": 0.6179999709129333, "wh_island": 0.8659999966621399, "wh_questions_object_gap": 0.5690000057220459, "wh_questions_subject_gap": 0.8209999799728394, "wh_questions_subject_gap_long_distance": 0.8960000276565552, "wh_vs_that_no_gap": 0.8659999966621399, "wh_vs_that_no_gap_long_distance": 0.843999981880188, "wh_vs_that_with_gap": 0.10999999940395355, "wh_vs_that_with_gap_long_distance": 0.11699999868869781}, "by_phenomenon": {"island_effects": 0.49524999037384987, "anaphor_agreement": 0.5620000064373016, "s-selection": 0.62950000166893, "argument_structure": 0.6021428491388049, "determiner_noun_agreement": 0.5461249947547913, "subject_verb_agreement": 0.5105000038941702, "ellipsis": 0.28299999982118607, "control_raising": 0.5941999971866607, "quantifiers": 0.4777500070631504, "irregular_forms": 0.698500007390976, "npi_licensing": 0.45700000865118845, "binding": 0.6204285749367305, "filler_gap_dependency": 0.6032857128552028}}, "paloma": 551.1371642787282}