{"blimp": {"by_uid": {"adjunct_island": 0.6110000014305115, "anaphor_gender_agreement": 0.47099998593330383, "anaphor_number_agreement": 0.800000011920929, "animate_subject_passive": 0.6690000295639038, "animate_subject_trans": 0.7099999785423279, "causative": 0.46000000834465027, "complex_NP_island": 0.4860000014305115, "coordinate_structure_constraint_complex_left_branch": 0.17000000178813934, "coordinate_structure_constraint_object_extraction": 0.45899999141693115, "determiner_noun_agreement_1": 0.8840000033378601, "determiner_noun_agreement_2": 0.8859999775886536, "determiner_noun_agreement_irregular_1": 0.7459999918937683, "determiner_noun_agreement_irregular_2": 0.8169999718666077, "determiner_noun_agreement_with_adj_2": 0.8119999766349792, "determiner_noun_agreement_with_adj_irregular_1": 0.6809999942779541, "determiner_noun_agreement_with_adj_irregular_2": 0.7480000257492065, "determiner_noun_agreement_with_adjective_1": 0.843999981880188, "distractor_agreement_relational_noun": 0.2759999930858612, "distractor_agreement_relative_clause": 0.29100000858306885, "drop_argument": 0.7250000238418579, "ellipsis_n_bar_1": 0.5509999990463257, "ellipsis_n_bar_2": 0.6779999732971191, "existential_there_object_raising": 0.7269999980926514, "existential_there_quantifiers_1": 0.9079999923706055, "existential_there_quantifiers_2": 0.21199999749660492, "existential_there_subject_raising": 0.734000027179718, "expletive_it_object_raising": 0.7059999704360962, "inchoative": 0.414000004529953, "intransitive": 0.6140000224113464, "irregular_past_participle_adjectives": 0.8930000066757202, "irregular_past_participle_verbs": 0.7839999794960022, "irregular_plural_subject_verb_agreement_1": 0.6259999871253967, "irregular_plural_subject_verb_agreement_2": 0.7549999952316284, "left_branch_island_echo_question": 0.527999997138977, "left_branch_island_simple_question": 0.19599999487400055, "matrix_question_npi_licensor_present": 0.25, "npi_present_1": 0.23199999332427979, "npi_present_2": 0.3959999978542328, "only_npi_licensor_present": 0.5379999876022339, "only_npi_scope": 0.8289999961853027, "passive_1": 0.8450000286102295, "passive_2": 0.8040000200271606, "principle_A_c_command": 0.45399999618530273, "principle_A_case_1": 1.0, "principle_A_case_2": 0.6230000257492065, "principle_A_domain_1": 0.9169999957084656, "principle_A_domain_2": 0.7179999947547913, "principle_A_domain_3": 0.45399999618530273, "principle_A_reconstruction": 0.41100001335144043, "regular_plural_subject_verb_agreement_1": 0.7200000286102295, "regular_plural_subject_verb_agreement_2": 0.7450000047683716, "sentential_negation_npi_licensor_present": 0.9929999709129333, "sentential_negation_npi_scope": 0.23100000619888306, "sentential_subject_island": 0.3869999945163727, "superlative_quantifiers_1": 0.5839999914169312, "superlative_quantifiers_2": 0.43799999356269836, "tough_vs_raising_1": 0.3440000116825104, "tough_vs_raising_2": 0.7049999833106995, "transitive": 0.7009999752044678, "wh_island": 0.5270000100135803, "wh_questions_object_gap": 0.5860000252723694, "wh_questions_subject_gap": 0.9020000100135803, "wh_questions_subject_gap_long_distance": 0.9700000286102295, "wh_vs_that_no_gap": 0.9850000143051147, "wh_vs_that_no_gap_long_distance": 0.9959999918937683, "wh_vs_that_with_gap": 0.09799999743700027, "wh_vs_that_with_gap_long_distance": 0.027000000700354576}, "by_phenomenon": {"island_effects": 0.420499999076128, "anaphor_agreement": 0.6354999989271164, "s-selection": 0.6895000040531158, "argument_structure": 0.6518571547099522, "determiner_noun_agreement": 0.8022499904036522, "subject_verb_agreement": 0.5688333362340927, "ellipsis": 0.6144999861717224, "control_raising": 0.6431999981403351, "quantifiers": 0.53549999371171, "irregular_forms": 0.8384999930858612, "npi_licensing": 0.49557142172540936, "binding": 0.6538571459906442, "filler_gap_dependency": 0.6520000097474882}}, "paloma": 96.00250280219088}