{"blimp": {"by_uid": {"adjunct_island": 0.5189999938011169, "anaphor_gender_agreement": 0.45399999618530273, "anaphor_number_agreement": 0.7039999961853027, "animate_subject_passive": 0.7070000171661377, "animate_subject_trans": 0.6489999890327454, "causative": 0.5080000162124634, "complex_NP_island": 0.4480000138282776, "coordinate_structure_constraint_complex_left_branch": 0.20200000703334808, "coordinate_structure_constraint_object_extraction": 0.6000000238418579, "determiner_noun_agreement_1": 0.8870000243186951, "determiner_noun_agreement_2": 0.8820000290870667, "determiner_noun_agreement_irregular_1": 0.7319999933242798, "determiner_noun_agreement_irregular_2": 0.7829999923706055, "determiner_noun_agreement_with_adj_2": 0.8220000267028809, "determiner_noun_agreement_with_adj_irregular_1": 0.6650000214576721, "determiner_noun_agreement_with_adj_irregular_2": 0.7570000290870667, "determiner_noun_agreement_with_adjective_1": 0.8069999814033508, "distractor_agreement_relational_noun": 0.32199999690055847, "distractor_agreement_relative_clause": 0.29600000381469727, "drop_argument": 0.6869999766349792, "ellipsis_n_bar_1": 0.5099999904632568, "ellipsis_n_bar_2": 0.6340000033378601, "existential_there_object_raising": 0.7419999837875366, "existential_there_quantifiers_1": 0.8740000128746033, "existential_there_quantifiers_2": 0.34599998593330383, "existential_there_subject_raising": 0.7080000042915344, "expletive_it_object_raising": 0.7179999947547913, "inchoative": 0.375, "intransitive": 0.5320000052452087, "irregular_past_participle_adjectives": 0.6899999976158142, "irregular_past_participle_verbs": 0.765999972820282, "irregular_plural_subject_verb_agreement_1": 0.5740000009536743, "irregular_plural_subject_verb_agreement_2": 0.628000020980835, "left_branch_island_echo_question": 0.4440000057220459, "left_branch_island_simple_question": 0.30799999833106995, "matrix_question_npi_licensor_present": 0.2409999966621399, "npi_present_1": 0.4180000126361847, "npi_present_2": 0.31700000166893005, "only_npi_licensor_present": 0.5690000057220459, "only_npi_scope": 0.8100000023841858, "passive_1": 0.8389999866485596, "passive_2": 0.8399999737739563, "principle_A_c_command": 0.550000011920929, "principle_A_case_1": 1.0, "principle_A_case_2": 0.6669999957084656, "principle_A_domain_1": 0.9039999842643738, "principle_A_domain_2": 0.6779999732971191, "principle_A_domain_3": 0.45500001311302185, "principle_A_reconstruction": 0.2800000011920929, "regular_plural_subject_verb_agreement_1": 0.656000018119812, "regular_plural_subject_verb_agreement_2": 0.6200000047683716, "sentential_negation_npi_licensor_present": 0.9580000042915344, "sentential_negation_npi_scope": 0.2980000078678131, "sentential_subject_island": 0.32199999690055847, "superlative_quantifiers_1": 0.7580000162124634, "superlative_quantifiers_2": 0.3400000035762787, "tough_vs_raising_1": 0.3529999852180481, "tough_vs_raising_2": 0.699999988079071, "transitive": 0.7149999737739563, "wh_island": 0.4059999883174896, "wh_questions_object_gap": 0.546999990940094, "wh_questions_subject_gap": 0.8920000195503235, "wh_questions_subject_gap_long_distance": 0.9509999752044678, "wh_vs_that_no_gap": 0.9539999961853027, "wh_vs_that_no_gap_long_distance": 0.9610000252723694, "wh_vs_that_with_gap": 0.11100000143051147, "wh_vs_that_with_gap_long_distance": 0.04500000178813934}, "by_phenomenon": {"island_effects": 0.40612500347197056, "anaphor_agreement": 0.5789999961853027, "s-selection": 0.6780000030994415, "argument_structure": 0.6422857046127319, "determiner_noun_agreement": 0.7918750122189522, "subject_verb_agreement": 0.5160000075896581, "ellipsis": 0.5719999969005585, "control_raising": 0.6441999912261963, "quantifiers": 0.5795000046491623, "irregular_forms": 0.7279999852180481, "npi_licensing": 0.5158571473189763, "binding": 0.6477142827851432, "filler_gap_dependency": 0.6372857157673154}}, "paloma": 173.86734218830014}