{"blimp": {"by_uid": {"adjunct_island": 0.5849999785423279, "anaphor_gender_agreement": 0.47699999809265137, "anaphor_number_agreement": 0.7559999823570251, "animate_subject_passive": 0.6710000038146973, "animate_subject_trans": 0.7139999866485596, "causative": 0.4749999940395355, "complex_NP_island": 0.44200000166893005, "coordinate_structure_constraint_complex_left_branch": 0.1889999955892563, "coordinate_structure_constraint_object_extraction": 0.5009999871253967, "determiner_noun_agreement_1": 0.8920000195503235, "determiner_noun_agreement_2": 0.8870000243186951, "determiner_noun_agreement_irregular_1": 0.7459999918937683, "determiner_noun_agreement_irregular_2": 0.8270000219345093, "determiner_noun_agreement_with_adj_2": 0.8270000219345093, "determiner_noun_agreement_with_adj_irregular_1": 0.6809999942779541, "determiner_noun_agreement_with_adj_irregular_2": 0.765999972820282, "determiner_noun_agreement_with_adjective_1": 0.847000002861023, "distractor_agreement_relational_noun": 0.2879999876022339, "distractor_agreement_relative_clause": 0.296999990940094, "drop_argument": 0.6959999799728394, "ellipsis_n_bar_1": 0.5379999876022339, "ellipsis_n_bar_2": 0.6779999732971191, "existential_there_object_raising": 0.7239999771118164, "existential_there_quantifiers_1": 0.8949999809265137, "existential_there_quantifiers_2": 0.21199999749660492, "existential_there_subject_raising": 0.7519999742507935, "expletive_it_object_raising": 0.7020000219345093, "inchoative": 0.3959999978542328, "intransitive": 0.593999981880188, "irregular_past_participle_adjectives": 0.925000011920929, "irregular_past_participle_verbs": 0.7900000214576721, "irregular_plural_subject_verb_agreement_1": 0.6029999852180481, "irregular_plural_subject_verb_agreement_2": 0.7139999866485596, "left_branch_island_echo_question": 0.5260000228881836, "left_branch_island_simple_question": 0.2240000069141388, "matrix_question_npi_licensor_present": 0.23399999737739563, "npi_present_1": 0.2290000021457672, "npi_present_2": 0.3490000069141388, "only_npi_licensor_present": 0.7680000066757202, "only_npi_scope": 0.796999990940094, "passive_1": 0.8619999885559082, "passive_2": 0.8240000009536743, "principle_A_c_command": 0.46700000762939453, "principle_A_case_1": 1.0, "principle_A_case_2": 0.6520000100135803, "principle_A_domain_1": 0.9380000233650208, "principle_A_domain_2": 0.699999988079071, "principle_A_domain_3": 0.45899999141693115, "principle_A_reconstruction": 0.3330000042915344, "regular_plural_subject_verb_agreement_1": 0.6890000104904175, "regular_plural_subject_verb_agreement_2": 0.6779999732971191, "sentential_negation_npi_licensor_present": 0.9900000095367432, "sentential_negation_npi_scope": 0.2680000066757202, "sentential_subject_island": 0.3050000071525574, "superlative_quantifiers_1": 0.6990000009536743, "superlative_quantifiers_2": 0.3109999895095825, "tough_vs_raising_1": 0.3089999854564667, "tough_vs_raising_2": 0.7419999837875366, "transitive": 0.7239999771118164, "wh_island": 0.4269999861717224, "wh_questions_object_gap": 0.5950000286102295, "wh_questions_subject_gap": 0.9070000052452087, "wh_questions_subject_gap_long_distance": 0.9649999737739563, "wh_vs_that_no_gap": 0.9769999980926514, "wh_vs_that_no_gap_long_distance": 0.9929999709129333, "wh_vs_that_with_gap": 0.0989999994635582, "wh_vs_that_with_gap_long_distance": 0.035999998450279236}, "by_phenomenon": {"island_effects": 0.39987499825656414, "anaphor_agreement": 0.6164999902248383, "s-selection": 0.6924999952316284, "argument_structure": 0.6529999886240277, "determiner_noun_agreement": 0.8091250061988831, "subject_verb_agreement": 0.5448333223660787, "ellipsis": 0.6079999804496765, "control_raising": 0.6457999885082245, "quantifiers": 0.5292499922215939, "irregular_forms": 0.8575000166893005, "npi_licensing": 0.5192857171807971, "binding": 0.6498571463993618, "filler_gap_dependency": 0.6531428535069738}}, "paloma": 106.2510062212728}