{"blimp": {"by_uid": {"adjunct_island": 0.6069999933242798, "anaphor_gender_agreement": 0.5049999952316284, "anaphor_number_agreement": 0.828000009059906, "animate_subject_passive": 0.6840000152587891, "animate_subject_trans": 0.7269999980926514, "causative": 0.4650000035762787, "complex_NP_island": 0.5080000162124634, "coordinate_structure_constraint_complex_left_branch": 0.16899999976158142, "coordinate_structure_constraint_object_extraction": 0.49900001287460327, "determiner_noun_agreement_1": 0.9089999794960022, "determiner_noun_agreement_2": 0.8790000081062317, "determiner_noun_agreement_irregular_1": 0.7620000243186951, "determiner_noun_agreement_irregular_2": 0.8159999847412109, "determiner_noun_agreement_with_adj_2": 0.8029999732971191, "determiner_noun_agreement_with_adj_irregular_1": 0.6809999942779541, "determiner_noun_agreement_with_adj_irregular_2": 0.7409999966621399, "determiner_noun_agreement_with_adjective_1": 0.8410000205039978, "distractor_agreement_relational_noun": 0.30300000309944153, "distractor_agreement_relative_clause": 0.2930000126361847, "drop_argument": 0.7210000157356262, "ellipsis_n_bar_1": 0.5400000214576721, "ellipsis_n_bar_2": 0.6890000104904175, "existential_there_object_raising": 0.7250000238418579, "existential_there_quantifiers_1": 0.9309999942779541, "existential_there_quantifiers_2": 0.2709999978542328, "existential_there_subject_raising": 0.722000002861023, "expletive_it_object_raising": 0.703000009059906, "inchoative": 0.4099999964237213, "intransitive": 0.621999979019165, "irregular_past_participle_adjectives": 0.9399999976158142, "irregular_past_participle_verbs": 0.8050000071525574, "irregular_plural_subject_verb_agreement_1": 0.6449999809265137, "irregular_plural_subject_verb_agreement_2": 0.7910000085830688, "left_branch_island_echo_question": 0.5580000281333923, "left_branch_island_simple_question": 0.1899999976158142, "matrix_question_npi_licensor_present": 0.23199999332427979, "npi_present_1": 0.2840000092983246, "npi_present_2": 0.41999998688697815, "only_npi_licensor_present": 0.35100001096725464, "only_npi_scope": 0.7509999871253967, "passive_1": 0.8339999914169312, "passive_2": 0.8100000023841858, "principle_A_c_command": 0.4569999873638153, "principle_A_case_1": 1.0, "principle_A_case_2": 0.6480000019073486, "principle_A_domain_1": 0.8500000238418579, "principle_A_domain_2": 0.7319999933242798, "principle_A_domain_3": 0.46799999475479126, "principle_A_reconstruction": 0.42100000381469727, "regular_plural_subject_verb_agreement_1": 0.7300000190734863, "regular_plural_subject_verb_agreement_2": 0.8059999942779541, "sentential_negation_npi_licensor_present": 0.9879999756813049, "sentential_negation_npi_scope": 0.2070000022649765, "sentential_subject_island": 0.40299999713897705, "superlative_quantifiers_1": 0.41999998688697815, "superlative_quantifiers_2": 0.5040000081062317, "tough_vs_raising_1": 0.3569999933242798, "tough_vs_raising_2": 0.7020000219345093, "transitive": 0.7120000123977661, "wh_island": 0.5419999957084656, "wh_questions_object_gap": 0.5630000233650208, "wh_questions_subject_gap": 0.906000018119812, "wh_questions_subject_gap_long_distance": 0.9660000205039978, "wh_vs_that_no_gap": 0.9850000143051147, "wh_vs_that_no_gap_long_distance": 0.9940000176429749, "wh_vs_that_with_gap": 0.11900000274181366, "wh_vs_that_with_gap_long_distance": 0.03500000014901161}, "by_phenomenon": {"island_effects": 0.43450000509619713, "anaphor_agreement": 0.6665000021457672, "s-selection": 0.7055000066757202, "argument_structure": 0.6534285715648106, "determiner_noun_agreement": 0.8039999976754189, "subject_verb_agreement": 0.5946666697661082, "ellipsis": 0.6145000159740448, "control_raising": 0.6418000102043152, "quantifiers": 0.5314999967813492, "irregular_forms": 0.8725000023841858, "npi_licensing": 0.4618571379355022, "binding": 0.6537142864295414, "filler_gap_dependency": 0.6525714424039636}}, "paloma": 90.15210385862544}