{"blimp": {"by_uid": {"adjunct_island": 0.6000000238418579, "anaphor_gender_agreement": 0.5249999761581421, "anaphor_number_agreement": 0.6990000009536743, "animate_subject_passive": 0.7129999995231628, "animate_subject_trans": 0.6600000262260437, "causative": 0.4790000021457672, "complex_NP_island": 0.4790000021457672, "coordinate_structure_constraint_complex_left_branch": 0.2529999911785126, "coordinate_structure_constraint_object_extraction": 0.5720000267028809, "determiner_noun_agreement_1": 0.8769999742507935, "determiner_noun_agreement_2": 0.8379999995231628, "determiner_noun_agreement_irregular_1": 0.7139999866485596, "determiner_noun_agreement_irregular_2": 0.7590000033378601, "determiner_noun_agreement_with_adj_2": 0.7570000290870667, "determiner_noun_agreement_with_adj_irregular_1": 0.6299999952316284, "determiner_noun_agreement_with_adj_irregular_2": 0.6830000281333923, "determiner_noun_agreement_with_adjective_1": 0.7639999985694885, "distractor_agreement_relational_noun": 0.257999986410141, "distractor_agreement_relative_clause": 0.3149999976158142, "drop_argument": 0.6850000023841858, "ellipsis_n_bar_1": 0.4269999861717224, "ellipsis_n_bar_2": 0.5400000214576721, "existential_there_object_raising": 0.7519999742507935, "existential_there_quantifiers_1": 0.8519999980926514, "existential_there_quantifiers_2": 0.23899999260902405, "existential_there_subject_raising": 0.640999972820282, "expletive_it_object_raising": 0.7149999737739563, "inchoative": 0.36000001430511475, "intransitive": 0.5249999761581421, "irregular_past_participle_adjectives": 0.578000009059906, "irregular_past_participle_verbs": 0.7670000195503235, "irregular_plural_subject_verb_agreement_1": 0.5979999899864197, "irregular_plural_subject_verb_agreement_2": 0.6570000052452087, "left_branch_island_echo_question": 0.4650000035762787, "left_branch_island_simple_question": 0.3400000035762787, "matrix_question_npi_licensor_present": 0.19599999487400055, "npi_present_1": 0.3959999978542328, "npi_present_2": 0.289000004529953, "only_npi_licensor_present": 0.6129999756813049, "only_npi_scope": 0.8080000281333923, "passive_1": 0.8410000205039978, "passive_2": 0.8360000252723694, "principle_A_c_command": 0.6710000038146973, "principle_A_case_1": 1.0, "principle_A_case_2": 0.6240000128746033, "principle_A_domain_1": 0.8989999890327454, "principle_A_domain_2": 0.5979999899864197, "principle_A_domain_3": 0.4620000123977661, "principle_A_reconstruction": 0.32600000500679016, "regular_plural_subject_verb_agreement_1": 0.6380000114440918, "regular_plural_subject_verb_agreement_2": 0.5759999752044678, "sentential_negation_npi_licensor_present": 0.9620000123977661, "sentential_negation_npi_scope": 0.2919999957084656, "sentential_subject_island": 0.43799999356269836, "superlative_quantifiers_1": 0.7440000176429749, "superlative_quantifiers_2": 0.5450000166893005, "tough_vs_raising_1": 0.34700000286102295, "tough_vs_raising_2": 0.6880000233650208, "transitive": 0.6800000071525574, "wh_island": 0.6200000047683716, "wh_questions_object_gap": 0.5920000076293945, "wh_questions_subject_gap": 0.9039999842643738, "wh_questions_subject_gap_long_distance": 0.9589999914169312, "wh_vs_that_no_gap": 0.9520000219345093, "wh_vs_that_no_gap_long_distance": 0.9649999737739563, "wh_vs_that_with_gap": 0.09000000357627869, "wh_vs_that_with_gap_long_distance": 0.052000001072883606}, "by_phenomenon": {"island_effects": 0.47087500616908073, "anaphor_agreement": 0.6119999885559082, "s-selection": 0.6865000128746033, "argument_structure": 0.6294285782745906, "determiner_noun_agreement": 0.752750001847744, "subject_verb_agreement": 0.5069999943176905, "ellipsis": 0.48350000381469727, "control_raising": 0.6285999894142151, "quantifiers": 0.5950000062584877, "irregular_forms": 0.6725000143051147, "npi_licensing": 0.5080000013113022, "binding": 0.6542857161590031, "filler_gap_dependency": 0.6448571405240467}}, "paloma": 265.9753989382488}