{"blimp": {"by_uid": {"adjunct_island": 0.6370000243186951, "anaphor_gender_agreement": 0.5260000228881836, "anaphor_number_agreement": 0.7990000247955322, "animate_subject_passive": 0.6909999847412109, "animate_subject_trans": 0.7279999852180481, "causative": 0.4659999907016754, "complex_NP_island": 0.5040000081062317, "coordinate_structure_constraint_complex_left_branch": 0.17599999904632568, "coordinate_structure_constraint_object_extraction": 0.48399999737739563, "determiner_noun_agreement_1": 0.9169999957084656, "determiner_noun_agreement_2": 0.8870000243186951, "determiner_noun_agreement_irregular_1": 0.7580000162124634, "determiner_noun_agreement_irregular_2": 0.8069999814033508, "determiner_noun_agreement_with_adj_2": 0.796999990940094, "determiner_noun_agreement_with_adj_irregular_1": 0.6700000166893005, "determiner_noun_agreement_with_adj_irregular_2": 0.7250000238418579, "determiner_noun_agreement_with_adjective_1": 0.8429999947547913, "distractor_agreement_relational_noun": 0.35199999809265137, "distractor_agreement_relative_clause": 0.3100000023841858, "drop_argument": 0.7160000205039978, "ellipsis_n_bar_1": 0.5609999895095825, "ellipsis_n_bar_2": 0.703000009059906, "existential_there_object_raising": 0.7300000190734863, "existential_there_quantifiers_1": 0.9399999976158142, "existential_there_quantifiers_2": 0.29499998688697815, "existential_there_subject_raising": 0.7160000205039978, "expletive_it_object_raising": 0.7039999961853027, "inchoative": 0.4189999997615814, "intransitive": 0.6140000224113464, "irregular_past_participle_adjectives": 0.9490000009536743, "irregular_past_participle_verbs": 0.8100000023841858, "irregular_plural_subject_verb_agreement_1": 0.6650000214576721, "irregular_plural_subject_verb_agreement_2": 0.7940000295639038, "left_branch_island_echo_question": 0.574999988079071, "left_branch_island_simple_question": 0.19599999487400055, "matrix_question_npi_licensor_present": 0.24300000071525574, "npi_present_1": 0.29899999499320984, "npi_present_2": 0.4390000104904175, "only_npi_licensor_present": 0.33000001311302185, "only_npi_scope": 0.7120000123977661, "passive_1": 0.8309999704360962, "passive_2": 0.8059999942779541, "principle_A_c_command": 0.4970000088214874, "principle_A_case_1": 1.0, "principle_A_case_2": 0.6700000166893005, "principle_A_domain_1": 0.8899999856948853, "principle_A_domain_2": 0.7120000123977661, "principle_A_domain_3": 0.4699999988079071, "principle_A_reconstruction": 0.4339999854564667, "regular_plural_subject_verb_agreement_1": 0.7379999756813049, "regular_plural_subject_verb_agreement_2": 0.8190000057220459, "sentential_negation_npi_licensor_present": 0.9890000224113464, "sentential_negation_npi_scope": 0.22499999403953552, "sentential_subject_island": 0.4020000100135803, "superlative_quantifiers_1": 0.4090000092983246, "superlative_quantifiers_2": 0.49799999594688416, "tough_vs_raising_1": 0.34599998593330383, "tough_vs_raising_2": 0.7509999871253967, "transitive": 0.7129999995231628, "wh_island": 0.5590000152587891, "wh_questions_object_gap": 0.5360000133514404, "wh_questions_subject_gap": 0.8980000019073486, "wh_questions_subject_gap_long_distance": 0.9589999914169312, "wh_vs_that_no_gap": 0.9750000238418579, "wh_vs_that_no_gap_long_distance": 0.9890000224113464, "wh_vs_that_with_gap": 0.15299999713897705, "wh_vs_that_with_gap_long_distance": 0.04600000008940697}, "by_phenomenon": {"island_effects": 0.44162500463426113, "anaphor_agreement": 0.6625000238418579, "s-selection": 0.7094999849796295, "argument_structure": 0.6521428568022591, "determiner_noun_agreement": 0.8005000054836273, "subject_verb_agreement": 0.6130000054836273, "ellipsis": 0.6319999992847443, "control_raising": 0.6494000017642975, "quantifiers": 0.5354999974370003, "irregular_forms": 0.87950000166893, "npi_licensing": 0.4624285783086504, "binding": 0.6675714296954018, "filler_gap_dependency": 0.6508571500224727}}, "paloma": 86.60238450886065}