{"blimp": {"by_uid": {"adjunct_island": 0.5170000195503235, "anaphor_gender_agreement": 0.3240000009536743, "anaphor_number_agreement": 0.46399998664855957, "animate_subject_passive": 0.6150000095367432, "animate_subject_trans": 0.621999979019165, "causative": 0.4259999990463257, "complex_NP_island": 0.4880000054836273, "coordinate_structure_constraint_complex_left_branch": 0.4259999990463257, "coordinate_structure_constraint_object_extraction": 0.5540000200271606, "determiner_noun_agreement_1": 0.550000011920929, "determiner_noun_agreement_2": 0.5490000247955322, "determiner_noun_agreement_irregular_1": 0.6010000109672546, "determiner_noun_agreement_irregular_2": 0.5820000171661377, "determiner_noun_agreement_with_adj_2": 0.4860000014305115, "determiner_noun_agreement_with_adj_irregular_1": 0.48399999737739563, "determiner_noun_agreement_with_adj_irregular_2": 0.5289999842643738, "determiner_noun_agreement_with_adjective_1": 0.48500001430511475, "distractor_agreement_relational_noun": 0.41200000047683716, "distractor_agreement_relative_clause": 0.49000000953674316, "drop_argument": 0.7260000109672546, "ellipsis_n_bar_1": 0.3720000088214874, "ellipsis_n_bar_2": 0.34700000286102295, "existential_there_object_raising": 0.6880000233650208, "existential_there_quantifiers_1": 0.7409999966621399, "existential_there_quantifiers_2": 0.6159999966621399, "existential_there_subject_raising": 0.5220000147819519, "expletive_it_object_raising": 0.6200000047683716, "inchoative": 0.37400001287460327, "intransitive": 0.5600000023841858, "irregular_past_participle_adjectives": 0.5960000157356262, "irregular_past_participle_verbs": 0.5170000195503235, "irregular_plural_subject_verb_agreement_1": 0.5080000162124634, "irregular_plural_subject_verb_agreement_2": 0.5400000214576721, "left_branch_island_echo_question": 0.38100001215934753, "left_branch_island_simple_question": 0.4440000057220459, "matrix_question_npi_licensor_present": 0.48899999260902405, "npi_present_1": 0.2150000035762787, "npi_present_2": 0.22499999403953552, "only_npi_licensor_present": 0.0020000000949949026, "only_npi_scope": 0.3109999895095825, "passive_1": 0.6800000071525574, "passive_2": 0.6869999766349792, "principle_A_c_command": 0.5, "principle_A_case_1": 1.0, "principle_A_case_2": 0.46399998664855957, "principle_A_domain_1": 0.7850000262260437, "principle_A_domain_2": 0.5860000252723694, "principle_A_domain_3": 0.4650000035762787, "principle_A_reconstruction": 0.3240000009536743, "regular_plural_subject_verb_agreement_1": 0.42399999499320984, "regular_plural_subject_verb_agreement_2": 0.5, "sentential_negation_npi_licensor_present": 0.7950000166893005, "sentential_negation_npi_scope": 0.3240000009536743, "sentential_subject_island": 0.628000020980835, "superlative_quantifiers_1": 0.4580000042915344, "superlative_quantifiers_2": 0.7160000205039978, "tough_vs_raising_1": 0.3059999942779541, "tough_vs_raising_2": 0.7129999995231628, "transitive": 0.5410000085830688, "wh_island": 0.5550000071525574, "wh_questions_object_gap": 0.7179999947547913, "wh_questions_subject_gap": 0.8569999933242798, "wh_questions_subject_gap_long_distance": 0.8529999852180481, "wh_vs_that_no_gap": 0.9319999814033508, "wh_vs_that_no_gap_long_distance": 0.949999988079071, "wh_vs_that_with_gap": 0.041999999433755875, "wh_vs_that_with_gap_long_distance": 0.03999999910593033}, "by_phenomenon": {"island_effects": 0.49912501126527786, "anaphor_agreement": 0.39399999380111694, "s-selection": 0.6184999942779541, "argument_structure": 0.5705714310918536, "determiner_noun_agreement": 0.5332500077784061, "subject_verb_agreement": 0.4790000071128209, "ellipsis": 0.3595000058412552, "control_raising": 0.5698000073432923, "quantifiers": 0.632750004529953, "irregular_forms": 0.5565000176429749, "npi_licensing": 0.3372857139246272, "binding": 0.5891428632395608, "filler_gap_dependency": 0.6274285630456039}}, "paloma": 1340.707753719104}