{"blimp": {"by_uid": {"adjunct_island": 0.5989999771118164, "anaphor_gender_agreement": 0.45399999618530273, "anaphor_number_agreement": 0.7870000004768372, "animate_subject_passive": 0.6729999780654907, "animate_subject_trans": 0.7099999785423279, "causative": 0.4749999940395355, "complex_NP_island": 0.4749999940395355, "coordinate_structure_constraint_complex_left_branch": 0.16200000047683716, "coordinate_structure_constraint_object_extraction": 0.48899999260902405, "determiner_noun_agreement_1": 0.8830000162124634, "determiner_noun_agreement_2": 0.8759999871253967, "determiner_noun_agreement_irregular_1": 0.7329999804496765, "determiner_noun_agreement_irregular_2": 0.8330000042915344, "determiner_noun_agreement_with_adj_2": 0.8190000057220459, "determiner_noun_agreement_with_adj_irregular_1": 0.6830000281333923, "determiner_noun_agreement_with_adj_irregular_2": 0.7620000243186951, "determiner_noun_agreement_with_adjective_1": 0.8479999899864197, "distractor_agreement_relational_noun": 0.2759999930858612, "distractor_agreement_relative_clause": 0.28999999165534973, "drop_argument": 0.718999981880188, "ellipsis_n_bar_1": 0.5410000085830688, "ellipsis_n_bar_2": 0.6769999861717224, "existential_there_object_raising": 0.7239999771118164, "existential_there_quantifiers_1": 0.9049999713897705, "existential_there_quantifiers_2": 0.2070000022649765, "existential_there_subject_raising": 0.7459999918937683, "expletive_it_object_raising": 0.7070000171661377, "inchoative": 0.40700000524520874, "intransitive": 0.6069999933242798, "irregular_past_participle_adjectives": 0.9079999923706055, "irregular_past_participle_verbs": 0.8270000219345093, "irregular_plural_subject_verb_agreement_1": 0.6230000257492065, "irregular_plural_subject_verb_agreement_2": 0.75, "left_branch_island_echo_question": 0.5199999809265137, "left_branch_island_simple_question": 0.18400000035762787, "matrix_question_npi_licensor_present": 0.22599999606609344, "npi_present_1": 0.22499999403953552, "npi_present_2": 0.3869999945163727, "only_npi_licensor_present": 0.6389999985694885, "only_npi_scope": 0.8029999732971191, "passive_1": 0.8450000286102295, "passive_2": 0.8169999718666077, "principle_A_c_command": 0.4740000069141388, "principle_A_case_1": 1.0, "principle_A_case_2": 0.6100000143051147, "principle_A_domain_1": 0.9430000185966492, "principle_A_domain_2": 0.7170000076293945, "principle_A_domain_3": 0.4560000002384186, "principle_A_reconstruction": 0.4090000092983246, "regular_plural_subject_verb_agreement_1": 0.7139999866485596, "regular_plural_subject_verb_agreement_2": 0.7269999980926514, "sentential_negation_npi_licensor_present": 0.9940000176429749, "sentential_negation_npi_scope": 0.28200000524520874, "sentential_subject_island": 0.3630000054836273, "superlative_quantifiers_1": 0.6470000147819519, "superlative_quantifiers_2": 0.4020000100135803, "tough_vs_raising_1": 0.3440000116825104, "tough_vs_raising_2": 0.6949999928474426, "transitive": 0.7120000123977661, "wh_island": 0.5189999938011169, "wh_questions_object_gap": 0.5870000123977661, "wh_questions_subject_gap": 0.9100000262260437, "wh_questions_subject_gap_long_distance": 0.9769999980926514, "wh_vs_that_no_gap": 0.9789999723434448, "wh_vs_that_no_gap_long_distance": 0.9959999918937683, "wh_vs_that_with_gap": 0.10599999874830246, "wh_vs_that_with_gap_long_distance": 0.02800000086426735}, "by_phenomenon": {"island_effects": 0.41387499310076237, "anaphor_agreement": 0.62049999833107, "s-selection": 0.6914999783039093, "argument_structure": 0.6545714267662593, "determiner_noun_agreement": 0.804625004529953, "subject_verb_agreement": 0.5633333325386047, "ellipsis": 0.6089999973773956, "control_raising": 0.6431999981403351, "quantifiers": 0.5402499996125698, "irregular_forms": 0.8675000071525574, "npi_licensing": 0.5079999970538276, "binding": 0.6584285795688629, "filler_gap_dependency": 0.6547142857951778}}, "paloma": 98.78111832723386}