{"blimp": {"by_uid": {"adjunct_island": 0.49399998784065247, "anaphor_gender_agreement": 0.31200000643730164, "anaphor_number_agreement": 0.41600000858306885, "animate_subject_passive": 0.6200000047683716, "animate_subject_trans": 0.5979999899864197, "causative": 0.40400001406669617, "complex_NP_island": 0.49000000953674316, "coordinate_structure_constraint_complex_left_branch": 0.5440000295639038, "coordinate_structure_constraint_object_extraction": 0.5799999833106995, "determiner_noun_agreement_1": 0.5210000276565552, "determiner_noun_agreement_2": 0.5080000162124634, "determiner_noun_agreement_irregular_1": 0.5569999814033508, "determiner_noun_agreement_irregular_2": 0.5429999828338623, "determiner_noun_agreement_with_adj_2": 0.5059999823570251, "determiner_noun_agreement_with_adj_irregular_1": 0.5099999904632568, "determiner_noun_agreement_with_adj_irregular_2": 0.5239999890327454, "determiner_noun_agreement_with_adjective_1": 0.49000000953674316, "distractor_agreement_relational_noun": 0.47999998927116394, "distractor_agreement_relative_clause": 0.5299999713897705, "drop_argument": 0.7170000076293945, "ellipsis_n_bar_1": 0.5220000147819519, "ellipsis_n_bar_2": 0.328000009059906, "existential_there_object_raising": 0.6449999809265137, "existential_there_quantifiers_1": 0.8069999814033508, "existential_there_quantifiers_2": 0.6330000162124634, "existential_there_subject_raising": 0.5609999895095825, "expletive_it_object_raising": 0.593999981880188, "inchoative": 0.36899998784065247, "intransitive": 0.5440000295639038, "irregular_past_participle_adjectives": 0.5609999895095825, "irregular_past_participle_verbs": 0.5320000052452087, "irregular_plural_subject_verb_agreement_1": 0.4860000014305115, "irregular_plural_subject_verb_agreement_2": 0.4860000014305115, "left_branch_island_echo_question": 0.38600000739097595, "left_branch_island_simple_question": 0.5320000052452087, "matrix_question_npi_licensor_present": 0.6000000238418579, "npi_present_1": 0.25, "npi_present_2": 0.210999995470047, "only_npi_licensor_present": 0.0, "only_npi_scope": 0.3240000009536743, "passive_1": 0.652999997138977, "passive_2": 0.656000018119812, "principle_A_c_command": 0.5199999809265137, "principle_A_case_1": 1.0, "principle_A_case_2": 0.4779999852180481, "principle_A_domain_1": 0.824999988079071, "principle_A_domain_2": 0.5759999752044678, "principle_A_domain_3": 0.45399999618530273, "principle_A_reconstruction": 0.49399998784065247, "regular_plural_subject_verb_agreement_1": 0.42899999022483826, "regular_plural_subject_verb_agreement_2": 0.503000020980835, "sentential_negation_npi_licensor_present": 0.5989999771118164, "sentential_negation_npi_scope": 0.4339999854564667, "sentential_subject_island": 0.5799999833106995, "superlative_quantifiers_1": 0.4620000123977661, "superlative_quantifiers_2": 0.7070000171661377, "tough_vs_raising_1": 0.2930000126361847, "tough_vs_raising_2": 0.722000002861023, "transitive": 0.5189999938011169, "wh_island": 0.4779999852180481, "wh_questions_object_gap": 0.7699999809265137, "wh_questions_subject_gap": 0.6940000057220459, "wh_questions_subject_gap_long_distance": 0.7129999995231628, "wh_vs_that_no_gap": 0.8970000147819519, "wh_vs_that_no_gap_long_distance": 0.9160000085830688, "wh_vs_that_with_gap": 0.07699999958276749, "wh_vs_that_with_gap_long_distance": 0.0860000029206276}, "by_phenomenon": {"island_effects": 0.5104999989271164, "anaphor_agreement": 0.36400000751018524, "s-selection": 0.6089999973773956, "argument_structure": 0.5517142925943647, "determiner_noun_agreement": 0.5198749974370003, "subject_verb_agreement": 0.4856666624546051, "ellipsis": 0.42500001192092896, "control_raising": 0.5629999935626984, "quantifiers": 0.6522500067949295, "irregular_forms": 0.5464999973773956, "npi_licensing": 0.34542856897626606, "binding": 0.6209999876362937, "filler_gap_dependency": 0.593285716005734}}, "paloma": 2928.022633792465}