{"blimp": {"by_uid": {"adjunct_island": 0.6079999804496765, "anaphor_gender_agreement": 0.4729999899864197, "anaphor_number_agreement": 0.7850000262260437, "animate_subject_passive": 0.6710000038146973, "animate_subject_trans": 0.7149999737739563, "causative": 0.4740000069141388, "complex_NP_island": 0.44699999690055847, "coordinate_structure_constraint_complex_left_branch": 0.18000000715255737, "coordinate_structure_constraint_object_extraction": 0.4790000021457672, "determiner_noun_agreement_1": 0.8899999856948853, "determiner_noun_agreement_2": 0.8840000033378601, "determiner_noun_agreement_irregular_1": 0.7480000257492065, "determiner_noun_agreement_irregular_2": 0.828000009059906, "determiner_noun_agreement_with_adj_2": 0.8289999961853027, "determiner_noun_agreement_with_adj_irregular_1": 0.6830000281333923, "determiner_noun_agreement_with_adj_irregular_2": 0.7630000114440918, "determiner_noun_agreement_with_adjective_1": 0.8519999980926514, "distractor_agreement_relational_noun": 0.27300000190734863, "distractor_agreement_relative_clause": 0.30000001192092896, "drop_argument": 0.7179999947547913, "ellipsis_n_bar_1": 0.5460000038146973, "ellipsis_n_bar_2": 0.6830000281333923, "existential_there_object_raising": 0.7200000286102295, "existential_there_quantifiers_1": 0.9010000228881836, "existential_there_quantifiers_2": 0.22699999809265137, "existential_there_subject_raising": 0.7490000128746033, "expletive_it_object_raising": 0.7039999961853027, "inchoative": 0.4090000092983246, "intransitive": 0.597000002861023, "irregular_past_participle_adjectives": 0.8840000033378601, "irregular_past_participle_verbs": 0.8240000009536743, "irregular_plural_subject_verb_agreement_1": 0.609000027179718, "irregular_plural_subject_verb_agreement_2": 0.7269999980926514, "left_branch_island_echo_question": 0.5120000243186951, "left_branch_island_simple_question": 0.18700000643730164, "matrix_question_npi_licensor_present": 0.24400000274181366, "npi_present_1": 0.19900000095367432, "npi_present_2": 0.3100000023841858, "only_npi_licensor_present": 0.7540000081062317, "only_npi_scope": 0.8370000123977661, "passive_1": 0.8510000109672546, "passive_2": 0.8209999799728394, "principle_A_c_command": 0.4779999852180481, "principle_A_case_1": 1.0, "principle_A_case_2": 0.6380000114440918, "principle_A_domain_1": 0.9179999828338623, "principle_A_domain_2": 0.7070000171661377, "principle_A_domain_3": 0.44999998807907104, "principle_A_reconstruction": 0.3709999918937683, "regular_plural_subject_verb_agreement_1": 0.6990000009536743, "regular_plural_subject_verb_agreement_2": 0.699999988079071, "sentential_negation_npi_licensor_present": 0.9890000224113464, "sentential_negation_npi_scope": 0.25600001215934753, "sentential_subject_island": 0.3580000102519989, "superlative_quantifiers_1": 0.7070000171661377, "superlative_quantifiers_2": 0.414000004529953, "tough_vs_raising_1": 0.32199999690055847, "tough_vs_raising_2": 0.7099999785423279, "transitive": 0.7160000205039978, "wh_island": 0.46000000834465027, "wh_questions_object_gap": 0.5910000205039978, "wh_questions_subject_gap": 0.8989999890327454, "wh_questions_subject_gap_long_distance": 0.9520000219345093, "wh_vs_that_no_gap": 0.9800000190734863, "wh_vs_that_no_gap_long_distance": 0.9919999837875366, "wh_vs_that_with_gap": 0.11400000005960464, "wh_vs_that_with_gap_long_distance": 0.032999999821186066}, "by_phenomenon": {"island_effects": 0.4038750045001507, "anaphor_agreement": 0.6290000081062317, "s-selection": 0.6929999887943268, "argument_structure": 0.6551428607531956, "determiner_noun_agreement": 0.809625007212162, "subject_verb_agreement": 0.5513333380222321, "ellipsis": 0.6145000159740448, "control_raising": 0.6410000026226044, "quantifiers": 0.5622500106692314, "irregular_forms": 0.8540000021457672, "npi_licensing": 0.5127142944506237, "binding": 0.6517142823764256, "filler_gap_dependency": 0.6515714334590095}}, "paloma": 101.13757883920903}