{"blimp": {"by_uid": {"adjunct_island": 0.6399999856948853, "anaphor_gender_agreement": 0.5090000033378601, "anaphor_number_agreement": 0.796999990940094, "animate_subject_passive": 0.6930000185966492, "animate_subject_trans": 0.7279999852180481, "causative": 0.4749999940395355, "complex_NP_island": 0.503000020980835, "coordinate_structure_constraint_complex_left_branch": 0.17399999499320984, "coordinate_structure_constraint_object_extraction": 0.492000013589859, "determiner_noun_agreement_1": 0.9139999747276306, "determiner_noun_agreement_2": 0.8809999823570251, "determiner_noun_agreement_irregular_1": 0.7540000081062317, "determiner_noun_agreement_irregular_2": 0.8059999942779541, "determiner_noun_agreement_with_adj_2": 0.7919999957084656, "determiner_noun_agreement_with_adj_irregular_1": 0.6800000071525574, "determiner_noun_agreement_with_adj_irregular_2": 0.7239999771118164, "determiner_noun_agreement_with_adjective_1": 0.843999981880188, "distractor_agreement_relational_noun": 0.3440000116825104, "distractor_agreement_relative_clause": 0.296999990940094, "drop_argument": 0.7149999737739563, "ellipsis_n_bar_1": 0.5569999814033508, "ellipsis_n_bar_2": 0.6959999799728394, "existential_there_object_raising": 0.7279999852180481, "existential_there_quantifiers_1": 0.9340000152587891, "existential_there_quantifiers_2": 0.2919999957084656, "existential_there_subject_raising": 0.7110000252723694, "expletive_it_object_raising": 0.7009999752044678, "inchoative": 0.40700000524520874, "intransitive": 0.6110000014305115, "irregular_past_participle_adjectives": 0.9409999847412109, "irregular_past_participle_verbs": 0.8169999718666077, "irregular_plural_subject_verb_agreement_1": 0.6449999809265137, "irregular_plural_subject_verb_agreement_2": 0.800000011920929, "left_branch_island_echo_question": 0.5899999737739563, "left_branch_island_simple_question": 0.18400000035762787, "matrix_question_npi_licensor_present": 0.2240000069141388, "npi_present_1": 0.2849999964237213, "npi_present_2": 0.4180000126361847, "only_npi_licensor_present": 0.27000001072883606, "only_npi_scope": 0.718999981880188, "passive_1": 0.8320000171661377, "passive_2": 0.8180000185966492, "principle_A_c_command": 0.5049999952316284, "principle_A_case_1": 1.0, "principle_A_case_2": 0.6600000262260437, "principle_A_domain_1": 0.8820000290870667, "principle_A_domain_2": 0.7120000123977661, "principle_A_domain_3": 0.47600001096725464, "principle_A_reconstruction": 0.42500001192092896, "regular_plural_subject_verb_agreement_1": 0.7369999885559082, "regular_plural_subject_verb_agreement_2": 0.8320000171661377, "sentential_negation_npi_licensor_present": 0.9869999885559082, "sentential_negation_npi_scope": 0.20999999344348907, "sentential_subject_island": 0.3840000033378601, "superlative_quantifiers_1": 0.35100001096725464, "superlative_quantifiers_2": 0.5220000147819519, "tough_vs_raising_1": 0.34700000286102295, "tough_vs_raising_2": 0.7350000143051147, "transitive": 0.7110000252723694, "wh_island": 0.5709999799728394, "wh_questions_object_gap": 0.5379999876022339, "wh_questions_subject_gap": 0.9020000100135803, "wh_questions_subject_gap_long_distance": 0.9629999995231628, "wh_vs_that_no_gap": 0.9739999771118164, "wh_vs_that_no_gap_long_distance": 0.9860000014305115, "wh_vs_that_with_gap": 0.14100000262260437, "wh_vs_that_with_gap_long_distance": 0.050999999046325684}, "by_phenomenon": {"island_effects": 0.4422499965876341, "anaphor_agreement": 0.652999997138977, "s-selection": 0.7105000019073486, "argument_structure": 0.6527142907891955, "determiner_noun_agreement": 0.7993749901652336, "subject_verb_agreement": 0.6091666668653488, "ellipsis": 0.6264999806880951, "control_raising": 0.6444000005722046, "quantifiers": 0.5247500091791153, "irregular_forms": 0.8789999783039093, "npi_licensing": 0.44471428436892374, "binding": 0.6657142979758126, "filler_gap_dependency": 0.650714282478605}}, "paloma": 87.3845460340121}