{"blimp": {"by_uid": {"adjunct_island": 0.5580000281333923, "anaphor_gender_agreement": 0.460999995470047, "anaphor_number_agreement": 0.6890000104904175, "animate_subject_passive": 0.7039999961853027, "animate_subject_trans": 0.6370000243186951, "causative": 0.492000013589859, "complex_NP_island": 0.4560000002384186, "coordinate_structure_constraint_complex_left_branch": 0.23199999332427979, "coordinate_structure_constraint_object_extraction": 0.5519999861717224, "determiner_noun_agreement_1": 0.8889999985694885, "determiner_noun_agreement_2": 0.8870000243186951, "determiner_noun_agreement_irregular_1": 0.7409999966621399, "determiner_noun_agreement_irregular_2": 0.796999990940094, "determiner_noun_agreement_with_adj_2": 0.8399999737739563, "determiner_noun_agreement_with_adj_irregular_1": 0.671999990940094, "determiner_noun_agreement_with_adj_irregular_2": 0.7739999890327454, "determiner_noun_agreement_with_adjective_1": 0.8209999799728394, "distractor_agreement_relational_noun": 0.3059999942779541, "distractor_agreement_relative_clause": 0.3070000112056732, "drop_argument": 0.6919999718666077, "ellipsis_n_bar_1": 0.5299999713897705, "ellipsis_n_bar_2": 0.6449999809265137, "existential_there_object_raising": 0.7519999742507935, "existential_there_quantifiers_1": 0.8949999809265137, "existential_there_quantifiers_2": 0.2720000147819519, "existential_there_subject_raising": 0.699999988079071, "expletive_it_object_raising": 0.7059999704360962, "inchoative": 0.39100000262260437, "intransitive": 0.546999990940094, "irregular_past_participle_adjectives": 0.875, "irregular_past_participle_verbs": 0.765999972820282, "irregular_plural_subject_verb_agreement_1": 0.5860000252723694, "irregular_plural_subject_verb_agreement_2": 0.6660000085830688, "left_branch_island_echo_question": 0.4350000023841858, "left_branch_island_simple_question": 0.3140000104904175, "matrix_question_npi_licensor_present": 0.27799999713897705, "npi_present_1": 0.4050000011920929, "npi_present_2": 0.3630000054836273, "only_npi_licensor_present": 0.8220000267028809, "only_npi_scope": 0.8209999799728394, "passive_1": 0.8349999785423279, "passive_2": 0.8270000219345093, "principle_A_c_command": 0.5180000066757202, "principle_A_case_1": 1.0, "principle_A_case_2": 0.6489999890327454, "principle_A_domain_1": 0.9290000200271606, "principle_A_domain_2": 0.7059999704360962, "principle_A_domain_3": 0.4569999873638153, "principle_A_reconstruction": 0.30399999022483826, "regular_plural_subject_verb_agreement_1": 0.6639999747276306, "regular_plural_subject_verb_agreement_2": 0.6570000052452087, "sentential_negation_npi_licensor_present": 0.9750000238418579, "sentential_negation_npi_scope": 0.23100000619888306, "sentential_subject_island": 0.34200000762939453, "superlative_quantifiers_1": 0.7889999747276306, "superlative_quantifiers_2": 0.2630000114440918, "tough_vs_raising_1": 0.3799999952316284, "tough_vs_raising_2": 0.6690000295639038, "transitive": 0.7200000286102295, "wh_island": 0.37400001287460327, "wh_questions_object_gap": 0.5709999799728394, "wh_questions_subject_gap": 0.8859999775886536, "wh_questions_subject_gap_long_distance": 0.9380000233650208, "wh_vs_that_no_gap": 0.9520000219345093, "wh_vs_that_no_gap_long_distance": 0.9670000076293945, "wh_vs_that_with_gap": 0.12200000137090683, "wh_vs_that_with_gap_long_distance": 0.050999999046325684}, "by_phenomenon": {"island_effects": 0.4078750051558018, "anaphor_agreement": 0.5750000029802322, "s-selection": 0.6705000102519989, "argument_structure": 0.6434285725866046, "determiner_noun_agreement": 0.8026249930262566, "subject_verb_agreement": 0.5310000032186508, "ellipsis": 0.5874999761581421, "control_raising": 0.6413999915122985, "quantifiers": 0.554749995470047, "irregular_forms": 0.820499986410141, "npi_licensing": 0.556428577218737, "binding": 0.6518571376800537, "filler_gap_dependency": 0.6410000015582357}}, "paloma": 148.05843945878723}