{"blimp": {"by_uid": {"adjunct_island": 0.6589999794960022, "anaphor_gender_agreement": 0.5659999847412109, "anaphor_number_agreement": 0.8399999737739563, "animate_subject_passive": 0.7049999833106995, "animate_subject_trans": 0.7289999723434448, "causative": 0.47600001096725464, "complex_NP_island": 0.49399998784065247, "coordinate_structure_constraint_complex_left_branch": 0.164000004529953, "coordinate_structure_constraint_object_extraction": 0.515999972820282, "determiner_noun_agreement_1": 0.9100000262260437, "determiner_noun_agreement_2": 0.8889999985694885, "determiner_noun_agreement_irregular_1": 0.7630000114440918, "determiner_noun_agreement_irregular_2": 0.8119999766349792, "determiner_noun_agreement_with_adj_2": 0.7950000166893005, "determiner_noun_agreement_with_adj_irregular_1": 0.6600000262260437, "determiner_noun_agreement_with_adj_irregular_2": 0.7149999737739563, "determiner_noun_agreement_with_adjective_1": 0.8379999995231628, "distractor_agreement_relational_noun": 0.3659999966621399, "distractor_agreement_relative_clause": 0.3009999990463257, "drop_argument": 0.7120000123977661, "ellipsis_n_bar_1": 0.5669999718666077, "ellipsis_n_bar_2": 0.7039999961853027, "existential_there_object_raising": 0.7350000143051147, "existential_there_quantifiers_1": 0.949999988079071, "existential_there_quantifiers_2": 0.2800000011920929, "existential_there_subject_raising": 0.7179999947547913, "expletive_it_object_raising": 0.7110000252723694, "inchoative": 0.4129999876022339, "intransitive": 0.6100000143051147, "irregular_past_participle_adjectives": 0.9520000219345093, "irregular_past_participle_verbs": 0.7960000038146973, "irregular_plural_subject_verb_agreement_1": 0.6570000052452087, "irregular_plural_subject_verb_agreement_2": 0.7870000004768372, "left_branch_island_echo_question": 0.5609999895095825, "left_branch_island_simple_question": 0.17800000309944153, "matrix_question_npi_licensor_present": 0.21199999749660492, "npi_present_1": 0.296999990940094, "npi_present_2": 0.421999990940094, "only_npi_licensor_present": 0.3889999985694885, "only_npi_scope": 0.7459999918937683, "passive_1": 0.8309999704360962, "passive_2": 0.8149999976158142, "principle_A_c_command": 0.4580000042915344, "principle_A_case_1": 1.0, "principle_A_case_2": 0.6690000295639038, "principle_A_domain_1": 0.8859999775886536, "principle_A_domain_2": 0.7379999756813049, "principle_A_domain_3": 0.4690000116825104, "principle_A_reconstruction": 0.4189999997615814, "regular_plural_subject_verb_agreement_1": 0.7390000224113464, "regular_plural_subject_verb_agreement_2": 0.8240000009536743, "sentential_negation_npi_licensor_present": 0.996999979019165, "sentential_negation_npi_scope": 0.2280000001192093, "sentential_subject_island": 0.3889999985694885, "superlative_quantifiers_1": 0.5, "superlative_quantifiers_2": 0.4740000069141388, "tough_vs_raising_1": 0.3490000069141388, "tough_vs_raising_2": 0.7409999966621399, "transitive": 0.7210000157356262, "wh_island": 0.6480000019073486, "wh_questions_object_gap": 0.5249999761581421, "wh_questions_subject_gap": 0.8859999775886536, "wh_questions_subject_gap_long_distance": 0.9629999995231628, "wh_vs_that_no_gap": 0.9760000109672546, "wh_vs_that_no_gap_long_distance": 0.9929999709129333, "wh_vs_that_with_gap": 0.14499999582767487, "wh_vs_that_with_gap_long_distance": 0.04899999871850014}, "by_phenomenon": {"island_effects": 0.45112499222159386, "anaphor_agreement": 0.7029999792575836, "s-selection": 0.7169999778270721, "argument_structure": 0.6540000012942723, "determiner_noun_agreement": 0.7977500036358833, "subject_verb_agreement": 0.612333337465922, "ellipsis": 0.6354999840259552, "control_raising": 0.6508000075817109, "quantifiers": 0.5509999990463257, "irregular_forms": 0.8740000128746033, "npi_licensing": 0.4701428498540606, "binding": 0.662714285509927, "filler_gap_dependency": 0.6481428470994745}}, "paloma": 84.44547220804965}