{"blimp": {"by_uid": {"adjunct_island": 0.6129999756813049, "anaphor_gender_agreement": 0.5090000033378601, "anaphor_number_agreement": 0.8199999928474426, "animate_subject_passive": 0.6809999942779541, "animate_subject_trans": 0.7139999866485596, "causative": 0.4650000035762787, "complex_NP_island": 0.49300000071525574, "coordinate_structure_constraint_complex_left_branch": 0.17399999499320984, "coordinate_structure_constraint_object_extraction": 0.46399998664855957, "determiner_noun_agreement_1": 0.8980000019073486, "determiner_noun_agreement_2": 0.8679999709129333, "determiner_noun_agreement_irregular_1": 0.7540000081062317, "determiner_noun_agreement_irregular_2": 0.8059999942779541, "determiner_noun_agreement_with_adj_2": 0.8080000281333923, "determiner_noun_agreement_with_adj_irregular_1": 0.6940000057220459, "determiner_noun_agreement_with_adj_irregular_2": 0.7409999966621399, "determiner_noun_agreement_with_adjective_1": 0.8560000061988831, "distractor_agreement_relational_noun": 0.27399998903274536, "distractor_agreement_relative_clause": 0.296999990940094, "drop_argument": 0.7210000157356262, "ellipsis_n_bar_1": 0.5699999928474426, "ellipsis_n_bar_2": 0.6740000247955322, "existential_there_object_raising": 0.7239999771118164, "existential_there_quantifiers_1": 0.9100000262260437, "existential_there_quantifiers_2": 0.19900000095367432, "existential_there_subject_raising": 0.7329999804496765, "expletive_it_object_raising": 0.7059999704360962, "inchoative": 0.41200000047683716, "intransitive": 0.6110000014305115, "irregular_past_participle_adjectives": 0.9200000166893005, "irregular_past_participle_verbs": 0.8230000138282776, "irregular_plural_subject_verb_agreement_1": 0.6190000176429749, "irregular_plural_subject_verb_agreement_2": 0.7630000114440918, "left_branch_island_echo_question": 0.5519999861717224, "left_branch_island_simple_question": 0.19099999964237213, "matrix_question_npi_licensor_present": 0.24699999392032623, "npi_present_1": 0.2460000067949295, "npi_present_2": 0.40799999237060547, "only_npi_licensor_present": 0.47600001096725464, "only_npi_scope": 0.8159999847412109, "passive_1": 0.8410000205039978, "passive_2": 0.8009999990463257, "principle_A_c_command": 0.45899999141693115, "principle_A_case_1": 1.0, "principle_A_case_2": 0.6330000162124634, "principle_A_domain_1": 0.878000020980835, "principle_A_domain_2": 0.7329999804496765, "principle_A_domain_3": 0.45399999618530273, "principle_A_reconstruction": 0.4020000100135803, "regular_plural_subject_verb_agreement_1": 0.718999981880188, "regular_plural_subject_verb_agreement_2": 0.7519999742507935, "sentential_negation_npi_licensor_present": 0.9869999885559082, "sentential_negation_npi_scope": 0.2280000001192093, "sentential_subject_island": 0.38100001215934753, "superlative_quantifiers_1": 0.5120000243186951, "superlative_quantifiers_2": 0.4580000042915344, "tough_vs_raising_1": 0.35199999809265137, "tough_vs_raising_2": 0.6880000233650208, "transitive": 0.7089999914169312, "wh_island": 0.550000011920929, "wh_questions_object_gap": 0.5799999833106995, "wh_questions_subject_gap": 0.8989999890327454, "wh_questions_subject_gap_long_distance": 0.9700000286102295, "wh_vs_that_no_gap": 0.984000027179718, "wh_vs_that_no_gap_long_distance": 0.9940000176429749, "wh_vs_that_with_gap": 0.09799999743700027, "wh_vs_that_with_gap_long_distance": 0.024000000208616257}, "by_phenomenon": {"island_effects": 0.42724999599158764, "anaphor_agreement": 0.6644999980926514, "s-selection": 0.6974999904632568, "argument_structure": 0.6514285760266441, "determiner_noun_agreement": 0.8031250014901161, "subject_verb_agreement": 0.570666660865148, "ellipsis": 0.6220000088214874, "control_raising": 0.6405999898910523, "quantifiers": 0.5197500139474869, "irregular_forms": 0.8715000152587891, "npi_licensing": 0.48685713963849203, "binding": 0.6512857164655413, "filler_gap_dependency": 0.6498571490602834}}, "paloma": 95.34313676199432}