{"blimp": {"by_uid": {"adjunct_island": 0.5730000138282776, "anaphor_gender_agreement": 0.4659999907016754, "anaphor_number_agreement": 0.699999988079071, "animate_subject_passive": 0.675000011920929, "animate_subject_trans": 0.6439999938011169, "causative": 0.49300000071525574, "complex_NP_island": 0.4490000009536743, "coordinate_structure_constraint_complex_left_branch": 0.2540000081062317, "coordinate_structure_constraint_object_extraction": 0.5379999876022339, "determiner_noun_agreement_1": 0.890999972820282, "determiner_noun_agreement_2": 0.9039999842643738, "determiner_noun_agreement_irregular_1": 0.7580000162124634, "determiner_noun_agreement_irregular_2": 0.8270000219345093, "determiner_noun_agreement_with_adj_2": 0.8389999866485596, "determiner_noun_agreement_with_adj_irregular_1": 0.6790000200271606, "determiner_noun_agreement_with_adj_irregular_2": 0.7860000133514404, "determiner_noun_agreement_with_adjective_1": 0.8299999833106995, "distractor_agreement_relational_noun": 0.2879999876022339, "distractor_agreement_relative_clause": 0.27900001406669617, "drop_argument": 0.6940000057220459, "ellipsis_n_bar_1": 0.5490000247955322, "ellipsis_n_bar_2": 0.6460000276565552, "existential_there_object_raising": 0.7289999723434448, "existential_there_quantifiers_1": 0.8809999823570251, "existential_there_quantifiers_2": 0.24300000071525574, "existential_there_subject_raising": 0.7160000205039978, "expletive_it_object_raising": 0.6980000138282776, "inchoative": 0.3959999978542328, "intransitive": 0.5490000247955322, "irregular_past_participle_adjectives": 0.8790000081062317, "irregular_past_participle_verbs": 0.781000018119812, "irregular_plural_subject_verb_agreement_1": 0.5770000219345093, "irregular_plural_subject_verb_agreement_2": 0.6830000281333923, "left_branch_island_echo_question": 0.5019999742507935, "left_branch_island_simple_question": 0.3230000138282776, "matrix_question_npi_licensor_present": 0.28600001335144043, "npi_present_1": 0.3869999945163727, "npi_present_2": 0.36899998784065247, "only_npi_licensor_present": 0.8220000267028809, "only_npi_scope": 0.800000011920929, "passive_1": 0.8339999914169312, "passive_2": 0.8230000138282776, "principle_A_c_command": 0.5210000276565552, "principle_A_case_1": 1.0, "principle_A_case_2": 0.6489999890327454, "principle_A_domain_1": 0.9409999847412109, "principle_A_domain_2": 0.6850000023841858, "principle_A_domain_3": 0.45100000500679016, "principle_A_reconstruction": 0.3089999854564667, "regular_plural_subject_verb_agreement_1": 0.675000011920929, "regular_plural_subject_verb_agreement_2": 0.6570000052452087, "sentential_negation_npi_licensor_present": 0.9769999980926514, "sentential_negation_npi_scope": 0.3190000057220459, "sentential_subject_island": 0.30399999022483826, "superlative_quantifiers_1": 0.7590000033378601, "superlative_quantifiers_2": 0.2809999883174896, "tough_vs_raising_1": 0.3370000123977661, "tough_vs_raising_2": 0.6990000009536743, "transitive": 0.7210000157356262, "wh_island": 0.42899999022483826, "wh_questions_object_gap": 0.6050000190734863, "wh_questions_subject_gap": 0.8889999985694885, "wh_questions_subject_gap_long_distance": 0.9470000267028809, "wh_vs_that_no_gap": 0.9629999995231628, "wh_vs_that_no_gap_long_distance": 0.9729999899864197, "wh_vs_that_with_gap": 0.12099999934434891, "wh_vs_that_with_gap_long_distance": 0.04600000008940697}, "by_phenomenon": {"island_effects": 0.42149999737739563, "anaphor_agreement": 0.5829999893903732, "s-selection": 0.659500002861023, "argument_structure": 0.6442857214382717, "determiner_noun_agreement": 0.8142499998211861, "subject_verb_agreement": 0.5265000114838282, "ellipsis": 0.5975000262260437, "control_raising": 0.6358000040054321, "quantifiers": 0.5409999936819077, "irregular_forms": 0.8300000131130219, "npi_licensing": 0.5657142911638532, "binding": 0.6508571420397077, "filler_gap_dependency": 0.6491428618984563}}, "paloma": 127.62953654631505}