{"blimp": {"by_uid": {"adjunct_island": 0.6570000052452087, "anaphor_gender_agreement": 0.5320000052452087, "anaphor_number_agreement": 0.8230000138282776, "animate_subject_passive": 0.7260000109672546, "animate_subject_trans": 0.7289999723434448, "causative": 0.46799999475479126, "complex_NP_island": 0.4950000047683716, "coordinate_structure_constraint_complex_left_branch": 0.16099999845027924, "coordinate_structure_constraint_object_extraction": 0.46399998664855957, "determiner_noun_agreement_1": 0.8970000147819519, "determiner_noun_agreement_2": 0.8840000033378601, "determiner_noun_agreement_irregular_1": 0.7739999890327454, "determiner_noun_agreement_irregular_2": 0.8130000233650208, "determiner_noun_agreement_with_adj_2": 0.7770000100135803, "determiner_noun_agreement_with_adj_irregular_1": 0.6650000214576721, "determiner_noun_agreement_with_adj_irregular_2": 0.7120000123977661, "determiner_noun_agreement_with_adjective_1": 0.8159999847412109, "distractor_agreement_relational_noun": 0.35600000619888306, "distractor_agreement_relative_clause": 0.3059999942779541, "drop_argument": 0.7160000205039978, "ellipsis_n_bar_1": 0.5550000071525574, "ellipsis_n_bar_2": 0.6980000138282776, "existential_there_object_raising": 0.7319999933242798, "existential_there_quantifiers_1": 0.9679999947547913, "existential_there_quantifiers_2": 0.3230000138282776, "existential_there_subject_raising": 0.722000002861023, "expletive_it_object_raising": 0.7080000042915344, "inchoative": 0.4099999964237213, "intransitive": 0.609000027179718, "irregular_past_participle_adjectives": 0.9390000104904175, "irregular_past_participle_verbs": 0.8180000185966492, "irregular_plural_subject_verb_agreement_1": 0.6439999938011169, "irregular_plural_subject_verb_agreement_2": 0.7929999828338623, "left_branch_island_echo_question": 0.5540000200271606, "left_branch_island_simple_question": 0.1679999977350235, "matrix_question_npi_licensor_present": 0.20200000703334808, "npi_present_1": 0.3070000112056732, "npi_present_2": 0.414000004529953, "only_npi_licensor_present": 0.4519999921321869, "only_npi_scope": 0.7599999904632568, "passive_1": 0.8330000042915344, "passive_2": 0.8220000267028809, "principle_A_c_command": 0.42399999499320984, "principle_A_case_1": 1.0, "principle_A_case_2": 0.6990000009536743, "principle_A_domain_1": 0.8939999938011169, "principle_A_domain_2": 0.7429999709129333, "principle_A_domain_3": 0.4779999852180481, "principle_A_reconstruction": 0.4129999876022339, "regular_plural_subject_verb_agreement_1": 0.7360000014305115, "regular_plural_subject_verb_agreement_2": 0.8190000057220459, "sentential_negation_npi_licensor_present": 1.0, "sentential_negation_npi_scope": 0.3009999990463257, "sentential_subject_island": 0.39899998903274536, "superlative_quantifiers_1": 0.4860000014305115, "superlative_quantifiers_2": 0.5490000247955322, "tough_vs_raising_1": 0.3370000123977661, "tough_vs_raising_2": 0.7540000081062317, "transitive": 0.7279999852180481, "wh_island": 0.6809999942779541, "wh_questions_object_gap": 0.5429999828338623, "wh_questions_subject_gap": 0.8889999985694885, "wh_questions_subject_gap_long_distance": 0.9620000123977661, "wh_vs_that_no_gap": 0.968999981880188, "wh_vs_that_no_gap_long_distance": 0.9909999966621399, "wh_vs_that_with_gap": 0.1589999943971634, "wh_vs_that_with_gap_long_distance": 0.05299999937415123}, "by_phenomenon": {"island_effects": 0.44737499952316284, "anaphor_agreement": 0.6775000095367432, "s-selection": 0.7274999916553497, "argument_structure": 0.6551428650106702, "determiner_noun_agreement": 0.792250007390976, "subject_verb_agreement": 0.6089999973773956, "ellipsis": 0.6265000104904175, "control_raising": 0.650600004196167, "quantifiers": 0.5815000087022781, "irregular_forms": 0.8785000145435333, "npi_licensing": 0.4908571434872491, "binding": 0.6644285619258881, "filler_gap_dependency": 0.6522857094449657}}, "paloma": 82.96135127984688}