{"blimp": {"by_uid": {"adjunct_island": 0.6620000004768372, "anaphor_gender_agreement": 0.5669999718666077, "anaphor_number_agreement": 0.8240000009536743, "animate_subject_passive": 0.7080000042915344, "animate_subject_trans": 0.7229999899864197, "causative": 0.47099998593330383, "complex_NP_island": 0.4830000102519989, "coordinate_structure_constraint_complex_left_branch": 0.18199999630451202, "coordinate_structure_constraint_object_extraction": 0.453000009059906, "determiner_noun_agreement_1": 0.9139999747276306, "determiner_noun_agreement_2": 0.8899999856948853, "determiner_noun_agreement_irregular_1": 0.7590000033378601, "determiner_noun_agreement_irregular_2": 0.8130000233650208, "determiner_noun_agreement_with_adj_2": 0.7940000295639038, "determiner_noun_agreement_with_adj_irregular_1": 0.6579999923706055, "determiner_noun_agreement_with_adj_irregular_2": 0.7250000238418579, "determiner_noun_agreement_with_adjective_1": 0.8289999961853027, "distractor_agreement_relational_noun": 0.3799999952316284, "distractor_agreement_relative_clause": 0.30000001192092896, "drop_argument": 0.7170000076293945, "ellipsis_n_bar_1": 0.5440000295639038, "ellipsis_n_bar_2": 0.7009999752044678, "existential_there_object_raising": 0.7279999852180481, "existential_there_quantifiers_1": 0.9449999928474426, "existential_there_quantifiers_2": 0.28299999237060547, "existential_there_subject_raising": 0.6959999799728394, "expletive_it_object_raising": 0.7020000219345093, "inchoative": 0.414000004529953, "intransitive": 0.6039999723434448, "irregular_past_participle_adjectives": 0.9419999718666077, "irregular_past_participle_verbs": 0.8069999814033508, "irregular_plural_subject_verb_agreement_1": 0.6430000066757202, "irregular_plural_subject_verb_agreement_2": 0.7850000262260437, "left_branch_island_echo_question": 0.5870000123977661, "left_branch_island_simple_question": 0.1809999942779541, "matrix_question_npi_licensor_present": 0.20600000023841858, "npi_present_1": 0.3160000145435333, "npi_present_2": 0.4390000104904175, "only_npi_licensor_present": 0.3319999873638153, "only_npi_scope": 0.7020000219345093, "passive_1": 0.8389999866485596, "passive_2": 0.8240000009536743, "principle_A_c_command": 0.4860000014305115, "principle_A_case_1": 1.0, "principle_A_case_2": 0.6690000295639038, "principle_A_domain_1": 0.878000020980835, "principle_A_domain_2": 0.7229999899864197, "principle_A_domain_3": 0.46799999475479126, "principle_A_reconstruction": 0.4000000059604645, "regular_plural_subject_verb_agreement_1": 0.746999979019165, "regular_plural_subject_verb_agreement_2": 0.828000009059906, "sentential_negation_npi_licensor_present": 0.9940000176429749, "sentential_negation_npi_scope": 0.2409999966621399, "sentential_subject_island": 0.3840000033378601, "superlative_quantifiers_1": 0.41600000858306885, "superlative_quantifiers_2": 0.49900001287460327, "tough_vs_raising_1": 0.37400001287460327, "tough_vs_raising_2": 0.7080000042915344, "transitive": 0.7229999899864197, "wh_island": 0.6589999794960022, "wh_questions_object_gap": 0.5370000004768372, "wh_questions_subject_gap": 0.8809999823570251, "wh_questions_subject_gap_long_distance": 0.9580000042915344, "wh_vs_that_no_gap": 0.9779999852180481, "wh_vs_that_no_gap_long_distance": 0.9919999837875366, "wh_vs_that_with_gap": 0.1459999978542328, "wh_vs_that_with_gap_long_distance": 0.04800000041723251}, "by_phenomenon": {"island_effects": 0.4488750007003546, "anaphor_agreement": 0.695499986410141, "s-selection": 0.715499997138977, "argument_structure": 0.6559999925749642, "determiner_noun_agreement": 0.7977500036358833, "subject_verb_agreement": 0.6138333380222321, "ellipsis": 0.6225000023841858, "control_raising": 0.6416000008583069, "quantifiers": 0.53575000166893, "irregular_forms": 0.8744999766349792, "npi_licensing": 0.4614285784108298, "binding": 0.6605714346681323, "filler_gap_dependency": 0.6485714220574924}}, "paloma": 85.58096280554861}