{"blimp": {"by_uid": {"adjunct_island": 0.5899999737739563, "anaphor_gender_agreement": 0.47200000286102295, "anaphor_number_agreement": 0.7289999723434448, "animate_subject_passive": 0.6679999828338623, "animate_subject_trans": 0.6909999847412109, "causative": 0.47600001096725464, "complex_NP_island": 0.4399999976158142, "coordinate_structure_constraint_complex_left_branch": 0.2240000069141388, "coordinate_structure_constraint_object_extraction": 0.5170000195503235, "determiner_noun_agreement_1": 0.9070000052452087, "determiner_noun_agreement_2": 0.8960000276565552, "determiner_noun_agreement_irregular_1": 0.7549999952316284, "determiner_noun_agreement_irregular_2": 0.8379999995231628, "determiner_noun_agreement_with_adj_2": 0.8339999914169312, "determiner_noun_agreement_with_adj_irregular_1": 0.6880000233650208, "determiner_noun_agreement_with_adj_irregular_2": 0.7770000100135803, "determiner_noun_agreement_with_adjective_1": 0.8500000238418579, "distractor_agreement_relational_noun": 0.2879999876022339, "distractor_agreement_relative_clause": 0.2919999957084656, "drop_argument": 0.6970000267028809, "ellipsis_n_bar_1": 0.5450000166893005, "ellipsis_n_bar_2": 0.6660000085830688, "existential_there_object_raising": 0.7139999866485596, "existential_there_quantifiers_1": 0.871999979019165, "existential_there_quantifiers_2": 0.21400000154972076, "existential_there_subject_raising": 0.7289999723434448, "expletive_it_object_raising": 0.6949999928474426, "inchoative": 0.41100001335144043, "intransitive": 0.5839999914169312, "irregular_past_participle_adjectives": 0.9369999766349792, "irregular_past_participle_verbs": 0.7699999809265137, "irregular_plural_subject_verb_agreement_1": 0.5929999947547913, "irregular_plural_subject_verb_agreement_2": 0.6909999847412109, "left_branch_island_echo_question": 0.5199999809265137, "left_branch_island_simple_question": 0.27300000190734863, "matrix_question_npi_licensor_present": 0.26499998569488525, "npi_present_1": 0.2540000081062317, "npi_present_2": 0.3610000014305115, "only_npi_licensor_present": 0.8240000009536743, "only_npi_scope": 0.8069999814033508, "passive_1": 0.8529999852180481, "passive_2": 0.8299999833106995, "principle_A_c_command": 0.4620000123977661, "principle_A_case_1": 1.0, "principle_A_case_2": 0.6579999923706055, "principle_A_domain_1": 0.9459999799728394, "principle_A_domain_2": 0.6899999976158142, "principle_A_domain_3": 0.44600000977516174, "principle_A_reconstruction": 0.3529999852180481, "regular_plural_subject_verb_agreement_1": 0.6819999814033508, "regular_plural_subject_verb_agreement_2": 0.6850000023841858, "sentential_negation_npi_licensor_present": 0.984000027179718, "sentential_negation_npi_scope": 0.27399998903274536, "sentential_subject_island": 0.3190000057220459, "superlative_quantifiers_1": 0.6980000138282776, "superlative_quantifiers_2": 0.3070000112056732, "tough_vs_raising_1": 0.3319999873638153, "tough_vs_raising_2": 0.7089999914169312, "transitive": 0.7250000238418579, "wh_island": 0.47099998593330383, "wh_questions_object_gap": 0.6110000014305115, "wh_questions_subject_gap": 0.8930000066757202, "wh_questions_subject_gap_long_distance": 0.9559999704360962, "wh_vs_that_no_gap": 0.9700000286102295, "wh_vs_that_no_gap_long_distance": 0.984000027179718, "wh_vs_that_with_gap": 0.11999999731779099, "wh_vs_that_with_gap_long_distance": 0.041999999433755875}, "by_phenomenon": {"island_effects": 0.4192499965429306, "anaphor_agreement": 0.6004999876022339, "s-selection": 0.6794999837875366, "argument_structure": 0.653714290687016, "determiner_noun_agreement": 0.8181250095367432, "subject_verb_agreement": 0.5384999910990397, "ellipsis": 0.6055000126361847, "control_raising": 0.6357999861240387, "quantifiers": 0.5227500014007092, "irregular_forms": 0.8534999787807465, "npi_licensing": 0.5384285705430167, "binding": 0.650714282478605, "filler_gap_dependency": 0.6537142901548317}}, "paloma": 112.40021605375337}