{"blimp": {"by_uid": {"adjunct_island": 0.5839999914169312, "anaphor_gender_agreement": 0.5180000066757202, "anaphor_number_agreement": 0.8199999928474426, "animate_subject_passive": 0.6620000004768372, "animate_subject_trans": 0.722000002861023, "causative": 0.4620000123977661, "complex_NP_island": 0.453000009059906, "coordinate_structure_constraint_complex_left_branch": 0.18400000035762787, "coordinate_structure_constraint_object_extraction": 0.5210000276565552, "determiner_noun_agreement_1": 0.8970000147819519, "determiner_noun_agreement_2": 0.8740000128746033, "determiner_noun_agreement_irregular_1": 0.7559999823570251, "determiner_noun_agreement_irregular_2": 0.8240000009536743, "determiner_noun_agreement_with_adj_2": 0.8190000057220459, "determiner_noun_agreement_with_adj_irregular_1": 0.6890000104904175, "determiner_noun_agreement_with_adj_irregular_2": 0.7540000081062317, "determiner_noun_agreement_with_adjective_1": 0.8429999947547913, "distractor_agreement_relational_noun": 0.27000001072883606, "distractor_agreement_relative_clause": 0.28700000047683716, "drop_argument": 0.7160000205039978, "ellipsis_n_bar_1": 0.5249999761581421, "ellipsis_n_bar_2": 0.6769999861717224, "existential_there_object_raising": 0.7300000190734863, "existential_there_quantifiers_1": 0.9070000052452087, "existential_there_quantifiers_2": 0.1940000057220459, "existential_there_subject_raising": 0.7549999952316284, "expletive_it_object_raising": 0.7110000252723694, "inchoative": 0.41499999165534973, "intransitive": 0.6100000143051147, "irregular_past_participle_adjectives": 0.9229999780654907, "irregular_past_participle_verbs": 0.8169999718666077, "irregular_plural_subject_verb_agreement_1": 0.621999979019165, "irregular_plural_subject_verb_agreement_2": 0.7419999837875366, "left_branch_island_echo_question": 0.5210000276565552, "left_branch_island_simple_question": 0.20900000631809235, "matrix_question_npi_licensor_present": 0.22499999403953552, "npi_present_1": 0.22100000083446503, "npi_present_2": 0.3569999933242798, "only_npi_licensor_present": 0.6690000295639038, "only_npi_scope": 0.8209999799728394, "passive_1": 0.8569999933242798, "passive_2": 0.8209999799728394, "principle_A_c_command": 0.44999998807907104, "principle_A_case_1": 1.0, "principle_A_case_2": 0.6259999871253967, "principle_A_domain_1": 0.9300000071525574, "principle_A_domain_2": 0.7160000205039978, "principle_A_domain_3": 0.45399999618530273, "principle_A_reconstruction": 0.3709999918937683, "regular_plural_subject_verb_agreement_1": 0.7110000252723694, "regular_plural_subject_verb_agreement_2": 0.7200000286102295, "sentential_negation_npi_licensor_present": 0.9850000143051147, "sentential_negation_npi_scope": 0.25200000405311584, "sentential_subject_island": 0.35100001096725464, "superlative_quantifiers_1": 0.6050000190734863, "superlative_quantifiers_2": 0.4009999930858612, "tough_vs_raising_1": 0.33500000834465027, "tough_vs_raising_2": 0.7099999785423279, "transitive": 0.7139999866485596, "wh_island": 0.4729999899864197, "wh_questions_object_gap": 0.5550000071525574, "wh_questions_subject_gap": 0.8930000066757202, "wh_questions_subject_gap_long_distance": 0.9660000205039978, "wh_vs_that_no_gap": 0.9739999771118164, "wh_vs_that_no_gap_long_distance": 0.9919999837875366, "wh_vs_that_with_gap": 0.11699999868869781, "wh_vs_that_with_gap_long_distance": 0.03400000184774399}, "by_phenomenon": {"island_effects": 0.41200000792741776, "anaphor_agreement": 0.6689999997615814, "s-selection": 0.69200000166893, "argument_structure": 0.6564285712582725, "determiner_noun_agreement": 0.8070000037550926, "subject_verb_agreement": 0.5586666713158289, "ellipsis": 0.6009999811649323, "control_raising": 0.6482000052928925, "quantifiers": 0.5267500057816505, "irregular_forms": 0.8699999749660492, "npi_licensing": 0.5042857165847506, "binding": 0.6495714272771563, "filler_gap_dependency": 0.6472857136811528}}, "paloma": 100.12657041508146}