{"blimp": {"by_uid": {"adjunct_island": 0.6129999756813049, "anaphor_gender_agreement": 0.4790000021457672, "anaphor_number_agreement": 0.8009999990463257, "animate_subject_passive": 0.6779999732971191, "animate_subject_trans": 0.7269999980926514, "causative": 0.4659999907016754, "complex_NP_island": 0.49000000953674316, "coordinate_structure_constraint_complex_left_branch": 0.19699999690055847, "coordinate_structure_constraint_object_extraction": 0.46799999475479126, "determiner_noun_agreement_1": 0.902999997138977, "determiner_noun_agreement_2": 0.8820000290870667, "determiner_noun_agreement_irregular_1": 0.753000020980835, "determiner_noun_agreement_irregular_2": 0.8209999799728394, "determiner_noun_agreement_with_adj_2": 0.8109999895095825, "determiner_noun_agreement_with_adj_irregular_1": 0.6840000152587891, "determiner_noun_agreement_with_adj_irregular_2": 0.7490000128746033, "determiner_noun_agreement_with_adjective_1": 0.8460000157356262, "distractor_agreement_relational_noun": 0.28299999237060547, "distractor_agreement_relative_clause": 0.2980000078678131, "drop_argument": 0.718999981880188, "ellipsis_n_bar_1": 0.5699999928474426, "ellipsis_n_bar_2": 0.6809999942779541, "existential_there_object_raising": 0.7179999947547913, "existential_there_quantifiers_1": 0.9070000052452087, "existential_there_quantifiers_2": 0.23100000619888306, "existential_there_subject_raising": 0.734000027179718, "expletive_it_object_raising": 0.7039999961853027, "inchoative": 0.4000000059604645, "intransitive": 0.6079999804496765, "irregular_past_participle_adjectives": 0.8999999761581421, "irregular_past_participle_verbs": 0.8069999814033508, "irregular_plural_subject_verb_agreement_1": 0.6330000162124634, "irregular_plural_subject_verb_agreement_2": 0.7649999856948853, "left_branch_island_echo_question": 0.5649999976158142, "left_branch_island_simple_question": 0.2070000022649765, "matrix_question_npi_licensor_present": 0.25099998712539673, "npi_present_1": 0.23999999463558197, "npi_present_2": 0.4059999883174896, "only_npi_licensor_present": 0.45399999618530273, "only_npi_scope": 0.8040000200271606, "passive_1": 0.8399999737739563, "passive_2": 0.8240000009536743, "principle_A_c_command": 0.4650000035762787, "principle_A_case_1": 1.0, "principle_A_case_2": 0.6230000257492065, "principle_A_domain_1": 0.9089999794960022, "principle_A_domain_2": 0.7120000123977661, "principle_A_domain_3": 0.453000009059906, "principle_A_reconstruction": 0.4099999964237213, "regular_plural_subject_verb_agreement_1": 0.7149999737739563, "regular_plural_subject_verb_agreement_2": 0.7670000195503235, "sentential_negation_npi_licensor_present": 0.9869999885559082, "sentential_negation_npi_scope": 0.2290000021457672, "sentential_subject_island": 0.38499999046325684, "superlative_quantifiers_1": 0.5759999752044678, "superlative_quantifiers_2": 0.47999998927116394, "tough_vs_raising_1": 0.35499998927116394, "tough_vs_raising_2": 0.6660000085830688, "transitive": 0.7020000219345093, "wh_island": 0.5139999985694885, "wh_questions_object_gap": 0.5720000267028809, "wh_questions_subject_gap": 0.902999997138977, "wh_questions_subject_gap_long_distance": 0.9629999995231628, "wh_vs_that_no_gap": 0.9810000061988831, "wh_vs_that_no_gap_long_distance": 0.9940000176429749, "wh_vs_that_with_gap": 0.10999999940395355, "wh_vs_that_with_gap_long_distance": 0.029999999329447746}, "by_phenomenon": {"island_effects": 0.42987499572336674, "anaphor_agreement": 0.6400000005960464, "s-selection": 0.7024999856948853, "argument_structure": 0.651285707950592, "determiner_noun_agreement": 0.8061250075697899, "subject_verb_agreement": 0.5768333325783411, "ellipsis": 0.6254999935626984, "control_raising": 0.6354000031948089, "quantifiers": 0.5484999939799309, "irregular_forms": 0.8534999787807465, "npi_licensing": 0.4815714252846582, "binding": 0.6531428609575544, "filler_gap_dependency": 0.6504285779914686}}, "paloma": 94.7597799865211}