{"blimp": {"by_uid": {"adjunct_island": 0.6079999804496765, "anaphor_gender_agreement": 0.4880000054836273, "anaphor_number_agreement": 0.75, "animate_subject_passive": 0.6679999828338623, "animate_subject_trans": 0.7210000157356262, "causative": 0.46700000762939453, "complex_NP_island": 0.4390000104904175, "coordinate_structure_constraint_complex_left_branch": 0.16300000250339508, "coordinate_structure_constraint_object_extraction": 0.5049999952316284, "determiner_noun_agreement_1": 0.8840000033378601, "determiner_noun_agreement_2": 0.8709999918937683, "determiner_noun_agreement_irregular_1": 0.7390000224113464, "determiner_noun_agreement_irregular_2": 0.8109999895095825, "determiner_noun_agreement_with_adj_2": 0.8259999752044678, "determiner_noun_agreement_with_adj_irregular_1": 0.6850000023841858, "determiner_noun_agreement_with_adj_irregular_2": 0.7599999904632568, "determiner_noun_agreement_with_adjective_1": 0.8429999947547913, "distractor_agreement_relational_noun": 0.2759999930858612, "distractor_agreement_relative_clause": 0.29499998688697815, "drop_argument": 0.7170000076293945, "ellipsis_n_bar_1": 0.5210000276565552, "ellipsis_n_bar_2": 0.6800000071525574, "existential_there_object_raising": 0.7289999723434448, "existential_there_quantifiers_1": 0.8880000114440918, "existential_there_quantifiers_2": 0.21799999475479126, "existential_there_subject_raising": 0.7319999933242798, "expletive_it_object_raising": 0.7110000252723694, "inchoative": 0.41100001335144043, "intransitive": 0.6179999709129333, "irregular_past_participle_adjectives": 0.9150000214576721, "irregular_past_participle_verbs": 0.8299999833106995, "irregular_plural_subject_verb_agreement_1": 0.6050000190734863, "irregular_plural_subject_verb_agreement_2": 0.7210000157356262, "left_branch_island_echo_question": 0.515999972820282, "left_branch_island_simple_question": 0.18000000715255737, "matrix_question_npi_licensor_present": 0.24199999868869781, "npi_present_1": 0.21299999952316284, "npi_present_2": 0.3190000057220459, "only_npi_licensor_present": 0.7990000247955322, "only_npi_scope": 0.843999981880188, "passive_1": 0.8539999723434448, "passive_2": 0.8209999799728394, "principle_A_c_command": 0.49000000953674316, "principle_A_case_1": 1.0, "principle_A_case_2": 0.6439999938011169, "principle_A_domain_1": 0.9229999780654907, "principle_A_domain_2": 0.6990000009536743, "principle_A_domain_3": 0.4440000057220459, "principle_A_reconstruction": 0.35899999737739563, "regular_plural_subject_verb_agreement_1": 0.6919999718666077, "regular_plural_subject_verb_agreement_2": 0.7059999704360962, "sentential_negation_npi_licensor_present": 0.9829999804496765, "sentential_negation_npi_scope": 0.23899999260902405, "sentential_subject_island": 0.33899998664855957, "superlative_quantifiers_1": 0.6430000066757202, "superlative_quantifiers_2": 0.38199999928474426, "tough_vs_raising_1": 0.33500000834465027, "tough_vs_raising_2": 0.7110000252723694, "transitive": 0.7149999737739563, "wh_island": 0.4390000104904175, "wh_questions_object_gap": 0.5709999799728394, "wh_questions_subject_gap": 0.8980000019073486, "wh_questions_subject_gap_long_distance": 0.9599999785423279, "wh_vs_that_no_gap": 0.9829999804496765, "wh_vs_that_no_gap_long_distance": 0.9950000047683716, "wh_vs_that_with_gap": 0.10599999874830246, "wh_vs_that_with_gap_long_distance": 0.02800000086426735}, "by_phenomenon": {"island_effects": 0.39862499572336674, "anaphor_agreement": 0.6190000027418137, "s-selection": 0.6944999992847443, "argument_structure": 0.6575714179447719, "determiner_noun_agreement": 0.8023749962449074, "subject_verb_agreement": 0.5491666595141093, "ellipsis": 0.6005000174045563, "control_raising": 0.6436000049114228, "quantifiers": 0.5327500030398369, "irregular_forms": 0.8725000023841858, "npi_licensing": 0.5198571405240467, "binding": 0.6512857122080666, "filler_gap_dependency": 0.6487142778933048}}, "paloma": 102.69855790811134}