{"blimp": {"by_uid": {"adjunct_island": 0.6129999756813049, "anaphor_gender_agreement": 0.49000000953674316, "anaphor_number_agreement": 0.8059999942779541, "animate_subject_passive": 0.6679999828338623, "animate_subject_trans": 0.7250000238418579, "causative": 0.46299999952316284, "complex_NP_island": 0.503000020980835, "coordinate_structure_constraint_complex_left_branch": 0.1889999955892563, "coordinate_structure_constraint_object_extraction": 0.46399998664855957, "determiner_noun_agreement_1": 0.890999972820282, "determiner_noun_agreement_2": 0.8679999709129333, "determiner_noun_agreement_irregular_1": 0.7440000176429749, "determiner_noun_agreement_irregular_2": 0.8119999766349792, "determiner_noun_agreement_with_adj_2": 0.8100000023841858, "determiner_noun_agreement_with_adj_irregular_1": 0.6759999990463257, "determiner_noun_agreement_with_adj_irregular_2": 0.7419999837875366, "determiner_noun_agreement_with_adjective_1": 0.8389999866485596, "distractor_agreement_relational_noun": 0.25600001215934753, "distractor_agreement_relative_clause": 0.29100000858306885, "drop_argument": 0.7149999737739563, "ellipsis_n_bar_1": 0.5419999957084656, "ellipsis_n_bar_2": 0.6620000004768372, "existential_there_object_raising": 0.7239999771118164, "existential_there_quantifiers_1": 0.9190000295639038, "existential_there_quantifiers_2": 0.23499999940395355, "existential_there_subject_raising": 0.7459999918937683, "expletive_it_object_raising": 0.6980000138282776, "inchoative": 0.4059999883174896, "intransitive": 0.6140000224113464, "irregular_past_participle_adjectives": 0.9160000085830688, "irregular_past_participle_verbs": 0.8040000200271606, "irregular_plural_subject_verb_agreement_1": 0.6430000066757202, "irregular_plural_subject_verb_agreement_2": 0.7599999904632568, "left_branch_island_echo_question": 0.550000011920929, "left_branch_island_simple_question": 0.2070000022649765, "matrix_question_npi_licensor_present": 0.24199999868869781, "npi_present_1": 0.25099998712539673, "npi_present_2": 0.40700000524520874, "only_npi_licensor_present": 0.43299999833106995, "only_npi_scope": 0.8040000200271606, "passive_1": 0.8370000123977661, "passive_2": 0.8159999847412109, "principle_A_c_command": 0.4659999907016754, "principle_A_case_1": 1.0, "principle_A_case_2": 0.625, "principle_A_domain_1": 0.9319999814033508, "principle_A_domain_2": 0.7300000190734863, "principle_A_domain_3": 0.44999998807907104, "principle_A_reconstruction": 0.41499999165534973, "regular_plural_subject_verb_agreement_1": 0.7149999737739563, "regular_plural_subject_verb_agreement_2": 0.7770000100135803, "sentential_negation_npi_licensor_present": 0.9869999885559082, "sentential_negation_npi_scope": 0.2160000056028366, "sentential_subject_island": 0.414000004529953, "superlative_quantifiers_1": 0.5929999947547913, "superlative_quantifiers_2": 0.49399998784065247, "tough_vs_raising_1": 0.3449999988079071, "tough_vs_raising_2": 0.6959999799728394, "transitive": 0.7070000171661377, "wh_island": 0.5720000267028809, "wh_questions_object_gap": 0.5950000286102295, "wh_questions_subject_gap": 0.906000018119812, "wh_questions_subject_gap_long_distance": 0.9670000076293945, "wh_vs_that_no_gap": 0.984000027179718, "wh_vs_that_no_gap_long_distance": 0.9980000257492065, "wh_vs_that_with_gap": 0.09600000083446503, "wh_vs_that_with_gap_long_distance": 0.026000000536441803}, "by_phenomenon": {"island_effects": 0.4390000030398369, "anaphor_agreement": 0.6480000019073486, "s-selection": 0.6965000033378601, "argument_structure": 0.6511428569044385, "determiner_noun_agreement": 0.7977499887347221, "subject_verb_agreement": 0.5736666669448217, "ellipsis": 0.6019999980926514, "control_raising": 0.6417999923229217, "quantifiers": 0.5602500028908253, "irregular_forms": 0.8600000143051147, "npi_licensing": 0.4771428576537541, "binding": 0.6597142815589905, "filler_gap_dependency": 0.6531428726656097}}, "paloma": 95.09646447942647}