{"blimp": {"by_uid": {"adjunct_island": 0.6620000004768372, "anaphor_gender_agreement": 0.5690000057220459, "anaphor_number_agreement": 0.8420000076293945, "animate_subject_passive": 0.7110000252723694, "animate_subject_trans": 0.7260000109672546, "causative": 0.4740000069141388, "complex_NP_island": 0.48899999260902405, "coordinate_structure_constraint_complex_left_branch": 0.16699999570846558, "coordinate_structure_constraint_object_extraction": 0.48399999737739563, "determiner_noun_agreement_1": 0.9100000262260437, "determiner_noun_agreement_2": 0.878000020980835, "determiner_noun_agreement_irregular_1": 0.7689999938011169, "determiner_noun_agreement_irregular_2": 0.8080000281333923, "determiner_noun_agreement_with_adj_2": 0.7799999713897705, "determiner_noun_agreement_with_adj_irregular_1": 0.6779999732971191, "determiner_noun_agreement_with_adj_irregular_2": 0.7099999785423279, "determiner_noun_agreement_with_adjective_1": 0.828000009059906, "distractor_agreement_relational_noun": 0.3490000069141388, "distractor_agreement_relative_clause": 0.3089999854564667, "drop_argument": 0.7099999785423279, "ellipsis_n_bar_1": 0.5600000023841858, "ellipsis_n_bar_2": 0.7009999752044678, "existential_there_object_raising": 0.7279999852180481, "existential_there_quantifiers_1": 0.9559999704360962, "existential_there_quantifiers_2": 0.2930000126361847, "existential_there_subject_raising": 0.7049999833106995, "expletive_it_object_raising": 0.7110000252723694, "inchoative": 0.41200000047683716, "intransitive": 0.6100000143051147, "irregular_past_participle_adjectives": 0.953000009059906, "irregular_past_participle_verbs": 0.8209999799728394, "irregular_plural_subject_verb_agreement_1": 0.6570000052452087, "irregular_plural_subject_verb_agreement_2": 0.796999990940094, "left_branch_island_echo_question": 0.5569999814033508, "left_branch_island_simple_question": 0.17800000309944153, "matrix_question_npi_licensor_present": 0.21699999272823334, "npi_present_1": 0.3409999907016754, "npi_present_2": 0.453000009059906, "only_npi_licensor_present": 0.41200000047683716, "only_npi_scope": 0.734000027179718, "passive_1": 0.8349999785423279, "passive_2": 0.824999988079071, "principle_A_c_command": 0.44999998807907104, "principle_A_case_1": 1.0, "principle_A_case_2": 0.6729999780654907, "principle_A_domain_1": 0.8889999985694885, "principle_A_domain_2": 0.7329999804496765, "principle_A_domain_3": 0.4690000116825104, "principle_A_reconstruction": 0.4440000057220459, "regular_plural_subject_verb_agreement_1": 0.734000027179718, "regular_plural_subject_verb_agreement_2": 0.8100000023841858, "sentential_negation_npi_licensor_present": 0.9990000128746033, "sentential_negation_npi_scope": 0.2290000021457672, "sentential_subject_island": 0.39500001072883606, "superlative_quantifiers_1": 0.4659999907016754, "superlative_quantifiers_2": 0.5130000114440918, "tough_vs_raising_1": 0.35600000619888306, "tough_vs_raising_2": 0.7360000014305115, "transitive": 0.7239999771118164, "wh_island": 0.6549999713897705, "wh_questions_object_gap": 0.515999972820282, "wh_questions_subject_gap": 0.8859999775886536, "wh_questions_subject_gap_long_distance": 0.9629999995231628, "wh_vs_that_no_gap": 0.972000002861023, "wh_vs_that_no_gap_long_distance": 0.9919999837875366, "wh_vs_that_with_gap": 0.16099999845027924, "wh_vs_that_with_gap_long_distance": 0.04699999839067459}, "by_phenomenon": {"island_effects": 0.44837499409914017, "anaphor_agreement": 0.7055000066757202, "s-selection": 0.718500018119812, "argument_structure": 0.6557142777102334, "determiner_noun_agreement": 0.7951250001788139, "subject_verb_agreement": 0.609333336353302, "ellipsis": 0.6304999887943268, "control_raising": 0.6472000002861023, "quantifiers": 0.556999996304512, "irregular_forms": 0.8869999945163727, "npi_licensing": 0.4835714335952486, "binding": 0.6654285660811833, "filler_gap_dependency": 0.6481428476316589}}, "paloma": 83.86145889584611}