{"blimp": {"by_uid": {"adjunct_island": 0.5889999866485596, "anaphor_gender_agreement": 0.5149999856948853, "anaphor_number_agreement": 0.8149999976158142, "animate_subject_passive": 0.6700000166893005, "animate_subject_trans": 0.718999981880188, "causative": 0.46799999475479126, "complex_NP_island": 0.49000000953674316, "coordinate_structure_constraint_complex_left_branch": 0.18400000035762787, "coordinate_structure_constraint_object_extraction": 0.47699999809265137, "determiner_noun_agreement_1": 0.8920000195503235, "determiner_noun_agreement_2": 0.8899999856948853, "determiner_noun_agreement_irregular_1": 0.7480000257492065, "determiner_noun_agreement_irregular_2": 0.8220000267028809, "determiner_noun_agreement_with_adj_2": 0.8149999976158142, "determiner_noun_agreement_with_adj_irregular_1": 0.6779999732971191, "determiner_noun_agreement_with_adj_irregular_2": 0.7480000257492065, "determiner_noun_agreement_with_adjective_1": 0.8510000109672546, "distractor_agreement_relational_noun": 0.289000004529953, "distractor_agreement_relative_clause": 0.3009999990463257, "drop_argument": 0.7200000286102295, "ellipsis_n_bar_1": 0.5479999780654907, "ellipsis_n_bar_2": 0.6830000281333923, "existential_there_object_raising": 0.722000002861023, "existential_there_quantifiers_1": 0.9179999828338623, "existential_there_quantifiers_2": 0.22200000286102295, "existential_there_subject_raising": 0.7239999771118164, "expletive_it_object_raising": 0.7080000042915344, "inchoative": 0.41499999165534973, "intransitive": 0.609000027179718, "irregular_past_participle_adjectives": 0.9089999794960022, "irregular_past_participle_verbs": 0.8080000281333923, "irregular_plural_subject_verb_agreement_1": 0.6259999871253967, "irregular_plural_subject_verb_agreement_2": 0.7549999952316284, "left_branch_island_echo_question": 0.5619999766349792, "left_branch_island_simple_question": 0.1979999989271164, "matrix_question_npi_licensor_present": 0.2370000034570694, "npi_present_1": 0.26600000262260437, "npi_present_2": 0.42899999022483826, "only_npi_licensor_present": 0.421999990940094, "only_npi_scope": 0.800000011920929, "passive_1": 0.8460000157356262, "passive_2": 0.8050000071525574, "principle_A_c_command": 0.4749999940395355, "principle_A_case_1": 1.0, "principle_A_case_2": 0.6449999809265137, "principle_A_domain_1": 0.8799999952316284, "principle_A_domain_2": 0.7210000157356262, "principle_A_domain_3": 0.4620000123977661, "principle_A_reconstruction": 0.41200000047683716, "regular_plural_subject_verb_agreement_1": 0.7129999995231628, "regular_plural_subject_verb_agreement_2": 0.777999997138977, "sentential_negation_npi_licensor_present": 0.9890000224113464, "sentential_negation_npi_scope": 0.22300000488758087, "sentential_subject_island": 0.40299999713897705, "superlative_quantifiers_1": 0.5509999990463257, "superlative_quantifiers_2": 0.49300000071525574, "tough_vs_raising_1": 0.3440000116825104, "tough_vs_raising_2": 0.7200000286102295, "transitive": 0.7039999961853027, "wh_island": 0.5249999761581421, "wh_questions_object_gap": 0.5989999771118164, "wh_questions_subject_gap": 0.9100000262260437, "wh_questions_subject_gap_long_distance": 0.9670000076293945, "wh_vs_that_no_gap": 0.9810000061988831, "wh_vs_that_no_gap_long_distance": 0.9940000176429749, "wh_vs_that_with_gap": 0.10999999940395355, "wh_vs_that_with_gap_long_distance": 0.029999999329447746}, "by_phenomenon": {"island_effects": 0.4284999929368496, "anaphor_agreement": 0.6649999916553497, "s-selection": 0.6944999992847443, "argument_structure": 0.6524285801819393, "determiner_noun_agreement": 0.8055000081658363, "subject_verb_agreement": 0.5769999970992407, "ellipsis": 0.6155000030994415, "control_raising": 0.6436000049114228, "quantifiers": 0.5459999963641167, "irregular_forms": 0.8585000038146973, "npi_licensing": 0.48085714663778034, "binding": 0.6564285712582725, "filler_gap_dependency": 0.6558571476489305}}, "paloma": 93.44195295410289}