{"blimp": {"by_uid": {"adjunct_island": 0.5879999995231628, "anaphor_gender_agreement": 0.49300000071525574, "anaphor_number_agreement": 0.7580000162124634, "animate_subject_passive": 0.6740000247955322, "animate_subject_trans": 0.6980000138282776, "causative": 0.4830000102519989, "complex_NP_island": 0.4449999928474426, "coordinate_structure_constraint_complex_left_branch": 0.19499999284744263, "coordinate_structure_constraint_object_extraction": 0.5239999890327454, "determiner_noun_agreement_1": 0.9129999876022339, "determiner_noun_agreement_2": 0.8939999938011169, "determiner_noun_agreement_irregular_1": 0.7570000290870667, "determiner_noun_agreement_irregular_2": 0.8379999995231628, "determiner_noun_agreement_with_adj_2": 0.8360000252723694, "determiner_noun_agreement_with_adj_irregular_1": 0.6790000200271606, "determiner_noun_agreement_with_adj_irregular_2": 0.7749999761581421, "determiner_noun_agreement_with_adjective_1": 0.8539999723434448, "distractor_agreement_relational_noun": 0.29100000858306885, "distractor_agreement_relative_clause": 0.3009999990463257, "drop_argument": 0.6959999799728394, "ellipsis_n_bar_1": 0.5550000071525574, "ellipsis_n_bar_2": 0.6690000295639038, "existential_there_object_raising": 0.7129999995231628, "existential_there_quantifiers_1": 0.8769999742507935, "existential_there_quantifiers_2": 0.22300000488758087, "existential_there_subject_raising": 0.7409999966621399, "expletive_it_object_raising": 0.6890000104904175, "inchoative": 0.39500001072883606, "intransitive": 0.6000000238418579, "irregular_past_participle_adjectives": 0.9340000152587891, "irregular_past_participle_verbs": 0.7860000133514404, "irregular_plural_subject_verb_agreement_1": 0.5920000076293945, "irregular_plural_subject_verb_agreement_2": 0.6980000138282776, "left_branch_island_echo_question": 0.5220000147819519, "left_branch_island_simple_question": 0.2409999966621399, "matrix_question_npi_licensor_present": 0.2619999945163727, "npi_present_1": 0.2590000033378601, "npi_present_2": 0.3499999940395355, "only_npi_licensor_present": 0.7950000166893005, "only_npi_scope": 0.8169999718666077, "passive_1": 0.8519999980926514, "passive_2": 0.828000009059906, "principle_A_c_command": 0.4490000009536743, "principle_A_case_1": 1.0, "principle_A_case_2": 0.6520000100135803, "principle_A_domain_1": 0.921999990940094, "principle_A_domain_2": 0.6940000057220459, "principle_A_domain_3": 0.4519999921321869, "principle_A_reconstruction": 0.3409999907016754, "regular_plural_subject_verb_agreement_1": 0.6940000057220459, "regular_plural_subject_verb_agreement_2": 0.6949999928474426, "sentential_negation_npi_licensor_present": 0.9940000176429749, "sentential_negation_npi_scope": 0.28299999237060547, "sentential_subject_island": 0.3230000138282776, "superlative_quantifiers_1": 0.6579999923706055, "superlative_quantifiers_2": 0.3050000071525574, "tough_vs_raising_1": 0.31700000166893005, "tough_vs_raising_2": 0.7210000157356262, "transitive": 0.7289999723434448, "wh_island": 0.41100001335144043, "wh_questions_object_gap": 0.593999981880188, "wh_questions_subject_gap": 0.8939999938011169, "wh_questions_subject_gap_long_distance": 0.9570000171661377, "wh_vs_that_no_gap": 0.972000002861023, "wh_vs_that_no_gap_long_distance": 0.9869999885559082, "wh_vs_that_with_gap": 0.11299999803304672, "wh_vs_that_with_gap_long_distance": 0.039000000804662704}, "by_phenomenon": {"island_effects": 0.4061250016093254, "anaphor_agreement": 0.6255000084638596, "s-selection": 0.6860000193119049, "argument_structure": 0.6547142863273621, "determiner_noun_agreement": 0.8182500004768372, "subject_verb_agreement": 0.5451666712760925, "ellipsis": 0.6120000183582306, "control_raising": 0.6362000048160553, "quantifiers": 0.5157499946653843, "irregular_forms": 0.8600000143051147, "npi_licensing": 0.5371428557804653, "binding": 0.6442857129233224, "filler_gap_dependency": 0.6508571404431548}}, "paloma": 109.05980425113584}