{"blimp": {"by_uid": {"adjunct_island": 0.527999997138977, "anaphor_gender_agreement": 0.4620000123977661, "anaphor_number_agreement": 0.703000009059906, "animate_subject_passive": 0.7039999961853027, "animate_subject_trans": 0.640999972820282, "causative": 0.5109999775886536, "complex_NP_island": 0.46000000834465027, "coordinate_structure_constraint_complex_left_branch": 0.1979999989271164, "coordinate_structure_constraint_object_extraction": 0.5920000076293945, "determiner_noun_agreement_1": 0.8799999952316284, "determiner_noun_agreement_2": 0.8820000290870667, "determiner_noun_agreement_irregular_1": 0.7260000109672546, "determiner_noun_agreement_irregular_2": 0.7749999761581421, "determiner_noun_agreement_with_adj_2": 0.8180000185966492, "determiner_noun_agreement_with_adj_irregular_1": 0.6589999794960022, "determiner_noun_agreement_with_adj_irregular_2": 0.7620000243186951, "determiner_noun_agreement_with_adjective_1": 0.8029999732971191, "distractor_agreement_relational_noun": 0.31200000643730164, "distractor_agreement_relative_clause": 0.28600001335144043, "drop_argument": 0.6840000152587891, "ellipsis_n_bar_1": 0.5210000276565552, "ellipsis_n_bar_2": 0.6470000147819519, "existential_there_object_raising": 0.746999979019165, "existential_there_quantifiers_1": 0.8740000128746033, "existential_there_quantifiers_2": 0.3529999852180481, "existential_there_subject_raising": 0.7120000123977661, "expletive_it_object_raising": 0.7170000076293945, "inchoative": 0.382999986410141, "intransitive": 0.5299999713897705, "irregular_past_participle_adjectives": 0.7149999737739563, "irregular_past_participle_verbs": 0.7710000276565552, "irregular_plural_subject_verb_agreement_1": 0.5809999704360962, "irregular_plural_subject_verb_agreement_2": 0.6179999709129333, "left_branch_island_echo_question": 0.4350000023841858, "left_branch_island_simple_question": 0.3009999990463257, "matrix_question_npi_licensor_present": 0.2619999945163727, "npi_present_1": 0.41200000047683716, "npi_present_2": 0.3140000104904175, "only_npi_licensor_present": 0.6100000143051147, "only_npi_scope": 0.8069999814033508, "passive_1": 0.8330000042915344, "passive_2": 0.8349999785423279, "principle_A_c_command": 0.5559999942779541, "principle_A_case_1": 1.0, "principle_A_case_2": 0.6700000166893005, "principle_A_domain_1": 0.8820000290870667, "principle_A_domain_2": 0.6830000281333923, "principle_A_domain_3": 0.4569999873638153, "principle_A_reconstruction": 0.2759999930858612, "regular_plural_subject_verb_agreement_1": 0.6589999794960022, "regular_plural_subject_verb_agreement_2": 0.6230000257492065, "sentential_negation_npi_licensor_present": 0.9589999914169312, "sentential_negation_npi_scope": 0.31299999356269836, "sentential_subject_island": 0.3499999940395355, "superlative_quantifiers_1": 0.7559999823570251, "superlative_quantifiers_2": 0.3400000035762787, "tough_vs_raising_1": 0.34700000286102295, "tough_vs_raising_2": 0.7080000042915344, "transitive": 0.7170000076293945, "wh_island": 0.4020000100135803, "wh_questions_object_gap": 0.5460000038146973, "wh_questions_subject_gap": 0.890999972820282, "wh_questions_subject_gap_long_distance": 0.9409999847412109, "wh_vs_that_no_gap": 0.949999988079071, "wh_vs_that_no_gap_long_distance": 0.9620000123977661, "wh_vs_that_with_gap": 0.12099999934434891, "wh_vs_that_with_gap_long_distance": 0.05000000074505806}, "by_phenomenon": {"island_effects": 0.4082500021904707, "anaphor_agreement": 0.5825000107288361, "s-selection": 0.6724999845027924, "argument_structure": 0.641857134444373, "determiner_noun_agreement": 0.7881250008940697, "subject_verb_agreement": 0.51316666106383, "ellipsis": 0.5840000212192535, "control_raising": 0.6462000012397766, "quantifiers": 0.5807499960064888, "irregular_forms": 0.7430000007152557, "npi_licensing": 0.525285712310246, "binding": 0.6462857212339129, "filler_gap_dependency": 0.6372857088489192}}, "paloma": 170.63370598384313}