{"blimp": {"by_uid": {"adjunct_island": 0.5680000185966492, "anaphor_gender_agreement": 0.47699999809265137, "anaphor_number_agreement": 0.7279999852180481, "animate_subject_passive": 0.7039999961853027, "animate_subject_trans": 0.6610000133514404, "causative": 0.4880000054836273, "complex_NP_island": 0.46299999952316284, "coordinate_structure_constraint_complex_left_branch": 0.22200000286102295, "coordinate_structure_constraint_object_extraction": 0.6119999885559082, "determiner_noun_agreement_1": 0.8859999775886536, "determiner_noun_agreement_2": 0.8619999885559082, "determiner_noun_agreement_irregular_1": 0.7250000238418579, "determiner_noun_agreement_irregular_2": 0.765999972820282, "determiner_noun_agreement_with_adj_2": 0.7919999957084656, "determiner_noun_agreement_with_adj_irregular_1": 0.6669999957084656, "determiner_noun_agreement_with_adj_irregular_2": 0.7269999980926514, "determiner_noun_agreement_with_adjective_1": 0.8050000071525574, "distractor_agreement_relational_noun": 0.2639999985694885, "distractor_agreement_relative_clause": 0.28600001335144043, "drop_argument": 0.6809999942779541, "ellipsis_n_bar_1": 0.48500001430511475, "ellipsis_n_bar_2": 0.574999988079071, "existential_there_object_raising": 0.7369999885559082, "existential_there_quantifiers_1": 0.8659999966621399, "existential_there_quantifiers_2": 0.21299999952316284, "existential_there_subject_raising": 0.6949999928474426, "expletive_it_object_raising": 0.7059999704360962, "inchoative": 0.3700000047683716, "intransitive": 0.5220000147819519, "irregular_past_participle_adjectives": 0.6549999713897705, "irregular_past_participle_verbs": 0.7570000290870667, "irregular_plural_subject_verb_agreement_1": 0.5830000042915344, "irregular_plural_subject_verb_agreement_2": 0.6740000247955322, "left_branch_island_echo_question": 0.4359999895095825, "left_branch_island_simple_question": 0.3269999921321869, "matrix_question_npi_licensor_present": 0.21199999749660492, "npi_present_1": 0.39100000262260437, "npi_present_2": 0.29100000858306885, "only_npi_licensor_present": 0.5210000276565552, "only_npi_scope": 0.8199999928474426, "passive_1": 0.8389999866485596, "passive_2": 0.8320000171661377, "principle_A_c_command": 0.6489999890327454, "principle_A_case_1": 1.0, "principle_A_case_2": 0.621999979019165, "principle_A_domain_1": 0.9259999990463257, "principle_A_domain_2": 0.6430000066757202, "principle_A_domain_3": 0.4519999921321869, "principle_A_reconstruction": 0.3269999921321869, "regular_plural_subject_verb_agreement_1": 0.6620000004768372, "regular_plural_subject_verb_agreement_2": 0.6240000128746033, "sentential_negation_npi_licensor_present": 0.9620000123977661, "sentential_negation_npi_scope": 0.28999999165534973, "sentential_subject_island": 0.37299999594688416, "superlative_quantifiers_1": 0.8019999861717224, "superlative_quantifiers_2": 0.45500001311302185, "tough_vs_raising_1": 0.3310000002384186, "tough_vs_raising_2": 0.7200000286102295, "transitive": 0.699999988079071, "wh_island": 0.5189999938011169, "wh_questions_object_gap": 0.550000011920929, "wh_questions_subject_gap": 0.902999997138977, "wh_questions_subject_gap_long_distance": 0.9570000171661377, "wh_vs_that_no_gap": 0.9470000267028809, "wh_vs_that_no_gap_long_distance": 0.9620000123977661, "wh_vs_that_with_gap": 0.11699999868869781, "wh_vs_that_with_gap_long_distance": 0.0560000017285347}, "by_phenomenon": {"island_effects": 0.4399999976158142, "anaphor_agreement": 0.6024999916553497, "s-selection": 0.6825000047683716, "argument_structure": 0.6331428587436676, "determiner_noun_agreement": 0.7787499949336052, "subject_verb_agreement": 0.515500009059906, "ellipsis": 0.5300000011920929, "control_raising": 0.6377999961376191, "quantifiers": 0.5839999988675117, "irregular_forms": 0.7060000002384186, "npi_licensing": 0.4981428618941988, "binding": 0.6598571368626186, "filler_gap_dependency": 0.6417142951062748}}, "paloma": 229.17090380333028}