{"blimp": {"by_uid": {"adjunct_island": 0.5950000286102295, "anaphor_gender_agreement": 0.4350000023841858, "anaphor_number_agreement": 0.7110000252723694, "animate_subject_passive": 0.6830000281333923, "animate_subject_trans": 0.6800000071525574, "causative": 0.4699999988079071, "complex_NP_island": 0.46299999952316284, "coordinate_structure_constraint_complex_left_branch": 0.24199999868869781, "coordinate_structure_constraint_object_extraction": 0.5299999713897705, "determiner_noun_agreement_1": 0.8970000147819519, "determiner_noun_agreement_2": 0.9070000052452087, "determiner_noun_agreement_irregular_1": 0.7450000047683716, "determiner_noun_agreement_irregular_2": 0.8500000238418579, "determiner_noun_agreement_with_adj_2": 0.8349999785423279, "determiner_noun_agreement_with_adj_irregular_1": 0.6679999828338623, "determiner_noun_agreement_with_adj_irregular_2": 0.7919999957084656, "determiner_noun_agreement_with_adjective_1": 0.8389999866485596, "distractor_agreement_relational_noun": 0.2800000011920929, "distractor_agreement_relative_clause": 0.29600000381469727, "drop_argument": 0.6970000267028809, "ellipsis_n_bar_1": 0.5559999942779541, "ellipsis_n_bar_2": 0.6690000295639038, "existential_there_object_raising": 0.7300000190734863, "existential_there_quantifiers_1": 0.8730000257492065, "existential_there_quantifiers_2": 0.1979999989271164, "existential_there_subject_raising": 0.734000027179718, "expletive_it_object_raising": 0.6990000009536743, "inchoative": 0.4000000059604645, "intransitive": 0.5759999752044678, "irregular_past_participle_adjectives": 0.9350000023841858, "irregular_past_participle_verbs": 0.7940000295639038, "irregular_plural_subject_verb_agreement_1": 0.5910000205039978, "irregular_plural_subject_verb_agreement_2": 0.6779999732971191, "left_branch_island_echo_question": 0.5230000019073486, "left_branch_island_simple_question": 0.29100000858306885, "matrix_question_npi_licensor_present": 0.27900001406669617, "npi_present_1": 0.2639999985694885, "npi_present_2": 0.36500000953674316, "only_npi_licensor_present": 0.8870000243186951, "only_npi_scope": 0.8080000281333923, "passive_1": 0.8420000076293945, "passive_2": 0.8199999928474426, "principle_A_c_command": 0.4729999899864197, "principle_A_case_1": 1.0, "principle_A_case_2": 0.6610000133514404, "principle_A_domain_1": 0.9409999847412109, "principle_A_domain_2": 0.6729999780654907, "principle_A_domain_3": 0.4449999928474426, "principle_A_reconstruction": 0.3370000123977661, "regular_plural_subject_verb_agreement_1": 0.6650000214576721, "regular_plural_subject_verb_agreement_2": 0.6859999895095825, "sentential_negation_npi_licensor_present": 0.9879999756813049, "sentential_negation_npi_scope": 0.33799999952316284, "sentential_subject_island": 0.3140000104904175, "superlative_quantifiers_1": 0.6700000166893005, "superlative_quantifiers_2": 0.31299999356269836, "tough_vs_raising_1": 0.33000001311302185, "tough_vs_raising_2": 0.7049999833106995, "transitive": 0.7239999771118164, "wh_island": 0.42899999022483826, "wh_questions_object_gap": 0.6129999756813049, "wh_questions_subject_gap": 0.8970000147819519, "wh_questions_subject_gap_long_distance": 0.9589999914169312, "wh_vs_that_no_gap": 0.968999981880188, "wh_vs_that_no_gap_long_distance": 0.984000027179718, "wh_vs_that_with_gap": 0.11599999666213989, "wh_vs_that_with_gap_long_distance": 0.041999999433755875}, "by_phenomenon": {"island_effects": 0.42337500117719173, "anaphor_agreement": 0.5730000138282776, "s-selection": 0.6815000176429749, "argument_structure": 0.6469999977520534, "determiner_noun_agreement": 0.8166249990463257, "subject_verb_agreement": 0.5326666682958603, "ellipsis": 0.612500011920929, "control_raising": 0.63960000872612, "quantifiers": 0.5135000087320805, "irregular_forms": 0.8645000159740448, "npi_licensing": 0.5612857214042118, "binding": 0.6471428530556815, "filler_gap_dependency": 0.6542857124337128}}, "paloma": 115.3558432808321}