{"blimp": {"by_uid": {"adjunct_island": 0.5920000076293945, "anaphor_gender_agreement": 0.4480000138282776, "anaphor_number_agreement": 0.7059999704360962, "animate_subject_passive": 0.6679999828338623, "animate_subject_trans": 0.6859999895095825, "causative": 0.460999995470047, "complex_NP_island": 0.4490000009536743, "coordinate_structure_constraint_complex_left_branch": 0.2290000021457672, "coordinate_structure_constraint_object_extraction": 0.5120000243186951, "determiner_noun_agreement_1": 0.8960000276565552, "determiner_noun_agreement_2": 0.8939999938011169, "determiner_noun_agreement_irregular_1": 0.7509999871253967, "determiner_noun_agreement_irregular_2": 0.8479999899864197, "determiner_noun_agreement_with_adj_2": 0.8299999833106995, "determiner_noun_agreement_with_adj_irregular_1": 0.6740000247955322, "determiner_noun_agreement_with_adj_irregular_2": 0.7860000133514404, "determiner_noun_agreement_with_adjective_1": 0.847000002861023, "distractor_agreement_relational_noun": 0.29499998688697815, "distractor_agreement_relative_clause": 0.29600000381469727, "drop_argument": 0.699999988079071, "ellipsis_n_bar_1": 0.5360000133514404, "ellipsis_n_bar_2": 0.6579999923706055, "existential_there_object_raising": 0.7300000190734863, "existential_there_quantifiers_1": 0.8790000081062317, "existential_there_quantifiers_2": 0.2160000056028366, "existential_there_subject_raising": 0.7429999709129333, "expletive_it_object_raising": 0.7080000042915344, "inchoative": 0.40799999237060547, "intransitive": 0.5889999866485596, "irregular_past_participle_adjectives": 0.9259999990463257, "irregular_past_participle_verbs": 0.7919999957084656, "irregular_plural_subject_verb_agreement_1": 0.5870000123977661, "irregular_plural_subject_verb_agreement_2": 0.6980000138282776, "left_branch_island_echo_question": 0.5249999761581421, "left_branch_island_simple_question": 0.2849999964237213, "matrix_question_npi_licensor_present": 0.27300000190734863, "npi_present_1": 0.2639999985694885, "npi_present_2": 0.36899998784065247, "only_npi_licensor_present": 0.8140000104904175, "only_npi_scope": 0.8009999990463257, "passive_1": 0.8460000157356262, "passive_2": 0.828000009059906, "principle_A_c_command": 0.4950000047683716, "principle_A_case_1": 1.0, "principle_A_case_2": 0.6399999856948853, "principle_A_domain_1": 0.9509999752044678, "principle_A_domain_2": 0.6800000071525574, "principle_A_domain_3": 0.44600000977516174, "principle_A_reconstruction": 0.328000009059906, "regular_plural_subject_verb_agreement_1": 0.6779999732971191, "regular_plural_subject_verb_agreement_2": 0.6980000138282776, "sentential_negation_npi_licensor_present": 0.9879999756813049, "sentential_negation_npi_scope": 0.2879999876022339, "sentential_subject_island": 0.31200000643730164, "superlative_quantifiers_1": 0.6200000047683716, "superlative_quantifiers_2": 0.29600000381469727, "tough_vs_raising_1": 0.3240000009536743, "tough_vs_raising_2": 0.7200000286102295, "transitive": 0.7260000109672546, "wh_island": 0.46399998664855957, "wh_questions_object_gap": 0.6079999804496765, "wh_questions_subject_gap": 0.8999999761581421, "wh_questions_subject_gap_long_distance": 0.9549999833106995, "wh_vs_that_no_gap": 0.9679999947547913, "wh_vs_that_no_gap_long_distance": 0.9829999804496765, "wh_vs_that_with_gap": 0.11699999868869781, "wh_vs_that_with_gap_long_distance": 0.04500000178813934}, "by_phenomenon": {"island_effects": 0.42100000008940697, "anaphor_agreement": 0.5769999921321869, "s-selection": 0.6769999861717224, "argument_structure": 0.6511428569044385, "determiner_noun_agreement": 0.815750002861023, "subject_verb_agreement": 0.5420000006755193, "ellipsis": 0.597000002861023, "control_raising": 0.6450000047683716, "quantifiers": 0.5027500055730343, "irregular_forms": 0.8589999973773956, "npi_licensing": 0.5424285658768245, "binding": 0.6485714273793357, "filler_gap_dependency": 0.6537142736571175}}, "paloma": 112.90390470601125}