{"blimp": {"by_uid": {"adjunct_island": 0.6359999775886536, "anaphor_gender_agreement": 0.5270000100135803, "anaphor_number_agreement": 0.8199999928474426, "animate_subject_passive": 0.6980000138282776, "animate_subject_trans": 0.7260000109672546, "causative": 0.46700000762939453, "complex_NP_island": 0.4860000014305115, "coordinate_structure_constraint_complex_left_branch": 0.18400000035762787, "coordinate_structure_constraint_object_extraction": 0.47200000286102295, "determiner_noun_agreement_1": 0.9049999713897705, "determiner_noun_agreement_2": 0.8889999985694885, "determiner_noun_agreement_irregular_1": 0.7710000276565552, "determiner_noun_agreement_irregular_2": 0.8109999895095825, "determiner_noun_agreement_with_adj_2": 0.7870000004768372, "determiner_noun_agreement_with_adj_irregular_1": 0.6690000295639038, "determiner_noun_agreement_with_adj_irregular_2": 0.7319999933242798, "determiner_noun_agreement_with_adjective_1": 0.8299999833106995, "distractor_agreement_relational_noun": 0.3540000021457672, "distractor_agreement_relative_clause": 0.3089999854564667, "drop_argument": 0.7080000042915344, "ellipsis_n_bar_1": 0.5730000138282776, "ellipsis_n_bar_2": 0.6980000138282776, "existential_there_object_raising": 0.7210000157356262, "existential_there_quantifiers_1": 0.9580000042915344, "existential_there_quantifiers_2": 0.2590000033378601, "existential_there_subject_raising": 0.7120000123977661, "expletive_it_object_raising": 0.6980000138282776, "inchoative": 0.4090000092983246, "intransitive": 0.6150000095367432, "irregular_past_participle_adjectives": 0.9390000104904175, "irregular_past_participle_verbs": 0.7979999780654907, "irregular_plural_subject_verb_agreement_1": 0.6539999842643738, "irregular_plural_subject_verb_agreement_2": 0.7929999828338623, "left_branch_island_echo_question": 0.5770000219345093, "left_branch_island_simple_question": 0.18700000643730164, "matrix_question_npi_licensor_present": 0.20200000703334808, "npi_present_1": 0.2759999930858612, "npi_present_2": 0.4099999964237213, "only_npi_licensor_present": 0.375, "only_npi_scope": 0.7260000109672546, "passive_1": 0.8429999947547913, "passive_2": 0.8149999976158142, "principle_A_c_command": 0.46299999952316284, "principle_A_case_1": 1.0, "principle_A_case_2": 0.671999990940094, "principle_A_domain_1": 0.8920000195503235, "principle_A_domain_2": 0.7300000190734863, "principle_A_domain_3": 0.4790000021457672, "principle_A_reconstruction": 0.4169999957084656, "regular_plural_subject_verb_agreement_1": 0.7369999885559082, "regular_plural_subject_verb_agreement_2": 0.8309999704360962, "sentential_negation_npi_licensor_present": 0.9919999837875366, "sentential_negation_npi_scope": 0.210999995470047, "sentential_subject_island": 0.3919999897480011, "superlative_quantifiers_1": 0.43700000643730164, "superlative_quantifiers_2": 0.49399998784065247, "tough_vs_raising_1": 0.3569999933242798, "tough_vs_raising_2": 0.7210000157356262, "transitive": 0.7200000286102295, "wh_island": 0.6290000081062317, "wh_questions_object_gap": 0.5230000019073486, "wh_questions_subject_gap": 0.878000020980835, "wh_questions_subject_gap_long_distance": 0.9639999866485596, "wh_vs_that_no_gap": 0.9750000238418579, "wh_vs_that_no_gap_long_distance": 0.9909999966621399, "wh_vs_that_with_gap": 0.15000000596046448, "wh_vs_that_with_gap_long_distance": 0.04899999871850014}, "by_phenomenon": {"island_effects": 0.44537500105798244, "anaphor_agreement": 0.6735000014305115, "s-selection": 0.7120000123977661, "argument_structure": 0.6538571502481189, "determiner_noun_agreement": 0.7992499992251396, "subject_verb_agreement": 0.6129999856154124, "ellipsis": 0.6355000138282776, "control_raising": 0.6418000102043152, "quantifiers": 0.5370000004768372, "irregular_forms": 0.8684999942779541, "npi_licensing": 0.4559999981096813, "binding": 0.6647142895630428, "filler_gap_dependency": 0.6471428621028151}}, "paloma": 84.9627448590375}