{
    "accuracy": 0.6954776083133114,
    "by_phenomenon": {
        "anaphor_agreement": 0.7954999804496765,
        "argument_structure": 0.7289999978882926,
        "binding": 0.7119999953678676,
        "control_raising": 0.7063999891281127,
        "determiner_noun_agreement": 0.8825000077486038,
        "ellipsis": 0.7689999938011169,
        "filler_gap_dependency": 0.6832857142601695,
        "irregular_forms": 0.9379999935626984,
        "island_effects": 0.47362499311566353,
        "npi_licensing": 0.5541428519146783,
        "quantifiers": 0.6037499979138374,
        "s-selection": 0.7874999940395355,
        "subject_verb_agreement": 0.7453333288431168
    },
    "by_uid": {
        "adjunct_island": 0.6819999814033508,
        "anaphor_gender_agreement": 0.6729999780654907,
        "anaphor_number_agreement": 0.9179999828338623,
        "animate_subject_passive": 0.7870000004768372,
        "animate_subject_trans": 0.7879999876022339,
        "causative": 0.6100000143051147,
        "complex_NP_island": 0.527999997138977,
        "coordinate_structure_constraint_complex_left_branch": 0.2619999945163727,
        "coordinate_structure_constraint_object_extraction": 0.6769999861717224,
        "determiner_noun_agreement_1": 0.9470000267028809,
        "determiner_noun_agreement_2": 0.9509999752044678,
        "determiner_noun_agreement_irregular_1": 0.8130000233650208,
        "determiner_noun_agreement_irregular_2": 0.8859999775886536,
        "determiner_noun_agreement_with_adj_2": 0.906000018119812,
        "determiner_noun_agreement_with_adj_irregular_1": 0.7910000085830688,
        "determiner_noun_agreement_with_adj_irregular_2": 0.859000027179718,
        "determiner_noun_agreement_with_adjective_1": 0.9070000052452087,
        "distractor_agreement_relational_noun": 0.7269999980926514,
        "distractor_agreement_relative_clause": 0.3779999911785126,
        "drop_argument": 0.7419999837875366,
        "ellipsis_n_bar_1": 0.7049999833106995,
        "ellipsis_n_bar_2": 0.8330000042915344,
        "existential_there_object_raising": 0.7689999938011169,
        "existential_there_quantifiers_1": 0.9539999961853027,
        "existential_there_quantifiers_2": 0.27900001406669617,
        "existential_there_subject_raising": 0.7419999837875366,
        "expletive_it_object_raising": 0.7239999771118164,
        "inchoative": 0.546999990940094,
        "intransitive": 0.6700000166893005,
        "irregular_past_participle_adjectives": 0.9909999966621399,
        "irregular_past_participle_verbs": 0.8849999904632568,
        "irregular_plural_subject_verb_agreement_1": 0.7870000004768372,
        "irregular_plural_subject_verb_agreement_2": 0.8569999933242798,
        "left_branch_island_echo_question": 0.4339999854564667,
        "left_branch_island_simple_question": 0.3149999976158142,
        "matrix_question_npi_licensor_present": 0.1979999989271164,
        "npi_present_1": 0.5370000004768372,
        "npi_present_2": 0.5320000052452087,
        "only_npi_licensor_present": 0.6079999804496765,
        "only_npi_scope": 0.6209999918937683,
        "passive_1": 0.8650000095367432,
        "passive_2": 0.8669999837875366,
        "principle_A_c_command": 0.5199999809265137,
        "principle_A_case_1": 1.0,
        "principle_A_case_2": 0.8640000224113464,
        "principle_A_domain_1": 0.9929999709129333,
        "principle_A_domain_2": 0.8100000023841858,
        "principle_A_domain_3": 0.4779999852180481,
        "principle_A_reconstruction": 0.3190000057220459,
        "regular_plural_subject_verb_agreement_1": 0.8610000014305115,
        "regular_plural_subject_verb_agreement_2": 0.8619999885559082,
        "sentential_negation_npi_licensor_present": 0.9769999980926514,
        "sentential_negation_npi_scope": 0.4059999883174896,
        "sentential_subject_island": 0.27900001406669617,
        "superlative_quantifiers_1": 0.5740000009536743,
        "superlative_quantifiers_2": 0.6079999804496765,
        "tough_vs_raising_1": 0.5709999799728394,
        "tough_vs_raising_2": 0.7260000109672546,
        "transitive": 0.8019999861717224,
        "wh_island": 0.6119999885559082,
        "wh_questions_object_gap": 0.671999990940094,
        "wh_questions_subject_gap": 0.8870000243186951,
        "wh_questions_subject_gap_long_distance": 0.8840000033378601,
        "wh_vs_that_no_gap": 0.949999988079071,
        "wh_vs_that_no_gap_long_distance": 0.9779999852180481,
        "wh_vs_that_with_gap": 0.3050000071525574,
        "wh_vs_that_with_gap_long_distance": 0.10700000077486038
    }
}