{
    "accuracy": 0.6520298490328575,
    "by_phenomenon": {
        "anaphor_agreement": 0.7515000104904175,
        "argument_structure": 0.6698571443557739,
        "binding": 0.6914285676819938,
        "control_raising": 0.6912000000476837,
        "determiner_noun_agreement": 0.8166249990463257,
        "ellipsis": 0.6629999876022339,
        "filler_gap_dependency": 0.6497142825807843,
        "irregular_forms": 0.8134999871253967,
        "island_effects": 0.4662499986588955,
        "npi_licensing": 0.5561428623540061,
        "quantifiers": 0.6117499954998493,
        "s-selection": 0.7019999921321869,
        "subject_verb_agreement": 0.614999994635582
    },
    "by_uid": {
        "adjunct_island": 0.6520000100135803,
        "anaphor_gender_agreement": 0.6480000019073486,
        "anaphor_number_agreement": 0.8550000190734863,
        "animate_subject_passive": 0.7279999852180481,
        "animate_subject_trans": 0.6759999990463257,
        "causative": 0.5410000085830688,
        "complex_NP_island": 0.49300000071525574,
        "coordinate_structure_constraint_complex_left_branch": 0.28999999165534973,
        "coordinate_structure_constraint_object_extraction": 0.703000009059906,
        "determiner_noun_agreement_1": 0.9079999923706055,
        "determiner_noun_agreement_2": 0.878000020980835,
        "determiner_noun_agreement_irregular_1": 0.7440000176429749,
        "determiner_noun_agreement_irregular_2": 0.8370000123977661,
        "determiner_noun_agreement_with_adj_2": 0.8199999928474426,
        "determiner_noun_agreement_with_adj_irregular_1": 0.7239999771118164,
        "determiner_noun_agreement_with_adj_irregular_2": 0.7749999761581421,
        "determiner_noun_agreement_with_adjective_1": 0.847000002861023,
        "distractor_agreement_relational_noun": 0.4909999966621399,
        "distractor_agreement_relative_clause": 0.29899999499320984,
        "drop_argument": 0.718999981880188,
        "ellipsis_n_bar_1": 0.6499999761581421,
        "ellipsis_n_bar_2": 0.6759999990463257,
        "existential_there_object_raising": 0.7710000276565552,
        "existential_there_quantifiers_1": 0.906000018119812,
        "existential_there_quantifiers_2": 0.13099999725818634,
        "existential_there_subject_raising": 0.7720000147819519,
        "expletive_it_object_raising": 0.7519999742507935,
        "inchoative": 0.4300000071525574,
        "intransitive": 0.5920000076293945,
        "irregular_past_participle_adjectives": 0.8769999742507935,
        "irregular_past_participle_verbs": 0.75,
        "irregular_plural_subject_verb_agreement_1": 0.6679999828338623,
        "irregular_plural_subject_verb_agreement_2": 0.746999979019165,
        "left_branch_island_echo_question": 0.3529999852180481,
        "left_branch_island_simple_question": 0.3869999945163727,
        "matrix_question_npi_licensor_present": 0.2840000092983246,
        "npi_present_1": 0.4320000112056732,
        "npi_present_2": 0.38499999046325684,
        "only_npi_licensor_present": 0.6200000047683716,
        "only_npi_scope": 0.7670000195503235,
        "passive_1": 0.8349999785423279,
        "passive_2": 0.847000002861023,
        "principle_A_c_command": 0.5320000052452087,
        "principle_A_case_1": 1.0,
        "principle_A_case_2": 0.7329999804496765,
        "principle_A_domain_1": 0.8619999885559082,
        "principle_A_domain_2": 0.7400000095367432,
        "principle_A_domain_3": 0.47200000286102295,
        "principle_A_reconstruction": 0.5009999871253967,
        "regular_plural_subject_verb_agreement_1": 0.7350000143051147,
        "regular_plural_subject_verb_agreement_2": 0.75,
        "sentential_negation_npi_licensor_present": 0.9869999885559082,
        "sentential_negation_npi_scope": 0.4180000126361847,
        "sentential_subject_island": 0.41600000858306885,
        "superlative_quantifiers_1": 0.6449999809265137,
        "superlative_quantifiers_2": 0.7649999856948853,
        "tough_vs_raising_1": 0.39500001072883606,
        "tough_vs_raising_2": 0.765999972820282,
        "transitive": 0.7250000238418579,
        "wh_island": 0.4359999895095825,
        "wh_questions_object_gap": 0.5899999737739563,
        "wh_questions_subject_gap": 0.8320000171661377,
        "wh_questions_subject_gap_long_distance": 0.9169999957084656,
        "wh_vs_that_no_gap": 0.953000009059906,
        "wh_vs_that_no_gap_long_distance": 0.9549999833106995,
        "wh_vs_that_with_gap": 0.1850000023841858,
        "wh_vs_that_with_gap_long_distance": 0.11599999666213989
    }
}