{
    "accuracy": 0.6962238780375737,
    "by_phenomenon": {
        "anaphor_agreement": 0.8104999959468842,
        "argument_structure": 0.7201428668839591,
        "binding": 0.7115714209420341,
        "control_raising": 0.704800009727478,
        "determiner_noun_agreement": 0.8608749881386757,
        "ellipsis": 0.7664999961853027,
        "filler_gap_dependency": 0.6771428489259311,
        "irregular_forms": 0.9185000061988831,
        "island_effects": 0.5068749934434891,
        "npi_licensing": 0.4881428565297808,
        "quantifiers": 0.7614999935030937,
        "s-selection": 0.7540000081062317,
        "subject_verb_agreement": 0.7428333312273026
    },
    "by_uid": {
        "adjunct_island": 0.5839999914169312,
        "anaphor_gender_agreement": 0.6909999847412109,
        "anaphor_number_agreement": 0.9300000071525574,
        "animate_subject_passive": 0.753000020980835,
        "animate_subject_trans": 0.7549999952316284,
        "causative": 0.5799999833106995,
        "complex_NP_island": 0.5059999823570251,
        "coordinate_structure_constraint_complex_left_branch": 0.28700000047683716,
        "coordinate_structure_constraint_object_extraction": 0.6340000033378601,
        "determiner_noun_agreement_1": 0.9279999732971191,
        "determiner_noun_agreement_2": 0.9229999780654907,
        "determiner_noun_agreement_irregular_1": 0.8050000071525574,
        "determiner_noun_agreement_irregular_2": 0.8989999890327454,
        "determiner_noun_agreement_with_adj_2": 0.8809999823570251,
        "determiner_noun_agreement_with_adj_irregular_1": 0.7229999899864197,
        "determiner_noun_agreement_with_adj_irregular_2": 0.8420000076293945,
        "determiner_noun_agreement_with_adjective_1": 0.8859999775886536,
        "distractor_agreement_relational_noun": 0.7089999914169312,
        "distractor_agreement_relative_clause": 0.3919999897480011,
        "drop_argument": 0.7390000224113464,
        "ellipsis_n_bar_1": 0.7289999723434448,
        "ellipsis_n_bar_2": 0.8040000200271606,
        "existential_there_object_raising": 0.7900000214576721,
        "existential_there_quantifiers_1": 0.9259999990463257,
        "existential_there_quantifiers_2": 0.45100000500679016,
        "existential_there_subject_raising": 0.7120000123977661,
        "expletive_it_object_raising": 0.7300000190734863,
        "inchoative": 0.5130000114440918,
        "intransitive": 0.6600000262260437,
        "irregular_past_participle_adjectives": 0.9819999933242798,
        "irregular_past_participle_verbs": 0.8550000190734863,
        "irregular_plural_subject_verb_agreement_1": 0.7770000100135803,
        "irregular_plural_subject_verb_agreement_2": 0.8539999723434448,
        "left_branch_island_echo_question": 0.47999998927116394,
        "left_branch_island_simple_question": 0.4189999997615814,
        "matrix_question_npi_licensor_present": 0.19900000095367432,
        "npi_present_1": 0.4309999942779541,
        "npi_present_2": 0.4569999873638153,
        "only_npi_licensor_present": 0.5040000081062317,
        "only_npi_scope": 0.48100000619888306,
        "passive_1": 0.8870000243186951,
        "passive_2": 0.8650000095367432,
        "principle_A_c_command": 0.5189999938011169,
        "principle_A_case_1": 1.0,
        "principle_A_case_2": 0.8330000042915344,
        "principle_A_domain_1": 0.972000002861023,
        "principle_A_domain_2": 0.765999972820282,
        "principle_A_domain_3": 0.4779999852180481,
        "principle_A_reconstruction": 0.4129999876022339,
        "regular_plural_subject_verb_agreement_1": 0.8410000205039978,
        "regular_plural_subject_verb_agreement_2": 0.8840000033378601,
        "sentential_negation_npi_licensor_present": 0.9990000128746033,
        "sentential_negation_npi_scope": 0.34599998593330383,
        "sentential_subject_island": 0.3799999952316284,
        "superlative_quantifiers_1": 0.8019999861717224,
        "superlative_quantifiers_2": 0.8669999837875366,
        "tough_vs_raising_1": 0.6069999933242798,
        "tough_vs_raising_2": 0.6850000023841858,
        "transitive": 0.796999990940094,
        "wh_island": 0.7649999856948853,
        "wh_questions_object_gap": 0.6309999823570251,
        "wh_questions_subject_gap": 0.890999972820282,
        "wh_questions_subject_gap_long_distance": 0.9229999780654907,
        "wh_vs_that_no_gap": 0.9800000190734863,
        "wh_vs_that_no_gap_long_distance": 0.9950000047683716,
        "wh_vs_that_with_gap": 0.26499998569488525,
        "wh_vs_that_with_gap_long_distance": 0.054999999701976776
    }
}