{
    "accuracy": 0.6983582093310889,
    "by_phenomenon": {
        "anaphor_agreement": 0.8114999830722809,
        "argument_structure": 0.7315714274133954,
        "binding": 0.7248571557658059,
        "control_raising": 0.6935999989509583,
        "determiner_noun_agreement": 0.8757499977946281,
        "ellipsis": 0.777999997138977,
        "filler_gap_dependency": 0.6877142898738384,
        "irregular_forms": 0.8854999840259552,
        "island_effects": 0.5472499951720238,
        "npi_licensing": 0.5020000019243785,
        "quantifiers": 0.601500004529953,
        "s-selection": 0.7615000009536743,
        "subject_verb_agreement": 0.7560000022252401
    },
    "by_uid": {
        "adjunct_island": 0.6480000019073486,
        "anaphor_gender_agreement": 0.6729999780654907,
        "anaphor_number_agreement": 0.949999988079071,
        "animate_subject_passive": 0.7699999809265137,
        "animate_subject_trans": 0.753000020980835,
        "causative": 0.6000000238418579,
        "complex_NP_island": 0.5170000195503235,
        "coordinate_structure_constraint_complex_left_branch": 0.3529999852180481,
        "coordinate_structure_constraint_object_extraction": 0.6899999976158142,
        "determiner_noun_agreement_1": 0.9409999847412109,
        "determiner_noun_agreement_2": 0.9300000071525574,
        "determiner_noun_agreement_irregular_1": 0.8149999976158142,
        "determiner_noun_agreement_irregular_2": 0.9089999794960022,
        "determiner_noun_agreement_with_adj_2": 0.8899999856948853,
        "determiner_noun_agreement_with_adj_irregular_1": 0.7590000033378601,
        "determiner_noun_agreement_with_adj_irregular_2": 0.8560000061988831,
        "determiner_noun_agreement_with_adjective_1": 0.906000018119812,
        "distractor_agreement_relational_noun": 0.734000027179718,
        "distractor_agreement_relative_clause": 0.4359999895095825,
        "drop_argument": 0.7590000033378601,
        "ellipsis_n_bar_1": 0.753000020980835,
        "ellipsis_n_bar_2": 0.8029999732971191,
        "existential_there_object_raising": 0.7799999713897705,
        "existential_there_quantifiers_1": 0.9290000200271606,
        "existential_there_quantifiers_2": 0.414000004529953,
        "existential_there_subject_raising": 0.7390000224113464,
        "expletive_it_object_raising": 0.7009999752044678,
        "inchoative": 0.5189999938011169,
        "intransitive": 0.6909999847412109,
        "irregular_past_participle_adjectives": 0.8849999904632568,
        "irregular_past_participle_verbs": 0.8859999775886536,
        "irregular_plural_subject_verb_agreement_1": 0.7789999842643738,
        "irregular_plural_subject_verb_agreement_2": 0.8460000157356262,
        "left_branch_island_echo_question": 0.44600000977516174,
        "left_branch_island_simple_question": 0.5019999742507935,
        "matrix_question_npi_licensor_present": 0.22599999606609344,
        "npi_present_1": 0.48500001430511475,
        "npi_present_2": 0.47200000286102295,
        "only_npi_licensor_present": 0.3709999918937683,
        "only_npi_scope": 0.531000018119812,
        "passive_1": 0.8849999904632568,
        "passive_2": 0.8759999871253967,
        "principle_A_c_command": 0.5450000166893005,
        "principle_A_case_1": 1.0,
        "principle_A_case_2": 0.8550000190734863,
        "principle_A_domain_1": 0.9940000176429749,
        "principle_A_domain_2": 0.8130000233650208,
        "principle_A_domain_3": 0.492000013589859,
        "principle_A_reconstruction": 0.375,
        "regular_plural_subject_verb_agreement_1": 0.8519999980926514,
        "regular_plural_subject_verb_agreement_2": 0.8889999985694885,
        "sentential_negation_npi_licensor_present": 0.9950000047683716,
        "sentential_negation_npi_scope": 0.4339999854564667,
        "sentential_subject_island": 0.43299999833106995,
        "superlative_quantifiers_1": 0.4230000078678131,
        "superlative_quantifiers_2": 0.6399999856948853,
        "tough_vs_raising_1": 0.5270000100135803,
        "tough_vs_raising_2": 0.7210000157356262,
        "transitive": 0.7910000085830688,
        "wh_island": 0.7889999747276306,
        "wh_questions_object_gap": 0.6890000104904175,
        "wh_questions_subject_gap": 0.9200000166893005,
        "wh_questions_subject_gap_long_distance": 0.9160000085830688,
        "wh_vs_that_no_gap": 0.9800000190734863,
        "wh_vs_that_no_gap_long_distance": 0.9919999837875366,
        "wh_vs_that_with_gap": 0.25999999046325684,
        "wh_vs_that_with_gap_long_distance": 0.05700000002980232
    }
}