{
    "accuracy": 0.6721194015621249,
    "by_phenomenon": {
        "anaphor_agreement": 0.7159999907016754,
        "argument_structure": 0.7027142899377006,
        "binding": 0.7290000064032418,
        "control_raising": 0.7038000047206878,
        "determiner_noun_agreement": 0.8452499955892563,
        "ellipsis": 0.6914999783039093,
        "filler_gap_dependency": 0.6604285649955273,
        "irregular_forms": 0.9345000088214874,
        "island_effects": 0.46700000017881393,
        "npi_licensing": 0.5084285693509238,
        "quantifiers": 0.6262499913573265,
        "s-selection": 0.7089999914169312,
        "subject_verb_agreement": 0.7006666660308838
    },
    "by_uid": {
        "adjunct_island": 0.6340000033378601,
        "anaphor_gender_agreement": 0.6200000047683716,
        "anaphor_number_agreement": 0.8119999766349792,
        "animate_subject_passive": 0.7279999852180481,
        "animate_subject_trans": 0.6899999976158142,
        "causative": 0.5789999961853027,
        "complex_NP_island": 0.49399998784065247,
        "coordinate_structure_constraint_complex_left_branch": 0.19699999690055847,
        "coordinate_structure_constraint_object_extraction": 0.609000027179718,
        "determiner_noun_agreement_1": 0.9399999976158142,
        "determiner_noun_agreement_2": 0.8999999761581421,
        "determiner_noun_agreement_irregular_1": 0.781000018119812,
        "determiner_noun_agreement_irregular_2": 0.8510000109672546,
        "determiner_noun_agreement_with_adj_2": 0.8790000081062317,
        "determiner_noun_agreement_with_adj_irregular_1": 0.718999981880188,
        "determiner_noun_agreement_with_adj_irregular_2": 0.8119999766349792,
        "determiner_noun_agreement_with_adjective_1": 0.8799999952316284,
        "distractor_agreement_relational_noun": 0.6620000004768372,
        "distractor_agreement_relative_clause": 0.3479999899864197,
        "drop_argument": 0.7540000081062317,
        "ellipsis_n_bar_1": 0.621999979019165,
        "ellipsis_n_bar_2": 0.7609999775886536,
        "existential_there_object_raising": 0.8040000200271606,
        "existential_there_quantifiers_1": 0.9509999752044678,
        "existential_there_quantifiers_2": 0.26600000262260437,
        "existential_there_subject_raising": 0.7870000004768372,
        "expletive_it_object_raising": 0.718999981880188,
        "inchoative": 0.46700000762939453,
        "intransitive": 0.6159999966621399,
        "irregular_past_participle_adjectives": 0.9950000047683716,
        "irregular_past_participle_verbs": 0.8740000128746033,
        "irregular_plural_subject_verb_agreement_1": 0.7620000243186951,
        "irregular_plural_subject_verb_agreement_2": 0.8159999847412109,
        "left_branch_island_echo_question": 0.40700000524520874,
        "left_branch_island_simple_question": 0.31700000166893005,
        "matrix_question_npi_licensor_present": 0.3109999895095825,
        "npi_present_1": 0.4690000116825104,
        "npi_present_2": 0.35100001096725464,
        "only_npi_licensor_present": 0.44999998807907104,
        "only_npi_scope": 0.6890000104904175,
        "passive_1": 0.878000020980835,
        "passive_2": 0.8659999966621399,
        "principle_A_c_command": 0.49000000953674316,
        "principle_A_case_1": 1.0,
        "principle_A_case_2": 0.8460000157356262,
        "principle_A_domain_1": 0.9909999966621399,
        "principle_A_domain_2": 0.7730000019073486,
        "principle_A_domain_3": 0.47600001096725464,
        "principle_A_reconstruction": 0.5270000100135803,
        "regular_plural_subject_verb_agreement_1": 0.7760000228881836,
        "regular_plural_subject_verb_agreement_2": 0.8399999737739563,
        "sentential_negation_npi_licensor_present": 0.996999979019165,
        "sentential_negation_npi_scope": 0.2919999957084656,
        "sentential_subject_island": 0.42899999022483826,
        "superlative_quantifiers_1": 0.5389999747276306,
        "superlative_quantifiers_2": 0.7490000128746033,
        "tough_vs_raising_1": 0.48899999260902405,
        "tough_vs_raising_2": 0.7200000286102295,
        "transitive": 0.7590000033378601,
        "wh_island": 0.6489999890327454,
        "wh_questions_object_gap": 0.6019999980926514,
        "wh_questions_subject_gap": 0.8809999823570251,
        "wh_questions_subject_gap_long_distance": 0.9309999942779541,
        "wh_vs_that_no_gap": 0.9879999756813049,
        "wh_vs_that_no_gap_long_distance": 0.9909999966621399,
        "wh_vs_that_with_gap": 0.18000000715255737,
        "wh_vs_that_with_gap_long_distance": 0.05000000074505806
    }
}