{
    "accuracy": 0.6908955233199383,
    "by_phenomenon": {
        "anaphor_agreement": 0.7700000107288361,
        "argument_structure": 0.7088571531432015,
        "binding": 0.7241428579602923,
        "control_raising": 0.7031999945640564,
        "determiner_noun_agreement": 0.8590000048279762,
        "ellipsis": 0.7569999992847443,
        "filler_gap_dependency": 0.687285705868687,
        "irregular_forms": 0.926499992609024,
        "island_effects": 0.5102500095963478,
        "npi_licensing": 0.5179999981607709,
        "quantifiers": 0.6392500028014183,
        "s-selection": 0.7369999885559082,
        "subject_verb_agreement": 0.7356666624546051
    },
    "by_uid": {
        "adjunct_island": 0.628000020980835,
        "anaphor_gender_agreement": 0.6380000114440918,
        "anaphor_number_agreement": 0.9020000100135803,
        "animate_subject_passive": 0.7319999933242798,
        "animate_subject_trans": 0.7419999837875366,
        "causative": 0.5680000185966492,
        "complex_NP_island": 0.5400000214576721,
        "coordinate_structure_constraint_complex_left_branch": 0.2939999997615814,
        "coordinate_structure_constraint_object_extraction": 0.6370000243186951,
        "determiner_noun_agreement_1": 0.9240000247955322,
        "determiner_noun_agreement_2": 0.9089999794960022,
        "determiner_noun_agreement_irregular_1": 0.7950000166893005,
        "determiner_noun_agreement_irregular_2": 0.8759999871253967,
        "determiner_noun_agreement_with_adj_2": 0.9010000228881836,
        "determiner_noun_agreement_with_adj_irregular_1": 0.7440000176429749,
        "determiner_noun_agreement_with_adj_irregular_2": 0.8389999866485596,
        "determiner_noun_agreement_with_adjective_1": 0.8840000033378601,
        "distractor_agreement_relational_noun": 0.7160000205039978,
        "distractor_agreement_relative_clause": 0.4309999942779541,
        "drop_argument": 0.7110000252723694,
        "ellipsis_n_bar_1": 0.7089999914169312,
        "ellipsis_n_bar_2": 0.8050000071525574,
        "existential_there_object_raising": 0.796999990940094,
        "existential_there_quantifiers_1": 0.9509999752044678,
        "existential_there_quantifiers_2": 0.32600000500679016,
        "existential_there_subject_raising": 0.7549999952316284,
        "expletive_it_object_raising": 0.7129999995231628,
        "inchoative": 0.503000020980835,
        "intransitive": 0.6439999938011169,
        "irregular_past_participle_adjectives": 0.9739999771118164,
        "irregular_past_participle_verbs": 0.8790000081062317,
        "irregular_plural_subject_verb_agreement_1": 0.7599999904632568,
        "irregular_plural_subject_verb_agreement_2": 0.8399999737739563,
        "left_branch_island_echo_question": 0.503000020980835,
        "left_branch_island_simple_question": 0.4169999957084656,
        "matrix_question_npi_licensor_present": 0.3009999990463257,
        "npi_present_1": 0.621999979019165,
        "npi_present_2": 0.5,
        "only_npi_licensor_present": 0.3499999940395355,
        "only_npi_scope": 0.5,
        "passive_1": 0.8870000243186951,
        "passive_2": 0.8690000176429749,
        "principle_A_c_command": 0.5580000281333923,
        "principle_A_case_1": 1.0,
        "principle_A_case_2": 0.8489999771118164,
        "principle_A_domain_1": 0.9950000047683716,
        "principle_A_domain_2": 0.7459999918937683,
        "principle_A_domain_3": 0.4740000069141388,
        "principle_A_reconstruction": 0.44699999690055847,
        "regular_plural_subject_verb_agreement_1": 0.8289999961853027,
        "regular_plural_subject_verb_agreement_2": 0.8379999995231628,
        "sentential_negation_npi_licensor_present": 0.9990000128746033,
        "sentential_negation_npi_scope": 0.3540000021457672,
        "sentential_subject_island": 0.36899998784065247,
        "superlative_quantifiers_1": 0.6890000104904175,
        "superlative_quantifiers_2": 0.5910000205039978,
        "tough_vs_raising_1": 0.5339999794960022,
        "tough_vs_raising_2": 0.7170000076293945,
        "transitive": 0.7799999713897705,
        "wh_island": 0.6940000057220459,
        "wh_questions_object_gap": 0.6779999732971191,
        "wh_questions_subject_gap": 0.9279999732971191,
        "wh_questions_subject_gap_long_distance": 0.953000009059906,
        "wh_vs_that_no_gap": 0.9919999837875366,
        "wh_vs_that_no_gap_long_distance": 0.9950000047683716,
        "wh_vs_that_with_gap": 0.20399999618530273,
        "wh_vs_that_with_gap_long_distance": 0.061000000685453415
    }
}