{
    "accuracy": 0.6730597014191435,
    "by_phenomenon": {
        "anaphor_agreement": 0.7634999752044678,
        "argument_structure": 0.6958571289266858,
        "binding": 0.7024285750729697,
        "control_raising": 0.715799993276596,
        "determiner_noun_agreement": 0.8498750030994415,
        "ellipsis": 0.7764999866485596,
        "filler_gap_dependency": 0.6594285725482872,
        "irregular_forms": 0.9180000126361847,
        "island_effects": 0.4762499947100878,
        "npi_licensing": 0.4867142992360251,
        "quantifiers": 0.6417499929666519,
        "s-selection": 0.7290000021457672,
        "subject_verb_agreement": 0.6925000150998434
    },
    "by_uid": {
        "adjunct_island": 0.6620000004768372,
        "anaphor_gender_agreement": 0.640999972820282,
        "anaphor_number_agreement": 0.8859999775886536,
        "animate_subject_passive": 0.734000027179718,
        "animate_subject_trans": 0.7239999771118164,
        "causative": 0.5490000247955322,
        "complex_NP_island": 0.5199999809265137,
        "coordinate_structure_constraint_complex_left_branch": 0.19099999964237213,
        "coordinate_structure_constraint_object_extraction": 0.5379999876022339,
        "determiner_noun_agreement_1": 0.9300000071525574,
        "determiner_noun_agreement_2": 0.9079999923706055,
        "determiner_noun_agreement_irregular_1": 0.7950000166893005,
        "determiner_noun_agreement_irregular_2": 0.8600000143051147,
        "determiner_noun_agreement_with_adj_2": 0.8700000047683716,
        "determiner_noun_agreement_with_adj_irregular_1": 0.7390000224113464,
        "determiner_noun_agreement_with_adj_irregular_2": 0.8109999895095825,
        "determiner_noun_agreement_with_adjective_1": 0.8859999775886536,
        "distractor_agreement_relational_noun": 0.5450000166893005,
        "distractor_agreement_relative_clause": 0.3700000047683716,
        "drop_argument": 0.7239999771118164,
        "ellipsis_n_bar_1": 0.746999979019165,
        "ellipsis_n_bar_2": 0.8059999942779541,
        "existential_there_object_raising": 0.8309999704360962,
        "existential_there_quantifiers_1": 0.9819999933242798,
        "existential_there_quantifiers_2": 0.33399999141693115,
        "existential_there_subject_raising": 0.7879999876022339,
        "expletive_it_object_raising": 0.7440000176429749,
        "inchoative": 0.47999998927116394,
        "intransitive": 0.6309999823570251,
        "irregular_past_participle_adjectives": 0.9259999990463257,
        "irregular_past_participle_verbs": 0.9100000262260437,
        "irregular_plural_subject_verb_agreement_1": 0.7480000257492065,
        "irregular_plural_subject_verb_agreement_2": 0.8370000123977661,
        "left_branch_island_echo_question": 0.41600000858306885,
        "left_branch_island_simple_question": 0.3330000042915344,
        "matrix_question_npi_licensor_present": 0.26899999380111694,
        "npi_present_1": 0.492000013589859,
        "npi_present_2": 0.4390000104904175,
        "only_npi_licensor_present": 0.2770000100135803,
        "only_npi_scope": 0.5580000281333923,
        "passive_1": 0.8769999742507935,
        "passive_2": 0.843999981880188,
        "principle_A_c_command": 0.47600001096725464,
        "principle_A_case_1": 1.0,
        "principle_A_case_2": 0.8339999914169312,
        "principle_A_domain_1": 0.9959999918937683,
        "principle_A_domain_2": 0.7580000162124634,
        "principle_A_domain_3": 0.503000020980835,
        "principle_A_reconstruction": 0.3499999940395355,
        "regular_plural_subject_verb_agreement_1": 0.7910000085830688,
        "regular_plural_subject_verb_agreement_2": 0.8640000224113464,
        "sentential_negation_npi_licensor_present": 0.9980000257492065,
        "sentential_negation_npi_scope": 0.37400001287460327,
        "sentential_subject_island": 0.3889999985694885,
        "superlative_quantifiers_1": 0.5830000042915344,
        "superlative_quantifiers_2": 0.6679999828338623,
        "tough_vs_raising_1": 0.4970000088214874,
        "tough_vs_raising_2": 0.718999981880188,
        "transitive": 0.765999972820282,
        "wh_island": 0.7609999775886536,
        "wh_questions_object_gap": 0.5830000042915344,
        "wh_questions_subject_gap": 0.9120000004768372,
        "wh_questions_subject_gap_long_distance": 0.949999988079071,
        "wh_vs_that_no_gap": 0.9860000014305115,
        "wh_vs_that_no_gap_long_distance": 0.9940000176429749,
        "wh_vs_that_with_gap": 0.1599999964237213,
        "wh_vs_that_with_gap_long_distance": 0.03099999949336052
    }
}