{
    "accuracy": 0.6876417872176241,
    "by_phenomenon": {
        "anaphor_agreement": 0.8154999911785126,
        "argument_structure": 0.7192857095173427,
        "binding": 0.7142857100282397,
        "control_raising": 0.7062000036239624,
        "determiner_noun_agreement": 0.8556249886751175,
        "ellipsis": 0.7634999752044678,
        "filler_gap_dependency": 0.6784285711390632,
        "irregular_forms": 0.9159999787807465,
        "island_effects": 0.4726250022649765,
        "npi_licensing": 0.5162857174873352,
        "quantifiers": 0.6367500051856041,
        "s-selection": 0.7529999911785126,
        "subject_verb_agreement": 0.7456666578849157
    },
    "by_uid": {
        "adjunct_island": 0.6380000114440918,
        "anaphor_gender_agreement": 0.7009999752044678,
        "anaphor_number_agreement": 0.9300000071525574,
        "animate_subject_passive": 0.746999979019165,
        "animate_subject_trans": 0.7590000033378601,
        "causative": 0.5699999928474426,
        "complex_NP_island": 0.4819999933242798,
        "coordinate_structure_constraint_complex_left_branch": 0.27000001072883606,
        "coordinate_structure_constraint_object_extraction": 0.6990000009536743,
        "determiner_noun_agreement_1": 0.9309999942779541,
        "determiner_noun_agreement_2": 0.9179999828338623,
        "determiner_noun_agreement_irregular_1": 0.796999990940094,
        "determiner_noun_agreement_irregular_2": 0.8769999742507935,
        "determiner_noun_agreement_with_adj_2": 0.8619999885559082,
        "determiner_noun_agreement_with_adj_irregular_1": 0.753000020980835,
        "determiner_noun_agreement_with_adj_irregular_2": 0.8259999752044678,
        "determiner_noun_agreement_with_adjective_1": 0.8809999823570251,
        "distractor_agreement_relational_noun": 0.7279999852180481,
        "distractor_agreement_relative_clause": 0.4099999964237213,
        "drop_argument": 0.7089999914169312,
        "ellipsis_n_bar_1": 0.7239999771118164,
        "ellipsis_n_bar_2": 0.8029999732971191,
        "existential_there_object_raising": 0.7900000214576721,
        "existential_there_quantifiers_1": 0.9589999914169312,
        "existential_there_quantifiers_2": 0.4320000112056732,
        "existential_there_subject_raising": 0.7549999952316284,
        "expletive_it_object_raising": 0.722000002861023,
        "inchoative": 0.5199999809265137,
        "intransitive": 0.6850000023841858,
        "irregular_past_participle_adjectives": 0.9599999785423279,
        "irregular_past_participle_verbs": 0.871999979019165,
        "irregular_plural_subject_verb_agreement_1": 0.777999997138977,
        "irregular_plural_subject_verb_agreement_2": 0.8659999966621399,
        "left_branch_island_echo_question": 0.4300000071525574,
        "left_branch_island_simple_question": 0.35100001096725464,
        "matrix_question_npi_licensor_present": 0.3019999861717224,
        "npi_present_1": 0.5040000081062317,
        "npi_present_2": 0.5270000100135803,
        "only_npi_licensor_present": 0.41100001335144043,
        "only_npi_scope": 0.4449999928474426,
        "passive_1": 0.8820000290870667,
        "passive_2": 0.8759999871253967,
        "principle_A_c_command": 0.5619999766349792,
        "principle_A_case_1": 1.0,
        "principle_A_case_2": 0.859000027179718,
        "principle_A_domain_1": 0.9829999804496765,
        "principle_A_domain_2": 0.7889999747276306,
        "principle_A_domain_3": 0.49000000953674316,
        "principle_A_reconstruction": 0.31700000166893005,
        "regular_plural_subject_verb_agreement_1": 0.8429999947547913,
        "regular_plural_subject_verb_agreement_2": 0.8489999771118164,
        "sentential_negation_npi_licensor_present": 0.9990000128746033,
        "sentential_negation_npi_scope": 0.4259999990463257,
        "sentential_subject_island": 0.3319999873638153,
        "superlative_quantifiers_1": 0.5950000286102295,
        "superlative_quantifiers_2": 0.5609999895095825,
        "tough_vs_raising_1": 0.527999997138977,
        "tough_vs_raising_2": 0.7360000014305115,
        "transitive": 0.7929999828338623,
        "wh_island": 0.5789999961853027,
        "wh_questions_object_gap": 0.6520000100135803,
        "wh_questions_subject_gap": 0.9010000228881836,
        "wh_questions_subject_gap_long_distance": 0.8999999761581421,
        "wh_vs_that_no_gap": 0.9710000157356262,
        "wh_vs_that_no_gap_long_distance": 0.9869999885559082,
        "wh_vs_that_with_gap": 0.26499998569488525,
        "wh_vs_that_with_gap_long_distance": 0.0729999989271164
    }
}