{
    "accuracy": 0.6952686574476868,
    "by_phenomenon": {
        "anaphor_agreement": 0.8244999945163727,
        "argument_structure": 0.7331428527832031,
        "binding": 0.7214285731315613,
        "control_raising": 0.7075999975204468,
        "determiner_noun_agreement": 0.8763749897480011,
        "ellipsis": 0.7735000252723694,
        "filler_gap_dependency": 0.6851428598165512,
        "irregular_forms": 0.9410000145435333,
        "island_effects": 0.45012500137090683,
        "npi_licensing": 0.5470000037125179,
        "quantifiers": 0.621749997138977,
        "s-selection": 0.776500016450882,
        "subject_verb_agreement": 0.7513333360354105
    },
    "by_uid": {
        "adjunct_island": 0.6769999861717224,
        "anaphor_gender_agreement": 0.7239999771118164,
        "anaphor_number_agreement": 0.925000011920929,
        "animate_subject_passive": 0.7680000066757202,
        "animate_subject_trans": 0.7850000262260437,
        "causative": 0.5899999737739563,
        "complex_NP_island": 0.4749999940395355,
        "coordinate_structure_constraint_complex_left_branch": 0.23600000143051147,
        "coordinate_structure_constraint_object_extraction": 0.6240000128746033,
        "determiner_noun_agreement_1": 0.9490000009536743,
        "determiner_noun_agreement_2": 0.9319999814033508,
        "determiner_noun_agreement_irregular_1": 0.8169999718666077,
        "determiner_noun_agreement_irregular_2": 0.890999972820282,
        "determiner_noun_agreement_with_adj_2": 0.8899999856948853,
        "determiner_noun_agreement_with_adj_irregular_1": 0.7689999938011169,
        "determiner_noun_agreement_with_adj_irregular_2": 0.859000027179718,
        "determiner_noun_agreement_with_adjective_1": 0.9039999842643738,
        "distractor_agreement_relational_noun": 0.7200000286102295,
        "distractor_agreement_relative_clause": 0.39800000190734863,
        "drop_argument": 0.7440000176429749,
        "ellipsis_n_bar_1": 0.7200000286102295,
        "ellipsis_n_bar_2": 0.8270000219345093,
        "existential_there_object_raising": 0.7929999828338623,
        "existential_there_quantifiers_1": 0.9509999752044678,
        "existential_there_quantifiers_2": 0.3529999852180481,
        "existential_there_subject_raising": 0.7020000219345093,
        "expletive_it_object_raising": 0.7429999709129333,
        "inchoative": 0.5479999780654907,
        "intransitive": 0.6980000138282776,
        "irregular_past_participle_adjectives": 0.9890000224113464,
        "irregular_past_participle_verbs": 0.8930000066757202,
        "irregular_plural_subject_verb_agreement_1": 0.7820000052452087,
        "irregular_plural_subject_verb_agreement_2": 0.8650000095367432,
        "left_branch_island_echo_question": 0.453000009059906,
        "left_branch_island_simple_question": 0.2980000078678131,
        "matrix_question_npi_licensor_present": 0.20800000429153442,
        "npi_present_1": 0.5009999871253967,
        "npi_present_2": 0.5400000214576721,
        "only_npi_licensor_present": 0.5260000228881836,
        "only_npi_scope": 0.6679999828338623,
        "passive_1": 0.8700000047683716,
        "passive_2": 0.8769999742507935,
        "principle_A_c_command": 0.5400000214576721,
        "principle_A_case_1": 1.0,
        "principle_A_case_2": 0.859000027179718,
        "principle_A_domain_1": 0.9860000014305115,
        "principle_A_domain_2": 0.7979999780654907,
        "principle_A_domain_3": 0.4819999933242798,
        "principle_A_reconstruction": 0.38499999046325684,
        "regular_plural_subject_verb_agreement_1": 0.8669999837875366,
        "regular_plural_subject_verb_agreement_2": 0.8759999871253967,
        "sentential_negation_npi_licensor_present": 0.9909999966621399,
        "sentential_negation_npi_scope": 0.39500001072883606,
        "sentential_subject_island": 0.3199999928474426,
        "superlative_quantifiers_1": 0.5870000123977661,
        "superlative_quantifiers_2": 0.5960000157356262,
        "tough_vs_raising_1": 0.5720000267028809,
        "tough_vs_raising_2": 0.7279999852180481,
        "transitive": 0.8050000071525574,
        "wh_island": 0.5180000066757202,
        "wh_questions_object_gap": 0.6449999809265137,
        "wh_questions_subject_gap": 0.902999997138977,
        "wh_questions_subject_gap_long_distance": 0.8690000176429749,
        "wh_vs_that_no_gap": 0.9580000042915344,
        "wh_vs_that_no_gap_long_distance": 0.972000002861023,
        "wh_vs_that_with_gap": 0.3160000145435333,
        "wh_vs_that_with_gap_long_distance": 0.13300000131130219
    }
}