{
    "accuracy": 0.6898358219595098,
    "by_phenomenon": {
        "anaphor_agreement": 0.7830000221729279,
        "argument_structure": 0.7181428500584194,
        "binding": 0.7232857176235744,
        "control_raising": 0.7114000082015991,
        "determiner_noun_agreement": 0.8687499985098839,
        "ellipsis": 0.7719999849796295,
        "filler_gap_dependency": 0.6808571474892753,
        "irregular_forms": 0.8819999992847443,
        "island_effects": 0.5073750019073486,
        "npi_licensing": 0.5128571433680398,
        "quantifiers": 0.6135000064969063,
        "s-selection": 0.7549999952316284,
        "subject_verb_agreement": 0.7281666646401087
    },
    "by_uid": {
        "adjunct_island": 0.5960000157356262,
        "anaphor_gender_agreement": 0.6790000200271606,
        "anaphor_number_agreement": 0.8870000243186951,
        "animate_subject_passive": 0.746999979019165,
        "animate_subject_trans": 0.7630000114440918,
        "causative": 0.5759999752044678,
        "complex_NP_island": 0.5460000038146973,
        "coordinate_structure_constraint_complex_left_branch": 0.328000009059906,
        "coordinate_structure_constraint_object_extraction": 0.703000009059906,
        "determiner_noun_agreement_1": 0.9359999895095825,
        "determiner_noun_agreement_2": 0.9190000295639038,
        "determiner_noun_agreement_irregular_1": 0.7870000004768372,
        "determiner_noun_agreement_irregular_2": 0.8999999761581421,
        "determiner_noun_agreement_with_adj_2": 0.8809999823570251,
        "determiner_noun_agreement_with_adj_irregular_1": 0.7739999890327454,
        "determiner_noun_agreement_with_adj_irregular_2": 0.8600000143051147,
        "determiner_noun_agreement_with_adjective_1": 0.8930000066757202,
        "distractor_agreement_relational_noun": 0.6909999847412109,
        "distractor_agreement_relative_clause": 0.38600000739097595,
        "drop_argument": 0.7419999837875366,
        "ellipsis_n_bar_1": 0.7319999933242798,
        "ellipsis_n_bar_2": 0.8119999766349792,
        "existential_there_object_raising": 0.7820000052452087,
        "existential_there_quantifiers_1": 0.902999997138977,
        "existential_there_quantifiers_2": 0.27900001406669617,
        "existential_there_subject_raising": 0.7490000128746033,
        "expletive_it_object_raising": 0.734000027179718,
        "inchoative": 0.5019999742507935,
        "intransitive": 0.6880000233650208,
        "irregular_past_participle_adjectives": 0.9139999747276306,
        "irregular_past_participle_verbs": 0.8500000238418579,
        "irregular_plural_subject_verb_agreement_1": 0.765999972820282,
        "irregular_plural_subject_verb_agreement_2": 0.8190000057220459,
        "left_branch_island_echo_question": 0.4659999907016754,
        "left_branch_island_simple_question": 0.36899998784065247,
        "matrix_question_npi_licensor_present": 0.2409999966621399,
        "npi_present_1": 0.5090000033378601,
        "npi_present_2": 0.453000009059906,
        "only_npi_licensor_present": 0.5559999942779541,
        "only_npi_scope": 0.49799999594688416,
        "passive_1": 0.8600000143051147,
        "passive_2": 0.8629999756813049,
        "principle_A_c_command": 0.5320000052452087,
        "principle_A_case_1": 1.0,
        "principle_A_case_2": 0.875,
        "principle_A_domain_1": 0.984000027179718,
        "principle_A_domain_2": 0.8059999942779541,
        "principle_A_domain_3": 0.47600001096725464,
        "principle_A_reconstruction": 0.38999998569488525,
        "regular_plural_subject_verb_agreement_1": 0.8339999914169312,
        "regular_plural_subject_verb_agreement_2": 0.8730000257492065,
        "sentential_negation_npi_licensor_present": 0.9800000190734863,
        "sentential_negation_npi_scope": 0.3529999852180481,
        "sentential_subject_island": 0.3240000009536743,
        "superlative_quantifiers_1": 0.6710000038146973,
        "superlative_quantifiers_2": 0.6010000109672546,
        "tough_vs_raising_1": 0.5699999928474426,
        "tough_vs_raising_2": 0.722000002861023,
        "transitive": 0.7960000038146973,
        "wh_island": 0.7269999980926514,
        "wh_questions_object_gap": 0.6700000166893005,
        "wh_questions_subject_gap": 0.9079999923706055,
        "wh_questions_subject_gap_long_distance": 0.8930000066757202,
        "wh_vs_that_no_gap": 0.9800000190734863,
        "wh_vs_that_no_gap_long_distance": 0.9860000014305115,
        "wh_vs_that_with_gap": 0.25699999928474426,
        "wh_vs_that_with_gap_long_distance": 0.07199999690055847
    }
}