{
    "accuracy": 0.6926716388161502,
    "by_phenomenon": {
        "anaphor_agreement": 0.8474999964237213,
        "argument_structure": 0.7335714272090367,
        "binding": 0.6922857165336609,
        "control_raising": 0.7143999934196472,
        "determiner_noun_agreement": 0.8779999986290932,
        "ellipsis": 0.7720000147819519,
        "filler_gap_dependency": 0.6907142783914294,
        "irregular_forms": 0.890500009059906,
        "island_effects": 0.47674999572336674,
        "npi_licensing": 0.5004285722970963,
        "quantifiers": 0.6629999876022339,
        "s-selection": 0.7754999995231628,
        "subject_verb_agreement": 0.7428333212931951
    },
    "by_uid": {
        "adjunct_island": 0.7179999947547913,
        "anaphor_gender_agreement": 0.7459999918937683,
        "anaphor_number_agreement": 0.9490000009536743,
        "animate_subject_passive": 0.7820000052452087,
        "animate_subject_trans": 0.7689999938011169,
        "causative": 0.6190000176429749,
        "complex_NP_island": 0.5329999923706055,
        "coordinate_structure_constraint_complex_left_branch": 0.19499999284744263,
        "coordinate_structure_constraint_object_extraction": 0.7260000109672546,
        "determiner_noun_agreement_1": 0.9390000104904175,
        "determiner_noun_agreement_2": 0.9309999942779541,
        "determiner_noun_agreement_irregular_1": 0.8309999704360962,
        "determiner_noun_agreement_irregular_2": 0.8960000276565552,
        "determiner_noun_agreement_with_adj_2": 0.9039999842643738,
        "determiner_noun_agreement_with_adj_irregular_1": 0.7639999985694885,
        "determiner_noun_agreement_with_adj_irregular_2": 0.859000027179718,
        "determiner_noun_agreement_with_adjective_1": 0.8999999761581421,
        "distractor_agreement_relational_noun": 0.7059999704360962,
        "distractor_agreement_relative_clause": 0.39100000262260437,
        "drop_argument": 0.746999979019165,
        "ellipsis_n_bar_1": 0.7310000061988831,
        "ellipsis_n_bar_2": 0.8130000233650208,
        "existential_there_object_raising": 0.8109999895095825,
        "existential_there_quantifiers_1": 0.9399999976158142,
        "existential_there_quantifiers_2": 0.25999999046325684,
        "existential_there_subject_raising": 0.7239999771118164,
        "expletive_it_object_raising": 0.7390000224113464,
        "inchoative": 0.5519999861717224,
        "intransitive": 0.6840000152587891,
        "irregular_past_participle_adjectives": 0.9340000152587891,
        "irregular_past_participle_verbs": 0.847000002861023,
        "irregular_plural_subject_verb_agreement_1": 0.765999972820282,
        "irregular_plural_subject_verb_agreement_2": 0.8619999885559082,
        "left_branch_island_echo_question": 0.4909999966621399,
        "left_branch_island_simple_question": 0.22599999606609344,
        "matrix_question_npi_licensor_present": 0.24400000274181366,
        "npi_present_1": 0.4569999873638153,
        "npi_present_2": 0.5289999842643738,
        "only_npi_licensor_present": 0.2919999957084656,
        "only_npi_scope": 0.6430000066757202,
        "passive_1": 0.8640000224113464,
        "passive_2": 0.8579999804496765,
        "principle_A_c_command": 0.503000020980835,
        "principle_A_case_1": 1.0,
        "principle_A_case_2": 0.8289999961853027,
        "principle_A_domain_1": 0.9769999980926514,
        "principle_A_domain_2": 0.7720000147819519,
        "principle_A_domain_3": 0.4869999885559082,
        "principle_A_reconstruction": 0.27799999713897705,
        "regular_plural_subject_verb_agreement_1": 0.8529999852180481,
        "regular_plural_subject_verb_agreement_2": 0.8790000081062317,
        "sentential_negation_npi_licensor_present": 0.9980000257492065,
        "sentential_negation_npi_scope": 0.3400000035762787,
        "sentential_subject_island": 0.2939999997615814,
        "superlative_quantifiers_1": 0.7519999742507935,
        "superlative_quantifiers_2": 0.699999988079071,
        "tough_vs_raising_1": 0.5849999785423279,
        "tough_vs_raising_2": 0.7129999995231628,
        "transitive": 0.8109999895095825,
        "wh_island": 0.6309999823570251,
        "wh_questions_object_gap": 0.6489999890327454,
        "wh_questions_subject_gap": 0.9120000004768372,
        "wh_questions_subject_gap_long_distance": 0.8989999890327454,
        "wh_vs_that_no_gap": 0.9549999833106995,
        "wh_vs_that_no_gap_long_distance": 0.9829999804496765,
        "wh_vs_that_with_gap": 0.3330000042915344,
        "wh_vs_that_with_gap_long_distance": 0.10400000214576721
    }
}