{
    "accuracy": 0.5207761192499701,
    "by_phenomenon": {
        "anaphor_agreement": 0.5144999921321869,
        "argument_structure": 0.549428573676518,
        "binding": 0.5024285699640002,
        "control_raising": 0.5517999947071075,
        "determiner_noun_agreement": 0.4987499974668026,
        "ellipsis": 0.4294999986886978,
        "filler_gap_dependency": 0.4875714268003191,
        "irregular_forms": 0.5825000107288361,
        "island_effects": 0.50450000166893,
        "npi_licensing": 0.6164285838603973,
        "quantifiers": 0.4804999977350235,
        "s-selection": 0.5839999914169312,
        "subject_verb_agreement": 0.4788333276907603
    },
    "by_uid": {
        "adjunct_island": 0.5109999775886536,
        "anaphor_gender_agreement": 0.5289999842643738,
        "anaphor_number_agreement": 0.5,
        "animate_subject_passive": 0.5640000104904175,
        "animate_subject_trans": 0.6039999723434448,
        "causative": 0.39899998903274536,
        "complex_NP_island": 0.43700000643730164,
        "coordinate_structure_constraint_complex_left_branch": 0.527999997138977,
        "coordinate_structure_constraint_object_extraction": 0.5440000295639038,
        "determiner_noun_agreement_1": 0.49900001287460327,
        "determiner_noun_agreement_2": 0.48899999260902405,
        "determiner_noun_agreement_irregular_1": 0.48899999260902405,
        "determiner_noun_agreement_irregular_2": 0.4650000035762787,
        "determiner_noun_agreement_with_adj_2": 0.5170000195503235,
        "determiner_noun_agreement_with_adj_irregular_1": 0.5019999742507935,
        "determiner_noun_agreement_with_adj_irregular_2": 0.5199999809265137,
        "determiner_noun_agreement_with_adjective_1": 0.5090000033378601,
        "distractor_agreement_relational_noun": 0.4490000009536743,
        "distractor_agreement_relative_clause": 0.5059999823570251,
        "drop_argument": 0.7070000171661377,
        "ellipsis_n_bar_1": 0.5370000004768372,
        "ellipsis_n_bar_2": 0.32199999690055847,
        "existential_there_object_raising": 0.6169999837875366,
        "existential_there_quantifiers_1": 0.6629999876022339,
        "existential_there_quantifiers_2": 0.42800000309944153,
        "existential_there_subject_raising": 0.5370000004768372,
        "expletive_it_object_raising": 0.5830000042915344,
        "inchoative": 0.4259999990463257,
        "intransitive": 0.597000002861023,
        "irregular_past_participle_adjectives": 0.5680000185966492,
        "irregular_past_participle_verbs": 0.597000002861023,
        "irregular_plural_subject_verb_agreement_1": 0.4950000047683716,
        "irregular_plural_subject_verb_agreement_2": 0.4519999921321869,
        "left_branch_island_echo_question": 0.4449999928474426,
        "left_branch_island_simple_question": 0.49399998784065247,
        "matrix_question_npi_licensor_present": 0.652999997138977,
        "npi_present_1": 0.6650000214576721,
        "npi_present_2": 0.5350000262260437,
        "only_npi_licensor_present": 0.7570000290870667,
        "only_npi_scope": 0.6150000095367432,
        "passive_1": 0.6029999852180481,
        "passive_2": 0.5920000076293945,
        "principle_A_c_command": 0.4560000002384186,
        "principle_A_case_1": 0.7630000114440918,
        "principle_A_case_2": 0.47200000286102295,
        "principle_A_domain_1": 0.3230000138282776,
        "principle_A_domain_2": 0.4869999885559082,
        "principle_A_domain_3": 0.4729999899864197,
        "principle_A_reconstruction": 0.5429999828338623,
        "regular_plural_subject_verb_agreement_1": 0.4650000035762787,
        "regular_plural_subject_verb_agreement_2": 0.5059999823570251,
        "sentential_negation_npi_licensor_present": 0.43799999356269836,
        "sentential_negation_npi_scope": 0.6520000100135803,
        "sentential_subject_island": 0.5410000085830688,
        "superlative_quantifiers_1": 0.40700000524520874,
        "superlative_quantifiers_2": 0.42399999499320984,
        "tough_vs_raising_1": 0.39100000262260437,
        "tough_vs_raising_2": 0.6309999823570251,
        "transitive": 0.5220000147819519,
        "wh_island": 0.5360000133514404,
        "wh_questions_object_gap": 0.5009999871253967,
        "wh_questions_subject_gap": 0.4659999907016754,
        "wh_questions_subject_gap_long_distance": 0.4650000035762787,
        "wh_vs_that_no_gap": 0.49399998784065247,
        "wh_vs_that_no_gap_long_distance": 0.4189999997615814,
        "wh_vs_that_with_gap": 0.4959999918937683,
        "wh_vs_that_with_gap_long_distance": 0.5720000267028809
    }
}