{
    "accuracy": 0.6967462672671275,
    "by_phenomenon": {
        "anaphor_agreement": 0.7865000069141388,
        "argument_structure": 0.7332857166017804,
        "binding": 0.7175714245864323,
        "control_raising": 0.7064000010490418,
        "determiner_noun_agreement": 0.8843749910593033,
        "ellipsis": 0.7685000002384186,
        "filler_gap_dependency": 0.6974285755838666,
        "irregular_forms": 0.926499992609024,
        "island_effects": 0.47099999710917473,
        "npi_licensing": 0.5522857159376144,
        "quantifiers": 0.6077499911189079,
        "s-selection": 0.773499995470047,
        "subject_verb_agreement": 0.7436666687329611
    },
    "by_uid": {
        "adjunct_island": 0.7139999866485596,
        "anaphor_gender_agreement": 0.6790000200271606,
        "anaphor_number_agreement": 0.8939999938011169,
        "animate_subject_passive": 0.7639999985694885,
        "animate_subject_trans": 0.7829999923706055,
        "causative": 0.609000027179718,
        "complex_NP_island": 0.4909999966621399,
        "coordinate_structure_constraint_complex_left_branch": 0.24799999594688416,
        "coordinate_structure_constraint_object_extraction": 0.671999990940094,
        "determiner_noun_agreement_1": 0.953000009059906,
        "determiner_noun_agreement_2": 0.9430000185966492,
        "determiner_noun_agreement_irregular_1": 0.824999988079071,
        "determiner_noun_agreement_irregular_2": 0.8999999761581421,
        "determiner_noun_agreement_with_adj_2": 0.9049999713897705,
        "determiner_noun_agreement_with_adj_irregular_1": 0.7870000004768372,
        "determiner_noun_agreement_with_adj_irregular_2": 0.8619999885559082,
        "determiner_noun_agreement_with_adjective_1": 0.8999999761581421,
        "distractor_agreement_relational_noun": 0.6930000185966492,
        "distractor_agreement_relative_clause": 0.39899998903274536,
        "drop_argument": 0.7440000176429749,
        "ellipsis_n_bar_1": 0.7179999947547913,
        "ellipsis_n_bar_2": 0.8190000057220459,
        "existential_there_object_raising": 0.7630000114440918,
        "existential_there_quantifiers_1": 0.9509999752044678,
        "existential_there_quantifiers_2": 0.3269999921321869,
        "existential_there_subject_raising": 0.7269999980926514,
        "expletive_it_object_raising": 0.7369999885559082,
        "inchoative": 0.5460000038146973,
        "intransitive": 0.6990000009536743,
        "irregular_past_participle_adjectives": 0.972000002861023,
        "irregular_past_participle_verbs": 0.8809999823570251,
        "irregular_plural_subject_verb_agreement_1": 0.7879999876022339,
        "irregular_plural_subject_verb_agreement_2": 0.8550000190734863,
        "left_branch_island_echo_question": 0.4449999928474426,
        "left_branch_island_simple_question": 0.28200000524520874,
        "matrix_question_npi_licensor_present": 0.22599999606609344,
        "npi_present_1": 0.49799999594688416,
        "npi_present_2": 0.5540000200271606,
        "only_npi_licensor_present": 0.5329999923706055,
        "only_npi_scope": 0.6449999809265137,
        "passive_1": 0.8700000047683716,
        "passive_2": 0.8669999837875366,
        "principle_A_c_command": 0.5879999995231628,
        "principle_A_case_1": 1.0,
        "principle_A_case_2": 0.8539999723434448,
        "principle_A_domain_1": 0.9869999885559082,
        "principle_A_domain_2": 0.800000011920929,
        "principle_A_domain_3": 0.46299999952316284,
        "principle_A_reconstruction": 0.3310000002384186,
        "regular_plural_subject_verb_agreement_1": 0.8489999771118164,
        "regular_plural_subject_verb_agreement_2": 0.878000020980835,
        "sentential_negation_npi_licensor_present": 0.9990000128746033,
        "sentential_negation_npi_scope": 0.41100001335144043,
        "sentential_subject_island": 0.3659999966621399,
        "superlative_quantifiers_1": 0.5109999775886536,
        "superlative_quantifiers_2": 0.6420000195503235,
        "tough_vs_raising_1": 0.5550000071525574,
        "tough_vs_raising_2": 0.75,
        "transitive": 0.7979999780654907,
        "wh_island": 0.550000011920929,
        "wh_questions_object_gap": 0.734000027179718,
        "wh_questions_subject_gap": 0.9079999923706055,
        "wh_questions_subject_gap_long_distance": 0.8899999856948853,
        "wh_vs_that_no_gap": 0.972000002861023,
        "wh_vs_that_no_gap_long_distance": 0.9800000190734863,
        "wh_vs_that_with_gap": 0.2939999997615814,
        "wh_vs_that_with_gap_long_distance": 0.10400000214576721
    }
}