{
    "accuracy": 0.6617611942451391,
    "by_phenomenon": {
        "anaphor_agreement": 0.6554999947547913,
        "argument_structure": 0.6895714317049298,
        "binding": 0.7179999990122659,
        "control_raising": 0.6826000094413758,
        "determiner_noun_agreement": 0.851624995470047,
        "ellipsis": 0.6354999840259552,
        "filler_gap_dependency": 0.6532857194542885,
        "irregular_forms": 0.8975000083446503,
        "island_effects": 0.44925000332295895,
        "npi_licensing": 0.5518571436405182,
        "quantifiers": 0.6084999907761812,
        "s-selection": 0.710999995470047,
        "subject_verb_agreement": 0.6659999986489614
    },
    "by_uid": {
        "adjunct_island": 0.6800000071525574,
        "anaphor_gender_agreement": 0.5189999938011169,
        "anaphor_number_agreement": 0.7919999957084656,
        "animate_subject_passive": 0.7120000123977661,
        "animate_subject_trans": 0.7099999785423279,
        "causative": 0.5370000004768372,
        "complex_NP_island": 0.5120000243186951,
        "coordinate_structure_constraint_complex_left_branch": 0.22300000488758087,
        "coordinate_structure_constraint_object_extraction": 0.6290000081062317,
        "determiner_noun_agreement_1": 0.9309999942779541,
        "determiner_noun_agreement_2": 0.9169999957084656,
        "determiner_noun_agreement_irregular_1": 0.777999997138977,
        "determiner_noun_agreement_irregular_2": 0.871999979019165,
        "determiner_noun_agreement_with_adj_2": 0.8659999966621399,
        "determiner_noun_agreement_with_adj_irregular_1": 0.7540000081062317,
        "determiner_noun_agreement_with_adj_irregular_2": 0.8109999895095825,
        "determiner_noun_agreement_with_adjective_1": 0.8840000033378601,
        "distractor_agreement_relational_noun": 0.5690000057220459,
        "distractor_agreement_relative_clause": 0.328000009059906,
        "drop_argument": 0.75,
        "ellipsis_n_bar_1": 0.5759999752044678,
        "ellipsis_n_bar_2": 0.6949999928474426,
        "existential_there_object_raising": 0.781000018119812,
        "existential_there_quantifiers_1": 0.9279999732971191,
        "existential_there_quantifiers_2": 0.09799999743700027,
        "existential_there_subject_raising": 0.7480000257492065,
        "expletive_it_object_raising": 0.7419999837875366,
        "inchoative": 0.45399999618530273,
        "intransitive": 0.6240000128746033,
        "irregular_past_participle_adjectives": 0.9810000061988831,
        "irregular_past_participle_verbs": 0.8140000104904175,
        "irregular_plural_subject_verb_agreement_1": 0.722000002861023,
        "irregular_plural_subject_verb_agreement_2": 0.7929999828338623,
        "left_branch_island_echo_question": 0.3959999978542328,
        "left_branch_island_simple_question": 0.3240000009536743,
        "matrix_question_npi_licensor_present": 0.2630000114440918,
        "npi_present_1": 0.515999972820282,
        "npi_present_2": 0.4000000059604645,
        "only_npi_licensor_present": 0.6610000133514404,
        "only_npi_scope": 0.6389999985694885,
        "passive_1": 0.8519999980926514,
        "passive_2": 0.8500000238418579,
        "principle_A_c_command": 0.5730000138282776,
        "principle_A_case_1": 1.0,
        "principle_A_case_2": 0.7749999761581421,
        "principle_A_domain_1": 0.972000002861023,
        "principle_A_domain_2": 0.6930000185966492,
        "principle_A_domain_3": 0.4749999940395355,
        "principle_A_reconstruction": 0.5379999876022339,
        "regular_plural_subject_verb_agreement_1": 0.7860000133514404,
        "regular_plural_subject_verb_agreement_2": 0.7979999780654907,
        "sentential_negation_npi_licensor_present": 1.0,
        "sentential_negation_npi_scope": 0.3840000033378601,
        "sentential_subject_island": 0.42399999499320984,
        "superlative_quantifiers_1": 0.703000009059906,
        "superlative_quantifiers_2": 0.7049999833106995,
        "tough_vs_raising_1": 0.35100001096725464,
        "tough_vs_raising_2": 0.7910000085830688,
        "transitive": 0.7599999904632568,
        "wh_island": 0.4059999883174896,
        "wh_questions_object_gap": 0.5720000267028809,
        "wh_questions_subject_gap": 0.8399999737739563,
        "wh_questions_subject_gap_long_distance": 0.9350000023841858,
        "wh_vs_that_no_gap": 0.9700000286102295,
        "wh_vs_that_no_gap_long_distance": 0.9860000014305115,
        "wh_vs_that_with_gap": 0.2070000022649765,
        "wh_vs_that_with_gap_long_distance": 0.06300000101327896
    }
}