{
    "accuracy": 0.6552238814643959,
    "by_phenomenon": {
        "anaphor_agreement": 0.7014999985694885,
        "argument_structure": 0.6721428547586713,
        "binding": 0.7209999987057277,
        "control_raising": 0.6804000079631806,
        "determiner_noun_agreement": 0.8373750001192093,
        "ellipsis": 0.6480000019073486,
        "filler_gap_dependency": 0.6518571387444224,
        "irregular_forms": 0.8564999997615814,
        "island_effects": 0.46800000220537186,
        "npi_licensing": 0.5130000114440918,
        "quantifiers": 0.6054999940097332,
        "s-selection": 0.7060000002384186,
        "subject_verb_agreement": 0.6504999995231628
    },
    "by_uid": {
        "adjunct_island": 0.6349999904632568,
        "anaphor_gender_agreement": 0.5849999785423279,
        "anaphor_number_agreement": 0.8180000185966492,
        "animate_subject_passive": 0.7459999918937683,
        "animate_subject_trans": 0.6660000085830688,
        "causative": 0.5429999828338623,
        "complex_NP_island": 0.5519999861717224,
        "coordinate_structure_constraint_complex_left_branch": 0.23399999737739563,
        "coordinate_structure_constraint_object_extraction": 0.6850000023841858,
        "determiner_noun_agreement_1": 0.9229999780654907,
        "determiner_noun_agreement_2": 0.9100000262260437,
        "determiner_noun_agreement_irregular_1": 0.7730000019073486,
        "determiner_noun_agreement_irregular_2": 0.847000002861023,
        "determiner_noun_agreement_with_adj_2": 0.8560000061988831,
        "determiner_noun_agreement_with_adj_irregular_1": 0.7310000061988831,
        "determiner_noun_agreement_with_adj_irregular_2": 0.7829999923706055,
        "determiner_noun_agreement_with_adjective_1": 0.8759999871253967,
        "distractor_agreement_relational_noun": 0.5799999833106995,
        "distractor_agreement_relative_clause": 0.3230000138282776,
        "drop_argument": 0.7269999980926514,
        "ellipsis_n_bar_1": 0.5860000252723694,
        "ellipsis_n_bar_2": 0.7099999785423279,
        "existential_there_object_raising": 0.7749999761581421,
        "existential_there_quantifiers_1": 0.9549999833106995,
        "existential_there_quantifiers_2": 0.0729999989271164,
        "existential_there_subject_raising": 0.7630000114440918,
        "expletive_it_object_raising": 0.7250000238418579,
        "inchoative": 0.4309999942779541,
        "intransitive": 0.609000027179718,
        "irregular_past_participle_adjectives": 0.9150000214576721,
        "irregular_past_participle_verbs": 0.7979999780654907,
        "irregular_plural_subject_verb_agreement_1": 0.6880000233650208,
        "irregular_plural_subject_verb_agreement_2": 0.7649999856948853,
        "left_branch_island_echo_question": 0.3610000014305115,
        "left_branch_island_simple_question": 0.35199999809265137,
        "matrix_question_npi_licensor_present": 0.24300000071525574,
        "npi_present_1": 0.503000020980835,
        "npi_present_2": 0.45399999618530273,
        "only_npi_licensor_present": 0.4480000138282776,
        "only_npi_scope": 0.5630000233650208,
        "passive_1": 0.8339999914169312,
        "passive_2": 0.8240000009536743,
        "principle_A_c_command": 0.5519999861717224,
        "principle_A_case_1": 1.0,
        "principle_A_case_2": 0.7929999828338623,
        "principle_A_domain_1": 0.9470000267028809,
        "principle_A_domain_2": 0.7289999723434448,
        "principle_A_domain_3": 0.48500001430511475,
        "principle_A_reconstruction": 0.5410000085830688,
        "regular_plural_subject_verb_agreement_1": 0.7540000081062317,
        "regular_plural_subject_verb_agreement_2": 0.7929999828338623,
        "sentential_negation_npi_licensor_present": 0.9990000128746033,
        "sentential_negation_npi_scope": 0.38100001215934753,
        "sentential_subject_island": 0.4180000126361847,
        "superlative_quantifiers_1": 0.625,
        "superlative_quantifiers_2": 0.7689999938011169,
        "tough_vs_raising_1": 0.3630000054836273,
        "tough_vs_raising_2": 0.7760000228881836,
        "transitive": 0.7369999885559082,
        "wh_island": 0.5070000290870667,
        "wh_questions_object_gap": 0.5590000152587891,
        "wh_questions_subject_gap": 0.8420000076293945,
        "wh_questions_subject_gap_long_distance": 0.9139999747276306,
        "wh_vs_that_no_gap": 0.9629999995231628,
        "wh_vs_that_no_gap_long_distance": 0.9649999737739563,
        "wh_vs_that_with_gap": 0.21299999952316284,
        "wh_vs_that_with_gap_long_distance": 0.10700000077486038
    }
}