{
    "accuracy": 0.6801343289440247,
    "by_phenomenon": {
        "anaphor_agreement": 0.7599999904632568,
        "argument_structure": 0.7185714372566768,
        "binding": 0.7074285660471235,
        "control_raising": 0.6953999996185303,
        "determiner_noun_agreement": 0.8532499969005585,
        "ellipsis": 0.7690000236034393,
        "filler_gap_dependency": 0.6780000078891005,
        "irregular_forms": 0.929999977350235,
        "island_effects": 0.46287500113248825,
        "npi_licensing": 0.5399999916553497,
        "quantifiers": 0.604750007390976,
        "s-selection": 0.7395000159740448,
        "subject_verb_agreement": 0.7064999987681707
    },
    "by_uid": {
        "adjunct_island": 0.6240000128746033,
        "anaphor_gender_agreement": 0.6349999904632568,
        "anaphor_number_agreement": 0.8849999904632568,
        "animate_subject_passive": 0.7620000243186951,
        "animate_subject_trans": 0.7170000076293945,
        "causative": 0.5870000123977661,
        "complex_NP_island": 0.49000000953674316,
        "coordinate_structure_constraint_complex_left_branch": 0.22699999809265137,
        "coordinate_structure_constraint_object_extraction": 0.546999990940094,
        "determiner_noun_agreement_1": 0.9229999780654907,
        "determiner_noun_agreement_2": 0.921999990940094,
        "determiner_noun_agreement_irregular_1": 0.8100000023841858,
        "determiner_noun_agreement_irregular_2": 0.8759999871253967,
        "determiner_noun_agreement_with_adj_2": 0.8830000162124634,
        "determiner_noun_agreement_with_adj_irregular_1": 0.7120000123977661,
        "determiner_noun_agreement_with_adj_irregular_2": 0.8140000104904175,
        "determiner_noun_agreement_with_adjective_1": 0.8859999775886536,
        "distractor_agreement_relational_noun": 0.6380000114440918,
        "distractor_agreement_relative_clause": 0.367000013589859,
        "drop_argument": 0.753000020980835,
        "ellipsis_n_bar_1": 0.7300000190734863,
        "ellipsis_n_bar_2": 0.8080000281333923,
        "existential_there_object_raising": 0.7940000295639038,
        "existential_there_quantifiers_1": 0.949999988079071,
        "existential_there_quantifiers_2": 0.2770000100135803,
        "existential_there_subject_raising": 0.7360000014305115,
        "expletive_it_object_raising": 0.722000002861023,
        "inchoative": 0.492000013589859,
        "intransitive": 0.6570000052452087,
        "irregular_past_participle_adjectives": 0.968999981880188,
        "irregular_past_participle_verbs": 0.890999972820282,
        "irregular_plural_subject_verb_agreement_1": 0.7699999809265137,
        "irregular_plural_subject_verb_agreement_2": 0.8159999847412109,
        "left_branch_island_echo_question": 0.4950000047683716,
        "left_branch_island_simple_question": 0.3199999928474426,
        "matrix_question_npi_licensor_present": 0.27799999713897705,
        "npi_present_1": 0.6269999742507935,
        "npi_present_2": 0.5080000162124634,
        "only_npi_licensor_present": 0.4259999990463257,
        "only_npi_scope": 0.5899999737739563,
        "passive_1": 0.8820000290870667,
        "passive_2": 0.8619999885559082,
        "principle_A_c_command": 0.5410000085830688,
        "principle_A_case_1": 1.0,
        "principle_A_case_2": 0.8479999899864197,
        "principle_A_domain_1": 0.996999979019165,
        "principle_A_domain_2": 0.7459999918937683,
        "principle_A_domain_3": 0.4819999933242798,
        "principle_A_reconstruction": 0.33799999952316284,
        "regular_plural_subject_verb_agreement_1": 0.8059999942779541,
        "regular_plural_subject_verb_agreement_2": 0.8420000076293945,
        "sentential_negation_npi_licensor_present": 0.9959999918937683,
        "sentential_negation_npi_scope": 0.35499998927116394,
        "sentential_subject_island": 0.28600001335144043,
        "superlative_quantifiers_1": 0.6060000061988831,
        "superlative_quantifiers_2": 0.5860000252723694,
        "tough_vs_raising_1": 0.5189999938011169,
        "tough_vs_raising_2": 0.7059999704360962,
        "transitive": 0.796999990940094,
        "wh_island": 0.7139999866485596,
        "wh_questions_object_gap": 0.6190000176429749,
        "wh_questions_subject_gap": 0.9340000152587891,
        "wh_questions_subject_gap_long_distance": 0.9539999961853027,
        "wh_vs_that_no_gap": 0.9850000143051147,
        "wh_vs_that_no_gap_long_distance": 0.9950000047683716,
        "wh_vs_that_with_gap": 0.2160000056028366,
        "wh_vs_that_with_gap_long_distance": 0.0430000014603138
    }
}