{
    "accuracy": 0.6891343300022296,
    "by_phenomenon": {
        "anaphor_agreement": 0.8025000095367432,
        "argument_structure": 0.7211428540093558,
        "binding": 0.7095714296613421,
        "control_raising": 0.7072000145912171,
        "determiner_noun_agreement": 0.8678750097751617,
        "ellipsis": 0.7834999859333038,
        "filler_gap_dependency": 0.6755714203630175,
        "irregular_forms": 0.9244999885559082,
        "island_effects": 0.4615000020712614,
        "npi_licensing": 0.5291428587266377,
        "quantifiers": 0.6287500038743019,
        "s-selection": 0.7694999873638153,
        "subject_verb_agreement": 0.7463333408037821
    },
    "by_uid": {
        "adjunct_island": 0.6840000152587891,
        "anaphor_gender_agreement": 0.6890000104904175,
        "anaphor_number_agreement": 0.9160000085830688,
        "animate_subject_passive": 0.7590000033378601,
        "animate_subject_trans": 0.7799999713897705,
        "causative": 0.5799999833106995,
        "complex_NP_island": 0.48899999260902405,
        "coordinate_structure_constraint_complex_left_branch": 0.24699999392032623,
        "coordinate_structure_constraint_object_extraction": 0.6710000038146973,
        "determiner_noun_agreement_1": 0.9330000281333923,
        "determiner_noun_agreement_2": 0.9340000152587891,
        "determiner_noun_agreement_irregular_1": 0.8119999766349792,
        "determiner_noun_agreement_irregular_2": 0.8970000147819519,
        "determiner_noun_agreement_with_adj_2": 0.8920000195503235,
        "determiner_noun_agreement_with_adj_irregular_1": 0.7450000047683716,
        "determiner_noun_agreement_with_adj_irregular_2": 0.8550000190734863,
        "determiner_noun_agreement_with_adjective_1": 0.875,
        "distractor_agreement_relational_noun": 0.7279999852180481,
        "distractor_agreement_relative_clause": 0.3930000066757202,
        "drop_argument": 0.7360000014305115,
        "ellipsis_n_bar_1": 0.7379999756813049,
        "ellipsis_n_bar_2": 0.8289999961853027,
        "existential_there_object_raising": 0.7720000147819519,
        "existential_there_quantifiers_1": 0.9359999895095825,
        "existential_there_quantifiers_2": 0.3440000116825104,
        "existential_there_subject_raising": 0.7450000047683716,
        "expletive_it_object_raising": 0.7350000143051147,
        "inchoative": 0.527999997138977,
        "intransitive": 0.6809999942779541,
        "irregular_past_participle_adjectives": 0.9599999785423279,
        "irregular_past_participle_verbs": 0.8889999985694885,
        "irregular_plural_subject_verb_agreement_1": 0.7950000166893005,
        "irregular_plural_subject_verb_agreement_2": 0.828000009059906,
        "left_branch_island_echo_question": 0.4580000042915344,
        "left_branch_island_simple_question": 0.33500000834465027,
        "matrix_question_npi_licensor_present": 0.1979999989271164,
        "npi_present_1": 0.5920000076293945,
        "npi_present_2": 0.5460000038146973,
        "only_npi_licensor_present": 0.4429999887943268,
        "only_npi_scope": 0.5690000057220459,
        "passive_1": 0.8669999837875366,
        "passive_2": 0.8700000047683716,
        "principle_A_c_command": 0.550000011920929,
        "principle_A_case_1": 1.0,
        "principle_A_case_2": 0.8500000238418579,
        "principle_A_domain_1": 0.9929999709129333,
        "principle_A_domain_2": 0.7599999904632568,
        "principle_A_domain_3": 0.48100000619888306,
        "principle_A_reconstruction": 0.3330000042915344,
        "regular_plural_subject_verb_agreement_1": 0.8640000224113464,
        "regular_plural_subject_verb_agreement_2": 0.8700000047683716,
        "sentential_negation_npi_licensor_present": 0.9909999966621399,
        "sentential_negation_npi_scope": 0.36500000953674316,
        "sentential_subject_island": 0.24300000071525574,
        "superlative_quantifiers_1": 0.5820000171661377,
        "superlative_quantifiers_2": 0.652999997138977,
        "tough_vs_raising_1": 0.5270000100135803,
        "tough_vs_raising_2": 0.7570000290870667,
        "transitive": 0.7860000133514404,
        "wh_island": 0.5649999976158142,
        "wh_questions_object_gap": 0.6299999952316284,
        "wh_questions_subject_gap": 0.9020000100135803,
        "wh_questions_subject_gap_long_distance": 0.890999972820282,
        "wh_vs_that_no_gap": 0.9649999737739563,
        "wh_vs_that_no_gap_long_distance": 0.9829999804496765,
        "wh_vs_that_with_gap": 0.2680000066757202,
        "wh_vs_that_with_gap_long_distance": 0.09000000357627869
    }
}