{
    "accuracy": 0.6929552248164789,
    "by_phenomenon": {
        "anaphor_agreement": 0.8090000152587891,
        "argument_structure": 0.7251428621155875,
        "binding": 0.7127142804009574,
        "control_raising": 0.7035999894142151,
        "determiner_noun_agreement": 0.8667500019073486,
        "ellipsis": 0.7934999763965607,
        "filler_gap_dependency": 0.677571428673608,
        "irregular_forms": 0.8700000047683716,
        "island_effects": 0.5298750028014183,
        "npi_licensing": 0.4975714385509491,
        "quantifiers": 0.6372499987483025,
        "s-selection": 0.7440000176429749,
        "subject_verb_agreement": 0.7439999977747599
    },
    "by_uid": {
        "adjunct_island": 0.6190000176429749,
        "anaphor_gender_agreement": 0.6790000200271606,
        "anaphor_number_agreement": 0.9390000104904175,
        "animate_subject_passive": 0.7480000257492065,
        "animate_subject_trans": 0.7400000095367432,
        "causative": 0.6019999980926514,
        "complex_NP_island": 0.5360000133514404,
        "coordinate_structure_constraint_complex_left_branch": 0.29499998688697815,
        "coordinate_structure_constraint_object_extraction": 0.671999990940094,
        "determiner_noun_agreement_1": 0.9359999895095825,
        "determiner_noun_agreement_2": 0.9200000166893005,
        "determiner_noun_agreement_irregular_1": 0.8050000071525574,
        "determiner_noun_agreement_irregular_2": 0.8880000114440918,
        "determiner_noun_agreement_with_adj_2": 0.8920000195503235,
        "determiner_noun_agreement_with_adj_irregular_1": 0.7450000047683716,
        "determiner_noun_agreement_with_adj_irregular_2": 0.8429999947547913,
        "determiner_noun_agreement_with_adjective_1": 0.9049999713897705,
        "distractor_agreement_relational_noun": 0.7239999771118164,
        "distractor_agreement_relative_clause": 0.39899998903274536,
        "drop_argument": 0.7419999837875366,
        "ellipsis_n_bar_1": 0.7429999709129333,
        "ellipsis_n_bar_2": 0.843999981880188,
        "existential_there_object_raising": 0.8069999814033508,
        "existential_there_quantifiers_1": 0.9549999833106995,
        "existential_there_quantifiers_2": 0.367000013589859,
        "existential_there_subject_raising": 0.7419999837875366,
        "expletive_it_object_raising": 0.7099999785423279,
        "inchoative": 0.5260000228881836,
        "intransitive": 0.6880000233650208,
        "irregular_past_participle_adjectives": 0.8389999866485596,
        "irregular_past_participle_verbs": 0.9010000228881836,
        "irregular_plural_subject_verb_agreement_1": 0.7670000195503235,
        "irregular_plural_subject_verb_agreement_2": 0.8420000076293945,
        "left_branch_island_echo_question": 0.5109999775886536,
        "left_branch_island_simple_question": 0.4480000138282776,
        "matrix_question_npi_licensor_present": 0.21799999475479126,
        "npi_present_1": 0.5210000276565552,
        "npi_present_2": 0.5210000276565552,
        "only_npi_licensor_present": 0.29100000858306885,
        "only_npi_scope": 0.4970000088214874,
        "passive_1": 0.8820000290870667,
        "passive_2": 0.8560000061988831,
        "principle_A_c_command": 0.5379999876022339,
        "principle_A_case_1": 1.0,
        "principle_A_case_2": 0.8389999866485596,
        "principle_A_domain_1": 0.9909999966621399,
        "principle_A_domain_2": 0.8009999990463257,
        "principle_A_domain_3": 0.5,
        "principle_A_reconstruction": 0.3199999928474426,
        "regular_plural_subject_verb_agreement_1": 0.8420000076293945,
        "regular_plural_subject_verb_agreement_2": 0.8899999856948853,
        "sentential_negation_npi_licensor_present": 0.9959999918937683,
        "sentential_negation_npi_scope": 0.4390000104904175,
        "sentential_subject_island": 0.3540000021457672,
        "superlative_quantifiers_1": 0.5979999899864197,
        "superlative_quantifiers_2": 0.6290000081062317,
        "tough_vs_raising_1": 0.5860000252723694,
        "tough_vs_raising_2": 0.6729999780654907,
        "transitive": 0.7799999713897705,
        "wh_island": 0.8040000200271606,
        "wh_questions_object_gap": 0.6579999923706055,
        "wh_questions_subject_gap": 0.902999997138977,
        "wh_questions_subject_gap_long_distance": 0.9200000166893005,
        "wh_vs_that_no_gap": 0.9810000061988831,
        "wh_vs_that_no_gap_long_distance": 0.9909999966621399,
        "wh_vs_that_with_gap": 0.22499999403953552,
        "wh_vs_that_with_gap_long_distance": 0.06499999761581421
    }
}