{
    "accuracy": 0.6087014946474958,
    "by_phenomenon": {
        "anaphor_agreement": 0.5600000023841858,
        "argument_structure": 0.6378571433680398,
        "binding": 0.6555714309215546,
        "control_raising": 0.6332000076770783,
        "determiner_noun_agreement": 0.7571249976754189,
        "ellipsis": 0.5609999895095825,
        "filler_gap_dependency": 0.6551428586244583,
        "irregular_forms": 0.7115000188350677,
        "island_effects": 0.4906250014901161,
        "npi_licensing": 0.4971428598676409,
        "quantifiers": 0.5714999996125698,
        "s-selection": 0.6984999775886536,
        "subject_verb_agreement": 0.5278333475192388
    },
    "by_uid": {
        "adjunct_island": 0.6769999861717224,
        "anaphor_gender_agreement": 0.44999998807907104,
        "anaphor_number_agreement": 0.6700000166893005,
        "animate_subject_passive": 0.7419999837875366,
        "animate_subject_trans": 0.6549999713897705,
        "causative": 0.4620000123977661,
        "complex_NP_island": 0.4830000102519989,
        "coordinate_structure_constraint_complex_left_branch": 0.3140000104904175,
        "coordinate_structure_constraint_object_extraction": 0.625,
        "determiner_noun_agreement_1": 0.8169999718666077,
        "determiner_noun_agreement_2": 0.8100000023841858,
        "determiner_noun_agreement_irregular_1": 0.703000009059906,
        "determiner_noun_agreement_irregular_2": 0.7630000114440918,
        "determiner_noun_agreement_with_adj_2": 0.8140000104904175,
        "determiner_noun_agreement_with_adj_irregular_1": 0.6330000162124634,
        "determiner_noun_agreement_with_adj_irregular_2": 0.7369999885559082,
        "determiner_noun_agreement_with_adjective_1": 0.7799999713897705,
        "distractor_agreement_relational_noun": 0.3400000035762787,
        "distractor_agreement_relative_clause": 0.3050000071525574,
        "drop_argument": 0.7200000286102295,
        "ellipsis_n_bar_1": 0.6060000061988831,
        "ellipsis_n_bar_2": 0.515999972820282,
        "existential_there_object_raising": 0.7549999952316284,
        "existential_there_quantifiers_1": 0.8960000276565552,
        "existential_there_quantifiers_2": 0.23999999463558197,
        "existential_there_subject_raising": 0.6000000238418579,
        "expletive_it_object_raising": 0.7170000076293945,
        "inchoative": 0.38600000739097595,
        "intransitive": 0.5460000038146973,
        "irregular_past_participle_adjectives": 0.7400000095367432,
        "irregular_past_participle_verbs": 0.6830000281333923,
        "irregular_plural_subject_verb_agreement_1": 0.6190000176429749,
        "irregular_plural_subject_verb_agreement_2": 0.6690000295639038,
        "left_branch_island_echo_question": 0.41999998688697815,
        "left_branch_island_simple_question": 0.42500001192092896,
        "matrix_question_npi_licensor_present": 0.25200000405311584,
        "npi_present_1": 0.28200000524520874,
        "npi_present_2": 0.3009999990463257,
        "only_npi_licensor_present": 0.4580000042915344,
        "only_npi_scope": 0.7239999771118164,
        "passive_1": 0.8330000042915344,
        "passive_2": 0.8169999718666077,
        "principle_A_c_command": 0.5680000185966492,
        "principle_A_case_1": 1.0,
        "principle_A_case_2": 0.6370000243186951,
        "principle_A_domain_1": 0.9259999990463257,
        "principle_A_domain_2": 0.6629999876022339,
        "principle_A_domain_3": 0.45899999141693115,
        "principle_A_reconstruction": 0.335999995470047,
        "regular_plural_subject_verb_agreement_1": 0.6480000019073486,
        "regular_plural_subject_verb_agreement_2": 0.5860000252723694,
        "sentential_negation_npi_licensor_present": 0.9940000176429749,
        "sentential_negation_npi_scope": 0.4690000116825104,
        "sentential_subject_island": 0.4909999966621399,
        "superlative_quantifiers_1": 0.7519999742507935,
        "superlative_quantifiers_2": 0.39800000190734863,
        "tough_vs_raising_1": 0.3919999897480011,
        "tough_vs_raising_2": 0.7020000219345093,
        "transitive": 0.7009999752044678,
        "wh_island": 0.49000000953674316,
        "wh_questions_object_gap": 0.5849999785423279,
        "wh_questions_subject_gap": 0.9010000228881836,
        "wh_questions_subject_gap_long_distance": 0.9570000171661377,
        "wh_vs_that_no_gap": 0.9570000171661377,
        "wh_vs_that_no_gap_long_distance": 0.9649999737739563,
        "wh_vs_that_with_gap": 0.15399999916553497,
        "wh_vs_that_with_gap_long_distance": 0.06700000166893005
    }
}