{
    "accuracy": 0.699029851093221,
    "by_phenomenon": {
        "anaphor_agreement": 0.80799999833107,
        "argument_structure": 0.7138571483748299,
        "binding": 0.7240000026566642,
        "control_raising": 0.70660001039505,
        "determiner_noun_agreement": 0.8658749908208847,
        "ellipsis": 0.7649999856948853,
        "filler_gap_dependency": 0.6791428625583649,
        "irregular_forms": 0.9280000030994415,
        "island_effects": 0.49962499737739563,
        "npi_licensing": 0.5309999947037015,
        "quantifiers": 0.7105000093579292,
        "s-selection": 0.7950000166893005,
        "subject_verb_agreement": 0.7346666604280472
    },
    "by_uid": {
        "adjunct_island": 0.6790000200271606,
        "anaphor_gender_agreement": 0.6880000233650208,
        "anaphor_number_agreement": 0.9279999732971191,
        "animate_subject_passive": 0.7850000262260437,
        "animate_subject_trans": 0.8050000071525574,
        "causative": 0.5630000233650208,
        "complex_NP_island": 0.5149999856948853,
        "coordinate_structure_constraint_complex_left_branch": 0.2849999964237213,
        "coordinate_structure_constraint_object_extraction": 0.7099999785423279,
        "determiner_noun_agreement_1": 0.9340000152587891,
        "determiner_noun_agreement_2": 0.9390000104904175,
        "determiner_noun_agreement_irregular_1": 0.7979999780654907,
        "determiner_noun_agreement_irregular_2": 0.8769999742507935,
        "determiner_noun_agreement_with_adj_2": 0.8809999823570251,
        "determiner_noun_agreement_with_adj_irregular_1": 0.7680000066757202,
        "determiner_noun_agreement_with_adj_irregular_2": 0.843999981880188,
        "determiner_noun_agreement_with_adjective_1": 0.8859999775886536,
        "distractor_agreement_relational_noun": 0.6710000038146973,
        "distractor_agreement_relative_clause": 0.38100001215934753,
        "drop_argument": 0.7440000176429749,
        "ellipsis_n_bar_1": 0.699999988079071,
        "ellipsis_n_bar_2": 0.8299999833106995,
        "existential_there_object_raising": 0.781000018119812,
        "existential_there_quantifiers_1": 0.9679999947547913,
        "existential_there_quantifiers_2": 0.45100000500679016,
        "existential_there_subject_raising": 0.7269999980926514,
        "expletive_it_object_raising": 0.7360000014305115,
        "inchoative": 0.5090000033378601,
        "intransitive": 0.6809999942779541,
        "irregular_past_participle_adjectives": 0.9430000185966492,
        "irregular_past_participle_verbs": 0.9129999876022339,
        "irregular_plural_subject_verb_agreement_1": 0.7929999828338623,
        "irregular_plural_subject_verb_agreement_2": 0.847000002861023,
        "left_branch_island_echo_question": 0.44999998807907104,
        "left_branch_island_simple_question": 0.37700000405311584,
        "matrix_question_npi_licensor_present": 0.18199999630451202,
        "npi_present_1": 0.46399998664855957,
        "npi_present_2": 0.5590000152587891,
        "only_npi_licensor_present": 0.5019999742507935,
        "only_npi_scope": 0.6399999856948853,
        "passive_1": 0.8640000224113464,
        "passive_2": 0.8479999899864197,
        "principle_A_c_command": 0.5479999780654907,
        "principle_A_case_1": 1.0,
        "principle_A_case_2": 0.8510000109672546,
        "principle_A_domain_1": 0.9850000143051147,
        "principle_A_domain_2": 0.781000018119812,
        "principle_A_domain_3": 0.48399999737739563,
        "principle_A_reconstruction": 0.4189999997615814,
        "regular_plural_subject_verb_agreement_1": 0.871999979019165,
        "regular_plural_subject_verb_agreement_2": 0.843999981880188,
        "sentential_negation_npi_licensor_present": 0.9850000143051147,
        "sentential_negation_npi_scope": 0.38499999046325684,
        "sentential_subject_island": 0.328000009059906,
        "superlative_quantifiers_1": 0.6330000162124634,
        "superlative_quantifiers_2": 0.7900000214576721,
        "tough_vs_raising_1": 0.5440000295639038,
        "tough_vs_raising_2": 0.7450000047683716,
        "transitive": 0.7879999876022339,
        "wh_island": 0.652999997138977,
        "wh_questions_object_gap": 0.656000018119812,
        "wh_questions_subject_gap": 0.8849999904632568,
        "wh_questions_subject_gap_long_distance": 0.8930000066757202,
        "wh_vs_that_no_gap": 0.9580000042915344,
        "wh_vs_that_no_gap_long_distance": 0.9860000014305115,
        "wh_vs_that_with_gap": 0.27900001406669617,
        "wh_vs_that_with_gap_long_distance": 0.09700000286102295
    }
}