{
    "accuracy": 0.5670298496956256,
    "by_phenomenon": {
        "anaphor_agreement": 0.4689999967813492,
        "argument_structure": 0.5947142924581256,
        "binding": 0.6272857146603721,
        "control_raising": 0.6000000059604644,
        "determiner_noun_agreement": 0.5448749996721745,
        "ellipsis": 0.31849999725818634,
        "filler_gap_dependency": 0.6558571319494929,
        "irregular_forms": 0.7054999768733978,
        "island_effects": 0.5295000001788139,
        "npi_licensing": 0.5691428482532501,
        "quantifiers": 0.5495000034570694,
        "s-selection": 0.6200000047683716,
        "subject_verb_agreement": 0.4738333374261856
    },
    "by_uid": {
        "adjunct_island": 0.7739999890327454,
        "anaphor_gender_agreement": 0.44200000166893005,
        "anaphor_number_agreement": 0.4959999918937683,
        "animate_subject_passive": 0.6660000085830688,
        "animate_subject_trans": 0.5740000009536743,
        "causative": 0.43299999833106995,
        "complex_NP_island": 0.49399998784065247,
        "coordinate_structure_constraint_complex_left_branch": 0.27000001072883606,
        "coordinate_structure_constraint_object_extraction": 0.4620000123977661,
        "determiner_noun_agreement_1": 0.6359999775886536,
        "determiner_noun_agreement_2": 0.5239999890327454,
        "determiner_noun_agreement_irregular_1": 0.574999988079071,
        "determiner_noun_agreement_irregular_2": 0.5979999899864197,
        "determiner_noun_agreement_with_adj_2": 0.5040000081062317,
        "determiner_noun_agreement_with_adj_irregular_1": 0.4830000102519989,
        "determiner_noun_agreement_with_adj_irregular_2": 0.5080000162124634,
        "determiner_noun_agreement_with_adjective_1": 0.531000018119812,
        "distractor_agreement_relational_noun": 0.3440000116825104,
        "distractor_agreement_relative_clause": 0.34700000286102295,
        "drop_argument": 0.7110000252723694,
        "ellipsis_n_bar_1": 0.23100000619888306,
        "ellipsis_n_bar_2": 0.4059999883174896,
        "existential_there_object_raising": 0.7409999966621399,
        "existential_there_quantifiers_1": 0.8090000152587891,
        "existential_there_quantifiers_2": 0.3179999887943268,
        "existential_there_subject_raising": 0.5080000162124634,
        "expletive_it_object_raising": 0.7070000171661377,
        "inchoative": 0.38100001215934753,
        "intransitive": 0.5260000228881836,
        "irregular_past_participle_adjectives": 0.7699999809265137,
        "irregular_past_participle_verbs": 0.640999972820282,
        "irregular_plural_subject_verb_agreement_1": 0.546999990940094,
        "irregular_plural_subject_verb_agreement_2": 0.5260000228881836,
        "left_branch_island_echo_question": 0.5540000200271606,
        "left_branch_island_simple_question": 0.30000001192092896,
        "matrix_question_npi_licensor_present": 0.22499999403953552,
        "npi_present_1": 0.5009999871253967,
        "npi_present_2": 0.4569999873638153,
        "only_npi_licensor_present": 0.6809999942779541,
        "only_npi_scope": 0.6779999732971191,
        "passive_1": 0.7409999966621399,
        "passive_2": 0.7279999852180481,
        "principle_A_c_command": 0.5950000286102295,
        "principle_A_case_1": 1.0,
        "principle_A_case_2": 0.5189999938011169,
        "principle_A_domain_1": 0.9819999933242798,
        "principle_A_domain_2": 0.5460000038146973,
        "principle_A_domain_3": 0.4659999907016754,
        "principle_A_reconstruction": 0.28299999237060547,
        "regular_plural_subject_verb_agreement_1": 0.5889999866485596,
        "regular_plural_subject_verb_agreement_2": 0.49000000953674316,
        "sentential_negation_npi_licensor_present": 0.9990000128746033,
        "sentential_negation_npi_scope": 0.4429999887943268,
        "sentential_subject_island": 0.5289999842643738,
        "superlative_quantifiers_1": 0.4050000011920929,
        "superlative_quantifiers_2": 0.6660000085830688,
        "tough_vs_raising_1": 0.4410000145435333,
        "tough_vs_raising_2": 0.6029999852180481,
        "transitive": 0.6430000066757202,
        "wh_island": 0.8529999852180481,
        "wh_questions_object_gap": 0.6209999918937683,
        "wh_questions_subject_gap": 0.9459999799728394,
        "wh_questions_subject_gap_long_distance": 0.9559999704360962,
        "wh_vs_that_no_gap": 0.9819999933242798,
        "wh_vs_that_no_gap_long_distance": 0.9779999852180481,
        "wh_vs_that_with_gap": 0.06700000166893005,
        "wh_vs_that_with_gap_long_distance": 0.04100000113248825
    }
}