{
    "accuracy": 0.6693432828161254,
    "by_phenomenon": {
        "anaphor_agreement": 0.7235000133514404,
        "argument_structure": 0.7040000004427773,
        "binding": 0.7097142892224448,
        "control_raising": 0.7035999953746795,
        "determiner_noun_agreement": 0.8570000007748604,
        "ellipsis": 0.7199999988079071,
        "filler_gap_dependency": 0.6624285780957767,
        "irregular_forms": 0.9204999804496765,
        "island_effects": 0.43912499211728573,
        "npi_licensing": 0.5288571459906442,
        "quantifiers": 0.6067500002682209,
        "s-selection": 0.7164999842643738,
        "subject_verb_agreement": 0.6893333295981089
    },
    "by_uid": {
        "adjunct_island": 0.6439999938011169,
        "anaphor_gender_agreement": 0.628000020980835,
        "anaphor_number_agreement": 0.8190000057220459,
        "animate_subject_passive": 0.7289999723434448,
        "animate_subject_trans": 0.7039999961853027,
        "causative": 0.5759999752044678,
        "complex_NP_island": 0.4790000021457672,
        "coordinate_structure_constraint_complex_left_branch": 0.20900000631809235,
        "coordinate_structure_constraint_object_extraction": 0.5759999752044678,
        "determiner_noun_agreement_1": 0.9129999876022339,
        "determiner_noun_agreement_2": 0.9190000295639038,
        "determiner_noun_agreement_irregular_1": 0.7960000038146973,
        "determiner_noun_agreement_irregular_2": 0.8740000128746033,
        "determiner_noun_agreement_with_adj_2": 0.8980000019073486,
        "determiner_noun_agreement_with_adj_irregular_1": 0.7409999966621399,
        "determiner_noun_agreement_with_adj_irregular_2": 0.8240000009536743,
        "determiner_noun_agreement_with_adjective_1": 0.890999972820282,
        "distractor_agreement_relational_noun": 0.5529999732971191,
        "distractor_agreement_relative_clause": 0.35600000619888306,
        "drop_argument": 0.734000027179718,
        "ellipsis_n_bar_1": 0.6430000066757202,
        "ellipsis_n_bar_2": 0.796999990940094,
        "existential_there_object_raising": 0.8299999833106995,
        "existential_there_quantifiers_1": 0.9459999799728394,
        "existential_there_quantifiers_2": 0.22300000488758087,
        "existential_there_subject_raising": 0.7630000114440918,
        "expletive_it_object_raising": 0.746999979019165,
        "inchoative": 0.4880000054836273,
        "intransitive": 0.621999979019165,
        "irregular_past_participle_adjectives": 0.9559999704360962,
        "irregular_past_participle_verbs": 0.8849999904632568,
        "irregular_plural_subject_verb_agreement_1": 0.7559999823570251,
        "irregular_plural_subject_verb_agreement_2": 0.8370000123977661,
        "left_branch_island_echo_question": 0.38999998569488525,
        "left_branch_island_simple_question": 0.3479999899864197,
        "matrix_question_npi_licensor_present": 0.25200000405311584,
        "npi_present_1": 0.5379999876022339,
        "npi_present_2": 0.4230000078678131,
        "only_npi_licensor_present": 0.5130000114440918,
        "only_npi_scope": 0.6200000047683716,
        "passive_1": 0.875,
        "passive_2": 0.8560000061988831,
        "principle_A_c_command": 0.5199999809265137,
        "principle_A_case_1": 1.0,
        "principle_A_case_2": 0.8379999995231628,
        "principle_A_domain_1": 0.9890000224113464,
        "principle_A_domain_2": 0.7360000014305115,
        "principle_A_domain_3": 0.4880000054836273,
        "principle_A_reconstruction": 0.3970000147819519,
        "regular_plural_subject_verb_agreement_1": 0.7770000100135803,
        "regular_plural_subject_verb_agreement_2": 0.8569999933242798,
        "sentential_negation_npi_licensor_present": 1.0,
        "sentential_negation_npi_scope": 0.35600000619888306,
        "sentential_subject_island": 0.3919999897480011,
        "superlative_quantifiers_1": 0.5370000004768372,
        "superlative_quantifiers_2": 0.7210000157356262,
        "tough_vs_raising_1": 0.41999998688697815,
        "tough_vs_raising_2": 0.7580000162124634,
        "transitive": 0.7770000100135803,
        "wh_island": 0.4749999940395355,
        "wh_questions_object_gap": 0.5929999947547913,
        "wh_questions_subject_gap": 0.9020000100135803,
        "wh_questions_subject_gap_long_distance": 0.9470000267028809,
        "wh_vs_that_no_gap": 0.9900000095367432,
        "wh_vs_that_no_gap_long_distance": 0.9950000047683716,
        "wh_vs_that_with_gap": 0.16200000047683716,
        "wh_vs_that_with_gap_long_distance": 0.04800000041723251
    }
}