{
    "accuracy": 0.690880596971334,
    "by_phenomenon": {
        "anaphor_agreement": 0.8715000152587891,
        "argument_structure": 0.7332857080868312,
        "binding": 0.6959999991314751,
        "control_raising": 0.7074000000953674,
        "determiner_noun_agreement": 0.8809999898076057,
        "ellipsis": 0.7705000042915344,
        "filler_gap_dependency": 0.6882857158780098,
        "irregular_forms": 0.9045000076293945,
        "island_effects": 0.47049999982118607,
        "npi_licensing": 0.4982857129403523,
        "quantifiers": 0.6354999989271164,
        "s-selection": 0.7865000069141388,
        "subject_verb_agreement": 0.7368333439032236
    },
    "by_uid": {
        "adjunct_island": 0.6039999723434448,
        "anaphor_gender_agreement": 0.800000011920929,
        "anaphor_number_agreement": 0.9430000185966492,
        "animate_subject_passive": 0.7770000100135803,
        "animate_subject_trans": 0.7960000038146973,
        "causative": 0.5929999947547913,
        "complex_NP_island": 0.49399998784065247,
        "coordinate_structure_constraint_complex_left_branch": 0.24699999392032623,
        "coordinate_structure_constraint_object_extraction": 0.6790000200271606,
        "determiner_noun_agreement_1": 0.953000009059906,
        "determiner_noun_agreement_2": 0.9459999799728394,
        "determiner_noun_agreement_irregular_1": 0.8159999847412109,
        "determiner_noun_agreement_irregular_2": 0.8980000019073486,
        "determiner_noun_agreement_with_adj_2": 0.890999972820282,
        "determiner_noun_agreement_with_adj_irregular_1": 0.7870000004768372,
        "determiner_noun_agreement_with_adj_irregular_2": 0.871999979019165,
        "determiner_noun_agreement_with_adjective_1": 0.8849999904632568,
        "distractor_agreement_relational_noun": 0.7400000095367432,
        "distractor_agreement_relative_clause": 0.37400001287460327,
        "drop_argument": 0.7509999871253967,
        "ellipsis_n_bar_1": 0.7260000109672546,
        "ellipsis_n_bar_2": 0.8149999976158142,
        "existential_there_object_raising": 0.7490000128746033,
        "existential_there_quantifiers_1": 0.9549999833106995,
        "existential_there_quantifiers_2": 0.45399999618530273,
        "existential_there_subject_raising": 0.7599999904632568,
        "expletive_it_object_raising": 0.7070000171661377,
        "inchoative": 0.5350000262260437,
        "intransitive": 0.7229999899864197,
        "irregular_past_participle_adjectives": 0.9620000123977661,
        "irregular_past_participle_verbs": 0.847000002861023,
        "irregular_plural_subject_verb_agreement_1": 0.7770000100135803,
        "irregular_plural_subject_verb_agreement_2": 0.8479999899864197,
        "left_branch_island_echo_question": 0.4580000042915344,
        "left_branch_island_simple_question": 0.2879999876022339,
        "matrix_question_npi_licensor_present": 0.24899999797344208,
        "npi_present_1": 0.5360000133514404,
        "npi_present_2": 0.5429999828338623,
        "only_npi_licensor_present": 0.30000001192092896,
        "only_npi_scope": 0.45500001311302185,
        "passive_1": 0.8679999709129333,
        "passive_2": 0.8740000128746033,
        "principle_A_c_command": 0.49799999594688416,
        "principle_A_case_1": 1.0,
        "principle_A_case_2": 0.8539999723434448,
        "principle_A_domain_1": 0.9869999885559082,
        "principle_A_domain_2": 0.8080000281333923,
        "principle_A_domain_3": 0.4790000021457672,
        "principle_A_reconstruction": 0.2460000067949295,
        "regular_plural_subject_verb_agreement_1": 0.8370000123977661,
        "regular_plural_subject_verb_agreement_2": 0.8450000286102295,
        "sentential_negation_npi_licensor_present": 0.9929999709129333,
        "sentential_negation_npi_scope": 0.41200000047683716,
        "sentential_subject_island": 0.2460000067949295,
        "superlative_quantifiers_1": 0.6290000081062317,
        "superlative_quantifiers_2": 0.5040000081062317,
        "tough_vs_raising_1": 0.5799999833106995,
        "tough_vs_raising_2": 0.7409999966621399,
        "transitive": 0.7889999747276306,
        "wh_island": 0.7480000257492065,
        "wh_questions_object_gap": 0.6589999794960022,
        "wh_questions_subject_gap": 0.9139999747276306,
        "wh_questions_subject_gap_long_distance": 0.9110000133514404,
        "wh_vs_that_no_gap": 0.9660000205039978,
        "wh_vs_that_no_gap_long_distance": 0.9890000224113464,
        "wh_vs_that_with_gap": 0.28700000047683716,
        "wh_vs_that_with_gap_long_distance": 0.09200000017881393
    }
}