{
    "accuracy": 0.694611942812578,
    "by_phenomenon": {
        "anaphor_agreement": 0.8020000159740448,
        "argument_structure": 0.721142862524305,
        "binding": 0.7268571513039725,
        "control_raising": 0.7009999990463257,
        "determiner_noun_agreement": 0.8734999969601631,
        "ellipsis": 0.7650000154972076,
        "filler_gap_dependency": 0.6807142900569099,
        "irregular_forms": 0.9284999966621399,
        "island_effects": 0.47299999371171,
        "npi_licensing": 0.5448571486132485,
        "quantifiers": 0.6267500072717667,
        "s-selection": 0.8030000030994415,
        "subject_verb_agreement": 0.7404999981323878
    },
    "by_uid": {
        "adjunct_island": 0.640999972820282,
        "anaphor_gender_agreement": 0.6830000281333923,
        "anaphor_number_agreement": 0.9210000038146973,
        "animate_subject_passive": 0.8090000152587891,
        "animate_subject_trans": 0.796999990940094,
        "causative": 0.5879999995231628,
        "complex_NP_island": 0.5360000133514404,
        "coordinate_structure_constraint_complex_left_branch": 0.2549999952316284,
        "coordinate_structure_constraint_object_extraction": 0.6809999942779541,
        "determiner_noun_agreement_1": 0.9490000009536743,
        "determiner_noun_agreement_2": 0.921999990940094,
        "determiner_noun_agreement_irregular_1": 0.8029999732971191,
        "determiner_noun_agreement_irregular_2": 0.8989999890327454,
        "determiner_noun_agreement_with_adj_2": 0.8859999775886536,
        "determiner_noun_agreement_with_adj_irregular_1": 0.7770000100135803,
        "determiner_noun_agreement_with_adj_irregular_2": 0.8510000109672546,
        "determiner_noun_agreement_with_adjective_1": 0.9010000228881836,
        "distractor_agreement_relational_noun": 0.7459999918937683,
        "distractor_agreement_relative_clause": 0.3779999911785126,
        "drop_argument": 0.7450000047683716,
        "ellipsis_n_bar_1": 0.7070000171661377,
        "ellipsis_n_bar_2": 0.8230000138282776,
        "existential_there_object_raising": 0.7590000033378601,
        "existential_there_quantifiers_1": 0.9629999995231628,
        "existential_there_quantifiers_2": 0.42500001192092896,
        "existential_there_subject_raising": 0.7350000143051147,
        "expletive_it_object_raising": 0.7310000061988831,
        "inchoative": 0.5180000066757202,
        "intransitive": 0.6859999895095825,
        "irregular_past_participle_adjectives": 0.9769999980926514,
        "irregular_past_participle_verbs": 0.8799999952316284,
        "irregular_plural_subject_verb_agreement_1": 0.8019999861717224,
        "irregular_plural_subject_verb_agreement_2": 0.847000002861023,
        "left_branch_island_echo_question": 0.46799999475479126,
        "left_branch_island_simple_question": 0.31200000643730164,
        "matrix_question_npi_licensor_present": 0.1850000023841858,
        "npi_present_1": 0.578000009059906,
        "npi_present_2": 0.5210000276565552,
        "only_npi_licensor_present": 0.5830000042915344,
        "only_npi_scope": 0.5260000228881836,
        "passive_1": 0.8690000176429749,
        "passive_2": 0.8550000190734863,
        "principle_A_c_command": 0.5720000267028809,
        "principle_A_case_1": 1.0,
        "principle_A_case_2": 0.859000027179718,
        "principle_A_domain_1": 0.9919999837875366,
        "principle_A_domain_2": 0.7910000085830688,
        "principle_A_domain_3": 0.4880000054836273,
        "principle_A_reconstruction": 0.38600000739097595,
        "regular_plural_subject_verb_agreement_1": 0.847000002861023,
        "regular_plural_subject_verb_agreement_2": 0.8230000138282776,
        "sentential_negation_npi_licensor_present": 0.9869999885559082,
        "sentential_negation_npi_scope": 0.4339999854564667,
        "sentential_subject_island": 0.27399998903274536,
        "superlative_quantifiers_1": 0.5099999904632568,
        "superlative_quantifiers_2": 0.609000027179718,
        "tough_vs_raising_1": 0.5389999747276306,
        "tough_vs_raising_2": 0.7409999966621399,
        "transitive": 0.7870000004768372,
        "wh_island": 0.6169999837875366,
        "wh_questions_object_gap": 0.6620000004768372,
        "wh_questions_subject_gap": 0.9150000214576721,
        "wh_questions_subject_gap_long_distance": 0.8610000014305115,
        "wh_vs_that_no_gap": 0.9710000157356262,
        "wh_vs_that_no_gap_long_distance": 0.9819999933242798,
        "wh_vs_that_with_gap": 0.2800000011920929,
        "wh_vs_that_with_gap_long_distance": 0.09399999678134918
    }
}