{
    "accuracy": 0.6947014921191913,
    "by_phenomenon": {
        "anaphor_agreement": 0.7925000190734863,
        "argument_structure": 0.7258571301187787,
        "binding": 0.7209999987057277,
        "control_raising": 0.7127999901771546,
        "determiner_noun_agreement": 0.8765000030398369,
        "ellipsis": 0.761000007390976,
        "filler_gap_dependency": 0.6942857142005648,
        "irregular_forms": 0.9210000038146973,
        "island_effects": 0.4756249990314245,
        "npi_licensing": 0.5127142859356744,
        "quantifiers": 0.6440000012516975,
        "s-selection": 0.781000018119812,
        "subject_verb_agreement": 0.75
    },
    "by_uid": {
        "adjunct_island": 0.7139999866485596,
        "anaphor_gender_agreement": 0.6740000247955322,
        "anaphor_number_agreement": 0.9110000133514404,
        "animate_subject_passive": 0.7760000228881836,
        "animate_subject_trans": 0.7860000133514404,
        "causative": 0.5849999785423279,
        "complex_NP_island": 0.5149999856948853,
        "coordinate_structure_constraint_complex_left_branch": 0.22100000083446503,
        "coordinate_structure_constraint_object_extraction": 0.7099999785423279,
        "determiner_noun_agreement_1": 0.953000009059906,
        "determiner_noun_agreement_2": 0.9309999942779541,
        "determiner_noun_agreement_irregular_1": 0.828000009059906,
        "determiner_noun_agreement_irregular_2": 0.8930000066757202,
        "determiner_noun_agreement_with_adj_2": 0.8889999985694885,
        "determiner_noun_agreement_with_adj_irregular_1": 0.781000018119812,
        "determiner_noun_agreement_with_adj_irregular_2": 0.8460000157356262,
        "determiner_noun_agreement_with_adjective_1": 0.890999972820282,
        "distractor_agreement_relational_noun": 0.7080000042915344,
        "distractor_agreement_relative_clause": 0.4020000100135803,
        "drop_argument": 0.7250000238418579,
        "ellipsis_n_bar_1": 0.7179999947547913,
        "ellipsis_n_bar_2": 0.8040000200271606,
        "existential_there_object_raising": 0.7860000133514404,
        "existential_there_quantifiers_1": 0.9300000071525574,
        "existential_there_quantifiers_2": 0.2980000078678131,
        "existential_there_subject_raising": 0.7429999709129333,
        "expletive_it_object_raising": 0.7559999823570251,
        "inchoative": 0.5289999842643738,
        "intransitive": 0.6949999928474426,
        "irregular_past_participle_adjectives": 0.9819999933242798,
        "irregular_past_participle_verbs": 0.8600000143051147,
        "irregular_plural_subject_verb_agreement_1": 0.7799999713897705,
        "irregular_plural_subject_verb_agreement_2": 0.8600000143051147,
        "left_branch_island_echo_question": 0.3889999985694885,
        "left_branch_island_simple_question": 0.30000001192092896,
        "matrix_question_npi_licensor_present": 0.1770000010728836,
        "npi_present_1": 0.5659999847412109,
        "npi_present_2": 0.5559999942779541,
        "only_npi_licensor_present": 0.2809999883174896,
        "only_npi_scope": 0.609000027179718,
        "passive_1": 0.8679999709129333,
        "passive_2": 0.8769999742507935,
        "principle_A_c_command": 0.5490000247955322,
        "principle_A_case_1": 1.0,
        "principle_A_case_2": 0.8769999742507935,
        "principle_A_domain_1": 0.9890000224113464,
        "principle_A_domain_2": 0.7829999923706055,
        "principle_A_domain_3": 0.47999998927116394,
        "principle_A_reconstruction": 0.36899998784065247,
        "regular_plural_subject_verb_agreement_1": 0.8569999933242798,
        "regular_plural_subject_verb_agreement_2": 0.8930000066757202,
        "sentential_negation_npi_licensor_present": 0.9959999918937683,
        "sentential_negation_npi_scope": 0.40400001406669617,
        "sentential_subject_island": 0.30000001192092896,
        "superlative_quantifiers_1": 0.6010000109672546,
        "superlative_quantifiers_2": 0.746999979019165,
        "tough_vs_raising_1": 0.5410000085830688,
        "tough_vs_raising_2": 0.7379999756813049,
        "transitive": 0.8019999861717224,
        "wh_island": 0.656000018119812,
        "wh_questions_object_gap": 0.6669999957084656,
        "wh_questions_subject_gap": 0.8949999809265137,
        "wh_questions_subject_gap_long_distance": 0.8640000224113464,
        "wh_vs_that_no_gap": 0.9599999785423279,
        "wh_vs_that_no_gap_long_distance": 0.9800000190734863,
        "wh_vs_that_with_gap": 0.3630000054836273,
        "wh_vs_that_with_gap_long_distance": 0.13099999725818634
    }
}