{
    "accuracy": 0.706895521994847,
    "by_phenomenon": {
        "anaphor_agreement": 0.8030000030994415,
        "argument_structure": 0.7225714240755353,
        "binding": 0.7224285687719073,
        "control_raising": 0.7077999949455261,
        "determiner_noun_agreement": 0.8682499974966049,
        "ellipsis": 0.7770000100135803,
        "filler_gap_dependency": 0.6858571427209037,
        "irregular_forms": 0.9284999966621399,
        "island_effects": 0.5326250046491623,
        "npi_licensing": 0.5614285703216281,
        "quantifiers": 0.7000000029802322,
        "s-selection": 0.7609999775886536,
        "subject_verb_agreement": 0.7385000089804331
    },
    "by_uid": {
        "adjunct_island": 0.7039999961853027,
        "anaphor_gender_agreement": 0.6869999766349792,
        "anaphor_number_agreement": 0.9190000295639038,
        "animate_subject_passive": 0.765999972820282,
        "animate_subject_trans": 0.7559999823570251,
        "causative": 0.5989999771118164,
        "complex_NP_island": 0.492000013589859,
        "coordinate_structure_constraint_complex_left_branch": 0.30000001192092896,
        "coordinate_structure_constraint_object_extraction": 0.6610000133514404,
        "determiner_noun_agreement_1": 0.9340000152587891,
        "determiner_noun_agreement_2": 0.9049999713897705,
        "determiner_noun_agreement_irregular_1": 0.8109999895095825,
        "determiner_noun_agreement_irregular_2": 0.8999999761581421,
        "determiner_noun_agreement_with_adj_2": 0.8790000081062317,
        "determiner_noun_agreement_with_adj_irregular_1": 0.7680000066757202,
        "determiner_noun_agreement_with_adj_irregular_2": 0.8500000238418579,
        "determiner_noun_agreement_with_adjective_1": 0.8989999890327454,
        "distractor_agreement_relational_noun": 0.7160000205039978,
        "distractor_agreement_relative_clause": 0.34700000286102295,
        "drop_argument": 0.7400000095367432,
        "ellipsis_n_bar_1": 0.734000027179718,
        "ellipsis_n_bar_2": 0.8199999928474426,
        "existential_there_object_raising": 0.8050000071525574,
        "existential_there_quantifiers_1": 0.9419999718666077,
        "existential_there_quantifiers_2": 0.4300000071525574,
        "existential_there_subject_raising": 0.7419999837875366,
        "expletive_it_object_raising": 0.7139999866485596,
        "inchoative": 0.5189999938011169,
        "intransitive": 0.6909999847412109,
        "irregular_past_participle_adjectives": 0.968999981880188,
        "irregular_past_participle_verbs": 0.8880000114440918,
        "irregular_plural_subject_verb_agreement_1": 0.7630000114440918,
        "irregular_plural_subject_verb_agreement_2": 0.8659999966621399,
        "left_branch_island_echo_question": 0.49799999594688416,
        "left_branch_island_simple_question": 0.41100001335144043,
        "matrix_question_npi_licensor_present": 0.21899999678134918,
        "npi_present_1": 0.5619999766349792,
        "npi_present_2": 0.5239999890327454,
        "only_npi_licensor_present": 0.6439999938011169,
        "only_npi_scope": 0.5770000219345093,
        "passive_1": 0.8700000047683716,
        "passive_2": 0.8489999771118164,
        "principle_A_c_command": 0.5360000133514404,
        "principle_A_case_1": 1.0,
        "principle_A_case_2": 0.8759999871253967,
        "principle_A_domain_1": 0.9909999966621399,
        "principle_A_domain_2": 0.7929999828338623,
        "principle_A_domain_3": 0.4860000014305115,
        "principle_A_reconstruction": 0.375,
        "regular_plural_subject_verb_agreement_1": 0.8610000014305115,
        "regular_plural_subject_verb_agreement_2": 0.878000020980835,
        "sentential_negation_npi_licensor_present": 0.9890000224113464,
        "sentential_negation_npi_scope": 0.41499999165534973,
        "sentential_subject_island": 0.375,
        "superlative_quantifiers_1": 0.6930000185966492,
        "superlative_quantifiers_2": 0.7350000143051147,
        "tough_vs_raising_1": 0.5419999957084656,
        "tough_vs_raising_2": 0.7360000014305115,
        "transitive": 0.7900000214576721,
        "wh_island": 0.8199999928474426,
        "wh_questions_object_gap": 0.7099999785423279,
        "wh_questions_subject_gap": 0.9079999923706055,
        "wh_questions_subject_gap_long_distance": 0.9160000085830688,
        "wh_vs_that_no_gap": 0.9750000238418579,
        "wh_vs_that_no_gap_long_distance": 0.9950000047683716,
        "wh_vs_that_with_gap": 0.23199999332427979,
        "wh_vs_that_with_gap_long_distance": 0.06499999761581421
    }
}