{
    "accuracy": 0.7000447750758769,
    "by_phenomenon": {
        "anaphor_agreement": 0.7754999995231628,
        "argument_structure": 0.7195714371544975,
        "binding": 0.7177142884050097,
        "control_raising": 0.7133999943733216,
        "determiner_noun_agreement": 0.8843749985098839,
        "ellipsis": 0.7795000076293945,
        "filler_gap_dependency": 0.6814285718968937,
        "irregular_forms": 0.9244999885559082,
        "island_effects": 0.4791250005364418,
        "npi_licensing": 0.5375714174338749,
        "quantifiers": 0.6842499896883965,
        "s-selection": 0.7835000157356262,
        "subject_verb_agreement": 0.7618333299954733
    },
    "by_uid": {
        "adjunct_island": 0.7170000076293945,
        "anaphor_gender_agreement": 0.6389999985694885,
        "anaphor_number_agreement": 0.9120000004768372,
        "animate_subject_passive": 0.7900000214576721,
        "animate_subject_trans": 0.7770000100135803,
        "causative": 0.5720000267028809,
        "complex_NP_island": 0.5289999842643738,
        "coordinate_structure_constraint_complex_left_branch": 0.28999999165534973,
        "coordinate_structure_constraint_object_extraction": 0.6389999985694885,
        "determiner_noun_agreement_1": 0.9509999752044678,
        "determiner_noun_agreement_2": 0.9369999766349792,
        "determiner_noun_agreement_irregular_1": 0.824999988079071,
        "determiner_noun_agreement_irregular_2": 0.8920000195503235,
        "determiner_noun_agreement_with_adj_2": 0.906000018119812,
        "determiner_noun_agreement_with_adj_irregular_1": 0.7860000133514404,
        "determiner_noun_agreement_with_adj_irregular_2": 0.8730000257492065,
        "determiner_noun_agreement_with_adjective_1": 0.9049999713897705,
        "distractor_agreement_relational_noun": 0.7080000042915344,
        "distractor_agreement_relative_clause": 0.421999990940094,
        "drop_argument": 0.7400000095367432,
        "ellipsis_n_bar_1": 0.7160000205039978,
        "ellipsis_n_bar_2": 0.8429999947547913,
        "existential_there_object_raising": 0.7919999957084656,
        "existential_there_quantifiers_1": 0.9649999737739563,
        "existential_there_quantifiers_2": 0.460999995470047,
        "existential_there_subject_raising": 0.746999979019165,
        "expletive_it_object_raising": 0.722000002861023,
        "inchoative": 0.5239999890327454,
        "intransitive": 0.6930000185966492,
        "irregular_past_participle_adjectives": 0.9739999771118164,
        "irregular_past_participle_verbs": 0.875,
        "irregular_plural_subject_verb_agreement_1": 0.8149999976158142,
        "irregular_plural_subject_verb_agreement_2": 0.8690000176429749,
        "left_branch_island_echo_question": 0.4830000102519989,
        "left_branch_island_simple_question": 0.35899999737739563,
        "matrix_question_npi_licensor_present": 0.19200000166893005,
        "npi_present_1": 0.47699999809265137,
        "npi_present_2": 0.5049999952316284,
        "only_npi_licensor_present": 0.5669999718666077,
        "only_npi_scope": 0.6399999856948853,
        "passive_1": 0.8550000190734863,
        "passive_2": 0.8550000190734863,
        "principle_A_c_command": 0.5490000247955322,
        "principle_A_case_1": 1.0,
        "principle_A_case_2": 0.8640000224113464,
        "principle_A_domain_1": 0.9829999804496765,
        "principle_A_domain_2": 0.8019999861717224,
        "principle_A_domain_3": 0.46700000762939453,
        "principle_A_reconstruction": 0.35899999737739563,
        "regular_plural_subject_verb_agreement_1": 0.8709999918937683,
        "regular_plural_subject_verb_agreement_2": 0.8859999775886536,
        "sentential_negation_npi_licensor_present": 0.996999979019165,
        "sentential_negation_npi_scope": 0.38499999046325684,
        "sentential_subject_island": 0.3540000021457672,
        "superlative_quantifiers_1": 0.6259999871253967,
        "superlative_quantifiers_2": 0.6850000023841858,
        "tough_vs_raising_1": 0.5709999799728394,
        "tough_vs_raising_2": 0.7350000143051147,
        "transitive": 0.7979999780654907,
        "wh_island": 0.4620000123977661,
        "wh_questions_object_gap": 0.6669999957084656,
        "wh_questions_subject_gap": 0.8849999904632568,
        "wh_questions_subject_gap_long_distance": 0.859000027179718,
        "wh_vs_that_no_gap": 0.9649999737739563,
        "wh_vs_that_no_gap_long_distance": 0.984000027179718,
        "wh_vs_that_with_gap": 0.3109999895095825,
        "wh_vs_that_with_gap_long_distance": 0.0989999994635582
    }
}