{
    "accuracy": 0.697552235936051,
    "by_phenomenon": {
        "anaphor_agreement": 0.8255000114440918,
        "argument_structure": 0.7417142816952297,
        "binding": 0.7112857103347778,
        "control_raising": 0.7120000004768372,
        "determiner_noun_agreement": 0.8822499886155128,
        "ellipsis": 0.7664999961853027,
        "filler_gap_dependency": 0.6900000040020261,
        "irregular_forms": 0.8980000019073486,
        "island_effects": 0.47575000301003456,
        "npi_licensing": 0.5185714278902326,
        "quantifiers": 0.6617499813437462,
        "s-selection": 0.7754999995231628,
        "subject_verb_agreement": 0.7504999935626984
    },
    "by_uid": {
        "adjunct_island": 0.7160000205039978,
        "anaphor_gender_agreement": 0.722000002861023,
        "anaphor_number_agreement": 0.9290000200271606,
        "animate_subject_passive": 0.7710000276565552,
        "animate_subject_trans": 0.7799999713897705,
        "causative": 0.5989999771118164,
        "complex_NP_island": 0.4819999933242798,
        "coordinate_structure_constraint_complex_left_branch": 0.2150000035762787,
        "coordinate_structure_constraint_object_extraction": 0.7080000042915344,
        "determiner_noun_agreement_1": 0.9409999847412109,
        "determiner_noun_agreement_2": 0.9459999799728394,
        "determiner_noun_agreement_irregular_1": 0.8140000104904175,
        "determiner_noun_agreement_irregular_2": 0.9089999794960022,
        "determiner_noun_agreement_with_adj_2": 0.9179999828338623,
        "determiner_noun_agreement_with_adj_irregular_1": 0.7760000228881836,
        "determiner_noun_agreement_with_adj_irregular_2": 0.8629999756813049,
        "determiner_noun_agreement_with_adjective_1": 0.890999972820282,
        "distractor_agreement_relational_noun": 0.7149999737739563,
        "distractor_agreement_relative_clause": 0.40799999237060547,
        "drop_argument": 0.7710000276565552,
        "ellipsis_n_bar_1": 0.7179999947547913,
        "ellipsis_n_bar_2": 0.8149999976158142,
        "existential_there_object_raising": 0.7850000262260437,
        "existential_there_quantifiers_1": 0.9559999704360962,
        "existential_there_quantifiers_2": 0.3449999988079071,
        "existential_there_subject_raising": 0.7160000205039978,
        "expletive_it_object_raising": 0.7419999837875366,
        "inchoative": 0.5619999766349792,
        "intransitive": 0.7369999885559082,
        "irregular_past_participle_adjectives": 0.9729999899864197,
        "irregular_past_participle_verbs": 0.8230000138282776,
        "irregular_plural_subject_verb_agreement_1": 0.8019999861717224,
        "irregular_plural_subject_verb_agreement_2": 0.8650000095367432,
        "left_branch_island_echo_question": 0.42899999022483826,
        "left_branch_island_simple_question": 0.27900001406669617,
        "matrix_question_npi_licensor_present": 0.2639999985694885,
        "npi_present_1": 0.531000018119812,
        "npi_present_2": 0.5699999928474426,
        "only_npi_licensor_present": 0.296999990940094,
        "only_npi_scope": 0.6200000047683716,
        "passive_1": 0.8579999804496765,
        "passive_2": 0.8610000014305115,
        "principle_A_c_command": 0.5049999952316284,
        "principle_A_case_1": 1.0,
        "principle_A_case_2": 0.8429999947547913,
        "principle_A_domain_1": 0.9829999804496765,
        "principle_A_domain_2": 0.7960000038146973,
        "principle_A_domain_3": 0.4909999966621399,
        "principle_A_reconstruction": 0.3610000014305115,
        "regular_plural_subject_verb_agreement_1": 0.8489999771118164,
        "regular_plural_subject_verb_agreement_2": 0.8640000224113464,
        "sentential_negation_npi_licensor_present": 1.0,
        "sentential_negation_npi_scope": 0.3479999899864197,
        "sentential_subject_island": 0.3149999976158142,
        "superlative_quantifiers_1": 0.7099999785423279,
        "superlative_quantifiers_2": 0.6359999775886536,
        "tough_vs_raising_1": 0.5849999785423279,
        "tough_vs_raising_2": 0.7319999933242798,
        "transitive": 0.8040000200271606,
        "wh_island": 0.6620000004768372,
        "wh_questions_object_gap": 0.6650000214576721,
        "wh_questions_subject_gap": 0.8980000019073486,
        "wh_questions_subject_gap_long_distance": 0.8799999952316284,
        "wh_vs_that_no_gap": 0.9570000171661377,
        "wh_vs_that_no_gap_long_distance": 0.9779999852180481,
        "wh_vs_that_with_gap": 0.34200000762939453,
        "wh_vs_that_with_gap_long_distance": 0.10999999940395355
    }
}