{
    "accuracy": 0.6721791038428669,
    "by_phenomenon": {
        "anaphor_agreement": 0.6850000023841858,
        "argument_structure": 0.708142855337688,
        "binding": 0.6942857078143528,
        "control_raising": 0.7069999992847442,
        "determiner_noun_agreement": 0.8580000028014183,
        "ellipsis": 0.7120000123977661,
        "filler_gap_dependency": 0.6672857174915927,
        "irregular_forms": 0.925000011920929,
        "island_effects": 0.4725000001490116,
        "npi_licensing": 0.4964285727058138,
        "quantifiers": 0.6689999923110008,
        "s-selection": 0.7144999802112579,
        "subject_verb_agreement": 0.690833330154419
    },
    "by_uid": {
        "adjunct_island": 0.6060000061988831,
        "anaphor_gender_agreement": 0.5860000252723694,
        "anaphor_number_agreement": 0.7839999794960022,
        "animate_subject_passive": 0.7229999899864197,
        "animate_subject_trans": 0.7059999704360962,
        "causative": 0.5690000057220459,
        "complex_NP_island": 0.5099999904632568,
        "coordinate_structure_constraint_complex_left_branch": 0.2409999966621399,
        "coordinate_structure_constraint_object_extraction": 0.5899999737739563,
        "determiner_noun_agreement_1": 0.9300000071525574,
        "determiner_noun_agreement_2": 0.9190000295639038,
        "determiner_noun_agreement_irregular_1": 0.8190000057220459,
        "determiner_noun_agreement_irregular_2": 0.8889999985694885,
        "determiner_noun_agreement_with_adj_2": 0.8740000128746033,
        "determiner_noun_agreement_with_adj_irregular_1": 0.7239999771118164,
        "determiner_noun_agreement_with_adj_irregular_2": 0.8259999752044678,
        "determiner_noun_agreement_with_adjective_1": 0.8830000162124634,
        "distractor_agreement_relational_noun": 0.5720000267028809,
        "distractor_agreement_relative_clause": 0.39399999380111694,
        "drop_argument": 0.7459999918937683,
        "ellipsis_n_bar_1": 0.6650000214576721,
        "ellipsis_n_bar_2": 0.7590000033378601,
        "existential_there_object_raising": 0.8230000138282776,
        "existential_there_quantifiers_1": 0.9210000038146973,
        "existential_there_quantifiers_2": 0.28999999165534973,
        "existential_there_subject_raising": 0.7799999713897705,
        "expletive_it_object_raising": 0.7360000014305115,
        "inchoative": 0.4749999940395355,
        "intransitive": 0.6449999809265137,
        "irregular_past_participle_adjectives": 0.9900000095367432,
        "irregular_past_participle_verbs": 0.8600000143051147,
        "irregular_plural_subject_verb_agreement_1": 0.7239999771118164,
        "irregular_plural_subject_verb_agreement_2": 0.8230000138282776,
        "left_branch_island_echo_question": 0.3659999966621399,
        "left_branch_island_simple_question": 0.3630000054836273,
        "matrix_question_npi_licensor_present": 0.2329999953508377,
        "npi_present_1": 0.4790000021457672,
        "npi_present_2": 0.43700000643730164,
        "only_npi_licensor_present": 0.3610000014305115,
        "only_npi_scope": 0.6259999871253967,
        "passive_1": 0.8700000047683716,
        "passive_2": 0.8669999837875366,
        "principle_A_c_command": 0.5559999942779541,
        "principle_A_case_1": 1.0,
        "principle_A_case_2": 0.843999981880188,
        "principle_A_domain_1": 0.9879999756813049,
        "principle_A_domain_2": 0.7080000042915344,
        "principle_A_domain_3": 0.4790000021457672,
        "principle_A_reconstruction": 0.2849999964237213,
        "regular_plural_subject_verb_agreement_1": 0.796999990940094,
        "regular_plural_subject_verb_agreement_2": 0.8349999785423279,
        "sentential_negation_npi_licensor_present": 0.9990000128746033,
        "sentential_negation_npi_scope": 0.3400000035762787,
        "sentential_subject_island": 0.3840000033378601,
        "superlative_quantifiers_1": 0.7009999752044678,
        "superlative_quantifiers_2": 0.7639999985694885,
        "tough_vs_raising_1": 0.4429999887943268,
        "tough_vs_raising_2": 0.753000020980835,
        "transitive": 0.7850000262260437,
        "wh_island": 0.7200000286102295,
        "wh_questions_object_gap": 0.5839999914169312,
        "wh_questions_subject_gap": 0.9300000071525574,
        "wh_questions_subject_gap_long_distance": 0.9480000138282776,
        "wh_vs_that_no_gap": 0.9869999885559082,
        "wh_vs_that_no_gap_long_distance": 0.9940000176429749,
        "wh_vs_that_with_gap": 0.17900000512599945,
        "wh_vs_that_with_gap_long_distance": 0.04899999871850014
    }
}