{
    "accuracy": 0.6941492519716719,
    "by_phenomenon": {
        "anaphor_agreement": 0.8300000131130219,
        "argument_structure": 0.7245714238711766,
        "binding": 0.7067142852715084,
        "control_raising": 0.720199990272522,
        "determiner_noun_agreement": 0.8736250028014183,
        "ellipsis": 0.7709999978542328,
        "filler_gap_dependency": 0.6779999988419669,
        "irregular_forms": 0.9424999952316284,
        "island_effects": 0.5112500078976154,
        "npi_licensing": 0.5088571373905454,
        "quantifiers": 0.6409999951720238,
        "s-selection": 0.7430000007152557,
        "subject_verb_agreement": 0.7273333221673965
    },
    "by_uid": {
        "adjunct_island": 0.5879999995231628,
        "anaphor_gender_agreement": 0.7390000224113464,
        "anaphor_number_agreement": 0.9210000038146973,
        "animate_subject_passive": 0.7440000176429749,
        "animate_subject_trans": 0.7419999837875366,
        "causative": 0.621999979019165,
        "complex_NP_island": 0.5260000228881836,
        "coordinate_structure_constraint_complex_left_branch": 0.30399999022483826,
        "coordinate_structure_constraint_object_extraction": 0.6690000295639038,
        "determiner_noun_agreement_1": 0.9480000138282776,
        "determiner_noun_agreement_2": 0.9330000281333923,
        "determiner_noun_agreement_irregular_1": 0.8240000009536743,
        "determiner_noun_agreement_irregular_2": 0.8970000147819519,
        "determiner_noun_agreement_with_adj_2": 0.8840000033378601,
        "determiner_noun_agreement_with_adj_irregular_1": 0.7549999952316284,
        "determiner_noun_agreement_with_adj_irregular_2": 0.8339999914169312,
        "determiner_noun_agreement_with_adjective_1": 0.9139999747276306,
        "distractor_agreement_relational_noun": 0.6919999718666077,
        "distractor_agreement_relative_clause": 0.36800000071525574,
        "drop_argument": 0.7360000014305115,
        "ellipsis_n_bar_1": 0.7279999852180481,
        "ellipsis_n_bar_2": 0.8140000104904175,
        "existential_there_object_raising": 0.8059999942779541,
        "existential_there_quantifiers_1": 0.9589999914169312,
        "existential_there_quantifiers_2": 0.3179999887943268,
        "existential_there_subject_raising": 0.7329999804496765,
        "expletive_it_object_raising": 0.722000002861023,
        "inchoative": 0.5120000243186951,
        "intransitive": 0.6850000023841858,
        "irregular_past_participle_adjectives": 0.9860000014305115,
        "irregular_past_participle_verbs": 0.8989999890327454,
        "irregular_plural_subject_verb_agreement_1": 0.7599999904632568,
        "irregular_plural_subject_verb_agreement_2": 0.8510000109672546,
        "left_branch_island_echo_question": 0.5009999871253967,
        "left_branch_island_simple_question": 0.42500001192092896,
        "matrix_question_npi_licensor_present": 0.1720000058412552,
        "npi_present_1": 0.5320000052452087,
        "npi_present_2": 0.5339999794960022,
        "only_npi_licensor_present": 0.5350000262260437,
        "only_npi_scope": 0.4779999852180481,
        "passive_1": 0.8659999966621399,
        "passive_2": 0.8579999804496765,
        "principle_A_c_command": 0.5370000004768372,
        "principle_A_case_1": 1.0,
        "principle_A_case_2": 0.8600000143051147,
        "principle_A_domain_1": 0.9810000061988831,
        "principle_A_domain_2": 0.8009999990463257,
        "principle_A_domain_3": 0.4869999885559082,
        "principle_A_reconstruction": 0.2809999883174896,
        "regular_plural_subject_verb_agreement_1": 0.8399999737739563,
        "regular_plural_subject_verb_agreement_2": 0.8529999852180481,
        "sentential_negation_npi_licensor_present": 0.9789999723434448,
        "sentential_negation_npi_scope": 0.3319999873638153,
        "sentential_subject_island": 0.3149999976158142,
        "superlative_quantifiers_1": 0.5509999990463257,
        "superlative_quantifiers_2": 0.7360000014305115,
        "tough_vs_raising_1": 0.5989999771118164,
        "tough_vs_raising_2": 0.7409999966621399,
        "transitive": 0.7929999828338623,
        "wh_island": 0.7620000243186951,
        "wh_questions_object_gap": 0.6119999885559082,
        "wh_questions_subject_gap": 0.9079999923706055,
        "wh_questions_subject_gap_long_distance": 0.8970000147819519,
        "wh_vs_that_no_gap": 0.9679999947547913,
        "wh_vs_that_no_gap_long_distance": 0.9869999885559082,
        "wh_vs_that_with_gap": 0.28600001335144043,
        "wh_vs_that_with_gap_long_distance": 0.08799999952316284
    }
}