{
    "accuracy": 0.6925970166921616,
    "by_phenomenon": {
        "anaphor_agreement": 0.8110000193119049,
        "argument_structure": 0.715571437563215,
        "binding": 0.7124285655362266,
        "control_raising": 0.7086000084877014,
        "determiner_noun_agreement": 0.8735000044107437,
        "ellipsis": 0.7605000138282776,
        "filler_gap_dependency": 0.6860000044107437,
        "irregular_forms": 0.9249999821186066,
        "island_effects": 0.498624999076128,
        "npi_licensing": 0.48742857575416565,
        "quantifiers": 0.672499991953373,
        "s-selection": 0.7625000178813934,
        "subject_verb_agreement": 0.7443333218495051
    },
    "by_uid": {
        "adjunct_island": 0.6029999852180481,
        "anaphor_gender_agreement": 0.7200000286102295,
        "anaphor_number_agreement": 0.9020000100135803,
        "animate_subject_passive": 0.7490000128746033,
        "animate_subject_trans": 0.7760000228881836,
        "causative": 0.5699999928474426,
        "complex_NP_island": 0.527999997138977,
        "coordinate_structure_constraint_complex_left_branch": 0.2709999978542328,
        "coordinate_structure_constraint_object_extraction": 0.6949999928474426,
        "determiner_noun_agreement_1": 0.9319999814033508,
        "determiner_noun_agreement_2": 0.925000011920929,
        "determiner_noun_agreement_irregular_1": 0.8159999847412109,
        "determiner_noun_agreement_irregular_2": 0.906000018119812,
        "determiner_noun_agreement_with_adj_2": 0.8830000162124634,
        "determiner_noun_agreement_with_adj_irregular_1": 0.765999972820282,
        "determiner_noun_agreement_with_adj_irregular_2": 0.859000027179718,
        "determiner_noun_agreement_with_adjective_1": 0.9010000228881836,
        "distractor_agreement_relational_noun": 0.7210000157356262,
        "distractor_agreement_relative_clause": 0.44699999690055847,
        "drop_argument": 0.7400000095367432,
        "ellipsis_n_bar_1": 0.7110000252723694,
        "ellipsis_n_bar_2": 0.8100000023841858,
        "existential_there_object_raising": 0.8149999976158142,
        "existential_there_quantifiers_1": 0.9139999747276306,
        "existential_there_quantifiers_2": 0.38100001215934753,
        "existential_there_subject_raising": 0.7200000286102295,
        "expletive_it_object_raising": 0.7170000076293945,
        "inchoative": 0.5210000276565552,
        "intransitive": 0.6790000200271606,
        "irregular_past_participle_adjectives": 0.9559999704360962,
        "irregular_past_participle_verbs": 0.8939999938011169,
        "irregular_plural_subject_verb_agreement_1": 0.7609999775886536,
        "irregular_plural_subject_verb_agreement_2": 0.8399999737739563,
        "left_branch_island_echo_question": 0.4970000088214874,
        "left_branch_island_simple_question": 0.39399999380111694,
        "matrix_question_npi_licensor_present": 0.22499999403953552,
        "npi_present_1": 0.48500001430511475,
        "npi_present_2": 0.49300000071525574,
        "only_npi_licensor_present": 0.2759999930858612,
        "only_npi_scope": 0.5130000114440918,
        "passive_1": 0.8550000190734863,
        "passive_2": 0.8560000061988831,
        "principle_A_c_command": 0.5789999961853027,
        "principle_A_case_1": 1.0,
        "principle_A_case_2": 0.8349999785423279,
        "principle_A_domain_1": 0.9929999709129333,
        "principle_A_domain_2": 0.7860000133514404,
        "principle_A_domain_3": 0.49799999594688416,
        "principle_A_reconstruction": 0.29600000381469727,
        "regular_plural_subject_verb_agreement_1": 0.8489999771118164,
        "regular_plural_subject_verb_agreement_2": 0.8479999899864197,
        "sentential_negation_npi_licensor_present": 0.9990000128746033,
        "sentential_negation_npi_scope": 0.42100000381469727,
        "sentential_subject_island": 0.3179999887943268,
        "superlative_quantifiers_1": 0.6869999766349792,
        "superlative_quantifiers_2": 0.7080000042915344,
        "tough_vs_raising_1": 0.5630000233650208,
        "tough_vs_raising_2": 0.7279999852180481,
        "transitive": 0.7879999876022339,
        "wh_island": 0.6830000281333923,
        "wh_questions_object_gap": 0.6759999990463257,
        "wh_questions_subject_gap": 0.9150000214576721,
        "wh_questions_subject_gap_long_distance": 0.9020000100135803,
        "wh_vs_that_no_gap": 0.9739999771118164,
        "wh_vs_that_no_gap_long_distance": 0.9890000224113464,
        "wh_vs_that_with_gap": 0.26600000262260437,
        "wh_vs_that_with_gap_long_distance": 0.07999999821186066
    }
}