{
    "accuracy": 0.6937611934854023,
    "by_phenomenon": {
        "anaphor_agreement": 0.8419999778270721,
        "argument_structure": 0.724142849445343,
        "binding": 0.7069999916212899,
        "control_raising": 0.7118000030517578,
        "determiner_noun_agreement": 0.8737500011920929,
        "ellipsis": 0.7695000171661377,
        "filler_gap_dependency": 0.687571427651814,
        "irregular_forms": 0.9165000021457672,
        "island_effects": 0.47462499886751175,
        "npi_licensing": 0.5277142780167716,
        "quantifiers": 0.6282500103116035,
        "s-selection": 0.7825000286102295,
        "subject_verb_agreement": 0.7461666713158289
    },
    "by_uid": {
        "adjunct_island": 0.6840000152587891,
        "anaphor_gender_agreement": 0.746999979019165,
        "anaphor_number_agreement": 0.9369999766349792,
        "animate_subject_passive": 0.7940000295639038,
        "animate_subject_trans": 0.7710000276565552,
        "causative": 0.5899999737739563,
        "complex_NP_island": 0.5109999775886536,
        "coordinate_structure_constraint_complex_left_branch": 0.22499999403953552,
        "coordinate_structure_constraint_object_extraction": 0.7200000286102295,
        "determiner_noun_agreement_1": 0.9359999895095825,
        "determiner_noun_agreement_2": 0.9330000281333923,
        "determiner_noun_agreement_irregular_1": 0.8050000071525574,
        "determiner_noun_agreement_irregular_2": 0.8880000114440918,
        "determiner_noun_agreement_with_adj_2": 0.9139999747276306,
        "determiner_noun_agreement_with_adj_irregular_1": 0.7609999775886536,
        "determiner_noun_agreement_with_adj_irregular_2": 0.8550000190734863,
        "determiner_noun_agreement_with_adjective_1": 0.8980000019073486,
        "distractor_agreement_relational_noun": 0.7329999804496765,
        "distractor_agreement_relative_clause": 0.3580000102519989,
        "drop_argument": 0.7360000014305115,
        "ellipsis_n_bar_1": 0.7310000061988831,
        "ellipsis_n_bar_2": 0.8080000281333923,
        "existential_there_object_raising": 0.7739999890327454,
        "existential_there_quantifiers_1": 0.9490000009536743,
        "existential_there_quantifiers_2": 0.3440000116825104,
        "existential_there_subject_raising": 0.7760000228881836,
        "expletive_it_object_raising": 0.7210000157356262,
        "inchoative": 0.5189999938011169,
        "intransitive": 0.6690000295639038,
        "irregular_past_participle_adjectives": 0.9629999995231628,
        "irregular_past_participle_verbs": 0.8700000047683716,
        "irregular_plural_subject_verb_agreement_1": 0.8040000200271606,
        "irregular_plural_subject_verb_agreement_2": 0.8600000143051147,
        "left_branch_island_echo_question": 0.4729999899864197,
        "left_branch_island_simple_question": 0.2879999876022339,
        "matrix_question_npi_licensor_present": 0.25099998712539673,
        "npi_present_1": 0.5360000133514404,
        "npi_present_2": 0.5899999737739563,
        "only_npi_licensor_present": 0.4129999876022339,
        "only_npi_scope": 0.5299999713897705,
        "passive_1": 0.8679999709129333,
        "passive_2": 0.8769999742507935,
        "principle_A_c_command": 0.4779999852180481,
        "principle_A_case_1": 1.0,
        "principle_A_case_2": 0.8569999933242798,
        "principle_A_domain_1": 0.9929999709129333,
        "principle_A_domain_2": 0.8019999861717224,
        "principle_A_domain_3": 0.47200000286102295,
        "principle_A_reconstruction": 0.34700000286102295,
        "regular_plural_subject_verb_agreement_1": 0.8450000286102295,
        "regular_plural_subject_verb_agreement_2": 0.8769999742507935,
        "sentential_negation_npi_licensor_present": 1.0,
        "sentential_negation_npi_scope": 0.37400001287460327,
        "sentential_subject_island": 0.32199999690055847,
        "superlative_quantifiers_1": 0.6380000114440918,
        "superlative_quantifiers_2": 0.5820000171661377,
        "tough_vs_raising_1": 0.5410000085830688,
        "tough_vs_raising_2": 0.746999979019165,
        "transitive": 0.8100000023841858,
        "wh_island": 0.5740000009536743,
        "wh_questions_object_gap": 0.6579999923706055,
        "wh_questions_subject_gap": 0.8880000114440918,
        "wh_questions_subject_gap_long_distance": 0.8560000061988831,
        "wh_vs_that_no_gap": 0.9639999866485596,
        "wh_vs_that_no_gap_long_distance": 0.9729999899864197,
        "wh_vs_that_with_gap": 0.3440000116825104,
        "wh_vs_that_with_gap_long_distance": 0.12999999523162842
    }
}