{
    "accuracy": 0.690999998975156,
    "by_phenomenon": {
        "anaphor_agreement": 0.80799999833107,
        "argument_structure": 0.7372857161930629,
        "binding": 0.7010000007493156,
        "control_raising": 0.7152000069618225,
        "determiner_noun_agreement": 0.8712500110268593,
        "ellipsis": 0.7709999978542328,
        "filler_gap_dependency": 0.6877142765692302,
        "irregular_forms": 0.9174999892711639,
        "island_effects": 0.4584999941289425,
        "npi_licensing": 0.5262857143368039,
        "quantifiers": 0.6090000048279762,
        "s-selection": 0.7894999980926514,
        "subject_verb_agreement": 0.7514999856551489
    },
    "by_uid": {
        "adjunct_island": 0.6669999957084656,
        "anaphor_gender_agreement": 0.6959999799728394,
        "anaphor_number_agreement": 0.9200000166893005,
        "animate_subject_passive": 0.7900000214576721,
        "animate_subject_trans": 0.7889999747276306,
        "causative": 0.6069999933242798,
        "complex_NP_island": 0.4659999907016754,
        "coordinate_structure_constraint_complex_left_branch": 0.2540000081062317,
        "coordinate_structure_constraint_object_extraction": 0.6919999718666077,
        "determiner_noun_agreement_1": 0.9449999928474426,
        "determiner_noun_agreement_2": 0.9350000023841858,
        "determiner_noun_agreement_irregular_1": 0.8009999990463257,
        "determiner_noun_agreement_irregular_2": 0.878000020980835,
        "determiner_noun_agreement_with_adj_2": 0.9010000228881836,
        "determiner_noun_agreement_with_adj_irregular_1": 0.7710000276565552,
        "determiner_noun_agreement_with_adj_irregular_2": 0.8420000076293945,
        "determiner_noun_agreement_with_adjective_1": 0.8970000147819519,
        "distractor_agreement_relational_noun": 0.7289999723434448,
        "distractor_agreement_relative_clause": 0.36899998784065247,
        "drop_argument": 0.7599999904632568,
        "ellipsis_n_bar_1": 0.7360000014305115,
        "ellipsis_n_bar_2": 0.8059999942779541,
        "existential_there_object_raising": 0.7960000038146973,
        "existential_there_quantifiers_1": 0.9459999799728394,
        "existential_there_quantifiers_2": 0.25600001215934753,
        "existential_there_subject_raising": 0.7630000114440918,
        "expletive_it_object_raising": 0.7360000014305115,
        "inchoative": 0.5529999732971191,
        "intransitive": 0.7110000252723694,
        "irregular_past_participle_adjectives": 0.9769999980926514,
        "irregular_past_participle_verbs": 0.8579999804496765,
        "irregular_plural_subject_verb_agreement_1": 0.7979999780654907,
        "irregular_plural_subject_verb_agreement_2": 0.8709999918937683,
        "left_branch_island_echo_question": 0.43299999833106995,
        "left_branch_island_simple_question": 0.3240000009536743,
        "matrix_question_npi_licensor_present": 0.2029999941587448,
        "npi_present_1": 0.531000018119812,
        "npi_present_2": 0.5770000219345093,
        "only_npi_licensor_present": 0.4020000100135803,
        "only_npi_scope": 0.6019999980926514,
        "passive_1": 0.8730000257492065,
        "passive_2": 0.8619999885559082,
        "principle_A_c_command": 0.5210000276565552,
        "principle_A_case_1": 1.0,
        "principle_A_case_2": 0.8529999852180481,
        "principle_A_domain_1": 0.984000027179718,
        "principle_A_domain_2": 0.7829999923706055,
        "principle_A_domain_3": 0.47099998593330383,
        "principle_A_reconstruction": 0.29499998688697815,
        "regular_plural_subject_verb_agreement_1": 0.8489999771118164,
        "regular_plural_subject_verb_agreement_2": 0.8930000066757202,
        "sentential_negation_npi_licensor_present": 0.9929999709129333,
        "sentential_negation_npi_scope": 0.37599998712539673,
        "sentential_subject_island": 0.3070000112056732,
        "superlative_quantifiers_1": 0.6740000247955322,
        "superlative_quantifiers_2": 0.5600000023841858,
        "tough_vs_raising_1": 0.5440000295639038,
        "tough_vs_raising_2": 0.7369999885559082,
        "transitive": 0.7950000166893005,
        "wh_island": 0.5249999761581421,
        "wh_questions_object_gap": 0.6499999761581421,
        "wh_questions_subject_gap": 0.9139999747276306,
        "wh_questions_subject_gap_long_distance": 0.8809999823570251,
        "wh_vs_that_no_gap": 0.9679999947547913,
        "wh_vs_that_no_gap_long_distance": 0.9800000190734863,
        "wh_vs_that_with_gap": 0.30399999022483826,
        "wh_vs_that_with_gap_long_distance": 0.11699999868869781
    }
}