{
    "accuracy": 0.6718059690919385,
    "by_phenomenon": {
        "anaphor_agreement": 0.6319999992847443,
        "argument_structure": 0.6977142776761737,
        "binding": 0.7137142845562526,
        "control_raising": 0.7051999926567077,
        "determiner_noun_agreement": 0.848625011742115,
        "ellipsis": 0.7055000066757202,
        "filler_gap_dependency": 0.6672857079122748,
        "irregular_forms": 0.9054999947547913,
        "island_effects": 0.4451249986886978,
        "npi_licensing": 0.5338571412222726,
        "quantifiers": 0.6795000061392784,
        "s-selection": 0.7204999923706055,
        "subject_verb_agreement": 0.7003333320220312
    },
    "by_uid": {
        "adjunct_island": 0.6579999923706055,
        "anaphor_gender_agreement": 0.4860000014305115,
        "anaphor_number_agreement": 0.777999997138977,
        "animate_subject_passive": 0.7239999771118164,
        "animate_subject_trans": 0.7170000076293945,
        "causative": 0.5569999814033508,
        "complex_NP_island": 0.4869999885559082,
        "coordinate_structure_constraint_complex_left_branch": 0.20100000500679016,
        "coordinate_structure_constraint_object_extraction": 0.6190000176429749,
        "determiner_noun_agreement_1": 0.9200000166893005,
        "determiner_noun_agreement_2": 0.9259999990463257,
        "determiner_noun_agreement_irregular_1": 0.7900000214576721,
        "determiner_noun_agreement_irregular_2": 0.8690000176429749,
        "determiner_noun_agreement_with_adj_2": 0.8700000047683716,
        "determiner_noun_agreement_with_adj_irregular_1": 0.7160000205039978,
        "determiner_noun_agreement_with_adj_irregular_2": 0.8180000185966492,
        "determiner_noun_agreement_with_adjective_1": 0.8799999952316284,
        "distractor_agreement_relational_noun": 0.6290000081062317,
        "distractor_agreement_relative_clause": 0.37700000405311584,
        "drop_argument": 0.7360000014305115,
        "ellipsis_n_bar_1": 0.6430000066757202,
        "ellipsis_n_bar_2": 0.7680000066757202,
        "existential_there_object_raising": 0.8019999861717224,
        "existential_there_quantifiers_1": 0.9300000071525574,
        "existential_there_quantifiers_2": 0.27000001072883606,
        "existential_there_subject_raising": 0.7879999876022339,
        "expletive_it_object_raising": 0.7440000176429749,
        "inchoative": 0.48100000619888306,
        "intransitive": 0.6140000224113464,
        "irregular_past_participle_adjectives": 0.972000002861023,
        "irregular_past_participle_verbs": 0.8389999866485596,
        "irregular_plural_subject_verb_agreement_1": 0.7419999837875366,
        "irregular_plural_subject_verb_agreement_2": 0.8040000200271606,
        "left_branch_island_echo_question": 0.36800000071525574,
        "left_branch_island_simple_question": 0.2939999997615814,
        "matrix_question_npi_licensor_present": 0.28200000524520874,
        "npi_present_1": 0.5370000004768372,
        "npi_present_2": 0.3720000088214874,
        "only_npi_licensor_present": 0.5329999923706055,
        "only_npi_scope": 0.6549999713897705,
        "passive_1": 0.8679999709129333,
        "passive_2": 0.8539999723434448,
        "principle_A_c_command": 0.5669999718666077,
        "principle_A_case_1": 1.0,
        "principle_A_case_2": 0.8230000138282776,
        "principle_A_domain_1": 0.9850000143051147,
        "principle_A_domain_2": 0.6819999814033508,
        "principle_A_domain_3": 0.4830000102519989,
        "principle_A_reconstruction": 0.4560000002384186,
        "regular_plural_subject_verb_agreement_1": 0.7789999842643738,
        "regular_plural_subject_verb_agreement_2": 0.8709999918937683,
        "sentential_negation_npi_licensor_present": 1.0,
        "sentential_negation_npi_scope": 0.3580000102519989,
        "sentential_subject_island": 0.39500001072883606,
        "superlative_quantifiers_1": 0.7720000147819519,
        "superlative_quantifiers_2": 0.7459999918937683,
        "tough_vs_raising_1": 0.4309999942779541,
        "tough_vs_raising_2": 0.7609999775886536,
        "transitive": 0.7739999890327454,
        "wh_island": 0.5389999747276306,
        "wh_questions_object_gap": 0.6259999871253967,
        "wh_questions_subject_gap": 0.8759999871253967,
        "wh_questions_subject_gap_long_distance": 0.9369999766349792,
        "wh_vs_that_no_gap": 0.9890000224113464,
        "wh_vs_that_no_gap_long_distance": 0.996999979019165,
        "wh_vs_that_with_gap": 0.1850000023841858,
        "wh_vs_that_with_gap_long_distance": 0.061000000685453415
    }
}