{
    "accuracy": 0.6903283583806522,
    "by_phenomenon": {
        "anaphor_agreement": 0.8244999945163727,
        "argument_structure": 0.7249999982970101,
        "binding": 0.6989999966961997,
        "control_raising": 0.7116000056266785,
        "determiner_noun_agreement": 0.8697500005364418,
        "ellipsis": 0.7754999995231628,
        "filler_gap_dependency": 0.6744285726121494,
        "irregular_forms": 0.9319999814033508,
        "island_effects": 0.5025000050663948,
        "npi_licensing": 0.5040000017200198,
        "quantifiers": 0.6102500110864639,
        "s-selection": 0.7639999985694885,
        "subject_verb_agreement": 0.7443333268165588
    },
    "by_uid": {
        "adjunct_island": 0.6439999938011169,
        "anaphor_gender_agreement": 0.718999981880188,
        "anaphor_number_agreement": 0.9300000071525574,
        "animate_subject_passive": 0.7620000243186951,
        "animate_subject_trans": 0.765999972820282,
        "causative": 0.5849999785423279,
        "complex_NP_island": 0.5109999775886536,
        "coordinate_structure_constraint_complex_left_branch": 0.27300000190734863,
        "coordinate_structure_constraint_object_extraction": 0.7390000224113464,
        "determiner_noun_agreement_1": 0.9440000057220459,
        "determiner_noun_agreement_2": 0.921999990940094,
        "determiner_noun_agreement_irregular_1": 0.7900000214576721,
        "determiner_noun_agreement_irregular_2": 0.9020000100135803,
        "determiner_noun_agreement_with_adj_2": 0.8769999742507935,
        "determiner_noun_agreement_with_adj_irregular_1": 0.7720000147819519,
        "determiner_noun_agreement_with_adj_irregular_2": 0.8560000061988831,
        "determiner_noun_agreement_with_adjective_1": 0.8949999809265137,
        "distractor_agreement_relational_noun": 0.7360000014305115,
        "distractor_agreement_relative_clause": 0.41200000047683716,
        "drop_argument": 0.7509999871253967,
        "ellipsis_n_bar_1": 0.7379999756813049,
        "ellipsis_n_bar_2": 0.8130000233650208,
        "existential_there_object_raising": 0.8159999847412109,
        "existential_there_quantifiers_1": 0.9490000009536743,
        "existential_there_quantifiers_2": 0.2770000100135803,
        "existential_there_subject_raising": 0.7200000286102295,
        "expletive_it_object_raising": 0.7350000143051147,
        "inchoative": 0.5220000147819519,
        "intransitive": 0.6919999718666077,
        "irregular_past_participle_adjectives": 0.9639999866485596,
        "irregular_past_participle_verbs": 0.8999999761581421,
        "irregular_plural_subject_verb_agreement_1": 0.7730000019073486,
        "irregular_plural_subject_verb_agreement_2": 0.8389999866485596,
        "left_branch_island_echo_question": 0.45500001311302185,
        "left_branch_island_simple_question": 0.3790000081062317,
        "matrix_question_npi_licensor_present": 0.2160000056028366,
        "npi_present_1": 0.49799999594688416,
        "npi_present_2": 0.4779999852180481,
        "only_npi_licensor_present": 0.4440000057220459,
        "only_npi_scope": 0.5189999938011169,
        "passive_1": 0.8730000257492065,
        "passive_2": 0.8700000047683716,
        "principle_A_c_command": 0.5049999952316284,
        "principle_A_case_1": 1.0,
        "principle_A_case_2": 0.8389999866485596,
        "principle_A_domain_1": 0.9819999933242798,
        "principle_A_domain_2": 0.7960000038146973,
        "principle_A_domain_3": 0.47200000286102295,
        "principle_A_reconstruction": 0.29899999499320984,
        "regular_plural_subject_verb_agreement_1": 0.8399999737739563,
        "regular_plural_subject_verb_agreement_2": 0.8659999966621399,
        "sentential_negation_npi_licensor_present": 0.9980000257492065,
        "sentential_negation_npi_scope": 0.375,
        "sentential_subject_island": 0.33000001311302185,
        "superlative_quantifiers_1": 0.6190000176429749,
        "superlative_quantifiers_2": 0.5960000157356262,
        "tough_vs_raising_1": 0.5690000057220459,
        "tough_vs_raising_2": 0.7179999947547913,
        "transitive": 0.7820000052452087,
        "wh_island": 0.6890000104904175,
        "wh_questions_object_gap": 0.6499999761581421,
        "wh_questions_subject_gap": 0.9039999842643738,
        "wh_questions_subject_gap_long_distance": 0.8690000176429749,
        "wh_vs_that_no_gap": 0.9800000190734863,
        "wh_vs_that_no_gap_long_distance": 0.9850000143051147,
        "wh_vs_that_with_gap": 0.2619999945163727,
        "wh_vs_that_with_gap_long_distance": 0.07100000232458115
    }
}