{
    "accuracy": 0.7014477657182003,
    "by_phenomenon": {
        "anaphor_agreement": 0.7934999763965607,
        "argument_structure": 0.7192857350621905,
        "binding": 0.7244285813399723,
        "control_raising": 0.7038000047206878,
        "determiner_noun_agreement": 0.8605000004172325,
        "ellipsis": 0.7590000033378601,
        "filler_gap_dependency": 0.6760000006428787,
        "irregular_forms": 0.9305000007152557,
        "island_effects": 0.5144999995827675,
        "npi_licensing": 0.5512857160397938,
        "quantifiers": 0.700750008225441,
        "s-selection": 0.7450000047683716,
        "subject_verb_agreement": 0.7536666740973791
    },
    "by_uid": {
        "adjunct_island": 0.6259999871253967,
        "anaphor_gender_agreement": 0.6639999747276306,
        "anaphor_number_agreement": 0.9229999780654907,
        "animate_subject_passive": 0.7360000014305115,
        "animate_subject_trans": 0.7540000081062317,
        "causative": 0.5950000286102295,
        "complex_NP_island": 0.5249999761581421,
        "coordinate_structure_constraint_complex_left_branch": 0.28999999165534973,
        "coordinate_structure_constraint_object_extraction": 0.6420000195503235,
        "determiner_noun_agreement_1": 0.9399999976158142,
        "determiner_noun_agreement_2": 0.9300000071525574,
        "determiner_noun_agreement_irregular_1": 0.8080000281333923,
        "determiner_noun_agreement_irregular_2": 0.8700000047683716,
        "determiner_noun_agreement_with_adj_2": 0.8859999775886536,
        "determiner_noun_agreement_with_adj_irregular_1": 0.7260000109672546,
        "determiner_noun_agreement_with_adj_irregular_2": 0.8349999785423279,
        "determiner_noun_agreement_with_adjective_1": 0.8889999985694885,
        "distractor_agreement_relational_noun": 0.7649999856948853,
        "distractor_agreement_relative_clause": 0.4099999964237213,
        "drop_argument": 0.7480000257492065,
        "ellipsis_n_bar_1": 0.7229999899864197,
        "ellipsis_n_bar_2": 0.7950000166893005,
        "existential_there_object_raising": 0.7900000214576721,
        "existential_there_quantifiers_1": 0.9620000123977661,
        "existential_there_quantifiers_2": 0.40299999713897705,
        "existential_there_subject_raising": 0.7509999871253967,
        "expletive_it_object_raising": 0.7319999933242798,
        "inchoative": 0.5040000081062317,
        "intransitive": 0.6470000147819519,
        "irregular_past_participle_adjectives": 0.9710000157356262,
        "irregular_past_participle_verbs": 0.8899999856948853,
        "irregular_plural_subject_verb_agreement_1": 0.781000018119812,
        "irregular_plural_subject_verb_agreement_2": 0.8560000061988831,
        "left_branch_island_echo_question": 0.5080000162124634,
        "left_branch_island_simple_question": 0.42800000309944153,
        "matrix_question_npi_licensor_present": 0.21899999678134918,
        "npi_present_1": 0.6729999780654907,
        "npi_present_2": 0.5770000219345093,
        "only_npi_licensor_present": 0.5139999985694885,
        "only_npi_scope": 0.492000013589859,
        "passive_1": 0.8820000290870667,
        "passive_2": 0.8640000224113464,
        "principle_A_c_command": 0.5450000166893005,
        "principle_A_case_1": 1.0,
        "principle_A_case_2": 0.8510000109672546,
        "principle_A_domain_1": 0.984000027179718,
        "principle_A_domain_2": 0.7850000262260437,
        "principle_A_domain_3": 0.48899999260902405,
        "principle_A_reconstruction": 0.4169999957084656,
        "regular_plural_subject_verb_agreement_1": 0.8370000123977661,
        "regular_plural_subject_verb_agreement_2": 0.8730000257492065,
        "sentential_negation_npi_licensor_present": 0.9990000128746033,
        "sentential_negation_npi_scope": 0.38499999046325684,
        "sentential_subject_island": 0.3619999885559082,
        "superlative_quantifiers_1": 0.6790000200271606,
        "superlative_quantifiers_2": 0.7590000033378601,
        "tough_vs_raising_1": 0.4970000088214874,
        "tough_vs_raising_2": 0.7490000128746033,
        "transitive": 0.7950000166893005,
        "wh_island": 0.7350000143051147,
        "wh_questions_object_gap": 0.6159999966621399,
        "wh_questions_subject_gap": 0.9100000262260437,
        "wh_questions_subject_gap_long_distance": 0.9350000023841858,
        "wh_vs_that_no_gap": 0.9819999933242798,
        "wh_vs_that_no_gap_long_distance": 0.9919999837875366,
        "wh_vs_that_with_gap": 0.2370000034570694,
        "wh_vs_that_with_gap_long_distance": 0.05999999865889549
    }
}