{
    "accuracy": 0.6775671642885279,
    "by_phenomenon": {
        "anaphor_agreement": 0.7350000143051147,
        "argument_structure": 0.7164285693849836,
        "binding": 0.707714285169329,
        "control_raising": 0.6976000070571899,
        "determiner_noun_agreement": 0.8607499897480011,
        "ellipsis": 0.757999986410141,
        "filler_gap_dependency": 0.66885713913611,
        "irregular_forms": 0.9384999871253967,
        "island_effects": 0.4913750048726797,
        "npi_licensing": 0.5088571437767574,
        "quantifiers": 0.5862500108778477,
        "s-selection": 0.7430000007152557,
        "subject_verb_agreement": 0.697500005364418
    },
    "by_uid": {
        "adjunct_island": 0.6330000162124634,
        "anaphor_gender_agreement": 0.6380000114440918,
        "anaphor_number_agreement": 0.8320000171661377,
        "animate_subject_passive": 0.734000027179718,
        "animate_subject_trans": 0.7519999742507935,
        "causative": 0.5730000138282776,
        "complex_NP_island": 0.5220000147819519,
        "coordinate_structure_constraint_complex_left_branch": 0.23000000417232513,
        "coordinate_structure_constraint_object_extraction": 0.6370000243186951,
        "determiner_noun_agreement_1": 0.9210000038146973,
        "determiner_noun_agreement_2": 0.9229999780654907,
        "determiner_noun_agreement_irregular_1": 0.8119999766349792,
        "determiner_noun_agreement_irregular_2": 0.8669999837875366,
        "determiner_noun_agreement_with_adj_2": 0.8849999904632568,
        "determiner_noun_agreement_with_adj_irregular_1": 0.7440000176429749,
        "determiner_noun_agreement_with_adj_irregular_2": 0.8389999866485596,
        "determiner_noun_agreement_with_adjective_1": 0.8949999809265137,
        "distractor_agreement_relational_noun": 0.5659999847412109,
        "distractor_agreement_relative_clause": 0.4000000059604645,
        "drop_argument": 0.7670000195503235,
        "ellipsis_n_bar_1": 0.718999981880188,
        "ellipsis_n_bar_2": 0.796999990940094,
        "existential_there_object_raising": 0.8119999766349792,
        "existential_there_quantifiers_1": 0.8960000276565552,
        "existential_there_quantifiers_2": 0.18199999630451202,
        "existential_there_subject_raising": 0.7570000290870667,
        "expletive_it_object_raising": 0.7170000076293945,
        "inchoative": 0.5059999823570251,
        "intransitive": 0.6629999876022339,
        "irregular_past_participle_adjectives": 0.9869999885559082,
        "irregular_past_participle_verbs": 0.8899999856948853,
        "irregular_plural_subject_verb_agreement_1": 0.7580000162124634,
        "irregular_plural_subject_verb_agreement_2": 0.8220000267028809,
        "left_branch_island_echo_question": 0.4519999921321869,
        "left_branch_island_simple_question": 0.35600000619888306,
        "matrix_question_npi_licensor_present": 0.28999999165534973,
        "npi_present_1": 0.6620000004768372,
        "npi_present_2": 0.4950000047683716,
        "only_npi_licensor_present": 0.2709999978542328,
        "only_npi_scope": 0.531000018119812,
        "passive_1": 0.8769999742507935,
        "passive_2": 0.8650000095367432,
        "principle_A_c_command": 0.5019999742507935,
        "principle_A_case_1": 1.0,
        "principle_A_case_2": 0.8259999752044678,
        "principle_A_domain_1": 0.9890000224113464,
        "principle_A_domain_2": 0.7900000214576721,
        "principle_A_domain_3": 0.4970000088214874,
        "principle_A_reconstruction": 0.3499999940395355,
        "regular_plural_subject_verb_agreement_1": 0.8069999814033508,
        "regular_plural_subject_verb_agreement_2": 0.8320000171661377,
        "sentential_negation_npi_licensor_present": 0.996999979019165,
        "sentential_negation_npi_scope": 0.3160000145435333,
        "sentential_subject_island": 0.414000004529953,
        "superlative_quantifiers_1": 0.4819999933242798,
        "superlative_quantifiers_2": 0.7850000262260437,
        "tough_vs_raising_1": 0.4909999966621399,
        "tough_vs_raising_2": 0.7110000252723694,
        "transitive": 0.7639999985694885,
        "wh_island": 0.6869999766349792,
        "wh_questions_object_gap": 0.6019999980926514,
        "wh_questions_subject_gap": 0.9039999842643738,
        "wh_questions_subject_gap_long_distance": 0.9480000138282776,
        "wh_vs_that_no_gap": 0.9829999804496765,
        "wh_vs_that_no_gap_long_distance": 0.9950000047683716,
        "wh_vs_that_with_gap": 0.2029999941587448,
        "wh_vs_that_with_gap_long_distance": 0.04699999839067459
    }
}