{
    "accuracy": 0.6869701455666948,
    "by_phenomenon": {
        "anaphor_agreement": 0.8055000007152557,
        "argument_structure": 0.7102857061794826,
        "binding": 0.7255714280264718,
        "control_raising": 0.6975999891757965,
        "determiner_noun_agreement": 0.8406249806284904,
        "ellipsis": 0.7705000042915344,
        "filler_gap_dependency": 0.6740000008472374,
        "irregular_forms": 0.9289999902248383,
        "island_effects": 0.48487499728798866,
        "npi_licensing": 0.5697142822401864,
        "quantifiers": 0.6067500039935112,
        "s-selection": 0.7409999966621399,
        "subject_verb_agreement": 0.7098333438237509
    },
    "by_uid": {
        "adjunct_island": 0.6349999904632568,
        "anaphor_gender_agreement": 0.7310000061988831,
        "anaphor_number_agreement": 0.8799999952316284,
        "animate_subject_passive": 0.7649999856948853,
        "animate_subject_trans": 0.7170000076293945,
        "causative": 0.5809999704360962,
        "complex_NP_island": 0.5149999856948853,
        "coordinate_structure_constraint_complex_left_branch": 0.2669999897480011,
        "coordinate_structure_constraint_object_extraction": 0.5509999990463257,
        "determiner_noun_agreement_1": 0.9319999814033508,
        "determiner_noun_agreement_2": 0.9049999713897705,
        "determiner_noun_agreement_irregular_1": 0.7829999923706055,
        "determiner_noun_agreement_irregular_2": 0.8479999899864197,
        "determiner_noun_agreement_with_adj_2": 0.8479999899864197,
        "determiner_noun_agreement_with_adj_irregular_1": 0.7289999723434448,
        "determiner_noun_agreement_with_adj_irregular_2": 0.8029999732971191,
        "determiner_noun_agreement_with_adjective_1": 0.8769999742507935,
        "distractor_agreement_relational_noun": 0.628000020980835,
        "distractor_agreement_relative_clause": 0.38999998569488525,
        "drop_argument": 0.7419999837875366,
        "ellipsis_n_bar_1": 0.7400000095367432,
        "ellipsis_n_bar_2": 0.8009999990463257,
        "existential_there_object_raising": 0.8199999928474426,
        "existential_there_quantifiers_1": 0.9259999990463257,
        "existential_there_quantifiers_2": 0.289000004529953,
        "existential_there_subject_raising": 0.7229999899864197,
        "expletive_it_object_raising": 0.7379999756813049,
        "inchoative": 0.49000000953674316,
        "intransitive": 0.6520000100135803,
        "irregular_past_participle_adjectives": 0.9769999980926514,
        "irregular_past_participle_verbs": 0.8809999823570251,
        "irregular_plural_subject_verb_agreement_1": 0.753000020980835,
        "irregular_plural_subject_verb_agreement_2": 0.8450000286102295,
        "left_branch_island_echo_question": 0.44200000166893005,
        "left_branch_island_simple_question": 0.3619999885559082,
        "matrix_question_npi_licensor_present": 0.2809999883174896,
        "npi_present_1": 0.625,
        "npi_present_2": 0.45899999141693115,
        "only_npi_licensor_present": 0.6309999823570251,
        "only_npi_scope": 0.6110000014305115,
        "passive_1": 0.8709999918937683,
        "passive_2": 0.8610000014305115,
        "principle_A_c_command": 0.527999997138977,
        "principle_A_case_1": 1.0,
        "principle_A_case_2": 0.8539999723434448,
        "principle_A_domain_1": 0.9850000143051147,
        "principle_A_domain_2": 0.800000011920929,
        "principle_A_domain_3": 0.4819999933242798,
        "principle_A_reconstruction": 0.4300000071525574,
        "regular_plural_subject_verb_agreement_1": 0.7950000166893005,
        "regular_plural_subject_verb_agreement_2": 0.8479999899864197,
        "sentential_negation_npi_licensor_present": 0.9980000257492065,
        "sentential_negation_npi_scope": 0.382999986410141,
        "sentential_subject_island": 0.39100000262260437,
        "superlative_quantifiers_1": 0.5120000243186951,
        "superlative_quantifiers_2": 0.699999988079071,
        "tough_vs_raising_1": 0.4699999988079071,
        "tough_vs_raising_2": 0.7369999885559082,
        "transitive": 0.7749999761581421,
        "wh_island": 0.7160000205039978,
        "wh_questions_object_gap": 0.6150000095367432,
        "wh_questions_subject_gap": 0.9079999923706055,
        "wh_questions_subject_gap_long_distance": 0.953000009059906,
        "wh_vs_that_no_gap": 0.9850000143051147,
        "wh_vs_that_no_gap_long_distance": 0.996999979019165,
        "wh_vs_that_with_gap": 0.21400000154972076,
        "wh_vs_that_with_gap_long_distance": 0.04600000008940697
    }
}