{
    "accuracy": 0.7061641832341009,
    "by_phenomenon": {
        "anaphor_agreement": 0.8150000274181366,
        "argument_structure": 0.724857142993382,
        "binding": 0.7300000063010624,
        "control_raising": 0.7002000093460083,
        "determiner_noun_agreement": 0.8713750019669533,
        "ellipsis": 0.7820000052452087,
        "filler_gap_dependency": 0.699142866900989,
        "irregular_forms": 0.9325000047683716,
        "island_effects": 0.5067500062286854,
        "npi_licensing": 0.5314285755157471,
        "quantifiers": 0.7164999768137932,
        "s-selection": 0.7790000140666962,
        "subject_verb_agreement": 0.7510000020265579
    },
    "by_uid": {
        "adjunct_island": 0.6660000085830688,
        "anaphor_gender_agreement": 0.7110000252723694,
        "anaphor_number_agreement": 0.9190000295639038,
        "animate_subject_passive": 0.7710000276565552,
        "animate_subject_trans": 0.7870000004768372,
        "causative": 0.5730000138282776,
        "complex_NP_island": 0.5370000004768372,
        "coordinate_structure_constraint_complex_left_branch": 0.3179999887943268,
        "coordinate_structure_constraint_object_extraction": 0.6800000071525574,
        "determiner_noun_agreement_1": 0.949999988079071,
        "determiner_noun_agreement_2": 0.9330000281333923,
        "determiner_noun_agreement_irregular_1": 0.8029999732971191,
        "determiner_noun_agreement_irregular_2": 0.8960000276565552,
        "determiner_noun_agreement_with_adj_2": 0.8930000066757202,
        "determiner_noun_agreement_with_adj_irregular_1": 0.7549999952316284,
        "determiner_noun_agreement_with_adj_irregular_2": 0.8460000157356262,
        "determiner_noun_agreement_with_adjective_1": 0.8949999809265137,
        "distractor_agreement_relational_noun": 0.7080000042915344,
        "distractor_agreement_relative_clause": 0.40400001406669617,
        "drop_argument": 0.7289999723434448,
        "ellipsis_n_bar_1": 0.734000027179718,
        "ellipsis_n_bar_2": 0.8299999833106995,
        "existential_there_object_raising": 0.7720000147819519,
        "existential_there_quantifiers_1": 0.9229999780654907,
        "existential_there_quantifiers_2": 0.4339999854564667,
        "existential_there_subject_raising": 0.7039999961853027,
        "expletive_it_object_raising": 0.7360000014305115,
        "inchoative": 0.5220000147819519,
        "intransitive": 0.6859999895095825,
        "irregular_past_participle_adjectives": 0.9660000205039978,
        "irregular_past_participle_verbs": 0.8989999890327454,
        "irregular_plural_subject_verb_agreement_1": 0.7860000133514404,
        "irregular_plural_subject_verb_agreement_2": 0.859000027179718,
        "left_branch_island_echo_question": 0.4230000078678131,
        "left_branch_island_simple_question": 0.37400001287460327,
        "matrix_question_npi_licensor_present": 0.19900000095367432,
        "npi_present_1": 0.6050000190734863,
        "npi_present_2": 0.5929999947547913,
        "only_npi_licensor_present": 0.3970000147819519,
        "only_npi_scope": 0.5289999842643738,
        "passive_1": 0.8759999871253967,
        "passive_2": 0.8820000290870667,
        "principle_A_c_command": 0.5360000133514404,
        "principle_A_case_1": 1.0,
        "principle_A_case_2": 0.8600000143051147,
        "principle_A_domain_1": 0.9850000143051147,
        "principle_A_domain_2": 0.8190000057220459,
        "principle_A_domain_3": 0.49399998784065247,
        "principle_A_reconstruction": 0.41600000858306885,
        "regular_plural_subject_verb_agreement_1": 0.8679999709129333,
        "regular_plural_subject_verb_agreement_2": 0.8809999823570251,
        "sentential_negation_npi_licensor_present": 0.9980000257492065,
        "sentential_negation_npi_scope": 0.39899998903274536,
        "sentential_subject_island": 0.2930000126361847,
        "superlative_quantifiers_1": 0.7799999713897705,
        "superlative_quantifiers_2": 0.7289999723434448,
        "tough_vs_raising_1": 0.5640000104904175,
        "tough_vs_raising_2": 0.7250000238418579,
        "transitive": 0.8059999942779541,
        "wh_island": 0.7630000114440918,
        "wh_questions_object_gap": 0.7020000219345093,
        "wh_questions_subject_gap": 0.9100000262260437,
        "wh_questions_subject_gap_long_distance": 0.8690000176429749,
        "wh_vs_that_no_gap": 0.9710000157356262,
        "wh_vs_that_no_gap_long_distance": 0.9829999804496765,
        "wh_vs_that_with_gap": 0.3310000002384186,
        "wh_vs_that_with_gap_long_distance": 0.12800000607967377
    }
}