{
    "accuracy": 0.6975970137030331,
    "by_phenomenon": {
        "anaphor_agreement": 0.8264999985694885,
        "argument_structure": 0.7162857055664062,
        "binding": 0.7048571450369698,
        "control_raising": 0.701800000667572,
        "determiner_noun_agreement": 0.8568749874830246,
        "ellipsis": 0.7855000197887421,
        "filler_gap_dependency": 0.6882857211998531,
        "irregular_forms": 0.9334999918937683,
        "island_effects": 0.5223750025033951,
        "npi_licensing": 0.5342857177768435,
        "quantifiers": 0.66075000166893,
        "s-selection": 0.7754999995231628,
        "subject_verb_agreement": 0.7341666569312414
    },
    "by_uid": {
        "adjunct_island": 0.6029999852180481,
        "anaphor_gender_agreement": 0.7400000095367432,
        "anaphor_number_agreement": 0.9129999876022339,
        "animate_subject_passive": 0.7879999876022339,
        "animate_subject_trans": 0.7630000114440918,
        "causative": 0.5730000138282776,
        "complex_NP_island": 0.5260000228881836,
        "coordinate_structure_constraint_complex_left_branch": 0.3330000042915344,
        "coordinate_structure_constraint_object_extraction": 0.6779999732971191,
        "determiner_noun_agreement_1": 0.9390000104904175,
        "determiner_noun_agreement_2": 0.9089999794960022,
        "determiner_noun_agreement_irregular_1": 0.7829999923706055,
        "determiner_noun_agreement_irregular_2": 0.8859999775886536,
        "determiner_noun_agreement_with_adj_2": 0.8679999709129333,
        "determiner_noun_agreement_with_adj_irregular_1": 0.7419999837875366,
        "determiner_noun_agreement_with_adj_irregular_2": 0.8339999914169312,
        "determiner_noun_agreement_with_adjective_1": 0.8939999938011169,
        "distractor_agreement_relational_noun": 0.699999988079071,
        "distractor_agreement_relative_clause": 0.382999986410141,
        "drop_argument": 0.7350000143051147,
        "ellipsis_n_bar_1": 0.7260000109672546,
        "ellipsis_n_bar_2": 0.8450000286102295,
        "existential_there_object_raising": 0.7739999890327454,
        "existential_there_quantifiers_1": 0.9520000219345093,
        "existential_there_quantifiers_2": 0.328000009059906,
        "existential_there_subject_raising": 0.7110000252723694,
        "expletive_it_object_raising": 0.7120000123977661,
        "inchoative": 0.5199999809265137,
        "intransitive": 0.6660000085830688,
        "irregular_past_participle_adjectives": 0.9769999980926514,
        "irregular_past_participle_verbs": 0.8899999856948853,
        "irregular_plural_subject_verb_agreement_1": 0.7609999775886536,
        "irregular_plural_subject_verb_agreement_2": 0.8489999771118164,
        "left_branch_island_echo_question": 0.48500001430511475,
        "left_branch_island_simple_question": 0.43799999356269836,
        "matrix_question_npi_licensor_present": 0.2029999941587448,
        "npi_present_1": 0.4950000047683716,
        "npi_present_2": 0.5270000100135803,
        "only_npi_licensor_present": 0.5720000267028809,
        "only_npi_scope": 0.5379999876022339,
        "passive_1": 0.8679999709129333,
        "passive_2": 0.8679999709129333,
        "principle_A_c_command": 0.5299999713897705,
        "principle_A_case_1": 1.0,
        "principle_A_case_2": 0.8149999976158142,
        "principle_A_domain_1": 0.9900000095367432,
        "principle_A_domain_2": 0.7900000214576721,
        "principle_A_domain_3": 0.4690000116825104,
        "principle_A_reconstruction": 0.3400000035762787,
        "regular_plural_subject_verb_agreement_1": 0.8389999866485596,
        "regular_plural_subject_verb_agreement_2": 0.8730000257492065,
        "sentential_negation_npi_licensor_present": 0.9990000128746033,
        "sentential_negation_npi_scope": 0.4059999883174896,
        "sentential_subject_island": 0.32199999690055847,
        "superlative_quantifiers_1": 0.6620000004768372,
        "superlative_quantifiers_2": 0.7009999752044678,
        "tough_vs_raising_1": 0.5759999752044678,
        "tough_vs_raising_2": 0.7360000014305115,
        "transitive": 0.7839999794960022,
        "wh_island": 0.7940000295639038,
        "wh_questions_object_gap": 0.6830000281333923,
        "wh_questions_subject_gap": 0.9259999990463257,
        "wh_questions_subject_gap_long_distance": 0.8999999761581421,
        "wh_vs_that_no_gap": 0.9800000190734863,
        "wh_vs_that_no_gap_long_distance": 0.9940000176429749,
        "wh_vs_that_with_gap": 0.26100000739097595,
        "wh_vs_that_with_gap_long_distance": 0.07400000095367432
    }
}