{
    "accuracy": 0.6852537303495763,
    "by_phenomenon": {
        "anaphor_agreement": 0.8465000092983246,
        "argument_structure": 0.717714284147535,
        "binding": 0.6884285679885319,
        "control_raising": 0.6998000025749207,
        "determiner_noun_agreement": 0.8725000023841858,
        "ellipsis": 0.7819999754428864,
        "filler_gap_dependency": 0.6872857202376638,
        "irregular_forms": 0.887499988079071,
        "island_effects": 0.4622499942779541,
        "npi_licensing": 0.4992857149669102,
        "quantifiers": 0.6267499998211861,
        "s-selection": 0.777999997138977,
        "subject_verb_agreement": 0.74849999944369
    },
    "by_uid": {
        "adjunct_island": 0.6639999747276306,
        "anaphor_gender_agreement": 0.7440000176429749,
        "anaphor_number_agreement": 0.9490000009536743,
        "animate_subject_passive": 0.7730000019073486,
        "animate_subject_trans": 0.7829999923706055,
        "causative": 0.5849999785423279,
        "complex_NP_island": 0.5059999823570251,
        "coordinate_structure_constraint_complex_left_branch": 0.25099998712539673,
        "coordinate_structure_constraint_object_extraction": 0.6610000133514404,
        "determiner_noun_agreement_1": 0.9419999718666077,
        "determiner_noun_agreement_2": 0.9290000200271606,
        "determiner_noun_agreement_irregular_1": 0.8230000138282776,
        "determiner_noun_agreement_irregular_2": 0.8939999938011169,
        "determiner_noun_agreement_with_adj_2": 0.8920000195503235,
        "determiner_noun_agreement_with_adj_irregular_1": 0.7630000114440918,
        "determiner_noun_agreement_with_adj_irregular_2": 0.8529999852180481,
        "determiner_noun_agreement_with_adjective_1": 0.8840000033378601,
        "distractor_agreement_relational_noun": 0.7409999966621399,
        "distractor_agreement_relative_clause": 0.40299999713897705,
        "drop_argument": 0.7350000143051147,
        "ellipsis_n_bar_1": 0.746999979019165,
        "ellipsis_n_bar_2": 0.8169999718666077,
        "existential_there_object_raising": 0.7770000100135803,
        "existential_there_quantifiers_1": 0.9490000009536743,
        "existential_there_quantifiers_2": 0.29899999499320984,
        "existential_there_subject_raising": 0.7490000128746033,
        "expletive_it_object_raising": 0.722000002861023,
        "inchoative": 0.5009999871253967,
        "intransitive": 0.6710000038146973,
        "irregular_past_participle_adjectives": 0.9350000023841858,
        "irregular_past_participle_verbs": 0.8399999737739563,
        "irregular_plural_subject_verb_agreement_1": 0.7839999794960022,
        "irregular_plural_subject_verb_agreement_2": 0.859000027179718,
        "left_branch_island_echo_question": 0.4259999990463257,
        "left_branch_island_simple_question": 0.2980000078678131,
        "matrix_question_npi_licensor_present": 0.2529999911785126,
        "npi_present_1": 0.5120000243186951,
        "npi_present_2": 0.48899999260902405,
        "only_npi_licensor_present": 0.33799999952316284,
        "only_npi_scope": 0.4699999988079071,
        "passive_1": 0.8600000143051147,
        "passive_2": 0.8679999709129333,
        "principle_A_c_command": 0.47999998927116394,
        "principle_A_case_1": 1.0,
        "principle_A_case_2": 0.8420000076293945,
        "principle_A_domain_1": 0.9819999933242798,
        "principle_A_domain_2": 0.7879999876022339,
        "principle_A_domain_3": 0.4620000123977661,
        "principle_A_reconstruction": 0.26499998569488525,
        "regular_plural_subject_verb_agreement_1": 0.8500000238418579,
        "regular_plural_subject_verb_agreement_2": 0.8539999723434448,
        "sentential_negation_npi_licensor_present": 0.9990000128746033,
        "sentential_negation_npi_scope": 0.4339999854564667,
        "sentential_subject_island": 0.2809999883174896,
        "superlative_quantifiers_1": 0.6449999809265137,
        "superlative_quantifiers_2": 0.6140000224113464,
        "tough_vs_raising_1": 0.5479999780654907,
        "tough_vs_raising_2": 0.703000009059906,
        "transitive": 0.8040000200271606,
        "wh_island": 0.6110000014305115,
        "wh_questions_object_gap": 0.6850000023841858,
        "wh_questions_subject_gap": 0.9190000295639038,
        "wh_questions_subject_gap_long_distance": 0.9039999842643738,
        "wh_vs_that_no_gap": 0.9700000286102295,
        "wh_vs_that_no_gap_long_distance": 0.9810000061988831,
        "wh_vs_that_with_gap": 0.27399998903274536,
        "wh_vs_that_with_gap_long_distance": 0.07800000160932541
    }
}