{
    "accuracy": 0.6413134336471558,
    "by_phenomenon": {
        "anaphor_agreement": 0.6525000035762787,
        "argument_structure": 0.6680000041212354,
        "binding": 0.683857147182737,
        "control_raising": 0.6509999930858612,
        "determiner_noun_agreement": 0.8216249942779541,
        "ellipsis": 0.6385000050067902,
        "filler_gap_dependency": 0.6620000004768372,
        "irregular_forms": 0.7630000114440918,
        "island_effects": 0.4671249948441982,
        "npi_licensing": 0.5212857212339129,
        "quantifiers": 0.6389999911189079,
        "s-selection": 0.7065000236034393,
        "subject_verb_agreement": 0.5966666688521703
    },
    "by_uid": {
        "adjunct_island": 0.6579999923706055,
        "anaphor_gender_agreement": 0.5199999809265137,
        "anaphor_number_agreement": 0.7850000262260437,
        "animate_subject_passive": 0.7390000224113464,
        "animate_subject_trans": 0.6740000247955322,
        "causative": 0.5379999876022339,
        "complex_NP_island": 0.4569999873638153,
        "coordinate_structure_constraint_complex_left_branch": 0.27300000190734863,
        "coordinate_structure_constraint_object_extraction": 0.6909999847412109,
        "determiner_noun_agreement_1": 0.8989999890327454,
        "determiner_noun_agreement_2": 0.871999979019165,
        "determiner_noun_agreement_irregular_1": 0.7649999856948853,
        "determiner_noun_agreement_irregular_2": 0.8569999933242798,
        "determiner_noun_agreement_with_adj_2": 0.8429999947547913,
        "determiner_noun_agreement_with_adj_irregular_1": 0.7129999995231628,
        "determiner_noun_agreement_with_adj_irregular_2": 0.796999990940094,
        "determiner_noun_agreement_with_adjective_1": 0.8270000219345093,
        "distractor_agreement_relational_noun": 0.4480000138282776,
        "distractor_agreement_relative_clause": 0.30799999833106995,
        "drop_argument": 0.7480000257492065,
        "ellipsis_n_bar_1": 0.6370000243186951,
        "ellipsis_n_bar_2": 0.6399999856948853,
        "existential_there_object_raising": 0.7419999837875366,
        "existential_there_quantifiers_1": 0.9259999990463257,
        "existential_there_quantifiers_2": 0.23800000548362732,
        "existential_there_subject_raising": 0.7080000042915344,
        "expletive_it_object_raising": 0.7049999833106995,
        "inchoative": 0.4519999921321869,
        "intransitive": 0.597000002861023,
        "irregular_past_participle_adjectives": 0.7990000247955322,
        "irregular_past_participle_verbs": 0.7269999980926514,
        "irregular_plural_subject_verb_agreement_1": 0.6309999823570251,
        "irregular_plural_subject_verb_agreement_2": 0.7670000195503235,
        "left_branch_island_echo_question": 0.36399999260902405,
        "left_branch_island_simple_question": 0.33399999141693115,
        "matrix_question_npi_licensor_present": 0.27000001072883606,
        "npi_present_1": 0.43299999833106995,
        "npi_present_2": 0.3529999852180481,
        "only_npi_licensor_present": 0.45500001311302185,
        "only_npi_scope": 0.7300000190734863,
        "passive_1": 0.8140000104904175,
        "passive_2": 0.8220000267028809,
        "principle_A_c_command": 0.5419999957084656,
        "principle_A_case_1": 1.0,
        "principle_A_case_2": 0.75,
        "principle_A_domain_1": 0.9520000219345093,
        "principle_A_domain_2": 0.6970000267028809,
        "principle_A_domain_3": 0.47099998593330383,
        "principle_A_reconstruction": 0.375,
        "regular_plural_subject_verb_agreement_1": 0.7329999804496765,
        "regular_plural_subject_verb_agreement_2": 0.6930000185966492,
        "sentential_negation_npi_licensor_present": 0.9980000257492065,
        "sentential_negation_npi_scope": 0.4099999964237213,
        "sentential_subject_island": 0.503000020980835,
        "superlative_quantifiers_1": 0.6769999861717224,
        "superlative_quantifiers_2": 0.7149999737739563,
        "tough_vs_raising_1": 0.4050000011920929,
        "tough_vs_raising_2": 0.6949999928474426,
        "transitive": 0.7049999833106995,
        "wh_island": 0.4569999873638153,
        "wh_questions_object_gap": 0.621999979019165,
        "wh_questions_subject_gap": 0.9110000133514404,
        "wh_questions_subject_gap_long_distance": 0.9490000009536743,
        "wh_vs_that_no_gap": 0.9580000042915344,
        "wh_vs_that_no_gap_long_distance": 0.972000002861023,
        "wh_vs_that_with_gap": 0.15000000596046448,
        "wh_vs_that_with_gap_long_distance": 0.07199999690055847
    }
}