{
    "accuracy": 0.6989402977833107,
    "by_phenomenon": {
        "anaphor_agreement": 0.848499983549118,
        "argument_structure": 0.7211428540093558,
        "binding": 0.731714278459549,
        "control_raising": 0.7087999939918518,
        "determiner_noun_agreement": 0.8681249991059303,
        "ellipsis": 0.7485000193119049,
        "filler_gap_dependency": 0.6781428647892815,
        "irregular_forms": 0.9360000193119049,
        "island_effects": 0.4756250027567148,
        "npi_licensing": 0.557999991944858,
        "quantifiers": 0.7045000046491623,
        "s-selection": 0.7355000078678131,
        "subject_verb_agreement": 0.7261666605869929
    },
    "by_uid": {
        "adjunct_island": 0.628000020980835,
        "anaphor_gender_agreement": 0.7649999856948853,
        "anaphor_number_agreement": 0.9319999814033508,
        "animate_subject_passive": 0.7369999885559082,
        "animate_subject_trans": 0.734000027179718,
        "causative": 0.5960000157356262,
        "complex_NP_island": 0.5289999842643738,
        "coordinate_structure_constraint_complex_left_branch": 0.20200000703334808,
        "coordinate_structure_constraint_object_extraction": 0.6200000047683716,
        "determiner_noun_agreement_1": 0.9300000071525574,
        "determiner_noun_agreement_2": 0.925000011920929,
        "determiner_noun_agreement_irregular_1": 0.8159999847412109,
        "determiner_noun_agreement_irregular_2": 0.8949999809265137,
        "determiner_noun_agreement_with_adj_2": 0.8899999856948853,
        "determiner_noun_agreement_with_adj_irregular_1": 0.75,
        "determiner_noun_agreement_with_adj_irregular_2": 0.8450000286102295,
        "determiner_noun_agreement_with_adjective_1": 0.8939999938011169,
        "distractor_agreement_relational_noun": 0.6539999842643738,
        "distractor_agreement_relative_clause": 0.3869999945163727,
        "drop_argument": 0.75,
        "ellipsis_n_bar_1": 0.7020000219345093,
        "ellipsis_n_bar_2": 0.7950000166893005,
        "existential_there_object_raising": 0.781000018119812,
        "existential_there_quantifiers_1": 0.9570000171661377,
        "existential_there_quantifiers_2": 0.5199999809265137,
        "existential_there_subject_raising": 0.7599999904632568,
        "expletive_it_object_raising": 0.7279999852180481,
        "inchoative": 0.5049999952316284,
        "intransitive": 0.6589999794960022,
        "irregular_past_participle_adjectives": 0.9700000286102295,
        "irregular_past_participle_verbs": 0.9020000100135803,
        "irregular_plural_subject_verb_agreement_1": 0.7749999761581421,
        "irregular_plural_subject_verb_agreement_2": 0.8550000190734863,
        "left_branch_island_echo_question": 0.4950000047683716,
        "left_branch_island_simple_question": 0.33000001311302185,
        "matrix_question_npi_licensor_present": 0.24699999392032623,
        "npi_present_1": 0.5879999995231628,
        "npi_present_2": 0.49399998784065247,
        "only_npi_licensor_present": 0.593999981880188,
        "only_npi_scope": 0.6290000081062317,
        "passive_1": 0.8799999952316284,
        "passive_2": 0.875,
        "principle_A_c_command": 0.5130000114440918,
        "principle_A_case_1": 1.0,
        "principle_A_case_2": 0.8579999804496765,
        "principle_A_domain_1": 0.9829999804496765,
        "principle_A_domain_2": 0.7799999713897705,
        "principle_A_domain_3": 0.4950000047683716,
        "principle_A_reconstruction": 0.49300000071525574,
        "regular_plural_subject_verb_agreement_1": 0.8159999847412109,
        "regular_plural_subject_verb_agreement_2": 0.8700000047683716,
        "sentential_negation_npi_licensor_present": 0.9919999837875366,
        "sentential_negation_npi_scope": 0.3619999885559082,
        "sentential_subject_island": 0.3610000014305115,
        "superlative_quantifiers_1": 0.6579999923706055,
        "superlative_quantifiers_2": 0.6830000281333923,
        "tough_vs_raising_1": 0.5529999732971191,
        "tough_vs_raising_2": 0.722000002861023,
        "transitive": 0.7829999923706055,
        "wh_island": 0.6399999856948853,
        "wh_questions_object_gap": 0.6119999885559082,
        "wh_questions_subject_gap": 0.921999990940094,
        "wh_questions_subject_gap_long_distance": 0.9330000281333923,
        "wh_vs_that_no_gap": 0.9800000190734863,
        "wh_vs_that_no_gap_long_distance": 0.9980000257492065,
        "wh_vs_that_with_gap": 0.23499999940395355,
        "wh_vs_that_with_gap_long_distance": 0.06700000166893005
    }
}