{"blimp": {"by_uid": {"adjunct_island": 0.47200000286102295, "anaphor_gender_agreement": 0.3970000147819519, "anaphor_number_agreement": 0.49399998784065247, "animate_subject_passive": 0.6060000061988831, "animate_subject_trans": 0.5600000023841858, "causative": 0.4449999928474426, "complex_NP_island": 0.5370000004768372, "coordinate_structure_constraint_complex_left_branch": 0.5600000023841858, "coordinate_structure_constraint_object_extraction": 0.5770000219345093, "determiner_noun_agreement_1": 0.5120000243186951, "determiner_noun_agreement_2": 0.492000013589859, "determiner_noun_agreement_irregular_1": 0.5180000066757202, "determiner_noun_agreement_irregular_2": 0.5090000033378601, "determiner_noun_agreement_with_adj_2": 0.4819999933242798, "determiner_noun_agreement_with_adj_irregular_1": 0.47699999809265137, "determiner_noun_agreement_with_adj_irregular_2": 0.49799999594688416, "determiner_noun_agreement_with_adjective_1": 0.5189999938011169, "distractor_agreement_relational_noun": 0.4699999988079071, "distractor_agreement_relative_clause": 0.4699999988079071, "drop_argument": 0.6940000057220459, "ellipsis_n_bar_1": 0.41600000858306885, "ellipsis_n_bar_2": 0.3540000021457672, "existential_there_object_raising": 0.6380000114440918, "existential_there_quantifiers_1": 0.32199999690055847, "existential_there_quantifiers_2": 0.004999999888241291, "existential_there_subject_raising": 0.5389999747276306, "expletive_it_object_raising": 0.5860000252723694, "inchoative": 0.4230000078678131, "intransitive": 0.5619999766349792, "irregular_past_participle_adjectives": 0.6179999709129333, "irregular_past_participle_verbs": 0.40799999237060547, "irregular_plural_subject_verb_agreement_1": 0.4480000138282776, "irregular_plural_subject_verb_agreement_2": 0.5090000033378601, "left_branch_island_echo_question": 0.45100000500679016, "left_branch_island_simple_question": 0.5270000100135803, "matrix_question_npi_licensor_present": 0.6169999837875366, "npi_present_1": 0.515999972820282, "npi_present_2": 0.48500001430511475, "only_npi_licensor_present": 0.0020000000949949026, "only_npi_scope": 0.29499998688697815, "passive_1": 0.5789999961853027, "passive_2": 0.6119999885559082, "principle_A_c_command": 0.6420000195503235, "principle_A_case_1": 0.8889999985694885, "principle_A_case_2": 0.47999998927116394, "principle_A_domain_1": 0.574999988079071, "principle_A_domain_2": 0.5320000052452087, "principle_A_domain_3": 0.46399998664855957, "principle_A_reconstruction": 0.5170000195503235, "regular_plural_subject_verb_agreement_1": 0.5509999990463257, "regular_plural_subject_verb_agreement_2": 0.46299999952316284, "sentential_negation_npi_licensor_present": 0.4650000035762787, "sentential_negation_npi_scope": 0.6190000176429749, "sentential_subject_island": 0.5210000276565552, "superlative_quantifiers_1": 0.16899999976158142, "superlative_quantifiers_2": 0.18700000643730164, "tough_vs_raising_1": 0.36800000071525574, "tough_vs_raising_2": 0.6679999828338623, "transitive": 0.531000018119812, "wh_island": 0.2930000126361847, "wh_questions_object_gap": 0.5120000243186951, "wh_questions_subject_gap": 0.5740000009536743, "wh_questions_subject_gap_long_distance": 0.4569999873638153, "wh_vs_that_no_gap": 0.6729999780654907, "wh_vs_that_no_gap_long_distance": 0.6909999847412109, "wh_vs_that_with_gap": 0.31299999356269836, "wh_vs_that_with_gap_long_distance": 0.3240000009536743}, "by_phenomenon": {"island_effects": 0.4922500103712082, "anaphor_agreement": 0.4455000013113022, "s-selection": 0.5830000042915344, "argument_structure": 0.5494285694190434, "determiner_noun_agreement": 0.5008750036358833, "subject_verb_agreement": 0.48516666889190674, "ellipsis": 0.38500000536441803, "control_raising": 0.559799998998642, "quantifiers": 0.1707500007469207, "irregular_forms": 0.5129999816417694, "npi_licensing": 0.42842856844488, "binding": 0.5855714295591626, "filler_gap_dependency": 0.5062857099941799}}, "paloma": 14060.126081704595}