{"blimp": {"by_uid": {"adjunct_island": 0.7419999837875366, "anaphor_gender_agreement": 0.4970000088214874, "anaphor_number_agreement": 0.7459999918937683, "animate_subject_passive": 0.6919999718666077, "animate_subject_trans": 0.6679999828338623, "causative": 0.48899999260902405, "complex_NP_island": 0.48899999260902405, "coordinate_structure_constraint_complex_left_branch": 0.48500001430511475, "coordinate_structure_constraint_object_extraction": 0.6129999756813049, "determiner_noun_agreement_1": 0.8799999952316284, "determiner_noun_agreement_2": 0.8659999966621399, "determiner_noun_agreement_irregular_1": 0.722000002861023, "determiner_noun_agreement_irregular_2": 0.8489999771118164, "determiner_noun_agreement_with_adj_2": 0.8109999895095825, "determiner_noun_agreement_with_adj_irregular_1": 0.6869999766349792, "determiner_noun_agreement_with_adj_irregular_2": 0.7509999871253967, "determiner_noun_agreement_with_adjective_1": 0.8510000109672546, "distractor_agreement_relational_noun": 0.210999995470047, "distractor_agreement_relative_clause": 0.22200000286102295, "drop_argument": 0.6970000267028809, "ellipsis_n_bar_1": 0.5139999985694885, "ellipsis_n_bar_2": 0.5929999947547913, "existential_there_object_raising": 0.7540000081062317, "existential_there_quantifiers_1": 0.7820000052452087, "existential_there_quantifiers_2": 0.3709999918937683, "existential_there_subject_raising": 0.6570000052452087, "expletive_it_object_raising": 0.7070000171661377, "inchoative": 0.38999998569488525, "intransitive": 0.5429999828338623, "irregular_past_participle_adjectives": 0.75, "irregular_past_participle_verbs": 0.7179999947547913, "irregular_plural_subject_verb_agreement_1": 0.6819999814033508, "irregular_plural_subject_verb_agreement_2": 0.7860000133514404, "left_branch_island_echo_question": 0.5220000147819519, "left_branch_island_simple_question": 0.5199999809265137, "matrix_question_npi_licensor_present": 0.210999995470047, "npi_present_1": 0.2590000033378601, "npi_present_2": 0.32199999690055847, "only_npi_licensor_present": 0.11400000005960464, "only_npi_scope": 0.5649999976158142, "passive_1": 0.8180000185966492, "passive_2": 0.8450000286102295, "principle_A_c_command": 0.5799999833106995, "principle_A_case_1": 1.0, "principle_A_case_2": 0.6710000038146973, "principle_A_domain_1": 0.9599999785423279, "principle_A_domain_2": 0.628000020980835, "principle_A_domain_3": 0.4560000002384186, "principle_A_reconstruction": 0.4580000042915344, "regular_plural_subject_verb_agreement_1": 0.6990000009536743, "regular_plural_subject_verb_agreement_2": 0.7319999933242798, "sentential_negation_npi_licensor_present": 0.9950000047683716, "sentential_negation_npi_scope": 0.5049999952316284, "sentential_subject_island": 0.4269999861717224, "superlative_quantifiers_1": 0.753000020980835, "superlative_quantifiers_2": 0.7620000243186951, "tough_vs_raising_1": 0.38499999046325684, "tough_vs_raising_2": 0.6570000052452087, "transitive": 0.6869999766349792, "wh_island": 0.3580000102519989, "wh_questions_object_gap": 0.6010000109672546, "wh_questions_subject_gap": 0.9139999747276306, "wh_questions_subject_gap_long_distance": 0.953000009059906, "wh_vs_that_no_gap": 0.9520000219345093, "wh_vs_that_no_gap_long_distance": 0.9490000009536743, "wh_vs_that_with_gap": 0.14000000059604645, "wh_vs_that_with_gap_long_distance": 0.10499999672174454}, "by_phenomenon": {"island_effects": 0.5194999948143959, "anaphor_agreement": 0.6215000003576279, "s-selection": 0.679999977350235, "argument_structure": 0.6384285730975015, "determiner_noun_agreement": 0.8021249920129776, "subject_verb_agreement": 0.5553333312273026, "ellipsis": 0.5534999966621399, "control_raising": 0.6320000052452087, "quantifiers": 0.6670000106096268, "irregular_forms": 0.7339999973773956, "npi_licensing": 0.42442857048341204, "binding": 0.6789999987397876, "filler_gap_dependency": 0.6591428592801094}}, "paloma": 230.40697295325143}