{"blimp": {"by_uid": {"adjunct_island": 0.7139999866485596, "anaphor_gender_agreement": 0.4740000069141388, "anaphor_number_agreement": 0.6639999747276306, "animate_subject_passive": 0.6869999766349792, "animate_subject_trans": 0.6349999904632568, "causative": 0.460999995470047, "complex_NP_island": 0.531000018119812, "coordinate_structure_constraint_complex_left_branch": 0.41100001335144043, "coordinate_structure_constraint_object_extraction": 0.5019999742507935, "determiner_noun_agreement_1": 0.8130000233650208, "determiner_noun_agreement_2": 0.7850000262260437, "determiner_noun_agreement_irregular_1": 0.7020000219345093, "determiner_noun_agreement_irregular_2": 0.7649999856948853, "determiner_noun_agreement_with_adj_2": 0.6660000085830688, "determiner_noun_agreement_with_adj_irregular_1": 0.6079999804496765, "determiner_noun_agreement_with_adj_irregular_2": 0.7020000219345093, "determiner_noun_agreement_with_adjective_1": 0.7039999961853027, "distractor_agreement_relational_noun": 0.2639999985694885, "distractor_agreement_relative_clause": 0.2529999911785126, "drop_argument": 0.7089999914169312, "ellipsis_n_bar_1": 0.36899998784065247, "ellipsis_n_bar_2": 0.45500001311302185, "existential_there_object_raising": 0.7110000252723694, "existential_there_quantifiers_1": 0.7689999938011169, "existential_there_quantifiers_2": 0.32100000977516174, "existential_there_subject_raising": 0.5220000147819519, "expletive_it_object_raising": 0.6850000023841858, "inchoative": 0.36000001430511475, "intransitive": 0.5920000076293945, "irregular_past_participle_adjectives": 0.7509999871253967, "irregular_past_participle_verbs": 0.703000009059906, "irregular_plural_subject_verb_agreement_1": 0.6010000109672546, "irregular_plural_subject_verb_agreement_2": 0.6029999852180481, "left_branch_island_echo_question": 0.6060000061988831, "left_branch_island_simple_question": 0.5270000100135803, "matrix_question_npi_licensor_present": 0.22599999606609344, "npi_present_1": 0.2409999966621399, "npi_present_2": 0.335999995470047, "only_npi_licensor_present": 0.23499999940395355, "only_npi_scope": 0.5989999771118164, "passive_1": 0.7960000038146973, "passive_2": 0.7739999890327454, "principle_A_c_command": 0.5400000214576721, "principle_A_case_1": 1.0, "principle_A_case_2": 0.5320000052452087, "principle_A_domain_1": 0.8519999980926514, "principle_A_domain_2": 0.5830000042915344, "principle_A_domain_3": 0.4309999942779541, "principle_A_reconstruction": 0.3149999976158142, "regular_plural_subject_verb_agreement_1": 0.6100000143051147, "regular_plural_subject_verb_agreement_2": 0.5809999704360962, "sentential_negation_npi_licensor_present": 0.9779999852180481, "sentential_negation_npi_scope": 0.4180000126361847, "sentential_subject_island": 0.39800000190734863, "superlative_quantifiers_1": 0.4449999928474426, "superlative_quantifiers_2": 0.753000020980835, "tough_vs_raising_1": 0.46399998664855957, "tough_vs_raising_2": 0.5929999947547913, "transitive": 0.6489999890327454, "wh_island": 0.5189999938011169, "wh_questions_object_gap": 0.4880000054836273, "wh_questions_subject_gap": 0.8100000023841858, "wh_questions_subject_gap_long_distance": 0.8949999809265137, "wh_vs_that_no_gap": 0.9390000104904175, "wh_vs_that_no_gap_long_distance": 0.949999988079071, "wh_vs_that_with_gap": 0.0989999994635582, "wh_vs_that_with_gap_long_distance": 0.0560000017285347}, "by_phenomenon": {"island_effects": 0.5260000005364418, "anaphor_agreement": 0.5689999908208847, "s-selection": 0.660999983549118, "argument_structure": 0.6201428558145251, "determiner_noun_agreement": 0.718125008046627, "subject_verb_agreement": 0.48533332844575244, "ellipsis": 0.41200000047683716, "control_raising": 0.5950000047683716, "quantifiers": 0.5720000043511391, "irregular_forms": 0.7269999980926514, "npi_licensing": 0.43328570893832613, "binding": 0.6075714315686908, "filler_gap_dependency": 0.6052857126508441}}, "paloma": 457.85363993495184}