{"blimp": {"by_uid": {"adjunct_island": 0.7329999804496765, "anaphor_gender_agreement": 0.49900001287460327, "anaphor_number_agreement": 0.734000027179718, "animate_subject_passive": 0.699999988079071, "animate_subject_trans": 0.6740000247955322, "causative": 0.4880000054836273, "complex_NP_island": 0.4819999933242798, "coordinate_structure_constraint_complex_left_branch": 0.4429999887943268, "coordinate_structure_constraint_object_extraction": 0.628000020980835, "determiner_noun_agreement_1": 0.8740000128746033, "determiner_noun_agreement_2": 0.8550000190734863, "determiner_noun_agreement_irregular_1": 0.722000002861023, "determiner_noun_agreement_irregular_2": 0.8399999737739563, "determiner_noun_agreement_with_adj_2": 0.8100000023841858, "determiner_noun_agreement_with_adj_irregular_1": 0.6830000281333923, "determiner_noun_agreement_with_adj_irregular_2": 0.7429999709129333, "determiner_noun_agreement_with_adjective_1": 0.843999981880188, "distractor_agreement_relational_noun": 0.21699999272823334, "distractor_agreement_relative_clause": 0.2290000021457672, "drop_argument": 0.6949999928474426, "ellipsis_n_bar_1": 0.5040000081062317, "ellipsis_n_bar_2": 0.5920000076293945, "existential_there_object_raising": 0.7400000095367432, "existential_there_quantifiers_1": 0.7760000228881836, "existential_there_quantifiers_2": 0.3319999873638153, "existential_there_subject_raising": 0.640999972820282, "expletive_it_object_raising": 0.699999988079071, "inchoative": 0.39399999380111694, "intransitive": 0.5519999861717224, "irregular_past_participle_adjectives": 0.7670000195503235, "irregular_past_participle_verbs": 0.7129999995231628, "irregular_plural_subject_verb_agreement_1": 0.6729999780654907, "irregular_plural_subject_verb_agreement_2": 0.7789999842643738, "left_branch_island_echo_question": 0.5350000262260437, "left_branch_island_simple_question": 0.5130000114440918, "matrix_question_npi_licensor_present": 0.19699999690055847, "npi_present_1": 0.23899999260902405, "npi_present_2": 0.31200000643730164, "only_npi_licensor_present": 0.1550000011920929, "only_npi_scope": 0.550000011920929, "passive_1": 0.8109999895095825, "passive_2": 0.8410000205039978, "principle_A_c_command": 0.5820000171661377, "principle_A_case_1": 0.9990000128746033, "principle_A_case_2": 0.6819999814033508, "principle_A_domain_1": 0.949999988079071, "principle_A_domain_2": 0.6169999837875366, "principle_A_domain_3": 0.46000000834465027, "principle_A_reconstruction": 0.45899999141693115, "regular_plural_subject_verb_agreement_1": 0.6869999766349792, "regular_plural_subject_verb_agreement_2": 0.7279999852180481, "sentential_negation_npi_licensor_present": 0.9900000095367432, "sentential_negation_npi_scope": 0.527999997138977, "sentential_subject_island": 0.42100000381469727, "superlative_quantifiers_1": 0.8349999785423279, "superlative_quantifiers_2": 0.8450000286102295, "tough_vs_raising_1": 0.4009999930858612, "tough_vs_raising_2": 0.6340000033378601, "transitive": 0.7020000219345093, "wh_island": 0.4180000126361847, "wh_questions_object_gap": 0.5889999866485596, "wh_questions_subject_gap": 0.8999999761581421, "wh_questions_subject_gap_long_distance": 0.9509999752044678, "wh_vs_that_no_gap": 0.9430000185966492, "wh_vs_that_no_gap_long_distance": 0.9520000219345093, "wh_vs_that_with_gap": 0.1379999965429306, "wh_vs_that_with_gap_long_distance": 0.09600000083446503}, "by_phenomenon": {"island_effects": 0.5216250047087669, "anaphor_agreement": 0.6165000200271606, "s-selection": 0.6870000064373016, "argument_structure": 0.6404285728931427, "determiner_noun_agreement": 0.796374998986721, "subject_verb_agreement": 0.5521666531761488, "ellipsis": 0.5480000078678131, "control_raising": 0.6231999933719635, "quantifiers": 0.6970000043511391, "irregular_forms": 0.7400000095367432, "npi_licensing": 0.42442857367651804, "binding": 0.6784285690103259, "filler_gap_dependency": 0.6527142822742462}}, "paloma": 238.82239372240127}