{"blimp": {"by_uid": {"adjunct_island": 0.7200000286102295, "anaphor_gender_agreement": 0.42399999499320984, "anaphor_number_agreement": 0.5720000267028809, "animate_subject_passive": 0.6650000214576721, "animate_subject_trans": 0.5820000171661377, "causative": 0.4440000057220459, "complex_NP_island": 0.5419999957084656, "coordinate_structure_constraint_complex_left_branch": 0.3970000147819519, "coordinate_structure_constraint_object_extraction": 0.41499999165534973, "determiner_noun_agreement_1": 0.7139999866485596, "determiner_noun_agreement_2": 0.6790000200271606, "determiner_noun_agreement_irregular_1": 0.6439999938011169, "determiner_noun_agreement_irregular_2": 0.7059999704360962, "determiner_noun_agreement_with_adj_2": 0.49000000953674316, "determiner_noun_agreement_with_adj_irregular_1": 0.49900001287460327, "determiner_noun_agreement_with_adj_irregular_2": 0.546999990940094, "determiner_noun_agreement_with_adjective_1": 0.5210000276565552, "distractor_agreement_relational_noun": 0.3880000114440918, "distractor_agreement_relative_clause": 0.3310000002384186, "drop_argument": 0.699999988079071, "ellipsis_n_bar_1": 0.28700000047683716, "ellipsis_n_bar_2": 0.3199999928474426, "existential_there_object_raising": 0.7129999995231628, "existential_there_quantifiers_1": 0.7929999828338623, "existential_there_quantifiers_2": 0.25200000405311584, "existential_there_subject_raising": 0.4690000116825104, "expletive_it_object_raising": 0.675000011920929, "inchoative": 0.3779999911785126, "intransitive": 0.5989999771118164, "irregular_past_participle_adjectives": 0.6150000095367432, "irregular_past_participle_verbs": 0.7139999866485596, "irregular_plural_subject_verb_agreement_1": 0.5329999923706055, "irregular_plural_subject_verb_agreement_2": 0.5789999961853027, "left_branch_island_echo_question": 0.6169999837875366, "left_branch_island_simple_question": 0.43799999356269836, "matrix_question_npi_licensor_present": 0.15399999916553497, "npi_present_1": 0.20399999618530273, "npi_present_2": 0.3709999918937683, "only_npi_licensor_present": 0.4009999930858612, "only_npi_scope": 0.5680000185966492, "passive_1": 0.7590000033378601, "passive_2": 0.7480000257492065, "principle_A_c_command": 0.593999981880188, "principle_A_case_1": 1.0, "principle_A_case_2": 0.5640000104904175, "principle_A_domain_1": 0.921999990940094, "principle_A_domain_2": 0.5680000185966492, "principle_A_domain_3": 0.43799999356269836, "principle_A_reconstruction": 0.28299999237060547, "regular_plural_subject_verb_agreement_1": 0.6359999775886536, "regular_plural_subject_verb_agreement_2": 0.5239999890327454, "sentential_negation_npi_licensor_present": 0.9760000109672546, "sentential_negation_npi_scope": 0.4429999887943268, "sentential_subject_island": 0.5090000033378601, "superlative_quantifiers_1": 0.6010000109672546, "superlative_quantifiers_2": 0.968999981880188, "tough_vs_raising_1": 0.4620000123977661, "tough_vs_raising_2": 0.5899999737739563, "transitive": 0.6240000128746033, "wh_island": 0.5239999890327454, "wh_questions_object_gap": 0.5299999713897705, "wh_questions_subject_gap": 0.8100000023841858, "wh_questions_subject_gap_long_distance": 0.8849999904632568, "wh_vs_that_no_gap": 0.9390000104904175, "wh_vs_that_no_gap_long_distance": 0.9120000004768372, "wh_vs_that_with_gap": 0.0729999989271164, "wh_vs_that_with_gap_long_distance": 0.057999998331069946}, "by_phenomenon": {"island_effects": 0.5202500000596046, "anaphor_agreement": 0.49800001084804535, "s-selection": 0.6235000193119049, "argument_structure": 0.6074285720075879, "determiner_noun_agreement": 0.6000000014901161, "subject_verb_agreement": 0.49849999447663623, "ellipsis": 0.3034999966621399, "control_raising": 0.581800001859665, "quantifiers": 0.6537499949336052, "irregular_forms": 0.6644999980926514, "npi_licensing": 0.4452857140983854, "binding": 0.6241428554058075, "filler_gap_dependency": 0.6009999960660934}}, "paloma": 590.4903966897041}