{"blimp": {"by_uid": {"adjunct_island": 0.7229999899864197, "anaphor_gender_agreement": 0.49900001287460327, "anaphor_number_agreement": 0.7139999866485596, "animate_subject_passive": 0.6949999928474426, "animate_subject_trans": 0.6909999847412109, "causative": 0.492000013589859, "complex_NP_island": 0.48399999737739563, "coordinate_structure_constraint_complex_left_branch": 0.4009999930858612, "coordinate_structure_constraint_object_extraction": 0.6129999756813049, "determiner_noun_agreement_1": 0.875, "determiner_noun_agreement_2": 0.8489999771118164, "determiner_noun_agreement_irregular_1": 0.7279999852180481, "determiner_noun_agreement_irregular_2": 0.8259999752044678, "determiner_noun_agreement_with_adj_2": 0.8009999990463257, "determiner_noun_agreement_with_adj_irregular_1": 0.6690000295639038, "determiner_noun_agreement_with_adj_irregular_2": 0.7580000162124634, "determiner_noun_agreement_with_adjective_1": 0.8349999785423279, "distractor_agreement_relational_noun": 0.21400000154972076, "distractor_agreement_relative_clause": 0.24500000476837158, "drop_argument": 0.6949999928474426, "ellipsis_n_bar_1": 0.46299999952316284, "ellipsis_n_bar_2": 0.5789999961853027, "existential_there_object_raising": 0.7329999804496765, "existential_there_quantifiers_1": 0.8199999928474426, "existential_there_quantifiers_2": 0.3009999990463257, "existential_there_subject_raising": 0.5950000286102295, "expletive_it_object_raising": 0.6819999814033508, "inchoative": 0.37299999594688416, "intransitive": 0.5460000038146973, "irregular_past_participle_adjectives": 0.7940000295639038, "irregular_past_participle_verbs": 0.7059999704360962, "irregular_plural_subject_verb_agreement_1": 0.6710000038146973, "irregular_plural_subject_verb_agreement_2": 0.7239999771118164, "left_branch_island_echo_question": 0.4490000009536743, "left_branch_island_simple_question": 0.4819999933242798, "matrix_question_npi_licensor_present": 0.20399999618530273, "npi_present_1": 0.2630000114440918, "npi_present_2": 0.32499998807907104, "only_npi_licensor_present": 0.11999999731779099, "only_npi_scope": 0.4830000102519989, "passive_1": 0.8209999799728394, "passive_2": 0.843999981880188, "principle_A_c_command": 0.6000000238418579, "principle_A_case_1": 1.0, "principle_A_case_2": 0.6919999718666077, "principle_A_domain_1": 0.9449999928474426, "principle_A_domain_2": 0.6150000095367432, "principle_A_domain_3": 0.4659999907016754, "principle_A_reconstruction": 0.45399999618530273, "regular_plural_subject_verb_agreement_1": 0.6669999957084656, "regular_plural_subject_verb_agreement_2": 0.6769999861717224, "sentential_negation_npi_licensor_present": 0.9810000061988831, "sentential_negation_npi_scope": 0.4779999852180481, "sentential_subject_island": 0.4410000145435333, "superlative_quantifiers_1": 0.7129999995231628, "superlative_quantifiers_2": 0.7170000076293945, "tough_vs_raising_1": 0.36800000071525574, "tough_vs_raising_2": 0.6589999794960022, "transitive": 0.6899999976158142, "wh_island": 0.3160000145435333, "wh_questions_object_gap": 0.5889999866485596, "wh_questions_subject_gap": 0.8889999985694885, "wh_questions_subject_gap_long_distance": 0.9549999833106995, "wh_vs_that_no_gap": 0.9520000219345093, "wh_vs_that_no_gap_long_distance": 0.9559999704360962, "wh_vs_that_with_gap": 0.11999999731779099, "wh_vs_that_with_gap_long_distance": 0.054999999701976776}, "by_phenomenon": {"island_effects": 0.4886249974370003, "anaphor_agreement": 0.6064999997615814, "s-selection": 0.6929999887943268, "argument_structure": 0.6372857093811035, "determiner_noun_agreement": 0.7926249951124191, "subject_verb_agreement": 0.5329999948541323, "ellipsis": 0.5209999978542328, "control_raising": 0.607399994134903, "quantifiers": 0.6377499997615814, "irregular_forms": 0.75, "npi_licensing": 0.40771428495645523, "binding": 0.6817142835685185, "filler_gap_dependency": 0.645142851131303}}, "paloma": 269.2894485227738}