{"blimp": {"by_uid": {"adjunct_island": 0.718999981880188, "anaphor_gender_agreement": 0.5019999742507935, "anaphor_number_agreement": 0.7509999871253967, "animate_subject_passive": 0.6869999766349792, "animate_subject_trans": 0.6690000295639038, "causative": 0.4779999852180481, "complex_NP_island": 0.48500001430511475, "coordinate_structure_constraint_complex_left_branch": 0.48899999260902405, "coordinate_structure_constraint_object_extraction": 0.609000027179718, "determiner_noun_agreement_1": 0.8740000128746033, "determiner_noun_agreement_2": 0.8700000047683716, "determiner_noun_agreement_irregular_1": 0.7200000286102295, "determiner_noun_agreement_irregular_2": 0.8420000076293945, "determiner_noun_agreement_with_adj_2": 0.8009999990463257, "determiner_noun_agreement_with_adj_irregular_1": 0.6990000009536743, "determiner_noun_agreement_with_adj_irregular_2": 0.7409999966621399, "determiner_noun_agreement_with_adjective_1": 0.8370000123977661, "distractor_agreement_relational_noun": 0.22200000286102295, "distractor_agreement_relative_clause": 0.2280000001192093, "drop_argument": 0.6869999766349792, "ellipsis_n_bar_1": 0.5199999809265137, "ellipsis_n_bar_2": 0.5899999737739563, "existential_there_object_raising": 0.7440000176429749, "existential_there_quantifiers_1": 0.7940000295639038, "existential_there_quantifiers_2": 0.3959999978542328, "existential_there_subject_raising": 0.6610000133514404, "expletive_it_object_raising": 0.7039999961853027, "inchoative": 0.39500001072883606, "intransitive": 0.5450000166893005, "irregular_past_participle_adjectives": 0.8240000009536743, "irregular_past_participle_verbs": 0.7329999804496765, "irregular_plural_subject_verb_agreement_1": 0.675000011920929, "irregular_plural_subject_verb_agreement_2": 0.7940000295639038, "left_branch_island_echo_question": 0.531000018119812, "left_branch_island_simple_question": 0.5260000228881836, "matrix_question_npi_licensor_present": 0.2199999988079071, "npi_present_1": 0.2529999911785126, "npi_present_2": 0.3140000104904175, "only_npi_licensor_present": 0.09399999678134918, "only_npi_scope": 0.5680000185966492, "passive_1": 0.8180000185966492, "passive_2": 0.847000002861023, "principle_A_c_command": 0.5809999704360962, "principle_A_case_1": 1.0, "principle_A_case_2": 0.6859999895095825, "principle_A_domain_1": 0.9649999737739563, "principle_A_domain_2": 0.6389999985694885, "principle_A_domain_3": 0.46000000834465027, "principle_A_reconstruction": 0.48899999260902405, "regular_plural_subject_verb_agreement_1": 0.6919999718666077, "regular_plural_subject_verb_agreement_2": 0.7329999804496765, "sentential_negation_npi_licensor_present": 0.9950000047683716, "sentential_negation_npi_scope": 0.531000018119812, "sentential_subject_island": 0.42800000309944153, "superlative_quantifiers_1": 0.6650000214576721, "superlative_quantifiers_2": 0.718999981880188, "tough_vs_raising_1": 0.40700000524520874, "tough_vs_raising_2": 0.6660000085830688, "transitive": 0.6959999799728394, "wh_island": 0.36800000071525574, "wh_questions_object_gap": 0.6079999804496765, "wh_questions_subject_gap": 0.9070000052452087, "wh_questions_subject_gap_long_distance": 0.9490000009536743, "wh_vs_that_no_gap": 0.9480000138282776, "wh_vs_that_no_gap_long_distance": 0.9520000219345093, "wh_vs_that_with_gap": 0.13300000131130219, "wh_vs_that_with_gap_long_distance": 0.09300000220537186}, "by_phenomenon": {"island_effects": 0.5193750075995922, "anaphor_agreement": 0.6264999806880951, "s-selection": 0.6780000030994415, "argument_structure": 0.6379999986716679, "determiner_noun_agreement": 0.7980000078678131, "subject_verb_agreement": 0.5573333327968916, "ellipsis": 0.554999977350235, "control_raising": 0.6364000082015991, "quantifiers": 0.6435000076889992, "irregular_forms": 0.7784999907016754, "npi_licensing": 0.425000005534717, "binding": 0.6885714190346854, "filler_gap_dependency": 0.6557142894182887}}, "paloma": 227.06132606778826}