{"blimp": {"by_uid": {"adjunct_island": 0.7200000286102295, "anaphor_gender_agreement": 0.550000011920929, "anaphor_number_agreement": 0.7139999866485596, "animate_subject_passive": 0.6940000057220459, "animate_subject_trans": 0.7009999752044678, "causative": 0.48399999737739563, "complex_NP_island": 0.49799999594688416, "coordinate_structure_constraint_complex_left_branch": 0.4020000100135803, "coordinate_structure_constraint_object_extraction": 0.5830000042915344, "determiner_noun_agreement_1": 0.8759999871253967, "determiner_noun_agreement_2": 0.8450000286102295, "determiner_noun_agreement_irregular_1": 0.718999981880188, "determiner_noun_agreement_irregular_2": 0.8230000138282776, "determiner_noun_agreement_with_adj_2": 0.7950000166893005, "determiner_noun_agreement_with_adj_irregular_1": 0.6589999794960022, "determiner_noun_agreement_with_adj_irregular_2": 0.7649999856948853, "determiner_noun_agreement_with_adjective_1": 0.8289999961853027, "distractor_agreement_relational_noun": 0.21199999749660492, "distractor_agreement_relative_clause": 0.2409999966621399, "drop_argument": 0.6909999847412109, "ellipsis_n_bar_1": 0.4740000069141388, "ellipsis_n_bar_2": 0.5830000042915344, "existential_there_object_raising": 0.718999981880188, "existential_there_quantifiers_1": 0.8109999895095825, "existential_there_quantifiers_2": 0.3089999854564667, "existential_there_subject_raising": 0.5820000171661377, "expletive_it_object_raising": 0.6859999895095825, "inchoative": 0.3790000081062317, "intransitive": 0.5559999942779541, "irregular_past_participle_adjectives": 0.8109999895095825, "irregular_past_participle_verbs": 0.7139999866485596, "irregular_plural_subject_verb_agreement_1": 0.6610000133514404, "irregular_plural_subject_verb_agreement_2": 0.7099999785423279, "left_branch_island_echo_question": 0.45399999618530273, "left_branch_island_simple_question": 0.49300000071525574, "matrix_question_npi_licensor_present": 0.2199999988079071, "npi_present_1": 0.2540000081062317, "npi_present_2": 0.29499998688697815, "only_npi_licensor_present": 0.07500000298023224, "only_npi_scope": 0.421999990940094, "passive_1": 0.8220000267028809, "passive_2": 0.8370000123977661, "principle_A_c_command": 0.6019999980926514, "principle_A_case_1": 1.0, "principle_A_case_2": 0.6700000166893005, "principle_A_domain_1": 0.9390000104904175, "principle_A_domain_2": 0.6060000061988831, "principle_A_domain_3": 0.453000009059906, "principle_A_reconstruction": 0.4519999921321869, "regular_plural_subject_verb_agreement_1": 0.6539999842643738, "regular_plural_subject_verb_agreement_2": 0.6510000228881836, "sentential_negation_npi_licensor_present": 0.984000027179718, "sentential_negation_npi_scope": 0.4779999852180481, "sentential_subject_island": 0.45500001311302185, "superlative_quantifiers_1": 0.6570000052452087, "superlative_quantifiers_2": 0.6589999794960022, "tough_vs_raising_1": 0.35499998927116394, "tough_vs_raising_2": 0.6650000214576721, "transitive": 0.6869999766349792, "wh_island": 0.3089999854564667, "wh_questions_object_gap": 0.5870000123977661, "wh_questions_subject_gap": 0.8939999938011169, "wh_questions_subject_gap_long_distance": 0.9589999914169312, "wh_vs_that_no_gap": 0.949999988079071, "wh_vs_that_no_gap_long_distance": 0.9629999995231628, "wh_vs_that_with_gap": 0.12099999934434891, "wh_vs_that_with_gap_long_distance": 0.057999998331069946}, "by_phenomenon": {"island_effects": 0.4892500042915344, "anaphor_agreement": 0.6319999992847443, "s-selection": 0.6974999904632568, "argument_structure": 0.6365714286054883, "determiner_noun_agreement": 0.7888749986886978, "subject_verb_agreement": 0.5214999988675117, "ellipsis": 0.5285000056028366, "control_raising": 0.6013999998569488, "quantifiers": 0.608999989926815, "irregular_forms": 0.762499988079071, "npi_licensing": 0.3897142857313156, "binding": 0.6745714332376208, "filler_gap_dependency": 0.647428568984781}}, "paloma": 276.80013949497237}