{"blimp": {"by_uid": {"adjunct_island": 0.7200000286102295, "anaphor_gender_agreement": 0.5170000195503235, "anaphor_number_agreement": 0.7099999785423279, "animate_subject_passive": 0.699999988079071, "animate_subject_trans": 0.6899999976158142, "causative": 0.49300000071525574, "complex_NP_island": 0.47999998927116394, "coordinate_structure_constraint_complex_left_branch": 0.41499999165534973, "coordinate_structure_constraint_object_extraction": 0.6179999709129333, "determiner_noun_agreement_1": 0.8840000033378601, "determiner_noun_agreement_2": 0.8539999723434448, "determiner_noun_agreement_irregular_1": 0.7260000109672546, "determiner_noun_agreement_irregular_2": 0.8299999833106995, "determiner_noun_agreement_with_adj_2": 0.8119999766349792, "determiner_noun_agreement_with_adj_irregular_1": 0.671999990940094, "determiner_noun_agreement_with_adj_irregular_2": 0.7609999775886536, "determiner_noun_agreement_with_adjective_1": 0.8399999737739563, "distractor_agreement_relational_noun": 0.21799999475479126, "distractor_agreement_relative_clause": 0.2409999966621399, "drop_argument": 0.6850000023841858, "ellipsis_n_bar_1": 0.48100000619888306, "ellipsis_n_bar_2": 0.5799999833106995, "existential_there_object_raising": 0.7269999980926514, "existential_there_quantifiers_1": 0.8190000057220459, "existential_there_quantifiers_2": 0.29600000381469727, "existential_there_subject_raising": 0.6129999756813049, "expletive_it_object_raising": 0.6840000152587891, "inchoative": 0.3799999952316284, "intransitive": 0.5329999923706055, "irregular_past_participle_adjectives": 0.8029999732971191, "irregular_past_participle_verbs": 0.7020000219345093, "irregular_plural_subject_verb_agreement_1": 0.6800000071525574, "irregular_plural_subject_verb_agreement_2": 0.7400000095367432, "left_branch_island_echo_question": 0.4519999921321869, "left_branch_island_simple_question": 0.4880000054836273, "matrix_question_npi_licensor_present": 0.19699999690055847, "npi_present_1": 0.2409999966621399, "npi_present_2": 0.3140000104904175, "only_npi_licensor_present": 0.1509999930858612, "only_npi_scope": 0.4790000021457672, "passive_1": 0.8259999752044678, "passive_2": 0.8489999771118164, "principle_A_c_command": 0.6119999885559082, "principle_A_case_1": 0.9990000128746033, "principle_A_case_2": 0.6800000071525574, "principle_A_domain_1": 0.9549999833106995, "principle_A_domain_2": 0.6029999852180481, "principle_A_domain_3": 0.4580000042915344, "principle_A_reconstruction": 0.4569999873638153, "regular_plural_subject_verb_agreement_1": 0.6690000295639038, "regular_plural_subject_verb_agreement_2": 0.6899999976158142, "sentential_negation_npi_licensor_present": 0.9819999933242798, "sentential_negation_npi_scope": 0.4749999940395355, "sentential_subject_island": 0.4569999873638153, "superlative_quantifiers_1": 0.7580000162124634, "superlative_quantifiers_2": 0.7509999871253967, "tough_vs_raising_1": 0.37599998712539673, "tough_vs_raising_2": 0.6570000052452087, "transitive": 0.6980000138282776, "wh_island": 0.32899999618530273, "wh_questions_object_gap": 0.6000000238418579, "wh_questions_subject_gap": 0.890999972820282, "wh_questions_subject_gap_long_distance": 0.9559999704360962, "wh_vs_that_no_gap": 0.9480000138282776, "wh_vs_that_no_gap_long_distance": 0.9509999752044678, "wh_vs_that_with_gap": 0.13199999928474426, "wh_vs_that_with_gap_long_distance": 0.06700000166893005}, "by_phenomenon": {"island_effects": 0.4948749952018261, "anaphor_agreement": 0.6134999990463257, "s-selection": 0.6949999928474426, "argument_structure": 0.6377142795494625, "determiner_noun_agreement": 0.7973749861121178, "subject_verb_agreement": 0.5396666725476583, "ellipsis": 0.5304999947547913, "control_raising": 0.6113999962806702, "quantifiers": 0.6560000032186508, "irregular_forms": 0.7524999976158142, "npi_licensing": 0.4055714266640799, "binding": 0.6805714241095951, "filler_gap_dependency": 0.6492857081549508}}, "paloma": 264.3934549963017}