{"blimp": {"by_uid": {"adjunct_island": 0.6970000267028809, "anaphor_gender_agreement": 0.5120000243186951, "anaphor_number_agreement": 0.6940000057220459, "animate_subject_passive": 0.6830000281333923, "animate_subject_trans": 0.6919999718666077, "causative": 0.4869999885559082, "complex_NP_island": 0.492000013589859, "coordinate_structure_constraint_complex_left_branch": 0.35499998927116394, "coordinate_structure_constraint_object_extraction": 0.5619999766349792, "determiner_noun_agreement_1": 0.8859999775886536, "determiner_noun_agreement_2": 0.8379999995231628, "determiner_noun_agreement_irregular_1": 0.7229999899864197, "determiner_noun_agreement_irregular_2": 0.8240000009536743, "determiner_noun_agreement_with_adj_2": 0.8059999942779541, "determiner_noun_agreement_with_adj_irregular_1": 0.656000018119812, "determiner_noun_agreement_with_adj_irregular_2": 0.777999997138977, "determiner_noun_agreement_with_adjective_1": 0.8309999704360962, "distractor_agreement_relational_noun": 0.21699999272823334, "distractor_agreement_relative_clause": 0.24799999594688416, "drop_argument": 0.7009999752044678, "ellipsis_n_bar_1": 0.4659999907016754, "ellipsis_n_bar_2": 0.5659999847412109, "existential_there_object_raising": 0.7170000076293945, "existential_there_quantifiers_1": 0.8140000104904175, "existential_there_quantifiers_2": 0.3440000116825104, "existential_there_subject_raising": 0.5920000076293945, "expletive_it_object_raising": 0.671999990940094, "inchoative": 0.37299999594688416, "intransitive": 0.5600000023841858, "irregular_past_participle_adjectives": 0.8339999914169312, "irregular_past_participle_verbs": 0.7210000157356262, "irregular_plural_subject_verb_agreement_1": 0.6579999923706055, "irregular_plural_subject_verb_agreement_2": 0.6850000023841858, "left_branch_island_echo_question": 0.47200000286102295, "left_branch_island_simple_question": 0.48899999260902405, "matrix_question_npi_licensor_present": 0.21400000154972076, "npi_present_1": 0.22499999403953552, "npi_present_2": 0.2800000011920929, "only_npi_licensor_present": 0.09000000357627869, "only_npi_scope": 0.4180000126361847, "passive_1": 0.8069999814033508, "passive_2": 0.8130000233650208, "principle_A_c_command": 0.597000002861023, "principle_A_case_1": 1.0, "principle_A_case_2": 0.6610000133514404, "principle_A_domain_1": 0.9340000152587891, "principle_A_domain_2": 0.6119999885559082, "principle_A_domain_3": 0.4410000145435333, "principle_A_reconstruction": 0.48399999737739563, "regular_plural_subject_verb_agreement_1": 0.6449999809265137, "regular_plural_subject_verb_agreement_2": 0.6269999742507935, "sentential_negation_npi_licensor_present": 0.9760000109672546, "sentential_negation_npi_scope": 0.47200000286102295, "sentential_subject_island": 0.44699999690055847, "superlative_quantifiers_1": 0.6290000081062317, "superlative_quantifiers_2": 0.6200000047683716, "tough_vs_raising_1": 0.3440000116825104, "tough_vs_raising_2": 0.6759999990463257, "transitive": 0.6779999732971191, "wh_island": 0.2809999883174896, "wh_questions_object_gap": 0.5680000185966492, "wh_questions_subject_gap": 0.8840000033378601, "wh_questions_subject_gap_long_distance": 0.949999988079071, "wh_vs_that_no_gap": 0.9449999928474426, "wh_vs_that_no_gap_long_distance": 0.9599999785423279, "wh_vs_that_with_gap": 0.11699999868869781, "wh_vs_that_with_gap_long_distance": 0.05700000002980232}, "by_phenomenon": {"island_effects": 0.47437499836087227, "anaphor_agreement": 0.6030000150203705, "s-selection": 0.6875, "argument_structure": 0.6312857057367053, "determiner_noun_agreement": 0.7927499935030937, "subject_verb_agreement": 0.5133333231012026, "ellipsis": 0.5159999877214432, "control_raising": 0.6002000033855438, "quantifiers": 0.6017500087618828, "irregular_forms": 0.7775000035762787, "npi_licensing": 0.38214286097458433, "binding": 0.6755714331354413, "filler_gap_dependency": 0.6401428543031216}}, "paloma": 286.81690970497266}