{"blimp": {"by_uid": {"adjunct_island": 0.7260000109672546, "anaphor_gender_agreement": 0.4440000057220459, "anaphor_number_agreement": 0.6439999938011169, "animate_subject_passive": 0.6800000071525574, "animate_subject_trans": 0.6700000166893005, "causative": 0.47099998593330383, "complex_NP_island": 0.5009999871253967, "coordinate_structure_constraint_complex_left_branch": 0.3330000042915344, "coordinate_structure_constraint_object_extraction": 0.4729999899864197, "determiner_noun_agreement_1": 0.8169999718666077, "determiner_noun_agreement_2": 0.8009999990463257, "determiner_noun_agreement_irregular_1": 0.718999981880188, "determiner_noun_agreement_irregular_2": 0.8009999990463257, "determiner_noun_agreement_with_adj_2": 0.7570000290870667, "determiner_noun_agreement_with_adj_irregular_1": 0.6140000224113464, "determiner_noun_agreement_with_adj_irregular_2": 0.7419999837875366, "determiner_noun_agreement_with_adjective_1": 0.7639999985694885, "distractor_agreement_relational_noun": 0.24300000071525574, "distractor_agreement_relative_clause": 0.25600001215934753, "drop_argument": 0.7059999704360962, "ellipsis_n_bar_1": 0.4189999997615814, "ellipsis_n_bar_2": 0.5059999823570251, "existential_there_object_raising": 0.7329999804496765, "existential_there_quantifiers_1": 0.6980000138282776, "existential_there_quantifiers_2": 0.3919999897480011, "existential_there_subject_raising": 0.5070000290870667, "expletive_it_object_raising": 0.6949999928474426, "inchoative": 0.3630000054836273, "intransitive": 0.5870000123977661, "irregular_past_participle_adjectives": 0.7480000257492065, "irregular_past_participle_verbs": 0.7239999771118164, "irregular_plural_subject_verb_agreement_1": 0.6140000224113464, "irregular_plural_subject_verb_agreement_2": 0.6700000166893005, "left_branch_island_echo_question": 0.4950000047683716, "left_branch_island_simple_question": 0.4519999921321869, "matrix_question_npi_licensor_present": 0.21899999678134918, "npi_present_1": 0.2199999988079071, "npi_present_2": 0.296999990940094, "only_npi_licensor_present": 0.09300000220537186, "only_npi_scope": 0.4580000042915344, "passive_1": 0.8199999928474426, "passive_2": 0.796999990940094, "principle_A_c_command": 0.6330000162124634, "principle_A_case_1": 1.0, "principle_A_case_2": 0.6110000014305115, "principle_A_domain_1": 0.9269999861717224, "principle_A_domain_2": 0.6029999852180481, "principle_A_domain_3": 0.4359999895095825, "principle_A_reconstruction": 0.33500000834465027, "regular_plural_subject_verb_agreement_1": 0.6150000095367432, "regular_plural_subject_verb_agreement_2": 0.5519999861717224, "sentential_negation_npi_licensor_present": 0.9679999947547913, "sentential_negation_npi_scope": 0.4779999852180481, "sentential_subject_island": 0.42899999022483826, "superlative_quantifiers_1": 0.5839999914169312, "superlative_quantifiers_2": 0.6019999980926514, "tough_vs_raising_1": 0.44600000977516174, "tough_vs_raising_2": 0.6079999804496765, "transitive": 0.6639999747276306, "wh_island": 0.2980000078678131, "wh_questions_object_gap": 0.5350000262260437, "wh_questions_subject_gap": 0.8429999947547913, "wh_questions_subject_gap_long_distance": 0.9509999752044678, "wh_vs_that_no_gap": 0.9399999976158142, "wh_vs_that_no_gap_long_distance": 0.9670000076293945, "wh_vs_that_with_gap": 0.09399999678134918, "wh_vs_that_with_gap_long_distance": 0.04399999976158142}, "by_phenomenon": {"island_effects": 0.4633749984204769, "anaphor_agreement": 0.5439999997615814, "s-selection": 0.675000011920929, "argument_structure": 0.629714276109423, "determiner_noun_agreement": 0.7518749982118607, "subject_verb_agreement": 0.49166667461395264, "ellipsis": 0.4624999910593033, "control_raising": 0.5977999985218048, "quantifiers": 0.5689999982714653, "irregular_forms": 0.7360000014305115, "npi_licensing": 0.3904285675712994, "binding": 0.6492857124124255, "filler_gap_dependency": 0.6248571425676346}}, "paloma": 429.94016781850144}