{"blimp": {"by_uid": {"adjunct_island": 0.7110000252723694, "anaphor_gender_agreement": 0.49900001287460327, "anaphor_number_agreement": 0.7540000081062317, "animate_subject_passive": 0.6959999799728394, "animate_subject_trans": 0.6819999814033508, "causative": 0.48500001430511475, "complex_NP_island": 0.47999998927116394, "coordinate_structure_constraint_complex_left_branch": 0.5139999985694885, "coordinate_structure_constraint_object_extraction": 0.5989999771118164, "determiner_noun_agreement_1": 0.8799999952316284, "determiner_noun_agreement_2": 0.8730000257492065, "determiner_noun_agreement_irregular_1": 0.7310000061988831, "determiner_noun_agreement_irregular_2": 0.8550000190734863, "determiner_noun_agreement_with_adj_2": 0.8130000233650208, "determiner_noun_agreement_with_adj_irregular_1": 0.6850000023841858, "determiner_noun_agreement_with_adj_irregular_2": 0.7419999837875366, "determiner_noun_agreement_with_adjective_1": 0.8289999961853027, "distractor_agreement_relational_noun": 0.2549999952316284, "distractor_agreement_relative_clause": 0.25099998712539673, "drop_argument": 0.6949999928474426, "ellipsis_n_bar_1": 0.5410000085830688, "ellipsis_n_bar_2": 0.5979999899864197, "existential_there_object_raising": 0.7419999837875366, "existential_there_quantifiers_1": 0.7979999780654907, "existential_there_quantifiers_2": 0.335999995470047, "existential_there_subject_raising": 0.6600000262260437, "expletive_it_object_raising": 0.699999988079071, "inchoative": 0.39500001072883606, "intransitive": 0.5350000262260437, "irregular_past_participle_adjectives": 0.8489999771118164, "irregular_past_participle_verbs": 0.7400000095367432, "irregular_plural_subject_verb_agreement_1": 0.6800000071525574, "irregular_plural_subject_verb_agreement_2": 0.7929999828338623, "left_branch_island_echo_question": 0.5270000100135803, "left_branch_island_simple_question": 0.5199999809265137, "matrix_question_npi_licensor_present": 0.22200000286102295, "npi_present_1": 0.24199999868869781, "npi_present_2": 0.3109999895095825, "only_npi_licensor_present": 0.0560000017285347, "only_npi_scope": 0.5849999785423279, "passive_1": 0.8209999799728394, "passive_2": 0.843999981880188, "principle_A_c_command": 0.5950000286102295, "principle_A_case_1": 1.0, "principle_A_case_2": 0.6890000104904175, "principle_A_domain_1": 0.9639999866485596, "principle_A_domain_2": 0.6470000147819519, "principle_A_domain_3": 0.4519999921321869, "principle_A_reconstruction": 0.45899999141693115, "regular_plural_subject_verb_agreement_1": 0.6970000267028809, "regular_plural_subject_verb_agreement_2": 0.7429999709129333, "sentential_negation_npi_licensor_present": 0.9929999709129333, "sentential_negation_npi_scope": 0.460999995470047, "sentential_subject_island": 0.42100000381469727, "superlative_quantifiers_1": 0.6000000238418579, "superlative_quantifiers_2": 0.7179999947547913, "tough_vs_raising_1": 0.414000004529953, "tough_vs_raising_2": 0.6470000147819519, "transitive": 0.7020000219345093, "wh_island": 0.4000000059604645, "wh_questions_object_gap": 0.5910000205039978, "wh_questions_subject_gap": 0.9079999923706055, "wh_questions_subject_gap_long_distance": 0.9490000009536743, "wh_vs_that_no_gap": 0.9459999799728394, "wh_vs_that_no_gap_long_distance": 0.9539999961853027, "wh_vs_that_with_gap": 0.12399999797344208, "wh_vs_that_with_gap_long_distance": 0.07900000363588333}, "by_phenomenon": {"island_effects": 0.5214999988675117, "anaphor_agreement": 0.6265000104904175, "s-selection": 0.6889999806880951, "argument_structure": 0.6395714325564248, "determiner_noun_agreement": 0.8010000064969063, "subject_verb_agreement": 0.5698333283265432, "ellipsis": 0.5694999992847443, "control_raising": 0.6326000034809113, "quantifiers": 0.6129999980330467, "irregular_forms": 0.7944999933242798, "npi_licensing": 0.409999991101878, "binding": 0.6865714320114681, "filler_gap_dependency": 0.6501428559422493}}, "paloma": 220.2870574090539}