{"blimp": {"by_uid": {"adjunct_island": 0.7210000157356262, "anaphor_gender_agreement": 0.5120000243186951, "anaphor_number_agreement": 0.7419999837875366, "animate_subject_passive": 0.6930000185966492, "animate_subject_trans": 0.671999990940094, "causative": 0.4790000021457672, "complex_NP_island": 0.48500001430511475, "coordinate_structure_constraint_complex_left_branch": 0.4909999966621399, "coordinate_structure_constraint_object_extraction": 0.6179999709129333, "determiner_noun_agreement_1": 0.8679999709129333, "determiner_noun_agreement_2": 0.8659999966621399, "determiner_noun_agreement_irregular_1": 0.7269999980926514, "determiner_noun_agreement_irregular_2": 0.843999981880188, "determiner_noun_agreement_with_adj_2": 0.8140000104904175, "determiner_noun_agreement_with_adj_irregular_1": 0.6919999718666077, "determiner_noun_agreement_with_adj_irregular_2": 0.7549999952316284, "determiner_noun_agreement_with_adjective_1": 0.8420000076293945, "distractor_agreement_relational_noun": 0.20999999344348907, "distractor_agreement_relative_clause": 0.2199999988079071, "drop_argument": 0.6890000104904175, "ellipsis_n_bar_1": 0.5270000100135803, "ellipsis_n_bar_2": 0.593999981880188, "existential_there_object_raising": 0.7490000128746033, "existential_there_quantifiers_1": 0.7829999923706055, "existential_there_quantifiers_2": 0.35100001096725464, "existential_there_subject_raising": 0.652999997138977, "expletive_it_object_raising": 0.7049999833106995, "inchoative": 0.3889999985694885, "intransitive": 0.5370000004768372, "irregular_past_participle_adjectives": 0.8009999990463257, "irregular_past_participle_verbs": 0.7179999947547913, "irregular_plural_subject_verb_agreement_1": 0.6779999732971191, "irregular_plural_subject_verb_agreement_2": 0.7889999747276306, "left_branch_island_echo_question": 0.5379999876022339, "left_branch_island_simple_question": 0.5249999761581421, "matrix_question_npi_licensor_present": 0.21299999952316284, "npi_present_1": 0.2630000114440918, "npi_present_2": 0.3140000104904175, "only_npi_licensor_present": 0.09099999815225601, "only_npi_scope": 0.5270000100135803, "passive_1": 0.8149999976158142, "passive_2": 0.843999981880188, "principle_A_c_command": 0.593999981880188, "principle_A_case_1": 1.0, "principle_A_case_2": 0.6779999732971191, "principle_A_domain_1": 0.9639999866485596, "principle_A_domain_2": 0.628000020980835, "principle_A_domain_3": 0.4569999873638153, "principle_A_reconstruction": 0.46399998664855957, "regular_plural_subject_verb_agreement_1": 0.6869999766349792, "regular_plural_subject_verb_agreement_2": 0.7319999933242798, "sentential_negation_npi_licensor_present": 0.9940000176429749, "sentential_negation_npi_scope": 0.5170000195503235, "sentential_subject_island": 0.4230000078678131, "superlative_quantifiers_1": 0.7239999771118164, "superlative_quantifiers_2": 0.7630000114440918, "tough_vs_raising_1": 0.39399999380111694, "tough_vs_raising_2": 0.6539999842643738, "transitive": 0.6880000233650208, "wh_island": 0.36500000953674316, "wh_questions_object_gap": 0.5950000286102295, "wh_questions_subject_gap": 0.9049999713897705, "wh_questions_subject_gap_long_distance": 0.9570000171661377, "wh_vs_that_no_gap": 0.9490000009536743, "wh_vs_that_no_gap_long_distance": 0.9509999752044678, "wh_vs_that_with_gap": 0.1340000033378601, "wh_vs_that_with_gap_long_distance": 0.09799999743700027}, "by_phenomenon": {"island_effects": 0.5207499973475933, "anaphor_agreement": 0.6270000040531158, "s-selection": 0.6825000047683716, "argument_structure": 0.6344285735062191, "determiner_noun_agreement": 0.8009999915957451, "subject_verb_agreement": 0.5526666517059008, "ellipsis": 0.5604999959468842, "control_raising": 0.6309999942779541, "quantifiers": 0.6552499979734421, "irregular_forms": 0.7594999969005585, "npi_licensing": 0.4170000095452581, "binding": 0.6835714195455823, "filler_gap_dependency": 0.6555714277284486}}, "paloma": 228.47012044461346}