{"blimp": {"by_uid": {"adjunct_island": 0.734000027179718, "anaphor_gender_agreement": 0.492000013589859, "anaphor_number_agreement": 0.6700000166893005, "animate_subject_passive": 0.6800000071525574, "animate_subject_trans": 0.6840000152587891, "causative": 0.4950000047683716, "complex_NP_island": 0.49799999594688416, "coordinate_structure_constraint_complex_left_branch": 0.36500000953674316, "coordinate_structure_constraint_object_extraction": 0.5009999871253967, "determiner_noun_agreement_1": 0.8690000176429749, "determiner_noun_agreement_2": 0.8389999866485596, "determiner_noun_agreement_irregular_1": 0.7250000238418579, "determiner_noun_agreement_irregular_2": 0.8420000076293945, "determiner_noun_agreement_with_adj_2": 0.7990000247955322, "determiner_noun_agreement_with_adj_irregular_1": 0.6320000290870667, "determiner_noun_agreement_with_adj_irregular_2": 0.7720000147819519, "determiner_noun_agreement_with_adjective_1": 0.8140000104904175, "distractor_agreement_relational_noun": 0.20900000631809235, "distractor_agreement_relative_clause": 0.2590000033378601, "drop_argument": 0.6980000138282776, "ellipsis_n_bar_1": 0.4410000145435333, "ellipsis_n_bar_2": 0.5580000281333923, "existential_there_object_raising": 0.7229999899864197, "existential_there_quantifiers_1": 0.7900000214576721, "existential_there_quantifiers_2": 0.3179999887943268, "existential_there_subject_raising": 0.5640000104904175, "expletive_it_object_raising": 0.6800000071525574, "inchoative": 0.3790000081062317, "intransitive": 0.5580000281333923, "irregular_past_participle_adjectives": 0.8140000104904175, "irregular_past_participle_verbs": 0.734000027179718, "irregular_plural_subject_verb_agreement_1": 0.6600000262260437, "irregular_plural_subject_verb_agreement_2": 0.6840000152587891, "left_branch_island_echo_question": 0.5080000162124634, "left_branch_island_simple_question": 0.5009999871253967, "matrix_question_npi_licensor_present": 0.23399999737739563, "npi_present_1": 0.24699999392032623, "npi_present_2": 0.2809999883174896, "only_npi_licensor_present": 0.09399999678134918, "only_npi_scope": 0.421999990940094, "passive_1": 0.8149999976158142, "passive_2": 0.8209999799728394, "principle_A_c_command": 0.609000027179718, "principle_A_case_1": 1.0, "principle_A_case_2": 0.6600000262260437, "principle_A_domain_1": 0.9470000267028809, "principle_A_domain_2": 0.6010000109672546, "principle_A_domain_3": 0.4410000145435333, "principle_A_reconstruction": 0.44600000977516174, "regular_plural_subject_verb_agreement_1": 0.6190000176429749, "regular_plural_subject_verb_agreement_2": 0.6019999980926514, "sentential_negation_npi_licensor_present": 0.9829999804496765, "sentential_negation_npi_scope": 0.4690000116825104, "sentential_subject_island": 0.46799999475479126, "superlative_quantifiers_1": 0.6589999794960022, "superlative_quantifiers_2": 0.5370000004768372, "tough_vs_raising_1": 0.3700000047683716, "tough_vs_raising_2": 0.6629999876022339, "transitive": 0.6769999861717224, "wh_island": 0.20900000631809235, "wh_questions_object_gap": 0.5450000166893005, "wh_questions_subject_gap": 0.8830000162124634, "wh_questions_subject_gap_long_distance": 0.9520000219345093, "wh_vs_that_no_gap": 0.9430000185966492, "wh_vs_that_no_gap_long_distance": 0.9589999914169312, "wh_vs_that_with_gap": 0.11299999803304672, "wh_vs_that_with_gap_long_distance": 0.061000000685453415}, "by_phenomenon": {"island_effects": 0.4730000030249357, "anaphor_agreement": 0.5810000151395798, "s-selection": 0.6820000112056732, "argument_structure": 0.6347142883709499, "determiner_noun_agreement": 0.7865000143647194, "subject_verb_agreement": 0.5055000111460686, "ellipsis": 0.49950002133846283, "control_raising": 0.6, "quantifiers": 0.5759999975562096, "irregular_forms": 0.7740000188350677, "npi_licensing": 0.3899999942098345, "binding": 0.6720000164849418, "filler_gap_dependency": 0.6365714376526219}}, "paloma": 301.1115652994827}