{"blimp": {"by_uid": {"adjunct_island": 0.7310000061988831, "anaphor_gender_agreement": 0.515999972820282, "anaphor_number_agreement": 0.7419999837875366, "animate_subject_passive": 0.6930000185966492, "animate_subject_trans": 0.675000011920929, "causative": 0.49000000953674316, "complex_NP_island": 0.47999998927116394, "coordinate_structure_constraint_complex_left_branch": 0.4909999966621399, "coordinate_structure_constraint_object_extraction": 0.6190000176429749, "determiner_noun_agreement_1": 0.8709999918937683, "determiner_noun_agreement_2": 0.8700000047683716, "determiner_noun_agreement_irregular_1": 0.7250000238418579, "determiner_noun_agreement_irregular_2": 0.847000002861023, "determiner_noun_agreement_with_adj_2": 0.8109999895095825, "determiner_noun_agreement_with_adj_irregular_1": 0.6970000267028809, "determiner_noun_agreement_with_adj_irregular_2": 0.7559999823570251, "determiner_noun_agreement_with_adjective_1": 0.8370000123977661, "distractor_agreement_relational_noun": 0.22499999403953552, "distractor_agreement_relative_clause": 0.23000000417232513, "drop_argument": 0.6890000104904175, "ellipsis_n_bar_1": 0.5189999938011169, "ellipsis_n_bar_2": 0.597000002861023, "existential_there_object_raising": 0.7450000047683716, "existential_there_quantifiers_1": 0.7919999957084656, "existential_there_quantifiers_2": 0.36899998784065247, "existential_there_subject_raising": 0.656000018119812, "expletive_it_object_raising": 0.7080000042915344, "inchoative": 0.3930000066757202, "intransitive": 0.5429999828338623, "irregular_past_participle_adjectives": 0.7979999780654907, "irregular_past_participle_verbs": 0.7239999771118164, "irregular_plural_subject_verb_agreement_1": 0.6679999828338623, "irregular_plural_subject_verb_agreement_2": 0.7879999876022339, "left_branch_island_echo_question": 0.527999997138977, "left_branch_island_simple_question": 0.5249999761581421, "matrix_question_npi_licensor_present": 0.2160000056028366, "npi_present_1": 0.23999999463558197, "npi_present_2": 0.30300000309944153, "only_npi_licensor_present": 0.10300000011920929, "only_npi_scope": 0.5460000038146973, "passive_1": 0.8169999718666077, "passive_2": 0.843999981880188, "principle_A_c_command": 0.6050000190734863, "principle_A_case_1": 1.0, "principle_A_case_2": 0.671999990940094, "principle_A_domain_1": 0.9610000252723694, "principle_A_domain_2": 0.6230000257492065, "principle_A_domain_3": 0.453000009059906, "principle_A_reconstruction": 0.4749999940395355, "regular_plural_subject_verb_agreement_1": 0.6980000138282776, "regular_plural_subject_verb_agreement_2": 0.7269999980926514, "sentential_negation_npi_licensor_present": 0.9950000047683716, "sentential_negation_npi_scope": 0.5180000066757202, "sentential_subject_island": 0.4399999976158142, "superlative_quantifiers_1": 0.7329999804496765, "superlative_quantifiers_2": 0.746999979019165, "tough_vs_raising_1": 0.39899998903274536, "tough_vs_raising_2": 0.6430000066757202, "transitive": 0.6970000267028809, "wh_island": 0.35100001096725464, "wh_questions_object_gap": 0.5899999737739563, "wh_questions_subject_gap": 0.906000018119812, "wh_questions_subject_gap_long_distance": 0.9509999752044678, "wh_vs_that_no_gap": 0.9480000138282776, "wh_vs_that_no_gap_long_distance": 0.9509999752044678, "wh_vs_that_with_gap": 0.14000000059604645, "wh_vs_that_with_gap_long_distance": 0.10100000351667404}, "by_phenomenon": {"island_effects": 0.5206249989569187, "anaphor_agreement": 0.6289999783039093, "s-selection": 0.6840000152587891, "argument_structure": 0.6389999985694885, "determiner_noun_agreement": 0.8017500042915344, "subject_verb_agreement": 0.5559999967614809, "ellipsis": 0.55799999833107, "control_raising": 0.6302000045776367, "quantifiers": 0.6602499857544899, "irregular_forms": 0.7609999775886536, "npi_licensing": 0.41728571695940836, "binding": 0.6841428663049426, "filler_gap_dependency": 0.6552857086062431}}, "paloma": 228.7873226318625}