{"blimp": {"by_uid": {"adjunct_island": 0.7139999866485596, "anaphor_gender_agreement": 0.43799999356269836, "anaphor_number_agreement": 0.5740000009536743, "animate_subject_passive": 0.6700000166893005, "animate_subject_trans": 0.5920000076293945, "causative": 0.4410000145435333, "complex_NP_island": 0.5320000052452087, "coordinate_structure_constraint_complex_left_branch": 0.38199999928474426, "coordinate_structure_constraint_object_extraction": 0.4059999883174896, "determiner_noun_agreement_1": 0.6990000009536743, "determiner_noun_agreement_2": 0.6610000133514404, "determiner_noun_agreement_irregular_1": 0.6430000066757202, "determiner_noun_agreement_irregular_2": 0.7009999752044678, "determiner_noun_agreement_with_adj_2": 0.48899999260902405, "determiner_noun_agreement_with_adj_irregular_1": 0.4869999885559082, "determiner_noun_agreement_with_adj_irregular_2": 0.5329999923706055, "determiner_noun_agreement_with_adjective_1": 0.503000020980835, "distractor_agreement_relational_noun": 0.3889999985694885, "distractor_agreement_relative_clause": 0.3440000116825104, "drop_argument": 0.703000009059906, "ellipsis_n_bar_1": 0.27799999713897705, "ellipsis_n_bar_2": 0.3160000145435333, "existential_there_object_raising": 0.7160000205039978, "existential_there_quantifiers_1": 0.7950000166893005, "existential_there_quantifiers_2": 0.23899999260902405, "existential_there_subject_raising": 0.4650000035762787, "expletive_it_object_raising": 0.6769999861717224, "inchoative": 0.3779999911785126, "intransitive": 0.5989999771118164, "irregular_past_participle_adjectives": 0.6439999938011169, "irregular_past_participle_verbs": 0.7129999995231628, "irregular_plural_subject_verb_agreement_1": 0.5350000262260437, "irregular_plural_subject_verb_agreement_2": 0.5529999732971191, "left_branch_island_echo_question": 0.6230000257492065, "left_branch_island_simple_question": 0.4230000078678131, "matrix_question_npi_licensor_present": 0.15600000321865082, "npi_present_1": 0.19900000095367432, "npi_present_2": 0.382999986410141, "only_npi_licensor_present": 0.3400000035762787, "only_npi_scope": 0.5619999766349792, "passive_1": 0.746999979019165, "passive_2": 0.7450000047683716, "principle_A_c_command": 0.6079999804496765, "principle_A_case_1": 1.0, "principle_A_case_2": 0.5690000057220459, "principle_A_domain_1": 0.9330000281333923, "principle_A_domain_2": 0.5609999895095825, "principle_A_domain_3": 0.4399999976158142, "principle_A_reconstruction": 0.3070000112056732, "regular_plural_subject_verb_agreement_1": 0.6330000162124634, "regular_plural_subject_verb_agreement_2": 0.5139999985694885, "sentential_negation_npi_licensor_present": 0.968999981880188, "sentential_negation_npi_scope": 0.4410000145435333, "sentential_subject_island": 0.527999997138977, "superlative_quantifiers_1": 0.578000009059906, "superlative_quantifiers_2": 0.9649999737739563, "tough_vs_raising_1": 0.4440000057220459, "tough_vs_raising_2": 0.6069999933242798, "transitive": 0.6159999966621399, "wh_island": 0.550000011920929, "wh_questions_object_gap": 0.5370000004768372, "wh_questions_subject_gap": 0.8050000071525574, "wh_questions_subject_gap_long_distance": 0.8809999823570251, "wh_vs_that_no_gap": 0.9419999718666077, "wh_vs_that_no_gap_long_distance": 0.9129999876022339, "wh_vs_that_with_gap": 0.06499999761581421, "wh_vs_that_with_gap_long_distance": 0.06300000101327896}, "by_phenomenon": {"island_effects": 0.519750002771616, "anaphor_agreement": 0.5059999972581863, "s-selection": 0.6310000121593475, "argument_structure": 0.6041428531919207, "determiner_noun_agreement": 0.5894999988377094, "subject_verb_agreement": 0.4946666707595189, "ellipsis": 0.2970000058412552, "control_raising": 0.581800001859665, "quantifiers": 0.6442499980330467, "irregular_forms": 0.6784999966621399, "npi_licensing": 0.43571428103106363, "binding": 0.6311428589480264, "filler_gap_dependency": 0.600857135440622}}, "paloma": 609.5407167521088}