{"blimp": {"by_uid": {"adjunct_island": 0.527999997138977, "anaphor_gender_agreement": 0.3499999940395355, "anaphor_number_agreement": 0.48399999737739563, "animate_subject_passive": 0.6340000033378601, "animate_subject_trans": 0.5580000281333923, "causative": 0.41200000047683716, "complex_NP_island": 0.46799999475479126, "coordinate_structure_constraint_complex_left_branch": 0.4320000112056732, "coordinate_structure_constraint_object_extraction": 0.4729999899864197, "determiner_noun_agreement_1": 0.5450000166893005, "determiner_noun_agreement_2": 0.49799999594688416, "determiner_noun_agreement_irregular_1": 0.5220000147819519, "determiner_noun_agreement_irregular_2": 0.5180000066757202, "determiner_noun_agreement_with_adj_2": 0.47600001096725464, "determiner_noun_agreement_with_adj_irregular_1": 0.4690000116825104, "determiner_noun_agreement_with_adj_irregular_2": 0.527999997138977, "determiner_noun_agreement_with_adjective_1": 0.48399999737739563, "distractor_agreement_relational_noun": 0.460999995470047, "distractor_agreement_relative_clause": 0.4449999928474426, "drop_argument": 0.7239999771118164, "ellipsis_n_bar_1": 0.2800000011920929, "ellipsis_n_bar_2": 0.3319999873638153, "existential_there_object_raising": 0.7319999933242798, "existential_there_quantifiers_1": 0.7870000004768372, "existential_there_quantifiers_2": 0.24899999797344208, "existential_there_subject_raising": 0.46799999475479126, "expletive_it_object_raising": 0.6520000100135803, "inchoative": 0.3840000033378601, "intransitive": 0.5770000219345093, "irregular_past_participle_adjectives": 0.5630000233650208, "irregular_past_participle_verbs": 0.44999998807907104, "irregular_plural_subject_verb_agreement_1": 0.4560000002384186, "irregular_plural_subject_verb_agreement_2": 0.5040000081062317, "left_branch_island_echo_question": 0.5109999775886536, "left_branch_island_simple_question": 0.42500001192092896, "matrix_question_npi_licensor_present": 0.3790000081062317, "npi_present_1": 0.4790000021457672, "npi_present_2": 0.5070000290870667, "only_npi_licensor_present": 0.004999999888241291, "only_npi_scope": 0.20900000631809235, "passive_1": 0.6600000262260437, "passive_2": 0.6819999814033508, "principle_A_c_command": 0.6890000104904175, "principle_A_case_1": 1.0, "principle_A_case_2": 0.45100000500679016, "principle_A_domain_1": 0.8270000219345093, "principle_A_domain_2": 0.5580000281333923, "principle_A_domain_3": 0.4580000042915344, "principle_A_reconstruction": 0.3330000042915344, "regular_plural_subject_verb_agreement_1": 0.5270000100135803, "regular_plural_subject_verb_agreement_2": 0.49000000953674316, "sentential_negation_npi_licensor_present": 0.8080000281333923, "sentential_negation_npi_scope": 0.593999981880188, "sentential_subject_island": 0.5450000166893005, "superlative_quantifiers_1": 0.16599999368190765, "superlative_quantifiers_2": 0.41100001335144043, "tough_vs_raising_1": 0.4569999873638153, "tough_vs_raising_2": 0.5820000171661377, "transitive": 0.5910000205039978, "wh_island": 0.6150000095367432, "wh_questions_object_gap": 0.5830000042915344, "wh_questions_subject_gap": 0.8330000042915344, "wh_questions_subject_gap_long_distance": 0.7879999876022339, "wh_vs_that_no_gap": 0.9210000038146973, "wh_vs_that_no_gap_long_distance": 0.9359999895095825, "wh_vs_that_with_gap": 0.05299999937415123, "wh_vs_that_with_gap_long_distance": 0.06700000166893005}, "by_phenomenon": {"island_effects": 0.49962500110268593, "anaphor_agreement": 0.4169999957084656, "s-selection": 0.5960000157356262, "argument_structure": 0.5757142901420593, "determiner_noun_agreement": 0.5050000064074993, "subject_verb_agreement": 0.4805000027020772, "ellipsis": 0.3059999942779541, "control_raising": 0.5782000005245209, "quantifiers": 0.40325000137090683, "irregular_forms": 0.5065000057220459, "npi_licensing": 0.42585715079413994, "binding": 0.6165714391640255, "filler_gap_dependency": 0.5972857129360948}}, "paloma": 1390.6997087325783}