{"blimp": {"by_uid": {"adjunct_island": 0.7260000109672546, "anaphor_gender_agreement": 0.5099999904632568, "anaphor_number_agreement": 0.7369999885559082, "animate_subject_passive": 0.7020000219345093, "animate_subject_trans": 0.6700000166893005, "causative": 0.4830000102519989, "complex_NP_island": 0.4959999918937683, "coordinate_structure_constraint_complex_left_branch": 0.4869999885559082, "coordinate_structure_constraint_object_extraction": 0.6240000128746033, "determiner_noun_agreement_1": 0.8740000128746033, "determiner_noun_agreement_2": 0.8679999709129333, "determiner_noun_agreement_irregular_1": 0.7289999723434448, "determiner_noun_agreement_irregular_2": 0.8519999980926514, "determiner_noun_agreement_with_adj_2": 0.8130000233650208, "determiner_noun_agreement_with_adj_irregular_1": 0.7009999752044678, "determiner_noun_agreement_with_adj_irregular_2": 0.7570000290870667, "determiner_noun_agreement_with_adjective_1": 0.843999981880188, "distractor_agreement_relational_noun": 0.2160000056028366, "distractor_agreement_relative_clause": 0.2290000021457672, "drop_argument": 0.6919999718666077, "ellipsis_n_bar_1": 0.5299999713897705, "ellipsis_n_bar_2": 0.6069999933242798, "existential_there_object_raising": 0.7360000014305115, "existential_there_quantifiers_1": 0.7910000085830688, "existential_there_quantifiers_2": 0.35600000619888306, "existential_there_subject_raising": 0.6579999923706055, "expletive_it_object_raising": 0.703000009059906, "inchoative": 0.39399999380111694, "intransitive": 0.5529999732971191, "irregular_past_participle_adjectives": 0.7919999957084656, "irregular_past_participle_verbs": 0.7170000076293945, "irregular_plural_subject_verb_agreement_1": 0.6759999990463257, "irregular_plural_subject_verb_agreement_2": 0.7839999794960022, "left_branch_island_echo_question": 0.5249999761581421, "left_branch_island_simple_question": 0.5149999856948853, "matrix_question_npi_licensor_present": 0.21299999952316284, "npi_present_1": 0.2549999952316284, "npi_present_2": 0.3179999887943268, "only_npi_licensor_present": 0.10899999737739563, "only_npi_scope": 0.5440000295639038, "passive_1": 0.8140000104904175, "passive_2": 0.8479999899864197, "principle_A_c_command": 0.5960000157356262, "principle_A_case_1": 1.0, "principle_A_case_2": 0.671999990940094, "principle_A_domain_1": 0.9629999995231628, "principle_A_domain_2": 0.6330000162124634, "principle_A_domain_3": 0.45500001311302185, "principle_A_reconstruction": 0.45899999141693115, "regular_plural_subject_verb_agreement_1": 0.6990000009536743, "regular_plural_subject_verb_agreement_2": 0.7350000143051147, "sentential_negation_npi_licensor_present": 0.9940000176429749, "sentential_negation_npi_scope": 0.5139999985694885, "sentential_subject_island": 0.4359999895095825, "superlative_quantifiers_1": 0.6690000295639038, "superlative_quantifiers_2": 0.7369999885559082, "tough_vs_raising_1": 0.39800000190734863, "tough_vs_raising_2": 0.652999997138977, "transitive": 0.6909999847412109, "wh_island": 0.3540000021457672, "wh_questions_object_gap": 0.5950000286102295, "wh_questions_subject_gap": 0.9139999747276306, "wh_questions_subject_gap_long_distance": 0.953000009059906, "wh_vs_that_no_gap": 0.949999988079071, "wh_vs_that_no_gap_long_distance": 0.9549999833106995, "wh_vs_that_with_gap": 0.13500000536441803, "wh_vs_that_with_gap_long_distance": 0.09600000083446503}, "by_phenomenon": {"island_effects": 0.5203749947249889, "anaphor_agreement": 0.6234999895095825, "s-selection": 0.6860000193119049, "argument_structure": 0.6392857049192701, "determiner_noun_agreement": 0.804749995470047, "subject_verb_agreement": 0.5565000002582868, "ellipsis": 0.5684999823570251, "control_raising": 0.6296000003814697, "quantifiers": 0.638250008225441, "irregular_forms": 0.75450000166893, "npi_licensing": 0.42100000381469727, "binding": 0.6825714324201856, "filler_gap_dependency": 0.6568571414266314}}, "paloma": 228.4764558263772}