{"blimp": {"by_uid": {"adjunct_island": 0.7310000061988831, "anaphor_gender_agreement": 0.5070000290870667, "anaphor_number_agreement": 0.6710000038146973, "animate_subject_passive": 0.6880000233650208, "animate_subject_trans": 0.6869999766349792, "causative": 0.4959999918937683, "complex_NP_island": 0.4959999918937683, "coordinate_structure_constraint_complex_left_branch": 0.34599998593330383, "coordinate_structure_constraint_object_extraction": 0.5149999856948853, "determiner_noun_agreement_1": 0.8840000033378601, "determiner_noun_agreement_2": 0.843999981880188, "determiner_noun_agreement_irregular_1": 0.7239999771118164, "determiner_noun_agreement_irregular_2": 0.8360000252723694, "determiner_noun_agreement_with_adj_2": 0.7910000085830688, "determiner_noun_agreement_with_adj_irregular_1": 0.6359999775886536, "determiner_noun_agreement_with_adj_irregular_2": 0.7689999938011169, "determiner_noun_agreement_with_adjective_1": 0.8149999976158142, "distractor_agreement_relational_noun": 0.20900000631809235, "distractor_agreement_relative_clause": 0.25200000405311584, "drop_argument": 0.7009999752044678, "ellipsis_n_bar_1": 0.4449999928474426, "ellipsis_n_bar_2": 0.5529999732971191, "existential_there_object_raising": 0.7289999723434448, "existential_there_quantifiers_1": 0.7990000247955322, "existential_there_quantifiers_2": 0.3269999921321869, "existential_there_subject_raising": 0.5640000104904175, "expletive_it_object_raising": 0.6800000071525574, "inchoative": 0.37400001287460327, "intransitive": 0.5680000185966492, "irregular_past_participle_adjectives": 0.8059999942779541, "irregular_past_participle_verbs": 0.7200000286102295, "irregular_plural_subject_verb_agreement_1": 0.6549999713897705, "irregular_plural_subject_verb_agreement_2": 0.6880000233650208, "left_branch_island_echo_question": 0.49900001287460327, "left_branch_island_simple_question": 0.49399998784065247, "matrix_question_npi_licensor_present": 0.23100000619888306, "npi_present_1": 0.22699999809265137, "npi_present_2": 0.2759999930858612, "only_npi_licensor_present": 0.0949999988079071, "only_npi_scope": 0.4339999854564667, "passive_1": 0.8190000057220459, "passive_2": 0.8220000267028809, "principle_A_c_command": 0.6060000061988831, "principle_A_case_1": 1.0, "principle_A_case_2": 0.6570000052452087, "principle_A_domain_1": 0.9359999895095825, "principle_A_domain_2": 0.6050000190734863, "principle_A_domain_3": 0.4390000104904175, "principle_A_reconstruction": 0.45100000500679016, "regular_plural_subject_verb_agreement_1": 0.6269999742507935, "regular_plural_subject_verb_agreement_2": 0.6029999852180481, "sentential_negation_npi_licensor_present": 0.9810000061988831, "sentential_negation_npi_scope": 0.46000000834465027, "sentential_subject_island": 0.46799999475479126, "superlative_quantifiers_1": 0.6790000200271606, "superlative_quantifiers_2": 0.5460000038146973, "tough_vs_raising_1": 0.37400001287460327, "tough_vs_raising_2": 0.6620000004768372, "transitive": 0.6779999732971191, "wh_island": 0.22599999606609344, "wh_questions_object_gap": 0.5609999895095825, "wh_questions_subject_gap": 0.8830000162124634, "wh_questions_subject_gap_long_distance": 0.953000009059906, "wh_vs_that_no_gap": 0.9449999928474426, "wh_vs_that_no_gap_long_distance": 0.9620000123977661, "wh_vs_that_with_gap": 0.0989999994635582, "wh_vs_that_with_gap_long_distance": 0.05999999865889549}, "by_phenomenon": {"island_effects": 0.4718749951571226, "anaphor_agreement": 0.589000016450882, "s-selection": 0.6875, "argument_structure": 0.6368571434702192, "determiner_noun_agreement": 0.7873749956488609, "subject_verb_agreement": 0.5056666607658068, "ellipsis": 0.4989999830722809, "control_raising": 0.601800000667572, "quantifiers": 0.5877500101923943, "irregular_forms": 0.7630000114440918, "npi_licensing": 0.38628571374075754, "binding": 0.6705714336463383, "filler_gap_dependency": 0.6375714311642307}}, "paloma": 297.91518453671125}