{"blimp": {"by_uid": {"adjunct_island": 0.7310000061988831, "anaphor_gender_agreement": 0.4790000021457672, "anaphor_number_agreement": 0.6669999957084656, "animate_subject_passive": 0.6980000138282776, "animate_subject_trans": 0.6579999923706055, "causative": 0.46000000834465027, "complex_NP_island": 0.5099999904632568, "coordinate_structure_constraint_complex_left_branch": 0.36899998784065247, "coordinate_structure_constraint_object_extraction": 0.4740000069141388, "determiner_noun_agreement_1": 0.8090000152587891, "determiner_noun_agreement_2": 0.7929999828338623, "determiner_noun_agreement_irregular_1": 0.7110000252723694, "determiner_noun_agreement_irregular_2": 0.7879999876022339, "determiner_noun_agreement_with_adj_2": 0.6909999847412109, "determiner_noun_agreement_with_adj_irregular_1": 0.5950000286102295, "determiner_noun_agreement_with_adj_irregular_2": 0.7049999833106995, "determiner_noun_agreement_with_adjective_1": 0.7239999771118164, "distractor_agreement_relational_noun": 0.2529999911785126, "distractor_agreement_relative_clause": 0.24699999392032623, "drop_argument": 0.6919999718666077, "ellipsis_n_bar_1": 0.39100000262260437, "ellipsis_n_bar_2": 0.4790000021457672, "existential_there_object_raising": 0.7170000076293945, "existential_there_quantifiers_1": 0.7450000047683716, "existential_there_quantifiers_2": 0.3709999918937683, "existential_there_subject_raising": 0.48899999260902405, "expletive_it_object_raising": 0.6809999942779541, "inchoative": 0.35600000619888306, "intransitive": 0.5839999914169312, "irregular_past_participle_adjectives": 0.7089999914169312, "irregular_past_participle_verbs": 0.7099999785423279, "irregular_plural_subject_verb_agreement_1": 0.6159999966621399, "irregular_plural_subject_verb_agreement_2": 0.6510000228881836, "left_branch_island_echo_question": 0.5659999847412109, "left_branch_island_simple_question": 0.48399999737739563, "matrix_question_npi_licensor_present": 0.20399999618530273, "npi_present_1": 0.1940000057220459, "npi_present_2": 0.29899999499320984, "only_npi_licensor_present": 0.13600000739097595, "only_npi_scope": 0.5130000114440918, "passive_1": 0.8180000185966492, "passive_2": 0.7990000247955322, "principle_A_c_command": 0.6029999852180481, "principle_A_case_1": 1.0, "principle_A_case_2": 0.5630000233650208, "principle_A_domain_1": 0.8989999890327454, "principle_A_domain_2": 0.5860000252723694, "principle_A_domain_3": 0.4269999861717224, "principle_A_reconstruction": 0.3269999921321869, "regular_plural_subject_verb_agreement_1": 0.6100000143051147, "regular_plural_subject_verb_agreement_2": 0.5619999766349792, "sentential_negation_npi_licensor_present": 0.9649999737739563, "sentential_negation_npi_scope": 0.4909999966621399, "sentential_subject_island": 0.43299999833106995, "superlative_quantifiers_1": 0.5519999861717224, "superlative_quantifiers_2": 0.6899999976158142, "tough_vs_raising_1": 0.4490000009536743, "tough_vs_raising_2": 0.6029999852180481, "transitive": 0.6650000214576721, "wh_island": 0.39899998903274536, "wh_questions_object_gap": 0.5149999856948853, "wh_questions_subject_gap": 0.8289999961853027, "wh_questions_subject_gap_long_distance": 0.9240000247955322, "wh_vs_that_no_gap": 0.9409999847412109, "wh_vs_that_no_gap_long_distance": 0.9629999995231628, "wh_vs_that_with_gap": 0.09700000286102295, "wh_vs_that_with_gap_long_distance": 0.04699999839067459}, "by_phenomenon": {"island_effects": 0.49574999511241913, "anaphor_agreement": 0.5729999989271164, "s-selection": 0.6780000030994415, "argument_structure": 0.6248571489538465, "determiner_noun_agreement": 0.7269999980926514, "subject_verb_agreement": 0.4898333325982094, "ellipsis": 0.4350000023841858, "control_raising": 0.587799996137619, "quantifiers": 0.5894999951124191, "irregular_forms": 0.7094999849796295, "npi_licensing": 0.40028571231024607, "binding": 0.6292857144560132, "filler_gap_dependency": 0.6165714274559703}}, "paloma": 416.49474998899456}