{"blimp": {"by_uid": {"adjunct_island": 0.7239999771118164, "anaphor_gender_agreement": 0.5189999938011169, "anaphor_number_agreement": 0.7490000128746033, "animate_subject_passive": 0.6909999847412109, "animate_subject_trans": 0.671999990940094, "causative": 0.48399999737739563, "complex_NP_island": 0.47600001096725464, "coordinate_structure_constraint_complex_left_branch": 0.49300000071525574, "coordinate_structure_constraint_object_extraction": 0.6209999918937683, "determiner_noun_agreement_1": 0.8799999952316284, "determiner_noun_agreement_2": 0.8730000257492065, "determiner_noun_agreement_irregular_1": 0.7319999933242798, "determiner_noun_agreement_irregular_2": 0.8510000109672546, "determiner_noun_agreement_with_adj_2": 0.8040000200271606, "determiner_noun_agreement_with_adj_irregular_1": 0.6980000138282776, "determiner_noun_agreement_with_adj_irregular_2": 0.7519999742507935, "determiner_noun_agreement_with_adjective_1": 0.8330000042915344, "distractor_agreement_relational_noun": 0.2280000001192093, "distractor_agreement_relative_clause": 0.23000000417232513, "drop_argument": 0.6940000057220459, "ellipsis_n_bar_1": 0.5419999957084656, "ellipsis_n_bar_2": 0.5989999771118164, "existential_there_object_raising": 0.7459999918937683, "existential_there_quantifiers_1": 0.7900000214576721, "existential_there_quantifiers_2": 0.3440000116825104, "existential_there_subject_raising": 0.6620000004768372, "expletive_it_object_raising": 0.7049999833106995, "inchoative": 0.38600000739097595, "intransitive": 0.5440000295639038, "irregular_past_participle_adjectives": 0.8370000123977661, "irregular_past_participle_verbs": 0.7269999980926514, "irregular_plural_subject_verb_agreement_1": 0.675000011920929, "irregular_plural_subject_verb_agreement_2": 0.7940000295639038, "left_branch_island_echo_question": 0.5270000100135803, "left_branch_island_simple_question": 0.5249999761581421, "matrix_question_npi_licensor_present": 0.2199999988079071, "npi_present_1": 0.2460000067949295, "npi_present_2": 0.3050000071525574, "only_npi_licensor_present": 0.07400000095367432, "only_npi_scope": 0.5559999942779541, "passive_1": 0.8169999718666077, "passive_2": 0.8420000076293945, "principle_A_c_command": 0.5950000286102295, "principle_A_case_1": 1.0, "principle_A_case_2": 0.6919999718666077, "principle_A_domain_1": 0.9620000123977661, "principle_A_domain_2": 0.6420000195503235, "principle_A_domain_3": 0.4580000042915344, "principle_A_reconstruction": 0.46399998664855957, "regular_plural_subject_verb_agreement_1": 0.6949999928474426, "regular_plural_subject_verb_agreement_2": 0.7419999837875366, "sentential_negation_npi_licensor_present": 0.9940000176429749, "sentential_negation_npi_scope": 0.4819999933242798, "sentential_subject_island": 0.4399999976158142, "superlative_quantifiers_1": 0.6370000243186951, "superlative_quantifiers_2": 0.7400000095367432, "tough_vs_raising_1": 0.4000000059604645, "tough_vs_raising_2": 0.6639999747276306, "transitive": 0.6899999976158142, "wh_island": 0.3700000047683716, "wh_questions_object_gap": 0.6200000047683716, "wh_questions_subject_gap": 0.9139999747276306, "wh_questions_subject_gap_long_distance": 0.9539999961853027, "wh_vs_that_no_gap": 0.9459999799728394, "wh_vs_that_no_gap_long_distance": 0.9549999833106995, "wh_vs_that_with_gap": 0.12399999797344208, "wh_vs_that_with_gap_long_distance": 0.09000000357627869}, "by_phenomenon": {"island_effects": 0.5219999961555004, "anaphor_agreement": 0.6340000033378601, "s-selection": 0.6814999878406525, "argument_structure": 0.6367142881665911, "determiner_noun_agreement": 0.8028750047087669, "subject_verb_agreement": 0.5606666704018911, "ellipsis": 0.570499986410141, "control_raising": 0.63539999127388, "quantifiers": 0.6277500167489052, "irregular_forms": 0.7820000052452087, "npi_licensing": 0.4110000027077539, "binding": 0.6875714319092887, "filler_gap_dependency": 0.6575714200735092}}, "paloma": 225.99400834538795}