{"blimp": {"by_uid": {"adjunct_island": 0.7409999966621399, "anaphor_gender_agreement": 0.5109999775886536, "anaphor_number_agreement": 0.746999979019165, "animate_subject_passive": 0.6970000267028809, "animate_subject_trans": 0.6769999861717224, "causative": 0.4830000102519989, "complex_NP_island": 0.4819999933242798, "coordinate_structure_constraint_complex_left_branch": 0.4580000042915344, "coordinate_structure_constraint_object_extraction": 0.625, "determiner_noun_agreement_1": 0.8870000243186951, "determiner_noun_agreement_2": 0.8619999885559082, "determiner_noun_agreement_irregular_1": 0.7210000157356262, "determiner_noun_agreement_irregular_2": 0.8460000157356262, "determiner_noun_agreement_with_adj_2": 0.8169999718666077, "determiner_noun_agreement_with_adj_irregular_1": 0.6809999942779541, "determiner_noun_agreement_with_adj_irregular_2": 0.7559999823570251, "determiner_noun_agreement_with_adjective_1": 0.8389999866485596, "distractor_agreement_relational_noun": 0.210999995470047, "distractor_agreement_relative_clause": 0.22699999809265137, "drop_argument": 0.6970000267028809, "ellipsis_n_bar_1": 0.5130000114440918, "ellipsis_n_bar_2": 0.6039999723434448, "existential_there_object_raising": 0.7419999837875366, "existential_there_quantifiers_1": 0.7770000100135803, "existential_there_quantifiers_2": 0.36399999260902405, "existential_there_subject_raising": 0.6460000276565552, "expletive_it_object_raising": 0.703000009059906, "inchoative": 0.39100000262260437, "intransitive": 0.546999990940094, "irregular_past_participle_adjectives": 0.7630000114440918, "irregular_past_participle_verbs": 0.7139999866485596, "irregular_plural_subject_verb_agreement_1": 0.6650000214576721, "irregular_plural_subject_verb_agreement_2": 0.7789999842643738, "left_branch_island_echo_question": 0.5210000276565552, "left_branch_island_simple_question": 0.5099999904632568, "matrix_question_npi_licensor_present": 0.21299999952316284, "npi_present_1": 0.2329999953508377, "npi_present_2": 0.2939999997615814, "only_npi_licensor_present": 0.14300000667572021, "only_npi_scope": 0.5220000147819519, "passive_1": 0.8059999942779541, "passive_2": 0.8479999899864197, "principle_A_c_command": 0.5789999961853027, "principle_A_case_1": 0.9990000128746033, "principle_A_case_2": 0.6660000085830688, "principle_A_domain_1": 0.9639999866485596, "principle_A_domain_2": 0.6269999742507935, "principle_A_domain_3": 0.46000000834465027, "principle_A_reconstruction": 0.4519999921321869, "regular_plural_subject_verb_agreement_1": 0.6940000057220459, "regular_plural_subject_verb_agreement_2": 0.7360000014305115, "sentential_negation_npi_licensor_present": 0.9909999966621399, "sentential_negation_npi_scope": 0.5339999794960022, "sentential_subject_island": 0.4269999861717224, "superlative_quantifiers_1": 0.777999997138977, "superlative_quantifiers_2": 0.8109999895095825, "tough_vs_raising_1": 0.38999998569488525, "tough_vs_raising_2": 0.6610000133514404, "transitive": 0.6909999847412109, "wh_island": 0.3880000114440918, "wh_questions_object_gap": 0.5950000286102295, "wh_questions_subject_gap": 0.902999997138977, "wh_questions_subject_gap_long_distance": 0.9440000057220459, "wh_vs_that_no_gap": 0.9449999928474426, "wh_vs_that_no_gap_long_distance": 0.9399999976158142, "wh_vs_that_with_gap": 0.14000000059604645, "wh_vs_that_with_gap_long_distance": 0.1080000028014183}, "by_phenomenon": {"island_effects": 0.5190000012516975, "anaphor_agreement": 0.6289999783039093, "s-selection": 0.6870000064373016, "argument_structure": 0.637571428503309, "determiner_noun_agreement": 0.8011249974370003, "subject_verb_agreement": 0.5520000010728836, "ellipsis": 0.5584999918937683, "control_raising": 0.6284000039100647, "quantifiers": 0.682499997317791, "irregular_forms": 0.7384999990463257, "npi_licensing": 0.41857142746448517, "binding": 0.678142854145595, "filler_gap_dependency": 0.653571432190282}}, "paloma": 233.44881978350648}