{"blimp": {"by_uid": {"adjunct_island": 0.7059999704360962, "anaphor_gender_agreement": 0.4740000069141388, "anaphor_number_agreement": 0.6309999823570251, "animate_subject_passive": 0.6790000200271606, "animate_subject_trans": 0.6129999756813049, "causative": 0.4580000042915344, "complex_NP_island": 0.546999990940094, "coordinate_structure_constraint_complex_left_branch": 0.43299999833106995, "coordinate_structure_constraint_object_extraction": 0.5009999871253967, "determiner_noun_agreement_1": 0.7879999876022339, "determiner_noun_agreement_2": 0.7630000114440918, "determiner_noun_agreement_irregular_1": 0.6890000104904175, "determiner_noun_agreement_irregular_2": 0.7549999952316284, "determiner_noun_agreement_with_adj_2": 0.5960000157356262, "determiner_noun_agreement_with_adj_irregular_1": 0.5789999961853027, "determiner_noun_agreement_with_adj_irregular_2": 0.6439999938011169, "determiner_noun_agreement_with_adjective_1": 0.6629999876022339, "distractor_agreement_relational_noun": 0.3009999990463257, "distractor_agreement_relative_clause": 0.27399998903274536, "drop_argument": 0.7049999833106995, "ellipsis_n_bar_1": 0.33000001311302185, "ellipsis_n_bar_2": 0.40799999237060547, "existential_there_object_raising": 0.703000009059906, "existential_there_quantifiers_1": 0.7760000228881836, "existential_there_quantifiers_2": 0.3059999942779541, "existential_there_subject_raising": 0.48500001430511475, "expletive_it_object_raising": 0.6759999990463257, "inchoative": 0.36899998784065247, "intransitive": 0.5950000286102295, "irregular_past_participle_adjectives": 0.7400000095367432, "irregular_past_participle_verbs": 0.7170000076293945, "irregular_plural_subject_verb_agreement_1": 0.5709999799728394, "irregular_plural_subject_verb_agreement_2": 0.5460000038146973, "left_branch_island_echo_question": 0.6269999742507935, "left_branch_island_simple_question": 0.5239999890327454, "matrix_question_npi_licensor_present": 0.18000000715255737, "npi_present_1": 0.2329999953508377, "npi_present_2": 0.35899999737739563, "only_npi_licensor_present": 0.33399999141693115, "only_npi_scope": 0.6299999952316284, "passive_1": 0.7879999876022339, "passive_2": 0.765999972820282, "principle_A_c_command": 0.5609999895095825, "principle_A_case_1": 1.0, "principle_A_case_2": 0.5220000147819519, "principle_A_domain_1": 0.8700000047683716, "principle_A_domain_2": 0.5789999961853027, "principle_A_domain_3": 0.4309999942779541, "principle_A_reconstruction": 0.33000001311302185, "regular_plural_subject_verb_agreement_1": 0.640999972820282, "regular_plural_subject_verb_agreement_2": 0.5429999828338623, "sentential_negation_npi_licensor_present": 0.9789999723434448, "sentential_negation_npi_scope": 0.4320000112056732, "sentential_subject_island": 0.421999990940094, "superlative_quantifiers_1": 0.4490000009536743, "superlative_quantifiers_2": 0.8489999771118164, "tough_vs_raising_1": 0.4699999988079071, "tough_vs_raising_2": 0.5759999752044678, "transitive": 0.6320000290870667, "wh_island": 0.6000000238418579, "wh_questions_object_gap": 0.49399998784065247, "wh_questions_subject_gap": 0.8339999914169312, "wh_questions_subject_gap_long_distance": 0.8790000081062317, "wh_vs_that_no_gap": 0.9449999928474426, "wh_vs_that_no_gap_long_distance": 0.9449999928474426, "wh_vs_that_with_gap": 0.07599999755620956, "wh_vs_that_with_gap_long_distance": 0.05900000035762787}, "by_phenomenon": {"island_effects": 0.5449999906122684, "anaphor_agreement": 0.552499994635582, "s-selection": 0.6459999978542328, "argument_structure": 0.6161428562232426, "determiner_noun_agreement": 0.6846249997615814, "subject_verb_agreement": 0.4793333212534587, "ellipsis": 0.36900000274181366, "control_raising": 0.5819999992847442, "quantifiers": 0.5949999988079071, "irregular_forms": 0.7285000085830688, "npi_licensing": 0.44957142429692404, "binding": 0.6132857160908836, "filler_gap_dependency": 0.6045714244246483}}, "paloma": 483.49978976366}