{"blimp": {"by_uid": {"adjunct_island": 0.7360000014305115, "anaphor_gender_agreement": 0.5260000228881836, "anaphor_number_agreement": 0.7549999952316284, "animate_subject_passive": 0.6940000057220459, "animate_subject_trans": 0.6700000166893005, "causative": 0.48500001430511475, "complex_NP_island": 0.4950000047683716, "coordinate_structure_constraint_complex_left_branch": 0.49000000953674316, "coordinate_structure_constraint_object_extraction": 0.6290000081062317, "determiner_noun_agreement_1": 0.871999979019165, "determiner_noun_agreement_2": 0.8650000095367432, "determiner_noun_agreement_irregular_1": 0.722000002861023, "determiner_noun_agreement_irregular_2": 0.8420000076293945, "determiner_noun_agreement_with_adj_2": 0.8119999766349792, "determiner_noun_agreement_with_adj_irregular_1": 0.6909999847412109, "determiner_noun_agreement_with_adj_irregular_2": 0.7400000095367432, "determiner_noun_agreement_with_adjective_1": 0.8399999737739563, "distractor_agreement_relational_noun": 0.21199999749660492, "distractor_agreement_relative_clause": 0.22300000488758087, "drop_argument": 0.6959999799728394, "ellipsis_n_bar_1": 0.5130000114440918, "ellipsis_n_bar_2": 0.5899999737739563, "existential_there_object_raising": 0.7450000047683716, "existential_there_quantifiers_1": 0.7699999809265137, "existential_there_quantifiers_2": 0.3790000081062317, "existential_there_subject_raising": 0.652999997138977, "expletive_it_object_raising": 0.7070000171661377, "inchoative": 0.39100000262260437, "intransitive": 0.5440000295639038, "irregular_past_participle_adjectives": 0.7559999823570251, "irregular_past_participle_verbs": 0.7089999914169312, "irregular_plural_subject_verb_agreement_1": 0.6740000247955322, "irregular_plural_subject_verb_agreement_2": 0.7870000004768372, "left_branch_island_echo_question": 0.5419999957084656, "left_branch_island_simple_question": 0.5379999876022339, "matrix_question_npi_licensor_present": 0.21400000154972076, "npi_present_1": 0.24400000274181366, "npi_present_2": 0.32499998807907104, "only_npi_licensor_present": 0.0949999988079071, "only_npi_scope": 0.5220000147819519, "passive_1": 0.8190000057220459, "passive_2": 0.8460000157356262, "principle_A_c_command": 0.574999988079071, "principle_A_case_1": 0.9980000257492065, "principle_A_case_2": 0.675000011920929, "principle_A_domain_1": 0.9549999833106995, "principle_A_domain_2": 0.6299999952316284, "principle_A_domain_3": 0.4560000002384186, "principle_A_reconstruction": 0.45500001311302185, "regular_plural_subject_verb_agreement_1": 0.6959999799728394, "regular_plural_subject_verb_agreement_2": 0.7459999918937683, "sentential_negation_npi_licensor_present": 0.9929999709129333, "sentential_negation_npi_scope": 0.5080000162124634, "sentential_subject_island": 0.41100001335144043, "superlative_quantifiers_1": 0.7749999761581421, "superlative_quantifiers_2": 0.8019999861717224, "tough_vs_raising_1": 0.4099999964237213, "tough_vs_raising_2": 0.6340000033378601, "transitive": 0.6880000233650208, "wh_island": 0.39899998903274536, "wh_questions_object_gap": 0.5989999771118164, "wh_questions_subject_gap": 0.902999997138977, "wh_questions_subject_gap_long_distance": 0.9520000219345093, "wh_vs_that_no_gap": 0.9490000009536743, "wh_vs_that_no_gap_long_distance": 0.9440000057220459, "wh_vs_that_with_gap": 0.13500000536441803, "wh_vs_that_with_gap_long_distance": 0.10400000214576721}, "by_phenomenon": {"island_effects": 0.5300000011920929, "anaphor_agreement": 0.640500009059906, "s-selection": 0.6820000112056732, "argument_structure": 0.6384285816124508, "determiner_noun_agreement": 0.7979999929666519, "subject_verb_agreement": 0.5563333332538605, "ellipsis": 0.551499992609024, "control_raising": 0.6298000037670135, "quantifiers": 0.6814999878406525, "irregular_forms": 0.7324999868869781, "npi_licensing": 0.4144285704408373, "binding": 0.6777142882347107, "filler_gap_dependency": 0.6551428586244583}}, "paloma": 231.35334848144743}