{"blimp": {"by_uid": {"adjunct_island": 0.48500001430511475, "anaphor_gender_agreement": 0.33799999952316284, "anaphor_number_agreement": 0.48899999260902405, "animate_subject_passive": 0.6389999985694885, "animate_subject_trans": 0.5220000147819519, "causative": 0.44999998807907104, "complex_NP_island": 0.5220000147819519, "coordinate_structure_constraint_complex_left_branch": 0.5649999976158142, "coordinate_structure_constraint_object_extraction": 0.5070000290870667, "determiner_noun_agreement_1": 0.49900001287460327, "determiner_noun_agreement_2": 0.48399999737739563, "determiner_noun_agreement_irregular_1": 0.4950000047683716, "determiner_noun_agreement_irregular_2": 0.5270000100135803, "determiner_noun_agreement_with_adj_2": 0.4699999988079071, "determiner_noun_agreement_with_adj_irregular_1": 0.44999998807907104, "determiner_noun_agreement_with_adj_irregular_2": 0.5249999761581421, "determiner_noun_agreement_with_adjective_1": 0.5009999871253967, "distractor_agreement_relational_noun": 0.4690000116825104, "distractor_agreement_relative_clause": 0.4690000116825104, "drop_argument": 0.6990000009536743, "ellipsis_n_bar_1": 0.42399999499320984, "ellipsis_n_bar_2": 0.3070000112056732, "existential_there_object_raising": 0.7009999752044678, "existential_there_quantifiers_1": 0.6700000166893005, "existential_there_quantifiers_2": 0.03999999910593033, "existential_there_subject_raising": 0.546999990940094, "expletive_it_object_raising": 0.6019999980926514, "inchoative": 0.382999986410141, "intransitive": 0.5360000133514404, "irregular_past_participle_adjectives": 0.6190000176429749, "irregular_past_participle_verbs": 0.36000001430511475, "irregular_plural_subject_verb_agreement_1": 0.45399999618530273, "irregular_plural_subject_verb_agreement_2": 0.5059999823570251, "left_branch_island_echo_question": 0.47099998593330383, "left_branch_island_simple_question": 0.5690000057220459, "matrix_question_npi_licensor_present": 0.5059999823570251, "npi_present_1": 0.5699999928474426, "npi_present_2": 0.49900001287460327, "only_npi_licensor_present": 0.0, "only_npi_scope": 0.20399999618530273, "passive_1": 0.6079999804496765, "passive_2": 0.6420000195503235, "principle_A_c_command": 0.6449999809265137, "principle_A_case_1": 0.9869999885559082, "principle_A_case_2": 0.47200000286102295, "principle_A_domain_1": 0.8220000267028809, "principle_A_domain_2": 0.5450000166893005, "principle_A_domain_3": 0.46799999475479126, "principle_A_reconstruction": 0.546999990940094, "regular_plural_subject_verb_agreement_1": 0.5260000228881836, "regular_plural_subject_verb_agreement_2": 0.4860000014305115, "sentential_negation_npi_licensor_present": 0.6439999938011169, "sentential_negation_npi_scope": 0.7279999852180481, "sentential_subject_island": 0.5289999842643738, "superlative_quantifiers_1": 0.03500000014901161, "superlative_quantifiers_2": 0.2370000034570694, "tough_vs_raising_1": 0.3619999885559082, "tough_vs_raising_2": 0.6729999780654907, "transitive": 0.5400000214576721, "wh_island": 0.3869999945163727, "wh_questions_object_gap": 0.6980000138282776, "wh_questions_subject_gap": 0.734000027179718, "wh_questions_subject_gap_long_distance": 0.6830000281333923, "wh_vs_that_no_gap": 0.9020000100135803, "wh_vs_that_no_gap_long_distance": 0.9089999794960022, "wh_vs_that_with_gap": 0.0820000022649765, "wh_vs_that_with_gap_long_distance": 0.0949999988079071}, "by_phenomenon": {"island_effects": 0.5043750032782555, "anaphor_agreement": 0.41349999606609344, "s-selection": 0.5805000066757202, "argument_structure": 0.5511428586074284, "determiner_noun_agreement": 0.49387499690055847, "subject_verb_agreement": 0.48500000437100727, "ellipsis": 0.36550000309944153, "control_raising": 0.5769999861717224, "quantifiers": 0.24550000485032797, "irregular_forms": 0.4895000159740448, "npi_licensing": 0.4501428518976484, "binding": 0.6408571430615017, "filler_gap_dependency": 0.5861428656748363}}, "paloma": 2869.286784378743}