{"blimp": {"by_uid": {"adjunct_island": 0.718999981880188, "anaphor_gender_agreement": 0.5, "anaphor_number_agreement": 0.699999988079071, "animate_subject_passive": 0.6919999718666077, "animate_subject_trans": 0.6890000104904175, "causative": 0.4869999885559082, "complex_NP_island": 0.4880000054836273, "coordinate_structure_constraint_complex_left_branch": 0.4009999930858612, "coordinate_structure_constraint_object_extraction": 0.6150000095367432, "determiner_noun_agreement_1": 0.8759999871253967, "determiner_noun_agreement_2": 0.847000002861023, "determiner_noun_agreement_irregular_1": 0.7250000238418579, "determiner_noun_agreement_irregular_2": 0.8140000104904175, "determiner_noun_agreement_with_adj_2": 0.7990000247955322, "determiner_noun_agreement_with_adj_irregular_1": 0.6589999794960022, "determiner_noun_agreement_with_adj_irregular_2": 0.753000020980835, "determiner_noun_agreement_with_adjective_1": 0.8299999833106995, "distractor_agreement_relational_noun": 0.21699999272823334, "distractor_agreement_relative_clause": 0.25, "drop_argument": 0.6930000185966492, "ellipsis_n_bar_1": 0.47099998593330383, "ellipsis_n_bar_2": 0.578000009059906, "existential_there_object_raising": 0.7260000109672546, "existential_there_quantifiers_1": 0.8159999847412109, "existential_there_quantifiers_2": 0.32600000500679016, "existential_there_subject_raising": 0.5899999737739563, "expletive_it_object_raising": 0.6850000023841858, "inchoative": 0.36899998784065247, "intransitive": 0.5410000085830688, "irregular_past_participle_adjectives": 0.7929999828338623, "irregular_past_participle_verbs": 0.7059999704360962, "irregular_plural_subject_verb_agreement_1": 0.6679999828338623, "irregular_plural_subject_verb_agreement_2": 0.7289999723434448, "left_branch_island_echo_question": 0.44999998807907104, "left_branch_island_simple_question": 0.47699999809265137, "matrix_question_npi_licensor_present": 0.19200000166893005, "npi_present_1": 0.23499999940395355, "npi_present_2": 0.3019999861717224, "only_npi_licensor_present": 0.11900000274181366, "only_npi_scope": 0.48100000619888306, "passive_1": 0.8259999752044678, "passive_2": 0.8429999947547913, "principle_A_c_command": 0.6119999885559082, "principle_A_case_1": 1.0, "principle_A_case_2": 0.6869999766349792, "principle_A_domain_1": 0.9449999928474426, "principle_A_domain_2": 0.6159999966621399, "principle_A_domain_3": 0.46299999952316284, "principle_A_reconstruction": 0.4569999873638153, "regular_plural_subject_verb_agreement_1": 0.6660000085830688, "regular_plural_subject_verb_agreement_2": 0.6700000166893005, "sentential_negation_npi_licensor_present": 0.9779999852180481, "sentential_negation_npi_scope": 0.4749999940395355, "sentential_subject_island": 0.4519999921321869, "superlative_quantifiers_1": 0.7149999737739563, "superlative_quantifiers_2": 0.7129999995231628, "tough_vs_raising_1": 0.38199999928474426, "tough_vs_raising_2": 0.6489999890327454, "transitive": 0.6919999718666077, "wh_island": 0.32600000500679016, "wh_questions_object_gap": 0.5730000138282776, "wh_questions_subject_gap": 0.8809999823570251, "wh_questions_subject_gap_long_distance": 0.949999988079071, "wh_vs_that_no_gap": 0.9470000267028809, "wh_vs_that_no_gap_long_distance": 0.949999988079071, "wh_vs_that_with_gap": 0.13099999725818634, "wh_vs_that_with_gap_long_distance": 0.06800000369548798}, "by_phenomenon": {"island_effects": 0.4909999966621399, "anaphor_agreement": 0.5999999940395355, "s-selection": 0.6904999911785126, "argument_structure": 0.6358571350574493, "determiner_noun_agreement": 0.7878750041127205, "subject_verb_agreement": 0.533333328862985, "ellipsis": 0.5244999974966049, "control_raising": 0.6063999950885772, "quantifiers": 0.6424999907612801, "irregular_forms": 0.7494999766349792, "npi_licensing": 0.3974285679204123, "binding": 0.6828571345124926, "filler_gap_dependency": 0.6428571428571429}}, "paloma": 270.52653425595486}