{"blimp": {"by_uid": {"adjunct_island": 0.4830000102519989, "anaphor_gender_agreement": 0.33399999141693115, "anaphor_number_agreement": 0.49300000071525574, "animate_subject_passive": 0.6340000033378601, "animate_subject_trans": 0.5210000276565552, "causative": 0.4399999976158142, "complex_NP_island": 0.5059999823570251, "coordinate_structure_constraint_complex_left_branch": 0.5569999814033508, "coordinate_structure_constraint_object_extraction": 0.48399999737739563, "determiner_noun_agreement_1": 0.5, "determiner_noun_agreement_2": 0.48100000619888306, "determiner_noun_agreement_irregular_1": 0.5019999742507935, "determiner_noun_agreement_irregular_2": 0.5230000019073486, "determiner_noun_agreement_with_adj_2": 0.4740000069141388, "determiner_noun_agreement_with_adj_irregular_1": 0.4429999887943268, "determiner_noun_agreement_with_adj_irregular_2": 0.527999997138977, "determiner_noun_agreement_with_adjective_1": 0.4970000088214874, "distractor_agreement_relational_noun": 0.4749999940395355, "distractor_agreement_relative_clause": 0.4699999988079071, "drop_argument": 0.699999988079071, "ellipsis_n_bar_1": 0.4090000092983246, "ellipsis_n_bar_2": 0.3019999861717224, "existential_there_object_raising": 0.7059999704360962, "existential_there_quantifiers_1": 0.7139999866485596, "existential_there_quantifiers_2": 0.08299999684095383, "existential_there_subject_raising": 0.531000018119812, "expletive_it_object_raising": 0.6169999837875366, "inchoative": 0.38199999928474426, "intransitive": 0.5350000262260437, "irregular_past_participle_adjectives": 0.6140000224113464, "irregular_past_participle_verbs": 0.3619999885559082, "irregular_plural_subject_verb_agreement_1": 0.4429999887943268, "irregular_plural_subject_verb_agreement_2": 0.5040000081062317, "left_branch_island_echo_question": 0.4729999899864197, "left_branch_island_simple_question": 0.5669999718666077, "matrix_question_npi_licensor_present": 0.4869999885559082, "npi_present_1": 0.574999988079071, "npi_present_2": 0.5189999938011169, "only_npi_licensor_present": 0.0, "only_npi_scope": 0.20000000298023224, "passive_1": 0.621999979019165, "passive_2": 0.652999997138977, "principle_A_c_command": 0.640999972820282, "principle_A_case_1": 0.9929999709129333, "principle_A_case_2": 0.46700000762939453, "principle_A_domain_1": 0.8489999771118164, "principle_A_domain_2": 0.5460000038146973, "principle_A_domain_3": 0.4740000069141388, "principle_A_reconstruction": 0.5299999713897705, "regular_plural_subject_verb_agreement_1": 0.5260000228881836, "regular_plural_subject_verb_agreement_2": 0.47999998927116394, "sentential_negation_npi_licensor_present": 0.6859999895095825, "sentential_negation_npi_scope": 0.7300000190734863, "sentential_subject_island": 0.5289999842643738, "superlative_quantifiers_1": 0.04600000008940697, "superlative_quantifiers_2": 0.28999999165534973, "tough_vs_raising_1": 0.3700000047683716, "tough_vs_raising_2": 0.6740000247955322, "transitive": 0.5490000247955322, "wh_island": 0.4429999887943268, "wh_questions_object_gap": 0.7070000171661377, "wh_questions_subject_gap": 0.7519999742507935, "wh_questions_subject_gap_long_distance": 0.7110000252723694, "wh_vs_that_no_gap": 0.9200000166893005, "wh_vs_that_no_gap_long_distance": 0.9290000200271606, "wh_vs_that_with_gap": 0.06499999761581421, "wh_vs_that_with_gap_long_distance": 0.06800000369548798}, "by_phenomenon": {"island_effects": 0.5052499882876873, "anaphor_agreement": 0.41349999606609344, "s-selection": 0.5775000154972076, "argument_structure": 0.5544285731656211, "determiner_noun_agreement": 0.4934999980032444, "subject_verb_agreement": 0.4830000003178914, "ellipsis": 0.3554999977350235, "control_raising": 0.5796000003814697, "quantifiers": 0.2832499938085675, "irregular_forms": 0.4880000054836273, "npi_licensing": 0.456714283142771, "binding": 0.642857130084719, "filler_gap_dependency": 0.5931428649595806}}, "paloma": 2383.0241672210163}