{"blimp": {"by_uid": {"adjunct_island": 0.7310000061988831, "anaphor_gender_agreement": 0.5329999923706055, "anaphor_number_agreement": 0.753000020980835, "animate_subject_passive": 0.7020000219345093, "animate_subject_trans": 0.6729999780654907, "causative": 0.48100000619888306, "complex_NP_island": 0.4830000102519989, "coordinate_structure_constraint_complex_left_branch": 0.45899999141693115, "coordinate_structure_constraint_object_extraction": 0.6399999856948853, "determiner_noun_agreement_1": 0.8740000128746033, "determiner_noun_agreement_2": 0.8610000014305115, "determiner_noun_agreement_irregular_1": 0.7269999980926514, "determiner_noun_agreement_irregular_2": 0.8460000157356262, "determiner_noun_agreement_with_adj_2": 0.8109999895095825, "determiner_noun_agreement_with_adj_irregular_1": 0.6880000233650208, "determiner_noun_agreement_with_adj_irregular_2": 0.753000020980835, "determiner_noun_agreement_with_adjective_1": 0.843999981880188, "distractor_agreement_relational_noun": 0.2240000069141388, "distractor_agreement_relative_clause": 0.22300000488758087, "drop_argument": 0.6980000138282776, "ellipsis_n_bar_1": 0.48500001430511475, "ellipsis_n_bar_2": 0.6000000238418579, "existential_there_object_raising": 0.7450000047683716, "existential_there_quantifiers_1": 0.7760000228881836, "existential_there_quantifiers_2": 0.3540000021457672, "existential_there_subject_raising": 0.6439999938011169, "expletive_it_object_raising": 0.6930000185966492, "inchoative": 0.38199999928474426, "intransitive": 0.5569999814033508, "irregular_past_participle_adjectives": 0.781000018119812, "irregular_past_participle_verbs": 0.699999988079071, "irregular_plural_subject_verb_agreement_1": 0.671999990940094, "irregular_plural_subject_verb_agreement_2": 0.7739999890327454, "left_branch_island_echo_question": 0.5329999923706055, "left_branch_island_simple_question": 0.5189999938011169, "matrix_question_npi_licensor_present": 0.1940000057220459, "npi_present_1": 0.210999995470047, "npi_present_2": 0.296999990940094, "only_npi_licensor_present": 0.16899999976158142, "only_npi_scope": 0.5540000200271606, "passive_1": 0.8040000200271606, "passive_2": 0.8410000205039978, "principle_A_c_command": 0.5799999833106995, "principle_A_case_1": 0.9990000128746033, "principle_A_case_2": 0.6710000038146973, "principle_A_domain_1": 0.9660000205039978, "principle_A_domain_2": 0.6320000290870667, "principle_A_domain_3": 0.45500001311302185, "principle_A_reconstruction": 0.4580000042915344, "regular_plural_subject_verb_agreement_1": 0.6790000200271606, "regular_plural_subject_verb_agreement_2": 0.7369999885559082, "sentential_negation_npi_licensor_present": 0.9900000095367432, "sentential_negation_npi_scope": 0.503000020980835, "sentential_subject_island": 0.41600000858306885, "superlative_quantifiers_1": 0.7910000085830688, "superlative_quantifiers_2": 0.8330000042915344, "tough_vs_raising_1": 0.382999986410141, "tough_vs_raising_2": 0.6499999761581421, "transitive": 0.6919999718666077, "wh_island": 0.41200000047683716, "wh_questions_object_gap": 0.6039999723434448, "wh_questions_subject_gap": 0.9150000214576721, "wh_questions_subject_gap_long_distance": 0.9520000219345093, "wh_vs_that_no_gap": 0.9520000219345093, "wh_vs_that_no_gap_long_distance": 0.9520000219345093, "wh_vs_that_with_gap": 0.12999999523162842, "wh_vs_that_with_gap_long_distance": 0.09000000357627869}, "by_phenomenon": {"island_effects": 0.5241249985992908, "anaphor_agreement": 0.6430000066757202, "s-selection": 0.6875, "argument_structure": 0.6364285733018603, "determiner_noun_agreement": 0.8005000054836273, "subject_verb_agreement": 0.5515000000596046, "ellipsis": 0.5425000190734863, "control_raising": 0.6229999959468842, "quantifiers": 0.6885000094771385, "irregular_forms": 0.7405000030994415, "npi_licensing": 0.4168571489197867, "binding": 0.6801428667136601, "filler_gap_dependency": 0.6564285797732217}}, "paloma": 236.39456277840645}