{"blimp": {"by_uid": {"adjunct_island": 0.7409999966621399, "anaphor_gender_agreement": 0.5090000033378601, "anaphor_number_agreement": 0.734000027179718, "animate_subject_passive": 0.7110000252723694, "animate_subject_trans": 0.6800000071525574, "causative": 0.49300000071525574, "complex_NP_island": 0.4830000102519989, "coordinate_structure_constraint_complex_left_branch": 0.4320000112056732, "coordinate_structure_constraint_object_extraction": 0.628000020980835, "determiner_noun_agreement_1": 0.8849999904632568, "determiner_noun_agreement_2": 0.8619999885559082, "determiner_noun_agreement_irregular_1": 0.7260000109672546, "determiner_noun_agreement_irregular_2": 0.8389999866485596, "determiner_noun_agreement_with_adj_2": 0.8220000267028809, "determiner_noun_agreement_with_adj_irregular_1": 0.675000011920929, "determiner_noun_agreement_with_adj_irregular_2": 0.753000020980835, "determiner_noun_agreement_with_adjective_1": 0.847000002861023, "distractor_agreement_relational_noun": 0.21400000154972076, "distractor_agreement_relative_clause": 0.22499999403953552, "drop_argument": 0.6800000071525574, "ellipsis_n_bar_1": 0.48399999737739563, "ellipsis_n_bar_2": 0.5789999961853027, "existential_there_object_raising": 0.7200000286102295, "existential_there_quantifiers_1": 0.7889999747276306, "existential_there_quantifiers_2": 0.3319999873638153, "existential_there_subject_raising": 0.6190000176429749, "expletive_it_object_raising": 0.6880000233650208, "inchoative": 0.3930000066757202, "intransitive": 0.5429999828338623, "irregular_past_participle_adjectives": 0.7680000066757202, "irregular_past_participle_verbs": 0.6980000138282776, "irregular_plural_subject_verb_agreement_1": 0.6819999814033508, "irregular_plural_subject_verb_agreement_2": 0.7739999890327454, "left_branch_island_echo_question": 0.5059999823570251, "left_branch_island_simple_question": 0.5139999985694885, "matrix_question_npi_licensor_present": 0.19200000166893005, "npi_present_1": 0.257999986410141, "npi_present_2": 0.31700000166893005, "only_npi_licensor_present": 0.15800000727176666, "only_npi_scope": 0.5040000081062317, "passive_1": 0.8080000281333923, "passive_2": 0.8450000286102295, "principle_A_c_command": 0.5950000286102295, "principle_A_case_1": 0.9990000128746033, "principle_A_case_2": 0.6729999780654907, "principle_A_domain_1": 0.9539999961853027, "principle_A_domain_2": 0.6119999885559082, "principle_A_domain_3": 0.4659999907016754, "principle_A_reconstruction": 0.4580000042915344, "regular_plural_subject_verb_agreement_1": 0.6679999828338623, "regular_plural_subject_verb_agreement_2": 0.7160000205039978, "sentential_negation_npi_licensor_present": 0.9869999885559082, "sentential_negation_npi_scope": 0.5059999823570251, "sentential_subject_island": 0.42500001192092896, "superlative_quantifiers_1": 0.7860000133514404, "superlative_quantifiers_2": 0.8050000071525574, "tough_vs_raising_1": 0.40299999713897705, "tough_vs_raising_2": 0.6230000257492065, "transitive": 0.6949999928474426, "wh_island": 0.3630000054836273, "wh_questions_object_gap": 0.5950000286102295, "wh_questions_subject_gap": 0.890999972820282, "wh_questions_subject_gap_long_distance": 0.9549999833106995, "wh_vs_that_no_gap": 0.9470000267028809, "wh_vs_that_no_gap_long_distance": 0.9599999785423279, "wh_vs_that_with_gap": 0.13600000739097595, "wh_vs_that_with_gap_long_distance": 0.07999999821186066}, "by_phenomenon": {"island_effects": 0.5115000046789646, "anaphor_agreement": 0.6215000152587891, "s-selection": 0.6955000162124634, "argument_structure": 0.6367142924240657, "determiner_noun_agreement": 0.8011250048875809, "subject_verb_agreement": 0.5464999948938688, "ellipsis": 0.5314999967813492, "control_raising": 0.6106000185012818, "quantifiers": 0.6779999956488609, "irregular_forms": 0.7330000102519989, "npi_licensing": 0.41742856800556183, "binding": 0.6795714284692492, "filler_gap_dependency": 0.6519999993698937}}, "paloma": 245.93105998487837}