{"blimp": {"by_uid": {"adjunct_island": 0.7129999995231628, "anaphor_gender_agreement": 0.4909999966621399, "anaphor_number_agreement": 0.7490000128746033, "animate_subject_passive": 0.6880000233650208, "animate_subject_trans": 0.6700000166893005, "causative": 0.49000000953674316, "complex_NP_island": 0.48500001430511475, "coordinate_structure_constraint_complex_left_branch": 0.49399998784065247, "coordinate_structure_constraint_object_extraction": 0.597000002861023, "determiner_noun_agreement_1": 0.8889999985694885, "determiner_noun_agreement_2": 0.8740000128746033, "determiner_noun_agreement_irregular_1": 0.7260000109672546, "determiner_noun_agreement_irregular_2": 0.8539999723434448, "determiner_noun_agreement_with_adj_2": 0.8109999895095825, "determiner_noun_agreement_with_adj_irregular_1": 0.6980000138282776, "determiner_noun_agreement_with_adj_irregular_2": 0.7480000257492065, "determiner_noun_agreement_with_adjective_1": 0.8389999866485596, "distractor_agreement_relational_noun": 0.23800000548362732, "distractor_agreement_relative_clause": 0.2409999966621399, "drop_argument": 0.6930000185966492, "ellipsis_n_bar_1": 0.5410000085830688, "ellipsis_n_bar_2": 0.6060000061988831, "existential_there_object_raising": 0.7419999837875366, "existential_there_quantifiers_1": 0.7940000295639038, "existential_there_quantifiers_2": 0.33500000834465027, "existential_there_subject_raising": 0.6589999794960022, "expletive_it_object_raising": 0.7139999866485596, "inchoative": 0.39100000262260437, "intransitive": 0.5419999957084656, "irregular_past_participle_adjectives": 0.8270000219345093, "irregular_past_participle_verbs": 0.7250000238418579, "irregular_plural_subject_verb_agreement_1": 0.675000011920929, "irregular_plural_subject_verb_agreement_2": 0.7900000214576721, "left_branch_island_echo_question": 0.5289999842643738, "left_branch_island_simple_question": 0.5120000243186951, "matrix_question_npi_licensor_present": 0.22499999403953552, "npi_present_1": 0.26100000739097595, "npi_present_2": 0.32199999690055847, "only_npi_licensor_present": 0.09200000017881393, "only_npi_scope": 0.5929999947547913, "passive_1": 0.8159999847412109, "passive_2": 0.8489999771118164, "principle_A_c_command": 0.5870000123977661, "principle_A_case_1": 1.0, "principle_A_case_2": 0.6899999976158142, "principle_A_domain_1": 0.9639999866485596, "principle_A_domain_2": 0.6460000276565552, "principle_A_domain_3": 0.4519999921321869, "principle_A_reconstruction": 0.47099998593330383, "regular_plural_subject_verb_agreement_1": 0.7089999914169312, "regular_plural_subject_verb_agreement_2": 0.7509999871253967, "sentential_negation_npi_licensor_present": 0.9929999709129333, "sentential_negation_npi_scope": 0.49399998784065247, "sentential_subject_island": 0.4320000112056732, "superlative_quantifiers_1": 0.6489999890327454, "superlative_quantifiers_2": 0.7300000190734863, "tough_vs_raising_1": 0.40400001406669617, "tough_vs_raising_2": 0.6570000052452087, "transitive": 0.6990000009536743, "wh_island": 0.37400001287460327, "wh_questions_object_gap": 0.5950000286102295, "wh_questions_subject_gap": 0.902999997138977, "wh_questions_subject_gap_long_distance": 0.9470000267028809, "wh_vs_that_no_gap": 0.9459999799728394, "wh_vs_that_no_gap_long_distance": 0.9559999704360962, "wh_vs_that_with_gap": 0.12999999523162842, "wh_vs_that_with_gap_long_distance": 0.09600000083446503}, "by_phenomenon": {"island_effects": 0.5170000046491623, "anaphor_agreement": 0.6200000047683716, "s-selection": 0.6790000200271606, "argument_structure": 0.6399999984673092, "determiner_noun_agreement": 0.8048750013113022, "subject_verb_agreement": 0.5673333356777827, "ellipsis": 0.573500007390976, "control_raising": 0.6351999938488007, "quantifiers": 0.6270000115036964, "irregular_forms": 0.7760000228881836, "npi_licensing": 0.42571427885975155, "binding": 0.6871428574834552, "filler_gap_dependency": 0.6532857141324452}}, "paloma": 223.3294778886988}