{"blimp": {"by_uid": {"adjunct_island": 0.7279999852180481, "anaphor_gender_agreement": 0.5239999890327454, "anaphor_number_agreement": 0.7360000014305115, "animate_subject_passive": 0.7049999833106995, "animate_subject_trans": 0.6840000152587891, "causative": 0.49399998784065247, "complex_NP_island": 0.48500001430511475, "coordinate_structure_constraint_complex_left_branch": 0.4339999854564667, "coordinate_structure_constraint_object_extraction": 0.6269999742507935, "determiner_noun_agreement_1": 0.8849999904632568, "determiner_noun_agreement_2": 0.8529999852180481, "determiner_noun_agreement_irregular_1": 0.7289999723434448, "determiner_noun_agreement_irregular_2": 0.8330000042915344, "determiner_noun_agreement_with_adj_2": 0.8100000023841858, "determiner_noun_agreement_with_adj_irregular_1": 0.6790000200271606, "determiner_noun_agreement_with_adj_irregular_2": 0.746999979019165, "determiner_noun_agreement_with_adjective_1": 0.8550000190734863, "distractor_agreement_relational_noun": 0.2240000069141388, "distractor_agreement_relative_clause": 0.24799999594688416, "drop_argument": 0.7009999752044678, "ellipsis_n_bar_1": 0.4970000088214874, "ellipsis_n_bar_2": 0.5830000042915344, "existential_there_object_raising": 0.7300000190734863, "existential_there_quantifiers_1": 0.7910000085830688, "existential_there_quantifiers_2": 0.32600000500679016, "existential_there_subject_raising": 0.6019999980926514, "expletive_it_object_raising": 0.6930000185966492, "inchoative": 0.3779999911785126, "intransitive": 0.5440000295639038, "irregular_past_participle_adjectives": 0.7799999713897705, "irregular_past_participle_verbs": 0.6980000138282776, "irregular_plural_subject_verb_agreement_1": 0.675000011920929, "irregular_plural_subject_verb_agreement_2": 0.7630000114440918, "left_branch_island_echo_question": 0.4860000014305115, "left_branch_island_simple_question": 0.5070000290870667, "matrix_question_npi_licensor_present": 0.18799999356269836, "npi_present_1": 0.23899999260902405, "npi_present_2": 0.3089999854564667, "only_npi_licensor_present": 0.16200000047683716, "only_npi_scope": 0.5, "passive_1": 0.8209999799728394, "passive_2": 0.8479999899864197, "principle_A_c_command": 0.5849999785423279, "principle_A_case_1": 0.9990000128746033, "principle_A_case_2": 0.675000011920929, "principle_A_domain_1": 0.9480000138282776, "principle_A_domain_2": 0.6259999871253967, "principle_A_domain_3": 0.4699999988079071, "principle_A_reconstruction": 0.46000000834465027, "regular_plural_subject_verb_agreement_1": 0.6660000085830688, "regular_plural_subject_verb_agreement_2": 0.7149999737739563, "sentential_negation_npi_licensor_present": 0.9800000190734863, "sentential_negation_npi_scope": 0.4970000088214874, "sentential_subject_island": 0.4449999928474426, "superlative_quantifiers_1": 0.8029999732971191, "superlative_quantifiers_2": 0.7979999780654907, "tough_vs_raising_1": 0.3889999985694885, "tough_vs_raising_2": 0.6359999775886536, "transitive": 0.6949999928474426, "wh_island": 0.3540000021457672, "wh_questions_object_gap": 0.5889999866485596, "wh_questions_subject_gap": 0.8859999775886536, "wh_questions_subject_gap_long_distance": 0.953000009059906, "wh_vs_that_no_gap": 0.9449999928474426, "wh_vs_that_no_gap_long_distance": 0.9490000009536743, "wh_vs_that_with_gap": 0.1420000046491623, "wh_vs_that_with_gap_long_distance": 0.07699999958276749}, "by_phenomenon": {"island_effects": 0.5082499980926514, "anaphor_agreement": 0.6299999952316284, "s-selection": 0.6944999992847443, "argument_structure": 0.6401428495134626, "determiner_noun_agreement": 0.7988749966025352, "subject_verb_agreement": 0.5485000014305115, "ellipsis": 0.5400000065565109, "control_raising": 0.6100000023841858, "quantifiers": 0.6794999912381172, "irregular_forms": 0.738999992609024, "npi_licensing": 0.4107142857142857, "binding": 0.6804285730634417, "filler_gap_dependency": 0.6487142816185951}}, "paloma": 262.2210890746698}