{"blimp": {"by_uid": {"adjunct_island": 0.7120000123977661, "anaphor_gender_agreement": 0.5070000290870667, "anaphor_number_agreement": 0.7020000219345093, "animate_subject_passive": 0.6850000023841858, "animate_subject_trans": 0.6980000138282776, "causative": 0.492000013589859, "complex_NP_island": 0.49300000071525574, "coordinate_structure_constraint_complex_left_branch": 0.39500001072883606, "coordinate_structure_constraint_object_extraction": 0.5849999785423279, "determiner_noun_agreement_1": 0.878000020980835, "determiner_noun_agreement_2": 0.8420000076293945, "determiner_noun_agreement_irregular_1": 0.7160000205039978, "determiner_noun_agreement_irregular_2": 0.8199999928474426, "determiner_noun_agreement_with_adj_2": 0.7960000038146973, "determiner_noun_agreement_with_adj_irregular_1": 0.6539999842643738, "determiner_noun_agreement_with_adj_irregular_2": 0.7599999904632568, "determiner_noun_agreement_with_adjective_1": 0.8230000138282776, "distractor_agreement_relational_noun": 0.2070000022649765, "distractor_agreement_relative_clause": 0.2529999911785126, "drop_argument": 0.6880000233650208, "ellipsis_n_bar_1": 0.46000000834465027, "ellipsis_n_bar_2": 0.5759999752044678, "existential_there_object_raising": 0.7239999771118164, "existential_there_quantifiers_1": 0.8069999814033508, "existential_there_quantifiers_2": 0.3160000145435333, "existential_there_subject_raising": 0.5830000042915344, "expletive_it_object_raising": 0.6819999814033508, "inchoative": 0.3720000088214874, "intransitive": 0.546999990940094, "irregular_past_participle_adjectives": 0.8220000267028809, "irregular_past_participle_verbs": 0.7250000238418579, "irregular_plural_subject_verb_agreement_1": 0.6729999780654907, "irregular_plural_subject_verb_agreement_2": 0.7129999995231628, "left_branch_island_echo_question": 0.4519999921321869, "left_branch_island_simple_question": 0.503000020980835, "matrix_question_npi_licensor_present": 0.21199999749660492, "npi_present_1": 0.24799999594688416, "npi_present_2": 0.29899999499320984, "only_npi_licensor_present": 0.07800000160932541, "only_npi_scope": 0.41100001335144043, "passive_1": 0.824999988079071, "passive_2": 0.8420000076293945, "principle_A_c_command": 0.6010000109672546, "principle_A_case_1": 0.9990000128746033, "principle_A_case_2": 0.6679999828338623, "principle_A_domain_1": 0.9490000009536743, "principle_A_domain_2": 0.6169999837875366, "principle_A_domain_3": 0.4490000009536743, "principle_A_reconstruction": 0.4580000042915344, "regular_plural_subject_verb_agreement_1": 0.6430000066757202, "regular_plural_subject_verb_agreement_2": 0.6499999761581421, "sentential_negation_npi_licensor_present": 0.9860000014305115, "sentential_negation_npi_scope": 0.45899999141693115, "sentential_subject_island": 0.45899999141693115, "superlative_quantifiers_1": 0.6499999761581421, "superlative_quantifiers_2": 0.6510000228881836, "tough_vs_raising_1": 0.35899999737739563, "tough_vs_raising_2": 0.6610000133514404, "transitive": 0.6859999895095825, "wh_island": 0.3269999921321869, "wh_questions_object_gap": 0.5830000042915344, "wh_questions_subject_gap": 0.8970000147819519, "wh_questions_subject_gap_long_distance": 0.9589999914169312, "wh_vs_that_no_gap": 0.9490000009536743, "wh_vs_that_no_gap_long_distance": 0.9620000123977661, "wh_vs_that_with_gap": 0.11500000208616257, "wh_vs_that_with_gap_long_distance": 0.05700000002980232}, "by_phenomenon": {"island_effects": 0.4907499998807907, "anaphor_agreement": 0.604500025510788, "s-selection": 0.6915000081062317, "argument_structure": 0.6360000031335014, "determiner_noun_agreement": 0.7861250042915344, "subject_verb_agreement": 0.5231666589776675, "ellipsis": 0.517999991774559, "control_raising": 0.6017999947071075, "quantifiers": 0.6059999987483025, "irregular_forms": 0.7735000252723694, "npi_licensing": 0.3847142851778439, "binding": 0.6772857138088771, "filler_gap_dependency": 0.6460000037082604}}, "paloma": 278.4512833744807}