{"blimp": {"by_uid": {"adjunct_island": 0.7329999804496765, "anaphor_gender_agreement": 0.4690000116825104, "anaphor_number_agreement": 0.6669999957084656, "animate_subject_passive": 0.6930000185966492, "animate_subject_trans": 0.6549999713897705, "causative": 0.46700000762939453, "complex_NP_island": 0.5049999952316284, "coordinate_structure_constraint_complex_left_branch": 0.35499998927116394, "coordinate_structure_constraint_object_extraction": 0.45399999618530273, "determiner_noun_agreement_1": 0.8190000057220459, "determiner_noun_agreement_2": 0.7910000085830688, "determiner_noun_agreement_irregular_1": 0.7149999737739563, "determiner_noun_agreement_irregular_2": 0.8019999861717224, "determiner_noun_agreement_with_adj_2": 0.7080000042915344, "determiner_noun_agreement_with_adj_irregular_1": 0.597000002861023, "determiner_noun_agreement_with_adj_irregular_2": 0.7149999737739563, "determiner_noun_agreement_with_adjective_1": 0.7310000061988831, "distractor_agreement_relational_noun": 0.23800000548362732, "distractor_agreement_relative_clause": 0.25, "drop_argument": 0.6980000138282776, "ellipsis_n_bar_1": 0.3959999978542328, "ellipsis_n_bar_2": 0.48500001430511475, "existential_there_object_raising": 0.7250000238418579, "existential_there_quantifiers_1": 0.7170000076293945, "existential_there_quantifiers_2": 0.3840000033378601, "existential_there_subject_raising": 0.48500001430511475, "expletive_it_object_raising": 0.6850000023841858, "inchoative": 0.3569999933242798, "intransitive": 0.5910000205039978, "irregular_past_participle_adjectives": 0.7239999771118164, "irregular_past_participle_verbs": 0.7250000238418579, "irregular_plural_subject_verb_agreement_1": 0.6159999966621399, "irregular_plural_subject_verb_agreement_2": 0.6370000243186951, "left_branch_island_echo_question": 0.5640000104904175, "left_branch_island_simple_question": 0.4830000102519989, "matrix_question_npi_licensor_present": 0.1979999989271164, "npi_present_1": 0.20900000631809235, "npi_present_2": 0.3059999942779541, "only_npi_licensor_present": 0.11999999731779099, "only_npi_scope": 0.49399998784065247, "passive_1": 0.8180000185966492, "passive_2": 0.7960000038146973, "principle_A_c_command": 0.6060000061988831, "principle_A_case_1": 1.0, "principle_A_case_2": 0.5709999799728394, "principle_A_domain_1": 0.9070000052452087, "principle_A_domain_2": 0.5920000076293945, "principle_A_domain_3": 0.4320000112056732, "principle_A_reconstruction": 0.3269999921321869, "regular_plural_subject_verb_agreement_1": 0.6150000095367432, "regular_plural_subject_verb_agreement_2": 0.5590000152587891, "sentential_negation_npi_licensor_present": 0.9679999947547913, "sentential_negation_npi_scope": 0.4790000021457672, "sentential_subject_island": 0.4429999887943268, "superlative_quantifiers_1": 0.5569999814033508, "superlative_quantifiers_2": 0.6980000138282776, "tough_vs_raising_1": 0.4620000123977661, "tough_vs_raising_2": 0.5989999771118164, "transitive": 0.656000018119812, "wh_island": 0.3659999966621399, "wh_questions_object_gap": 0.5099999904632568, "wh_questions_subject_gap": 0.8349999785423279, "wh_questions_subject_gap_long_distance": 0.9319999814033508, "wh_vs_that_no_gap": 0.9380000233650208, "wh_vs_that_no_gap_long_distance": 0.9620000123977661, "wh_vs_that_with_gap": 0.09600000083446503, "wh_vs_that_with_gap_long_distance": 0.05700000002980232}, "by_phenomenon": {"island_effects": 0.48787499591708183, "anaphor_agreement": 0.568000003695488, "s-selection": 0.6739999949932098, "argument_structure": 0.6261428679738726, "determiner_noun_agreement": 0.7347499951720238, "subject_verb_agreement": 0.48583334187666577, "ellipsis": 0.44050000607967377, "control_raising": 0.5912000060081481, "quantifiers": 0.5890000015497208, "irregular_forms": 0.7245000004768372, "npi_licensing": 0.396285711654595, "binding": 0.6335714289120266, "filler_gap_dependency": 0.6185714267194271}}, "paloma": 393.27146615284244}