{"blimp": {"by_uid": {"adjunct_island": 0.7260000109672546, "anaphor_gender_agreement": 0.5249999761581421, "anaphor_number_agreement": 0.7239999771118164, "animate_subject_passive": 0.703000009059906, "animate_subject_trans": 0.6880000233650208, "causative": 0.4950000047683716, "complex_NP_island": 0.4880000054836273, "coordinate_structure_constraint_complex_left_branch": 0.41600000858306885, "coordinate_structure_constraint_object_extraction": 0.6060000061988831, "determiner_noun_agreement_1": 0.8790000081062317, "determiner_noun_agreement_2": 0.8489999771118164, "determiner_noun_agreement_irregular_1": 0.7239999771118164, "determiner_noun_agreement_irregular_2": 0.8320000171661377, "determiner_noun_agreement_with_adj_2": 0.8059999942779541, "determiner_noun_agreement_with_adj_irregular_1": 0.671999990940094, "determiner_noun_agreement_with_adj_irregular_2": 0.7549999952316284, "determiner_noun_agreement_with_adjective_1": 0.8370000123977661, "distractor_agreement_relational_noun": 0.20900000631809235, "distractor_agreement_relative_clause": 0.23800000548362732, "drop_argument": 0.6949999928474426, "ellipsis_n_bar_1": 0.4880000054836273, "ellipsis_n_bar_2": 0.5799999833106995, "existential_there_object_raising": 0.7289999723434448, "existential_there_quantifiers_1": 0.8180000185966492, "existential_there_quantifiers_2": 0.3100000023841858, "existential_there_subject_raising": 0.5989999771118164, "expletive_it_object_raising": 0.6830000281333923, "inchoative": 0.37599998712539673, "intransitive": 0.5410000085830688, "irregular_past_participle_adjectives": 0.8040000200271606, "irregular_past_participle_verbs": 0.7020000219345093, "irregular_plural_subject_verb_agreement_1": 0.6869999766349792, "irregular_plural_subject_verb_agreement_2": 0.7580000162124634, "left_branch_island_echo_question": 0.45500001311302185, "left_branch_island_simple_question": 0.48500001430511475, "matrix_question_npi_licensor_present": 0.2029999941587448, "npi_present_1": 0.2460000067949295, "npi_present_2": 0.29899999499320984, "only_npi_licensor_present": 0.14900000393390656, "only_npi_scope": 0.46700000762939453, "passive_1": 0.8159999847412109, "passive_2": 0.8460000157356262, "principle_A_c_command": 0.5860000252723694, "principle_A_case_1": 0.9990000128746033, "principle_A_case_2": 0.675000011920929, "principle_A_domain_1": 0.9470000267028809, "principle_A_domain_2": 0.6140000224113464, "principle_A_domain_3": 0.4569999873638153, "principle_A_reconstruction": 0.44999998807907104, "regular_plural_subject_verb_agreement_1": 0.6790000200271606, "regular_plural_subject_verb_agreement_2": 0.6930000185966492, "sentential_negation_npi_licensor_present": 0.9829999804496765, "sentential_negation_npi_scope": 0.492000013589859, "sentential_subject_island": 0.4359999895095825, "superlative_quantifiers_1": 0.7730000019073486, "superlative_quantifiers_2": 0.7450000047683716, "tough_vs_raising_1": 0.3919999897480011, "tough_vs_raising_2": 0.6380000114440918, "transitive": 0.6890000104904175, "wh_island": 0.3240000009536743, "wh_questions_object_gap": 0.5799999833106995, "wh_questions_subject_gap": 0.8939999938011169, "wh_questions_subject_gap_long_distance": 0.9599999785423279, "wh_vs_that_no_gap": 0.9459999799728394, "wh_vs_that_no_gap_long_distance": 0.9549999833106995, "wh_vs_that_with_gap": 0.13699999451637268, "wh_vs_that_with_gap_long_distance": 0.06499999761581421}, "by_phenomenon": {"island_effects": 0.4920000061392784, "anaphor_agreement": 0.6244999766349792, "s-selection": 0.6955000162124634, "argument_structure": 0.6368571434702192, "determiner_noun_agreement": 0.7942499965429306, "subject_verb_agreement": 0.544000007212162, "ellipsis": 0.5339999943971634, "control_raising": 0.6081999957561492, "quantifiers": 0.6615000069141388, "irregular_forms": 0.753000020980835, "npi_licensing": 0.40557142879281727, "binding": 0.6754285820892879, "filler_gap_dependency": 0.6481428444385529}}, "paloma": 270.032720297305}