{"blimp": {"by_uid": {"adjunct_island": 0.7080000042915344, "anaphor_gender_agreement": 0.5049999952316284, "anaphor_number_agreement": 0.6930000185966492, "animate_subject_passive": 0.6869999766349792, "animate_subject_trans": 0.6880000233650208, "causative": 0.48500001430511475, "complex_NP_island": 0.49900001287460327, "coordinate_structure_constraint_complex_left_branch": 0.36800000071525574, "coordinate_structure_constraint_object_extraction": 0.5770000219345093, "determiner_noun_agreement_1": 0.8859999775886536, "determiner_noun_agreement_2": 0.8529999852180481, "determiner_noun_agreement_irregular_1": 0.7179999947547913, "determiner_noun_agreement_irregular_2": 0.8190000057220459, "determiner_noun_agreement_with_adj_2": 0.8029999732971191, "determiner_noun_agreement_with_adj_irregular_1": 0.6579999923706055, "determiner_noun_agreement_with_adj_irregular_2": 0.7699999809265137, "determiner_noun_agreement_with_adjective_1": 0.8240000009536743, "distractor_agreement_relational_noun": 0.22100000083446503, "distractor_agreement_relative_clause": 0.25099998712539673, "drop_argument": 0.6980000138282776, "ellipsis_n_bar_1": 0.4659999907016754, "ellipsis_n_bar_2": 0.5759999752044678, "existential_there_object_raising": 0.718999981880188, "existential_there_quantifiers_1": 0.7879999876022339, "existential_there_quantifiers_2": 0.3230000138282776, "existential_there_subject_raising": 0.578000009059906, "expletive_it_object_raising": 0.6880000233650208, "inchoative": 0.3700000047683716, "intransitive": 0.5519999861717224, "irregular_past_participle_adjectives": 0.8339999914169312, "irregular_past_participle_verbs": 0.7269999980926514, "irregular_plural_subject_verb_agreement_1": 0.6710000038146973, "irregular_plural_subject_verb_agreement_2": 0.699999988079071, "left_branch_island_echo_question": 0.45899999141693115, "left_branch_island_simple_question": 0.4959999918937683, "matrix_question_npi_licensor_present": 0.21799999475479126, "npi_present_1": 0.24500000476837158, "npi_present_2": 0.2809999883174896, "only_npi_licensor_present": 0.10300000011920929, "only_npi_scope": 0.40400001406669617, "passive_1": 0.8159999847412109, "passive_2": 0.8240000009536743, "principle_A_c_command": 0.6140000224113464, "principle_A_case_1": 1.0, "principle_A_case_2": 0.6589999794960022, "principle_A_domain_1": 0.9459999799728394, "principle_A_domain_2": 0.6110000014305115, "principle_A_domain_3": 0.4480000138282776, "principle_A_reconstruction": 0.4909999966621399, "regular_plural_subject_verb_agreement_1": 0.6489999890327454, "regular_plural_subject_verb_agreement_2": 0.6349999904632568, "sentential_negation_npi_licensor_present": 0.9739999771118164, "sentential_negation_npi_scope": 0.45899999141693115, "sentential_subject_island": 0.47999998927116394, "superlative_quantifiers_1": 0.628000020980835, "superlative_quantifiers_2": 0.5379999876022339, "tough_vs_raising_1": 0.36000001430511475, "tough_vs_raising_2": 0.6600000262260437, "transitive": 0.6830000281333923, "wh_island": 0.2849999964237213, "wh_questions_object_gap": 0.5730000138282776, "wh_questions_subject_gap": 0.8859999775886536, "wh_questions_subject_gap_long_distance": 0.9559999704360962, "wh_vs_that_no_gap": 0.9440000057220459, "wh_vs_that_no_gap_long_distance": 0.9580000042915344, "wh_vs_that_with_gap": 0.11599999666213989, "wh_vs_that_with_gap_long_distance": 0.05700000002980232}, "by_phenomenon": {"island_effects": 0.48400000110268593, "anaphor_agreement": 0.5990000069141388, "s-selection": 0.6875, "argument_structure": 0.6325714332716805, "determiner_noun_agreement": 0.7913749888539314, "subject_verb_agreement": 0.5211666598916054, "ellipsis": 0.5209999829530716, "control_raising": 0.6010000109672546, "quantifiers": 0.5692500025033951, "irregular_forms": 0.7804999947547913, "npi_licensing": 0.3834285672221865, "binding": 0.6812857134001595, "filler_gap_dependency": 0.6414285669369357}}, "paloma": 280.6046830951544}