{"blimp": {"by_uid": {"adjunct_island": 0.7269999980926514, "anaphor_gender_agreement": 0.4869999885559082, "anaphor_number_agreement": 0.7009999752044678, "animate_subject_passive": 0.6930000185966492, "animate_subject_trans": 0.6970000267028809, "causative": 0.49300000071525574, "complex_NP_island": 0.49399998784065247, "coordinate_structure_constraint_complex_left_branch": 0.41100001335144043, "coordinate_structure_constraint_object_extraction": 0.6000000238418579, "determiner_noun_agreement_1": 0.8820000290870667, "determiner_noun_agreement_2": 0.847000002861023, "determiner_noun_agreement_irregular_1": 0.722000002861023, "determiner_noun_agreement_irregular_2": 0.8230000138282776, "determiner_noun_agreement_with_adj_2": 0.8050000071525574, "determiner_noun_agreement_with_adj_irregular_1": 0.6660000085830688, "determiner_noun_agreement_with_adj_irregular_2": 0.7570000290870667, "determiner_noun_agreement_with_adjective_1": 0.843999981880188, "distractor_agreement_relational_noun": 0.21400000154972076, "distractor_agreement_relative_clause": 0.24199999868869781, "drop_argument": 0.6940000057220459, "ellipsis_n_bar_1": 0.47699999809265137, "ellipsis_n_bar_2": 0.5839999914169312, "existential_there_object_raising": 0.7260000109672546, "existential_there_quantifiers_1": 0.8040000200271606, "existential_there_quantifiers_2": 0.29899999499320984, "existential_there_subject_raising": 0.6029999852180481, "expletive_it_object_raising": 0.6819999814033508, "inchoative": 0.38100001215934753, "intransitive": 0.5419999957084656, "irregular_past_participle_adjectives": 0.8100000023841858, "irregular_past_participle_verbs": 0.7089999914169312, "irregular_plural_subject_verb_agreement_1": 0.6790000200271606, "irregular_plural_subject_verb_agreement_2": 0.7310000061988831, "left_branch_island_echo_question": 0.4659999907016754, "left_branch_island_simple_question": 0.48500001430511475, "matrix_question_npi_licensor_present": 0.2029999941587448, "npi_present_1": 0.2529999911785126, "npi_present_2": 0.3179999887943268, "only_npi_licensor_present": 0.12700000405311584, "only_npi_scope": 0.46299999952316284, "passive_1": 0.8240000009536743, "passive_2": 0.8450000286102295, "principle_A_c_command": 0.6079999804496765, "principle_A_case_1": 1.0, "principle_A_case_2": 0.6859999895095825, "principle_A_domain_1": 0.9490000009536743, "principle_A_domain_2": 0.6039999723434448, "principle_A_domain_3": 0.4580000042915344, "principle_A_reconstruction": 0.4659999907016754, "regular_plural_subject_verb_agreement_1": 0.6759999990463257, "regular_plural_subject_verb_agreement_2": 0.6909999847412109, "sentential_negation_npi_licensor_present": 0.9819999933242798, "sentential_negation_npi_scope": 0.492000013589859, "sentential_subject_island": 0.4440000057220459, "superlative_quantifiers_1": 0.7419999837875366, "superlative_quantifiers_2": 0.7329999804496765, "tough_vs_raising_1": 0.38199999928474426, "tough_vs_raising_2": 0.6439999938011169, "transitive": 0.6919999718666077, "wh_island": 0.3179999887943268, "wh_questions_object_gap": 0.5899999737739563, "wh_questions_subject_gap": 0.8849999904632568, "wh_questions_subject_gap_long_distance": 0.9580000042915344, "wh_vs_that_no_gap": 0.9459999799728394, "wh_vs_that_no_gap_long_distance": 0.9539999961853027, "wh_vs_that_with_gap": 0.13300000131130219, "wh_vs_that_with_gap_long_distance": 0.06499999761581421}, "by_phenomenon": {"island_effects": 0.4931250028312206, "anaphor_agreement": 0.593999981880188, "s-selection": 0.695000022649765, "argument_structure": 0.6387142879622323, "determiner_noun_agreement": 0.7932500094175339, "subject_verb_agreement": 0.5388333350419998, "ellipsis": 0.5304999947547913, "control_raising": 0.607399994134903, "quantifiers": 0.6444999948143959, "irregular_forms": 0.7594999969005585, "npi_licensing": 0.4054285692317145, "binding": 0.6815714197499412, "filler_gap_dependency": 0.6472857062305722}}, "paloma": 264.4125627358201}