{"blimp": {"by_uid": {"adjunct_island": 0.503000020980835, "anaphor_gender_agreement": 0.460999995470047, "anaphor_number_agreement": 0.49399998784065247, "animate_subject_passive": 0.5299999713897705, "animate_subject_trans": 0.5799999833106995, "causative": 0.4339999854564667, "complex_NP_island": 0.5400000214576721, "coordinate_structure_constraint_complex_left_branch": 0.550000011920929, "coordinate_structure_constraint_object_extraction": 0.6019999980926514, "determiner_noun_agreement_1": 0.49300000071525574, "determiner_noun_agreement_2": 0.5249999761581421, "determiner_noun_agreement_irregular_1": 0.5230000019073486, "determiner_noun_agreement_irregular_2": 0.4729999899864197, "determiner_noun_agreement_with_adj_2": 0.503000020980835, "determiner_noun_agreement_with_adj_irregular_1": 0.4830000102519989, "determiner_noun_agreement_with_adj_irregular_2": 0.492000013589859, "determiner_noun_agreement_with_adjective_1": 0.5049999952316284, "distractor_agreement_relational_noun": 0.492000013589859, "distractor_agreement_relative_clause": 0.4830000102519989, "drop_argument": 0.6940000057220459, "ellipsis_n_bar_1": 0.5270000100135803, "ellipsis_n_bar_2": 0.35499998927116394, "existential_there_object_raising": 0.593999981880188, "existential_there_quantifiers_1": 0.24799999594688416, "existential_there_quantifiers_2": 0.1459999978542328, "existential_there_subject_raising": 0.5109999775886536, "expletive_it_object_raising": 0.5839999914169312, "inchoative": 0.42800000309944153, "intransitive": 0.5860000252723694, "irregular_past_participle_adjectives": 0.5479999780654907, "irregular_past_participle_verbs": 0.4749999940395355, "irregular_plural_subject_verb_agreement_1": 0.4650000035762787, "irregular_plural_subject_verb_agreement_2": 0.5339999794960022, "left_branch_island_echo_question": 0.4390000104904175, "left_branch_island_simple_question": 0.5099999904632568, "matrix_question_npi_licensor_present": 0.6320000290870667, "npi_present_1": 0.5130000114440918, "npi_present_2": 0.4560000002384186, "only_npi_licensor_present": 0.1550000011920929, "only_npi_scope": 0.3930000066757202, "passive_1": 0.5600000023841858, "passive_2": 0.6209999918937683, "principle_A_c_command": 0.5590000152587891, "principle_A_case_1": 0.6269999742507935, "principle_A_case_2": 0.4690000116825104, "principle_A_domain_1": 0.3880000114440918, "principle_A_domain_2": 0.503000020980835, "principle_A_domain_3": 0.4749999940395355, "principle_A_reconstruction": 0.5049999952316284, "regular_plural_subject_verb_agreement_1": 0.5419999957084656, "regular_plural_subject_verb_agreement_2": 0.4790000021457672, "sentential_negation_npi_licensor_present": 0.746999979019165, "sentential_negation_npi_scope": 0.5669999718666077, "sentential_subject_island": 0.49300000071525574, "superlative_quantifiers_1": 0.3499999940395355, "superlative_quantifiers_2": 0.3449999988079071, "tough_vs_raising_1": 0.3970000147819519, "tough_vs_raising_2": 0.6489999890327454, "transitive": 0.5120000243186951, "wh_island": 0.35199999809265137, "wh_questions_object_gap": 0.4779999852180481, "wh_questions_subject_gap": 0.46399998664855957, "wh_questions_subject_gap_long_distance": 0.39399999380111694, "wh_vs_that_no_gap": 0.42800000309944153, "wh_vs_that_no_gap_long_distance": 0.4569999873638153, "wh_vs_that_with_gap": 0.5189999938011169, "wh_vs_that_with_gap_long_distance": 0.5740000009536743}, "by_phenomenon": {"island_effects": 0.4986250065267086, "anaphor_agreement": 0.47749999165534973, "s-selection": 0.554999977350235, "argument_structure": 0.5478571483067104, "determiner_noun_agreement": 0.49962500110268593, "subject_verb_agreement": 0.49916666746139526, "ellipsis": 0.44099999964237213, "control_raising": 0.546999990940094, "quantifiers": 0.2722499966621399, "irregular_forms": 0.5114999860525131, "npi_licensing": 0.4947142856461661, "binding": 0.5037142889840263, "filler_gap_dependency": 0.4734285644122532}}, "paloma": 44223.524196973}