{"blimp": {"by_uid": {"adjunct_island": 0.7350000143051147, "anaphor_gender_agreement": 0.5120000243186951, "anaphor_number_agreement": 0.7350000143051147, "animate_subject_passive": 0.7089999914169312, "animate_subject_trans": 0.6700000166893005, "causative": 0.4959999918937683, "complex_NP_island": 0.48399999737739563, "coordinate_structure_constraint_complex_left_branch": 0.42899999022483826, "coordinate_structure_constraint_object_extraction": 0.6240000128746033, "determiner_noun_agreement_1": 0.8820000290870667, "determiner_noun_agreement_2": 0.8539999723434448, "determiner_noun_agreement_irregular_1": 0.7229999899864197, "determiner_noun_agreement_irregular_2": 0.8429999947547913, "determiner_noun_agreement_with_adj_2": 0.8119999766349792, "determiner_noun_agreement_with_adj_irregular_1": 0.6800000071525574, "determiner_noun_agreement_with_adj_irregular_2": 0.7549999952316284, "determiner_noun_agreement_with_adjective_1": 0.8489999771118164, "distractor_agreement_relational_noun": 0.21899999678134918, "distractor_agreement_relative_clause": 0.2290000021457672, "drop_argument": 0.6909999847412109, "ellipsis_n_bar_1": 0.48899999260902405, "ellipsis_n_bar_2": 0.5849999785423279, "existential_there_object_raising": 0.7239999771118164, "existential_there_quantifiers_1": 0.7870000004768372, "existential_there_quantifiers_2": 0.3319999873638153, "existential_there_subject_raising": 0.6200000047683716, "expletive_it_object_raising": 0.6930000185966492, "inchoative": 0.3840000033378601, "intransitive": 0.5450000166893005, "irregular_past_participle_adjectives": 0.7630000114440918, "irregular_past_participle_verbs": 0.699999988079071, "irregular_plural_subject_verb_agreement_1": 0.6830000281333923, "irregular_plural_subject_verb_agreement_2": 0.7689999938011169, "left_branch_island_echo_question": 0.5070000290870667, "left_branch_island_simple_question": 0.5019999742507935, "matrix_question_npi_licensor_present": 0.1979999989271164, "npi_present_1": 0.2540000081062317, "npi_present_2": 0.3109999895095825, "only_npi_licensor_present": 0.18000000715255737, "only_npi_scope": 0.515999972820282, "passive_1": 0.8140000104904175, "passive_2": 0.847000002861023, "principle_A_c_command": 0.597000002861023, "principle_A_case_1": 0.9990000128746033, "principle_A_case_2": 0.6639999747276306, "principle_A_domain_1": 0.9449999928474426, "principle_A_domain_2": 0.6079999804496765, "principle_A_domain_3": 0.46000000834465027, "principle_A_reconstruction": 0.4659999907016754, "regular_plural_subject_verb_agreement_1": 0.6830000281333923, "regular_plural_subject_verb_agreement_2": 0.7269999980926514, "sentential_negation_npi_licensor_present": 0.9860000014305115, "sentential_negation_npi_scope": 0.49399998784065247, "sentential_subject_island": 0.4320000112056732, "superlative_quantifiers_1": 0.8050000071525574, "superlative_quantifiers_2": 0.8100000023841858, "tough_vs_raising_1": 0.3919999897480011, "tough_vs_raising_2": 0.6370000243186951, "transitive": 0.7039999961853027, "wh_island": 0.3720000088214874, "wh_questions_object_gap": 0.597000002861023, "wh_questions_subject_gap": 0.8960000276565552, "wh_questions_subject_gap_long_distance": 0.9559999704360962, "wh_vs_that_no_gap": 0.9520000219345093, "wh_vs_that_no_gap_long_distance": 0.9620000123977661, "wh_vs_that_with_gap": 0.12999999523162842, "wh_vs_that_with_gap_long_distance": 0.07500000298023224}, "by_phenomenon": {"island_effects": 0.5106250047683716, "anaphor_agreement": 0.6235000193119049, "s-selection": 0.6895000040531158, "argument_structure": 0.6401428580284119, "determiner_noun_agreement": 0.799749992787838, "subject_verb_agreement": 0.5516666745146116, "ellipsis": 0.536999985575676, "control_raising": 0.6132000029087067, "quantifiers": 0.6834999993443489, "irregular_forms": 0.7314999997615814, "npi_licensing": 0.419857137969562, "binding": 0.6769999946866717, "filler_gap_dependency": 0.6525714333568301}}, "paloma": 245.51749176131725}