{"blimp": {"by_uid": {"adjunct_island": 0.7289999723434448, "anaphor_gender_agreement": 0.45899999141693115, "anaphor_number_agreement": 0.6610000133514404, "animate_subject_passive": 0.6840000152587891, "animate_subject_trans": 0.6639999747276306, "causative": 0.4690000116825104, "complex_NP_island": 0.5139999985694885, "coordinate_structure_constraint_complex_left_branch": 0.3540000021457672, "coordinate_structure_constraint_object_extraction": 0.46399998664855957, "determiner_noun_agreement_1": 0.8169999718666077, "determiner_noun_agreement_2": 0.7979999780654907, "determiner_noun_agreement_irregular_1": 0.718999981880188, "determiner_noun_agreement_irregular_2": 0.7990000247955322, "determiner_noun_agreement_with_adj_2": 0.7379999756813049, "determiner_noun_agreement_with_adj_irregular_1": 0.6129999756813049, "determiner_noun_agreement_with_adj_irregular_2": 0.7229999899864197, "determiner_noun_agreement_with_adjective_1": 0.7519999742507935, "distractor_agreement_relational_noun": 0.24199999868869781, "distractor_agreement_relative_clause": 0.24199999868869781, "drop_argument": 0.6990000009536743, "ellipsis_n_bar_1": 0.3840000033378601, "ellipsis_n_bar_2": 0.4880000054836273, "existential_there_object_raising": 0.718999981880188, "existential_there_quantifiers_1": 0.722000002861023, "existential_there_quantifiers_2": 0.36399999260902405, "existential_there_subject_raising": 0.5009999871253967, "expletive_it_object_raising": 0.6880000233650208, "inchoative": 0.3619999885559082, "intransitive": 0.5830000042915344, "irregular_past_participle_adjectives": 0.7239999771118164, "irregular_past_participle_verbs": 0.7289999723434448, "irregular_plural_subject_verb_agreement_1": 0.6209999918937683, "irregular_plural_subject_verb_agreement_2": 0.6489999890327454, "left_branch_island_echo_question": 0.5509999990463257, "left_branch_island_simple_question": 0.4819999933242798, "matrix_question_npi_licensor_present": 0.210999995470047, "npi_present_1": 0.20900000631809235, "npi_present_2": 0.30000001192092896, "only_npi_licensor_present": 0.10300000011920929, "only_npi_scope": 0.47999998927116394, "passive_1": 0.8140000104904175, "passive_2": 0.8050000071525574, "principle_A_c_command": 0.6069999933242798, "principle_A_case_1": 1.0, "principle_A_case_2": 0.578000009059906, "principle_A_domain_1": 0.9190000295639038, "principle_A_domain_2": 0.5899999737739563, "principle_A_domain_3": 0.421999990940094, "principle_A_reconstruction": 0.33399999141693115, "regular_plural_subject_verb_agreement_1": 0.6060000061988831, "regular_plural_subject_verb_agreement_2": 0.5490000247955322, "sentential_negation_npi_licensor_present": 0.9700000286102295, "sentential_negation_npi_scope": 0.4650000035762787, "sentential_subject_island": 0.44200000166893005, "superlative_quantifiers_1": 0.6010000109672546, "superlative_quantifiers_2": 0.6679999828338623, "tough_vs_raising_1": 0.4410000145435333, "tough_vs_raising_2": 0.6039999723434448, "transitive": 0.656000018119812, "wh_island": 0.3490000069141388, "wh_questions_object_gap": 0.5070000290870667, "wh_questions_subject_gap": 0.8330000042915344, "wh_questions_subject_gap_long_distance": 0.9390000104904175, "wh_vs_that_no_gap": 0.9390000104904175, "wh_vs_that_no_gap_long_distance": 0.9639999866485596, "wh_vs_that_with_gap": 0.0949999988079071, "wh_vs_that_with_gap_long_distance": 0.050999999046325684}, "by_phenomenon": {"island_effects": 0.4856249950826168, "anaphor_agreement": 0.5600000023841858, "s-selection": 0.6739999949932098, "argument_structure": 0.6268571487494877, "determiner_noun_agreement": 0.7448749840259552, "subject_verb_agreement": 0.4848333348830541, "ellipsis": 0.4360000044107437, "control_raising": 0.5905999958515167, "quantifiers": 0.588749997317791, "irregular_forms": 0.7264999747276306, "npi_licensing": 0.3911428621837071, "binding": 0.6357142840112958, "filler_gap_dependency": 0.6182857198374612}}, "paloma": 395.85101318359375}