{"blimp": {"by_uid": {"adjunct_island": 0.7319999933242798, "anaphor_gender_agreement": 0.46000000834465027, "anaphor_number_agreement": 0.6520000100135803, "animate_subject_passive": 0.6949999928474426, "animate_subject_trans": 0.6940000057220459, "causative": 0.4749999940395355, "complex_NP_island": 0.5, "coordinate_structure_constraint_complex_left_branch": 0.33000001311302185, "coordinate_structure_constraint_object_extraction": 0.453000009059906, "determiner_noun_agreement_1": 0.8450000286102295, "determiner_noun_agreement_2": 0.8230000138282776, "determiner_noun_agreement_irregular_1": 0.7269999980926514, "determiner_noun_agreement_irregular_2": 0.8309999704360962, "determiner_noun_agreement_with_adj_2": 0.777999997138977, "determiner_noun_agreement_with_adj_irregular_1": 0.6140000224113464, "determiner_noun_agreement_with_adj_irregular_2": 0.7620000243186951, "determiner_noun_agreement_with_adjective_1": 0.7879999876022339, "distractor_agreement_relational_noun": 0.2150000035762787, "distractor_agreement_relative_clause": 0.24899999797344208, "drop_argument": 0.6990000009536743, "ellipsis_n_bar_1": 0.4339999854564667, "ellipsis_n_bar_2": 0.5299999713897705, "existential_there_object_raising": 0.7229999899864197, "existential_there_quantifiers_1": 0.7289999723434448, "existential_there_quantifiers_2": 0.3499999940395355, "existential_there_subject_raising": 0.5360000133514404, "expletive_it_object_raising": 0.6809999942779541, "inchoative": 0.3700000047683716, "intransitive": 0.5590000152587891, "irregular_past_participle_adjectives": 0.8220000267028809, "irregular_past_participle_verbs": 0.7400000095367432, "irregular_plural_subject_verb_agreement_1": 0.640999972820282, "irregular_plural_subject_verb_agreement_2": 0.6779999732971191, "left_branch_island_echo_question": 0.4950000047683716, "left_branch_island_simple_question": 0.48100000619888306, "matrix_question_npi_licensor_present": 0.22699999809265137, "npi_present_1": 0.20200000703334808, "npi_present_2": 0.2669999897480011, "only_npi_licensor_present": 0.07100000232458115, "only_npi_scope": 0.4189999997615814, "passive_1": 0.8230000138282776, "passive_2": 0.8180000185966492, "principle_A_c_command": 0.6190000176429749, "principle_A_case_1": 1.0, "principle_A_case_2": 0.6549999713897705, "principle_A_domain_1": 0.9520000219345093, "principle_A_domain_2": 0.6000000238418579, "principle_A_domain_3": 0.4259999990463257, "principle_A_reconstruction": 0.3659999966621399, "regular_plural_subject_verb_agreement_1": 0.6190000176429749, "regular_plural_subject_verb_agreement_2": 0.574999988079071, "sentential_negation_npi_licensor_present": 0.9789999723434448, "sentential_negation_npi_scope": 0.4860000014305115, "sentential_subject_island": 0.46399998664855957, "superlative_quantifiers_1": 0.625, "superlative_quantifiers_2": 0.5920000076293945, "tough_vs_raising_1": 0.4009999930858612, "tough_vs_raising_2": 0.6330000162124634, "transitive": 0.6819999814033508, "wh_island": 0.20200000703334808, "wh_questions_object_gap": 0.5609999895095825, "wh_questions_subject_gap": 0.8790000081062317, "wh_questions_subject_gap_long_distance": 0.9520000219345093, "wh_vs_that_no_gap": 0.9449999928474426, "wh_vs_that_no_gap_long_distance": 0.9589999914169312, "wh_vs_that_with_gap": 0.10100000351667404, "wh_vs_that_with_gap_long_distance": 0.05700000002980232}, "by_phenomenon": {"island_effects": 0.45712500251829624, "anaphor_agreement": 0.5560000091791153, "s-selection": 0.6944999992847443, "argument_structure": 0.6322857184069497, "determiner_noun_agreement": 0.7710000053048134, "subject_verb_agreement": 0.4961666588981946, "ellipsis": 0.4819999784231186, "control_raising": 0.5948000013828277, "quantifiers": 0.5739999935030937, "irregular_forms": 0.781000018119812, "npi_licensing": 0.3787142815334456, "binding": 0.6597142900739398, "filler_gap_dependency": 0.6362857153373105}}, "paloma": 329.8455488995808}