{"blimp": {"by_uid": {"adjunct_island": 0.5059999823570251, "anaphor_gender_agreement": 0.4560000002384186, "anaphor_number_agreement": 0.4950000047683716, "animate_subject_passive": 0.5220000147819519, "animate_subject_trans": 0.5789999961853027, "causative": 0.4320000112056732, "complex_NP_island": 0.5299999713897705, "coordinate_structure_constraint_complex_left_branch": 0.5680000185966492, "coordinate_structure_constraint_object_extraction": 0.5649999976158142, "determiner_noun_agreement_1": 0.49399998784065247, "determiner_noun_agreement_2": 0.5180000066757202, "determiner_noun_agreement_irregular_1": 0.503000020980835, "determiner_noun_agreement_irregular_2": 0.4740000069141388, "determiner_noun_agreement_with_adj_2": 0.5139999985694885, "determiner_noun_agreement_with_adj_irregular_1": 0.4749999940395355, "determiner_noun_agreement_with_adj_irregular_2": 0.48399999737739563, "determiner_noun_agreement_with_adjective_1": 0.5130000114440918, "distractor_agreement_relational_noun": 0.492000013589859, "distractor_agreement_relative_clause": 0.4869999885559082, "drop_argument": 0.6930000185966492, "ellipsis_n_bar_1": 0.5619999766349792, "ellipsis_n_bar_2": 0.33899998664855957, "existential_there_object_raising": 0.5960000157356262, "existential_there_quantifiers_1": 0.22100000083446503, "existential_there_quantifiers_2": 0.32600000500679016, "existential_there_subject_raising": 0.4860000014305115, "expletive_it_object_raising": 0.574999988079071, "inchoative": 0.4230000078678131, "intransitive": 0.5870000123977661, "irregular_past_participle_adjectives": 0.5590000152587891, "irregular_past_participle_verbs": 0.4830000102519989, "irregular_plural_subject_verb_agreement_1": 0.47200000286102295, "irregular_plural_subject_verb_agreement_2": 0.5490000247955322, "left_branch_island_echo_question": 0.41499999165534973, "left_branch_island_simple_question": 0.5090000033378601, "matrix_question_npi_licensor_present": 0.6190000176429749, "npi_present_1": 0.49000000953674316, "npi_present_2": 0.43799999356269836, "only_npi_licensor_present": 0.3799999952316284, "only_npi_scope": 0.5799999833106995, "passive_1": 0.5690000057220459, "passive_2": 0.621999979019165, "principle_A_c_command": 0.5070000290870667, "principle_A_case_1": 0.5199999809265137, "principle_A_case_2": 0.460999995470047, "principle_A_domain_1": 0.37299999594688416, "principle_A_domain_2": 0.5139999985694885, "principle_A_domain_3": 0.4560000002384186, "principle_A_reconstruction": 0.5, "regular_plural_subject_verb_agreement_1": 0.5389999747276306, "regular_plural_subject_verb_agreement_2": 0.4749999940395355, "sentential_negation_npi_licensor_present": 0.8370000123977661, "sentential_negation_npi_scope": 0.5450000166893005, "sentential_subject_island": 0.4880000054836273, "superlative_quantifiers_1": 0.3919999897480011, "superlative_quantifiers_2": 0.49300000071525574, "tough_vs_raising_1": 0.41999998688697815, "tough_vs_raising_2": 0.6039999723434448, "transitive": 0.515999972820282, "wh_island": 0.35499998927116394, "wh_questions_object_gap": 0.45100000500679016, "wh_questions_subject_gap": 0.4050000011920929, "wh_questions_subject_gap_long_distance": 0.3610000014305115, "wh_vs_that_no_gap": 0.3449999988079071, "wh_vs_that_no_gap_long_distance": 0.335999995470047, "wh_vs_that_with_gap": 0.6240000128746033, "wh_vs_that_with_gap_long_distance": 0.699999988079071}, "by_phenomenon": {"island_effects": 0.4919999949634075, "anaphor_agreement": 0.4755000025033951, "s-selection": 0.5505000054836273, "argument_structure": 0.5488571439470563, "determiner_noun_agreement": 0.49687500298023224, "subject_verb_agreement": 0.5023333330949148, "ellipsis": 0.4504999816417694, "control_raising": 0.5361999928951263, "quantifiers": 0.357999999076128, "irregular_forms": 0.521000012755394, "npi_licensing": 0.5555714326245444, "binding": 0.4758571428912027, "filler_gap_dependency": 0.46028571469443186}}, "paloma": 55610.723510997384}