{"blimp": {"by_uid": {"adjunct_island": 0.4659999907016754, "anaphor_gender_agreement": 0.3659999966621399, "anaphor_number_agreement": 0.4959999918937683, "animate_subject_passive": 0.6290000081062317, "animate_subject_trans": 0.5460000038146973, "causative": 0.44999998807907104, "complex_NP_island": 0.5350000262260437, "coordinate_structure_constraint_complex_left_branch": 0.5580000281333923, "coordinate_structure_constraint_object_extraction": 0.5659999847412109, "determiner_noun_agreement_1": 0.5199999809265137, "determiner_noun_agreement_2": 0.492000013589859, "determiner_noun_agreement_irregular_1": 0.5130000114440918, "determiner_noun_agreement_irregular_2": 0.5139999985694885, "determiner_noun_agreement_with_adj_2": 0.48100000619888306, "determiner_noun_agreement_with_adj_irregular_1": 0.46700000762939453, "determiner_noun_agreement_with_adj_irregular_2": 0.5080000162124634, "determiner_noun_agreement_with_adjective_1": 0.515999972820282, "distractor_agreement_relational_noun": 0.4659999907016754, "distractor_agreement_relative_clause": 0.46700000762939453, "drop_argument": 0.6990000009536743, "ellipsis_n_bar_1": 0.3919999897480011, "ellipsis_n_bar_2": 0.34299999475479126, "existential_there_object_raising": 0.6639999747276306, "existential_there_quantifiers_1": 0.3880000114440918, "existential_there_quantifiers_2": 0.004000000189989805, "existential_there_subject_raising": 0.5609999895095825, "expletive_it_object_raising": 0.5879999995231628, "inchoative": 0.4009999930858612, "intransitive": 0.5559999942779541, "irregular_past_participle_adjectives": 0.6259999871253967, "irregular_past_participle_verbs": 0.3889999985694885, "irregular_plural_subject_verb_agreement_1": 0.45100000500679016, "irregular_plural_subject_verb_agreement_2": 0.5009999871253967, "left_branch_island_echo_question": 0.45899999141693115, "left_branch_island_simple_question": 0.5410000085830688, "matrix_question_npi_licensor_present": 0.5910000205039978, "npi_present_1": 0.527999997138977, "npi_present_2": 0.4779999852180481, "only_npi_licensor_present": 0.0, "only_npi_scope": 0.2549999952316284, "passive_1": 0.5860000252723694, "passive_2": 0.6190000176429749, "principle_A_c_command": 0.6489999890327454, "principle_A_case_1": 0.9459999799728394, "principle_A_case_2": 0.4819999933242798, "principle_A_domain_1": 0.671999990940094, "principle_A_domain_2": 0.5329999923706055, "principle_A_domain_3": 0.4659999907016754, "principle_A_reconstruction": 0.5270000100135803, "regular_plural_subject_verb_agreement_1": 0.5450000166893005, "regular_plural_subject_verb_agreement_2": 0.46700000762939453, "sentential_negation_npi_licensor_present": 0.4740000069141388, "sentential_negation_npi_scope": 0.6639999747276306, "sentential_subject_island": 0.5180000066757202, "superlative_quantifiers_1": 0.11699999868869781, "superlative_quantifiers_2": 0.1860000044107437, "tough_vs_raising_1": 0.36500000953674316, "tough_vs_raising_2": 0.6650000214576721, "transitive": 0.5299999713897705, "wh_island": 0.2759999930858612, "wh_questions_object_gap": 0.5329999923706055, "wh_questions_subject_gap": 0.6060000061988831, "wh_questions_subject_gap_long_distance": 0.47600001096725464, "wh_vs_that_no_gap": 0.7409999966621399, "wh_vs_that_no_gap_long_distance": 0.7620000243186951, "wh_vs_that_with_gap": 0.25200000405311584, "wh_vs_that_with_gap_long_distance": 0.28700000047683716}, "by_phenomenon": {"island_effects": 0.489875003695488, "anaphor_agreement": 0.4309999942779541, "s-selection": 0.5875000059604645, "argument_structure": 0.5487142843859536, "determiner_noun_agreement": 0.501375000923872, "subject_verb_agreement": 0.482833335796992, "ellipsis": 0.3674999922513962, "control_raising": 0.5685999989509583, "quantifiers": 0.17375000368338078, "irregular_forms": 0.5074999928474426, "npi_licensing": 0.4271428542477744, "binding": 0.6107142780508313, "filler_gap_dependency": 0.5224285764353616}}, "paloma": 7465.867804061411}