{"blimp": {"by_uid": {"adjunct_island": 0.7179999947547913, "anaphor_gender_agreement": 0.42399999499320984, "anaphor_number_agreement": 0.6370000243186951, "animate_subject_passive": 0.6850000023841858, "animate_subject_trans": 0.6600000262260437, "causative": 0.47699999809265137, "complex_NP_island": 0.5049999952316284, "coordinate_structure_constraint_complex_left_branch": 0.3199999928474426, "coordinate_structure_constraint_object_extraction": 0.47099998593330383, "determiner_noun_agreement_1": 0.8149999976158142, "determiner_noun_agreement_2": 0.7990000247955322, "determiner_noun_agreement_irregular_1": 0.7149999737739563, "determiner_noun_agreement_irregular_2": 0.8009999990463257, "determiner_noun_agreement_with_adj_2": 0.7540000081062317, "determiner_noun_agreement_with_adj_irregular_1": 0.6069999933242798, "determiner_noun_agreement_with_adj_irregular_2": 0.7509999871253967, "determiner_noun_agreement_with_adjective_1": 0.7670000195503235, "distractor_agreement_relational_noun": 0.24400000274181366, "distractor_agreement_relative_clause": 0.25600001215934753, "drop_argument": 0.7139999866485596, "ellipsis_n_bar_1": 0.42899999022483826, "ellipsis_n_bar_2": 0.5070000290870667, "existential_there_object_raising": 0.7279999852180481, "existential_there_quantifiers_1": 0.7009999752044678, "existential_there_quantifiers_2": 0.38999998569488525, "existential_there_subject_raising": 0.49000000953674316, "expletive_it_object_raising": 0.6959999799728394, "inchoative": 0.3619999885559082, "intransitive": 0.5849999785423279, "irregular_past_participle_adjectives": 0.75, "irregular_past_participle_verbs": 0.7179999947547913, "irregular_plural_subject_verb_agreement_1": 0.6119999885559082, "irregular_plural_subject_verb_agreement_2": 0.6769999861717224, "left_branch_island_echo_question": 0.49399998784065247, "left_branch_island_simple_question": 0.4410000145435333, "matrix_question_npi_licensor_present": 0.22200000286102295, "npi_present_1": 0.22200000286102295, "npi_present_2": 0.30300000309944153, "only_npi_licensor_present": 0.10599999874830246, "only_npi_scope": 0.45899999141693115, "passive_1": 0.8220000267028809, "passive_2": 0.8029999732971191, "principle_A_c_command": 0.6359999775886536, "principle_A_case_1": 1.0, "principle_A_case_2": 0.6129999756813049, "principle_A_domain_1": 0.9309999942779541, "principle_A_domain_2": 0.6079999804496765, "principle_A_domain_3": 0.4320000112056732, "principle_A_reconstruction": 0.3490000069141388, "regular_plural_subject_verb_agreement_1": 0.6150000095367432, "regular_plural_subject_verb_agreement_2": 0.5590000152587891, "sentential_negation_npi_licensor_present": 0.9660000205039978, "sentential_negation_npi_scope": 0.4699999988079071, "sentential_subject_island": 0.4269999861717224, "superlative_quantifiers_1": 0.6230000257492065, "superlative_quantifiers_2": 0.6190000176429749, "tough_vs_raising_1": 0.44999998807907104, "tough_vs_raising_2": 0.5979999899864197, "transitive": 0.6690000295639038, "wh_island": 0.3050000071525574, "wh_questions_object_gap": 0.5170000195503235, "wh_questions_subject_gap": 0.8489999771118164, "wh_questions_subject_gap_long_distance": 0.949999988079071, "wh_vs_that_no_gap": 0.9430000185966492, "wh_vs_that_no_gap_long_distance": 0.968999981880188, "wh_vs_that_with_gap": 0.08699999749660492, "wh_vs_that_with_gap_long_distance": 0.039000000804662704}, "by_phenomenon": {"island_effects": 0.46012499555945396, "anaphor_agreement": 0.5305000096559525, "s-selection": 0.6725000143051147, "argument_structure": 0.633142854486193, "determiner_noun_agreement": 0.7511250004172325, "subject_verb_agreement": 0.49383333573738736, "ellipsis": 0.46800000965595245, "control_raising": 0.5923999905586242, "quantifiers": 0.5832500010728836, "irregular_forms": 0.7339999973773956, "npi_licensing": 0.392571431185518, "binding": 0.6527142780167716, "filler_gap_dependency": 0.6219999976456165}}, "paloma": 442.5654671678975}