{"blimp": {"by_uid": {"adjunct_island": 0.7089999914169312, "anaphor_gender_agreement": 0.48399999737739563, "anaphor_number_agreement": 0.7419999837875366, "animate_subject_passive": 0.6880000233650208, "animate_subject_trans": 0.6669999957084656, "causative": 0.492000013589859, "complex_NP_island": 0.4880000054836273, "coordinate_structure_constraint_complex_left_branch": 0.5070000290870667, "coordinate_structure_constraint_object_extraction": 0.6060000061988831, "determiner_noun_agreement_1": 0.8859999775886536, "determiner_noun_agreement_2": 0.878000020980835, "determiner_noun_agreement_irregular_1": 0.7300000190734863, "determiner_noun_agreement_irregular_2": 0.859000027179718, "determiner_noun_agreement_with_adj_2": 0.8100000023841858, "determiner_noun_agreement_with_adj_irregular_1": 0.6990000009536743, "determiner_noun_agreement_with_adj_irregular_2": 0.7450000047683716, "determiner_noun_agreement_with_adjective_1": 0.8330000042915344, "distractor_agreement_relational_noun": 0.24300000071525574, "distractor_agreement_relative_clause": 0.23100000619888306, "drop_argument": 0.6899999976158142, "ellipsis_n_bar_1": 0.5289999842643738, "ellipsis_n_bar_2": 0.6010000109672546, "existential_there_object_raising": 0.7490000128746033, "existential_there_quantifiers_1": 0.8019999861717224, "existential_there_quantifiers_2": 0.3449999988079071, "existential_there_subject_raising": 0.6650000214576721, "expletive_it_object_raising": 0.6990000009536743, "inchoative": 0.39500001072883606, "intransitive": 0.5440000295639038, "irregular_past_participle_adjectives": 0.8489999771118164, "irregular_past_participle_verbs": 0.746999979019165, "irregular_plural_subject_verb_agreement_1": 0.6869999766349792, "irregular_plural_subject_verb_agreement_2": 0.7929999828338623, "left_branch_island_echo_question": 0.5249999761581421, "left_branch_island_simple_question": 0.5220000147819519, "matrix_question_npi_licensor_present": 0.22699999809265137, "npi_present_1": 0.25600001215934753, "npi_present_2": 0.31299999356269836, "only_npi_licensor_present": 0.06499999761581421, "only_npi_scope": 0.6000000238418579, "passive_1": 0.8240000009536743, "passive_2": 0.8420000076293945, "principle_A_c_command": 0.5889999866485596, "principle_A_case_1": 1.0, "principle_A_case_2": 0.6899999976158142, "principle_A_domain_1": 0.9589999914169312, "principle_A_domain_2": 0.6449999809265137, "principle_A_domain_3": 0.4580000042915344, "principle_A_reconstruction": 0.4659999907016754, "regular_plural_subject_verb_agreement_1": 0.7009999752044678, "regular_plural_subject_verb_agreement_2": 0.7480000257492065, "sentential_negation_npi_licensor_present": 0.9929999709129333, "sentential_negation_npi_scope": 0.44999998807907104, "sentential_subject_island": 0.4449999928474426, "superlative_quantifiers_1": 0.5410000085830688, "superlative_quantifiers_2": 0.718999981880188, "tough_vs_raising_1": 0.41499999165534973, "tough_vs_raising_2": 0.6539999842643738, "transitive": 0.6990000009536743, "wh_island": 0.4050000011920929, "wh_questions_object_gap": 0.6159999966621399, "wh_questions_subject_gap": 0.9079999923706055, "wh_questions_subject_gap_long_distance": 0.9559999704360962, "wh_vs_that_no_gap": 0.949999988079071, "wh_vs_that_no_gap_long_distance": 0.9599999785423279, "wh_vs_that_with_gap": 0.11999999731779099, "wh_vs_that_with_gap_long_distance": 0.07000000029802322}, "by_phenomenon": {"island_effects": 0.5258750021457672, "anaphor_agreement": 0.6129999905824661, "s-selection": 0.6775000095367432, "argument_structure": 0.6408571515764508, "determiner_noun_agreement": 0.8050000071525574, "subject_verb_agreement": 0.5671666612227758, "ellipsis": 0.5649999976158142, "control_raising": 0.6364000022411347, "quantifiers": 0.6017499938607216, "irregular_forms": 0.7979999780654907, "npi_licensing": 0.41485714060919626, "binding": 0.6867142788001469, "filler_gap_dependency": 0.6542857033865792}}, "paloma": 219.62817024071458}