{"blimp": {"by_uid": {"adjunct_island": 0.7269999980926514, "anaphor_gender_agreement": 0.5120000243186951, "anaphor_number_agreement": 0.7110000252723694, "animate_subject_passive": 0.7059999704360962, "animate_subject_trans": 0.6919999718666077, "causative": 0.49799999594688416, "complex_NP_island": 0.4880000054836273, "coordinate_structure_constraint_complex_left_branch": 0.4000000059604645, "coordinate_structure_constraint_object_extraction": 0.6039999723434448, "determiner_noun_agreement_1": 0.8809999823570251, "determiner_noun_agreement_2": 0.8479999899864197, "determiner_noun_agreement_irregular_1": 0.7250000238418579, "determiner_noun_agreement_irregular_2": 0.8230000138282776, "determiner_noun_agreement_with_adj_2": 0.8009999990463257, "determiner_noun_agreement_with_adj_irregular_1": 0.6639999747276306, "determiner_noun_agreement_with_adj_irregular_2": 0.7549999952316284, "determiner_noun_agreement_with_adjective_1": 0.8410000205039978, "distractor_agreement_relational_noun": 0.21199999749660492, "distractor_agreement_relative_clause": 0.24699999392032623, "drop_argument": 0.6909999847412109, "ellipsis_n_bar_1": 0.46700000762939453, "ellipsis_n_bar_2": 0.5799999833106995, "existential_there_object_raising": 0.7279999852180481, "existential_there_quantifiers_1": 0.8220000267028809, "existential_there_quantifiers_2": 0.3140000104904175, "existential_there_subject_raising": 0.5860000252723694, "expletive_it_object_raising": 0.6880000233650208, "inchoative": 0.36800000071525574, "intransitive": 0.5350000262260437, "irregular_past_participle_adjectives": 0.8190000057220459, "irregular_past_participle_verbs": 0.7210000157356262, "irregular_plural_subject_verb_agreement_1": 0.6660000085830688, "irregular_plural_subject_verb_agreement_2": 0.7390000224113464, "left_branch_island_echo_question": 0.44699999690055847, "left_branch_island_simple_question": 0.4729999899864197, "matrix_question_npi_licensor_present": 0.1979999989271164, "npi_present_1": 0.257999986410141, "npi_present_2": 0.3199999928474426, "only_npi_licensor_present": 0.1120000034570694, "only_npi_scope": 0.46799999475479126, "passive_1": 0.828000009059906, "passive_2": 0.8450000286102295, "principle_A_c_command": 0.6039999723434448, "principle_A_case_1": 1.0, "principle_A_case_2": 0.6819999814033508, "principle_A_domain_1": 0.9480000138282776, "principle_A_domain_2": 0.6100000143051147, "principle_A_domain_3": 0.4620000123977661, "principle_A_reconstruction": 0.46399998664855957, "regular_plural_subject_verb_agreement_1": 0.671999990940094, "regular_plural_subject_verb_agreement_2": 0.6850000023841858, "sentential_negation_npi_licensor_present": 0.9789999723434448, "sentential_negation_npi_scope": 0.4690000116825104, "sentential_subject_island": 0.4569999873638153, "superlative_quantifiers_1": 0.7409999966621399, "superlative_quantifiers_2": 0.7229999899864197, "tough_vs_raising_1": 0.38199999928474426, "tough_vs_raising_2": 0.6430000066757202, "transitive": 0.6959999799728394, "wh_island": 0.3149999976158142, "wh_questions_object_gap": 0.5920000076293945, "wh_questions_subject_gap": 0.8889999985694885, "wh_questions_subject_gap_long_distance": 0.9589999914169312, "wh_vs_that_no_gap": 0.953000009059906, "wh_vs_that_no_gap_long_distance": 0.9559999704360962, "wh_vs_that_with_gap": 0.125, "wh_vs_that_with_gap_long_distance": 0.05999999865889549}, "by_phenomenon": {"island_effects": 0.48887499421834946, "anaphor_agreement": 0.6115000247955322, "s-selection": 0.6989999711513519, "argument_structure": 0.6372857178960528, "determiner_noun_agreement": 0.7922499999403954, "subject_verb_agreement": 0.5368333359559377, "ellipsis": 0.523499995470047, "control_raising": 0.6054000079631805, "quantifiers": 0.6500000059604645, "irregular_forms": 0.7700000107288361, "npi_licensing": 0.40057142291750225, "binding": 0.6814285687037877, "filler_gap_dependency": 0.6477142822529588}}, "paloma": 268.7536995027123}