{"blimp": {"by_uid": {"adjunct_island": 0.49000000953674316, "anaphor_gender_agreement": 0.33399999141693115, "anaphor_number_agreement": 0.492000013589859, "animate_subject_passive": 0.6349999904632568, "animate_subject_trans": 0.5170000195503235, "causative": 0.4440000057220459, "complex_NP_island": 0.503000020980835, "coordinate_structure_constraint_complex_left_branch": 0.5690000057220459, "coordinate_structure_constraint_object_extraction": 0.4860000014305115, "determiner_noun_agreement_1": 0.4959999918937683, "determiner_noun_agreement_2": 0.4869999885559082, "determiner_noun_agreement_irregular_1": 0.5049999952316284, "determiner_noun_agreement_irregular_2": 0.527999997138977, "determiner_noun_agreement_with_adj_2": 0.47200000286102295, "determiner_noun_agreement_with_adj_irregular_1": 0.4429999887943268, "determiner_noun_agreement_with_adj_irregular_2": 0.5270000100135803, "determiner_noun_agreement_with_adjective_1": 0.49900001287460327, "distractor_agreement_relational_noun": 0.47200000286102295, "distractor_agreement_relative_clause": 0.46700000762939453, "drop_argument": 0.699999988079071, "ellipsis_n_bar_1": 0.4180000126361847, "ellipsis_n_bar_2": 0.2980000078678131, "existential_there_object_raising": 0.7049999833106995, "existential_there_quantifiers_1": 0.6970000267028809, "existential_there_quantifiers_2": 0.07500000298023224, "existential_there_subject_raising": 0.5419999957084656, "expletive_it_object_raising": 0.6150000095367432, "inchoative": 0.382999986410141, "intransitive": 0.5379999876022339, "irregular_past_participle_adjectives": 0.6159999966621399, "irregular_past_participle_verbs": 0.3610000014305115, "irregular_plural_subject_verb_agreement_1": 0.45100000500679016, "irregular_plural_subject_verb_agreement_2": 0.5059999823570251, "left_branch_island_echo_question": 0.47200000286102295, "left_branch_island_simple_question": 0.5730000138282776, "matrix_question_npi_licensor_present": 0.4909999966621399, "npi_present_1": 0.5770000219345093, "npi_present_2": 0.5080000162124634, "only_npi_licensor_present": 0.0, "only_npi_scope": 0.2029999941587448, "passive_1": 0.6119999885559082, "passive_2": 0.6499999761581421, "principle_A_c_command": 0.6480000019073486, "principle_A_case_1": 0.9929999709129333, "principle_A_case_2": 0.46799999475479126, "principle_A_domain_1": 0.8339999914169312, "principle_A_domain_2": 0.5450000166893005, "principle_A_domain_3": 0.4749999940395355, "principle_A_reconstruction": 0.5410000085830688, "regular_plural_subject_verb_agreement_1": 0.527999997138977, "regular_plural_subject_verb_agreement_2": 0.48100000619888306, "sentential_negation_npi_licensor_present": 0.6679999828338623, "sentential_negation_npi_scope": 0.7319999933242798, "sentential_subject_island": 0.5260000228881836, "superlative_quantifiers_1": 0.03200000151991844, "superlative_quantifiers_2": 0.2680000066757202, "tough_vs_raising_1": 0.3659999966621399, "tough_vs_raising_2": 0.6790000200271606, "transitive": 0.5440000295639038, "wh_island": 0.421999990940094, "wh_questions_object_gap": 0.7049999833106995, "wh_questions_subject_gap": 0.746999979019165, "wh_questions_subject_gap_long_distance": 0.699999988079071, "wh_vs_that_no_gap": 0.9150000214576721, "wh_vs_that_no_gap_long_distance": 0.9229999780654907, "wh_vs_that_with_gap": 0.06800000369548798, "wh_vs_that_with_gap_long_distance": 0.07400000095367432}, "by_phenomenon": {"island_effects": 0.5051250085234642, "anaphor_agreement": 0.4130000025033951, "s-selection": 0.5760000050067902, "argument_structure": 0.5529999945844922, "determiner_noun_agreement": 0.4946249984204769, "subject_verb_agreement": 0.4841666668653488, "ellipsis": 0.3580000102519989, "control_raising": 0.5814000010490418, "quantifiers": 0.26800000946968794, "irregular_forms": 0.4884999990463257, "npi_licensing": 0.4541428578751428, "binding": 0.6434285683291299, "filler_gap_dependency": 0.5902857077973229}}, "paloma": 2533.1764129107005}