{"blimp": {"by_uid": {"adjunct_island": 0.7250000238418579, "anaphor_gender_agreement": 0.5239999890327454, "anaphor_number_agreement": 0.7170000076293945, "animate_subject_passive": 0.7049999833106995, "animate_subject_trans": 0.6930000185966492, "causative": 0.49799999594688416, "complex_NP_island": 0.48899999260902405, "coordinate_structure_constraint_complex_left_branch": 0.4090000092983246, "coordinate_structure_constraint_object_extraction": 0.6179999709129333, "determiner_noun_agreement_1": 0.8899999856948853, "determiner_noun_agreement_2": 0.8529999852180481, "determiner_noun_agreement_irregular_1": 0.722000002861023, "determiner_noun_agreement_irregular_2": 0.8270000219345093, "determiner_noun_agreement_with_adj_2": 0.8029999732971191, "determiner_noun_agreement_with_adj_irregular_1": 0.6669999957084656, "determiner_noun_agreement_with_adj_irregular_2": 0.7490000128746033, "determiner_noun_agreement_with_adjective_1": 0.8450000286102295, "distractor_agreement_relational_noun": 0.210999995470047, "distractor_agreement_relative_clause": 0.24199999868869781, "drop_argument": 0.6949999928474426, "ellipsis_n_bar_1": 0.48100000619888306, "ellipsis_n_bar_2": 0.5860000252723694, "existential_there_object_raising": 0.7279999852180481, "existential_there_quantifiers_1": 0.8259999752044678, "existential_there_quantifiers_2": 0.29499998688697815, "existential_there_subject_raising": 0.6060000061988831, "expletive_it_object_raising": 0.6859999895095825, "inchoative": 0.3799999952316284, "intransitive": 0.5400000214576721, "irregular_past_participle_adjectives": 0.8100000023841858, "irregular_past_participle_verbs": 0.7149999737739563, "irregular_plural_subject_verb_agreement_1": 0.6800000071525574, "irregular_plural_subject_verb_agreement_2": 0.7409999966621399, "left_branch_island_echo_question": 0.45899999141693115, "left_branch_island_simple_question": 0.492000013589859, "matrix_question_npi_licensor_present": 0.2070000022649765, "npi_present_1": 0.24899999797344208, "npi_present_2": 0.31200000643730164, "only_npi_licensor_present": 0.1289999932050705, "only_npi_scope": 0.460999995470047, "passive_1": 0.8190000057220459, "passive_2": 0.8429999947547913, "principle_A_c_command": 0.597000002861023, "principle_A_case_1": 0.9990000128746033, "principle_A_case_2": 0.675000011920929, "principle_A_domain_1": 0.9430000185966492, "principle_A_domain_2": 0.6119999885559082, "principle_A_domain_3": 0.45899999141693115, "principle_A_reconstruction": 0.4440000057220459, "regular_plural_subject_verb_agreement_1": 0.6729999780654907, "regular_plural_subject_verb_agreement_2": 0.6890000104904175, "sentential_negation_npi_licensor_present": 0.9819999933242798, "sentential_negation_npi_scope": 0.49000000953674316, "sentential_subject_island": 0.4390000104904175, "superlative_quantifiers_1": 0.7450000047683716, "superlative_quantifiers_2": 0.7379999756813049, "tough_vs_raising_1": 0.3840000033378601, "tough_vs_raising_2": 0.6470000147819519, "transitive": 0.6930000185966492, "wh_island": 0.3149999976158142, "wh_questions_object_gap": 0.5889999866485596, "wh_questions_subject_gap": 0.8930000066757202, "wh_questions_subject_gap_long_distance": 0.9549999833106995, "wh_vs_that_no_gap": 0.9449999928474426, "wh_vs_that_no_gap_long_distance": 0.9539999961853027, "wh_vs_that_with_gap": 0.13600000739097595, "wh_vs_that_with_gap_long_distance": 0.06700000166893005}, "by_phenomenon": {"island_effects": 0.4932500012218952, "anaphor_agreement": 0.62049999833107, "s-selection": 0.6990000009536743, "argument_structure": 0.6382857177938733, "determiner_noun_agreement": 0.7945000007748604, "subject_verb_agreement": 0.539333331088225, "ellipsis": 0.5335000157356262, "control_raising": 0.6101999998092651, "quantifiers": 0.6509999856352806, "irregular_forms": 0.762499988079071, "npi_licensing": 0.4042857140302658, "binding": 0.6755714331354413, "filler_gap_dependency": 0.648428567818233}}, "paloma": 268.1294858228039}