{"blimp": {"by_uid": {"adjunct_island": 0.6359999775886536, "anaphor_gender_agreement": 0.45500001311302185, "anaphor_number_agreement": 0.5090000033378601, "animate_subject_passive": 0.6489999890327454, "animate_subject_trans": 0.5860000252723694, "causative": 0.4059999883174896, "complex_NP_island": 0.43799999356269836, "coordinate_structure_constraint_complex_left_branch": 0.2930000126361847, "coordinate_structure_constraint_object_extraction": 0.3529999852180481, "determiner_noun_agreement_1": 0.6430000066757202, "determiner_noun_agreement_2": 0.6000000238418579, "determiner_noun_agreement_irregular_1": 0.5920000076293945, "determiner_noun_agreement_irregular_2": 0.6079999804496765, "determiner_noun_agreement_with_adj_2": 0.4790000021457672, "determiner_noun_agreement_with_adj_irregular_1": 0.47200000286102295, "determiner_noun_agreement_with_adj_irregular_2": 0.5130000114440918, "determiner_noun_agreement_with_adjective_1": 0.5149999856948853, "distractor_agreement_relational_noun": 0.414000004529953, "distractor_agreement_relative_clause": 0.38600000739097595, "drop_argument": 0.7120000123977661, "ellipsis_n_bar_1": 0.25600001215934753, "ellipsis_n_bar_2": 0.3149999976158142, "existential_there_object_raising": 0.7409999966621399, "existential_there_quantifiers_1": 0.8159999847412109, "existential_there_quantifiers_2": 0.2160000056028366, "existential_there_subject_raising": 0.4569999873638153, "expletive_it_object_raising": 0.6919999718666077, "inchoative": 0.37400001287460327, "intransitive": 0.574999988079071, "irregular_past_participle_adjectives": 0.6650000214576721, "irregular_past_participle_verbs": 0.6859999895095825, "irregular_plural_subject_verb_agreement_1": 0.5070000290870667, "irregular_plural_subject_verb_agreement_2": 0.5809999704360962, "left_branch_island_echo_question": 0.5669999718666077, "left_branch_island_simple_question": 0.33399999141693115, "matrix_question_npi_licensor_present": 0.1340000033378601, "npi_present_1": 0.34700000286102295, "npi_present_2": 0.4830000102519989, "only_npi_licensor_present": 0.38999998569488525, "only_npi_scope": 0.5239999890327454, "passive_1": 0.7310000061988831, "passive_2": 0.7200000286102295, "principle_A_c_command": 0.6510000228881836, "principle_A_case_1": 1.0, "principle_A_case_2": 0.5389999747276306, "principle_A_domain_1": 0.9129999876022339, "principle_A_domain_2": 0.5509999990463257, "principle_A_domain_3": 0.42899999022483826, "principle_A_reconstruction": 0.2720000147819519, "regular_plural_subject_verb_agreement_1": 0.6069999933242798, "regular_plural_subject_verb_agreement_2": 0.5099999904632568, "sentential_negation_npi_licensor_present": 0.9589999914169312, "sentential_negation_npi_scope": 0.5450000166893005, "sentential_subject_island": 0.5690000057220459, "superlative_quantifiers_1": 0.5339999794960022, "superlative_quantifiers_2": 0.9440000057220459, "tough_vs_raising_1": 0.41100001335144043, "tough_vs_raising_2": 0.625, "transitive": 0.6190000176429749, "wh_island": 0.4390000104904175, "wh_questions_object_gap": 0.593999981880188, "wh_questions_subject_gap": 0.8740000128746033, "wh_questions_subject_gap_long_distance": 0.9020000100135803, "wh_vs_that_no_gap": 0.9660000205039978, "wh_vs_that_no_gap_long_distance": 0.9200000166893005, "wh_vs_that_with_gap": 0.050999999046325684, "wh_vs_that_with_gap_long_distance": 0.06599999964237213}, "by_phenomenon": {"island_effects": 0.45362499356269836, "anaphor_agreement": 0.482000008225441, "s-selection": 0.6175000071525574, "argument_structure": 0.5910000077315739, "determiner_noun_agreement": 0.552750002592802, "subject_verb_agreement": 0.5008333325386047, "ellipsis": 0.28550000488758087, "control_raising": 0.5851999938488006, "quantifiers": 0.6274999938905239, "irregular_forms": 0.6755000054836273, "npi_licensing": 0.4831428570406778, "binding": 0.6221428556101662, "filler_gap_dependency": 0.6247142915214811}}, "paloma": 763.3262627844196}