{"blimp": {"by_uid": {"adjunct_island": 0.722000002861023, "anaphor_gender_agreement": 0.5080000162124634, "anaphor_number_agreement": 0.675000011920929, "animate_subject_passive": 0.6800000071525574, "animate_subject_trans": 0.6949999928474426, "causative": 0.492000013589859, "complex_NP_island": 0.49399998784065247, "coordinate_structure_constraint_complex_left_branch": 0.3540000021457672, "coordinate_structure_constraint_object_extraction": 0.5410000085830688, "determiner_noun_agreement_1": 0.8709999918937683, "determiner_noun_agreement_2": 0.8399999737739563, "determiner_noun_agreement_irregular_1": 0.7239999771118164, "determiner_noun_agreement_irregular_2": 0.8309999704360962, "determiner_noun_agreement_with_adj_2": 0.7929999828338623, "determiner_noun_agreement_with_adj_irregular_1": 0.6420000195503235, "determiner_noun_agreement_with_adj_irregular_2": 0.7620000243186951, "determiner_noun_agreement_with_adjective_1": 0.8119999766349792, "distractor_agreement_relational_noun": 0.22699999809265137, "distractor_agreement_relative_clause": 0.23800000548362732, "drop_argument": 0.6959999799728394, "ellipsis_n_bar_1": 0.4560000002384186, "ellipsis_n_bar_2": 0.5690000057220459, "existential_there_object_raising": 0.7260000109672546, "existential_there_quantifiers_1": 0.8040000200271606, "existential_there_quantifiers_2": 0.34700000286102295, "existential_there_subject_raising": 0.5709999799728394, "expletive_it_object_raising": 0.6779999732971191, "inchoative": 0.37599998712539673, "intransitive": 0.5600000023841858, "irregular_past_participle_adjectives": 0.8080000281333923, "irregular_past_participle_verbs": 0.7300000190734863, "irregular_plural_subject_verb_agreement_1": 0.652999997138977, "irregular_plural_subject_verb_agreement_2": 0.6919999718666077, "left_branch_island_echo_question": 0.4970000088214874, "left_branch_island_simple_question": 0.5170000195503235, "matrix_question_npi_licensor_present": 0.22300000488758087, "npi_present_1": 0.24500000476837158, "npi_present_2": 0.2840000092983246, "only_npi_licensor_present": 0.09700000286102295, "only_npi_scope": 0.4180000126361847, "passive_1": 0.8190000057220459, "passive_2": 0.8209999799728394, "principle_A_c_command": 0.6110000014305115, "principle_A_case_1": 1.0, "principle_A_case_2": 0.6629999876022339, "principle_A_domain_1": 0.9380000233650208, "principle_A_domain_2": 0.6069999933242798, "principle_A_domain_3": 0.4410000145435333, "principle_A_reconstruction": 0.4560000002384186, "regular_plural_subject_verb_agreement_1": 0.6389999985694885, "regular_plural_subject_verb_agreement_2": 0.625, "sentential_negation_npi_licensor_present": 0.9800000190734863, "sentential_negation_npi_scope": 0.4659999907016754, "sentential_subject_island": 0.4620000123977661, "superlative_quantifiers_1": 0.6330000162124634, "superlative_quantifiers_2": 0.5460000038146973, "tough_vs_raising_1": 0.3630000054836273, "tough_vs_raising_2": 0.6660000085830688, "transitive": 0.675000011920929, "wh_island": 0.23999999463558197, "wh_questions_object_gap": 0.5540000200271606, "wh_questions_subject_gap": 0.8730000257492065, "wh_questions_subject_gap_long_distance": 0.9559999704360962, "wh_vs_that_no_gap": 0.9430000185966492, "wh_vs_that_no_gap_long_distance": 0.9570000171661377, "wh_vs_that_with_gap": 0.1080000028014183, "wh_vs_that_with_gap_long_distance": 0.05900000035762787}, "by_phenomenon": {"island_effects": 0.4783750046044588, "anaphor_agreement": 0.5915000140666962, "s-selection": 0.6875, "argument_structure": 0.6341428543840136, "determiner_noun_agreement": 0.7843749895691872, "subject_verb_agreement": 0.5123333285252253, "ellipsis": 0.5125000029802322, "control_raising": 0.6007999956607819, "quantifiers": 0.5825000107288361, "irregular_forms": 0.7690000236034393, "npi_licensing": 0.3875714348895209, "binding": 0.6737142886434283, "filler_gap_dependency": 0.6357142935906138}}, "paloma": 287.4419667659321}