{"blimp": {"by_uid": {"adjunct_island": 0.4970000088214874, "anaphor_gender_agreement": 0.3400000035762787, "anaphor_number_agreement": 0.4880000054836273, "animate_subject_passive": 0.6370000243186951, "animate_subject_trans": 0.515999972820282, "causative": 0.41999998688697815, "complex_NP_island": 0.5009999871253967, "coordinate_structure_constraint_complex_left_branch": 0.5090000033378601, "coordinate_structure_constraint_object_extraction": 0.49399998784065247, "determiner_noun_agreement_1": 0.5220000147819519, "determiner_noun_agreement_2": 0.4830000102519989, "determiner_noun_agreement_irregular_1": 0.5149999856948853, "determiner_noun_agreement_irregular_2": 0.5270000100135803, "determiner_noun_agreement_with_adj_2": 0.4690000116825104, "determiner_noun_agreement_with_adj_irregular_1": 0.453000009059906, "determiner_noun_agreement_with_adj_irregular_2": 0.5260000228881836, "determiner_noun_agreement_with_adjective_1": 0.49399998784065247, "distractor_agreement_relational_noun": 0.4580000042915344, "distractor_agreement_relative_clause": 0.46799999475479126, "drop_argument": 0.6949999928474426, "ellipsis_n_bar_1": 0.36000001430511475, "ellipsis_n_bar_2": 0.31200000643730164, "existential_there_object_raising": 0.7170000076293945, "existential_there_quantifiers_1": 0.7549999952316284, "existential_there_quantifiers_2": 0.13600000739097595, "existential_there_subject_raising": 0.4950000047683716, "expletive_it_object_raising": 0.6380000114440918, "inchoative": 0.38100001215934753, "intransitive": 0.5460000038146973, "irregular_past_participle_adjectives": 0.578000009059906, "irregular_past_participle_verbs": 0.38499999046325684, "irregular_plural_subject_verb_agreement_1": 0.44999998807907104, "irregular_plural_subject_verb_agreement_2": 0.5080000162124634, "left_branch_island_echo_question": 0.4779999852180481, "left_branch_island_simple_question": 0.5249999761581421, "matrix_question_npi_licensor_present": 0.4480000138282776, "npi_present_1": 0.5699999928474426, "npi_present_2": 0.5299999713897705, "only_npi_licensor_present": 0.0, "only_npi_scope": 0.19699999690055847, "passive_1": 0.6340000033378601, "passive_2": 0.6660000085830688, "principle_A_c_command": 0.6690000295639038, "principle_A_case_1": 0.9950000047683716, "principle_A_case_2": 0.4699999988079071, "principle_A_domain_1": 0.8799999952316284, "principle_A_domain_2": 0.550000011920929, "principle_A_domain_3": 0.4740000069141388, "principle_A_reconstruction": 0.47600001096725464, "regular_plural_subject_verb_agreement_1": 0.5080000162124634, "regular_plural_subject_verb_agreement_2": 0.48100000619888306, "sentential_negation_npi_licensor_present": 0.7009999752044678, "sentential_negation_npi_scope": 0.6899999976158142, "sentential_subject_island": 0.5360000133514404, "superlative_quantifiers_1": 0.15000000596046448, "superlative_quantifiers_2": 0.3529999852180481, "tough_vs_raising_1": 0.39800000190734863, "tough_vs_raising_2": 0.6460000276565552, "transitive": 0.5649999976158142, "wh_island": 0.5350000262260437, "wh_questions_object_gap": 0.6919999718666077, "wh_questions_subject_gap": 0.7820000052452087, "wh_questions_subject_gap_long_distance": 0.7519999742507935, "wh_vs_that_no_gap": 0.9269999861717224, "wh_vs_that_no_gap_long_distance": 0.9440000057220459, "wh_vs_that_with_gap": 0.05000000074505806, "wh_vs_that_with_gap_long_distance": 0.05400000140070915}, "by_phenomenon": {"island_effects": 0.5093749985098839, "anaphor_agreement": 0.414000004529953, "s-selection": 0.5764999985694885, "argument_structure": 0.5581428578921727, "determiner_noun_agreement": 0.4986250065267086, "subject_verb_agreement": 0.47883333762486774, "ellipsis": 0.3360000103712082, "control_raising": 0.5788000106811524, "quantifiers": 0.34849999845027924, "irregular_forms": 0.4814999997615814, "npi_licensing": 0.44799999254090445, "binding": 0.6448571511677333, "filler_gap_dependency": 0.6001428493431636}}, "paloma": 1852.513530133078}