{"blimp": {"by_uid": {"adjunct_island": 0.7289999723434448, "anaphor_gender_agreement": 0.4880000054836273, "anaphor_number_agreement": 0.7070000171661377, "animate_subject_passive": 0.6970000267028809, "animate_subject_trans": 0.6940000057220459, "causative": 0.4970000088214874, "complex_NP_island": 0.4959999918937683, "coordinate_structure_constraint_complex_left_branch": 0.40400001406669617, "coordinate_structure_constraint_object_extraction": 0.6079999804496765, "determiner_noun_agreement_1": 0.8759999871253967, "determiner_noun_agreement_2": 0.8510000109672546, "determiner_noun_agreement_irregular_1": 0.7250000238418579, "determiner_noun_agreement_irregular_2": 0.8220000267028809, "determiner_noun_agreement_with_adj_2": 0.8080000281333923, "determiner_noun_agreement_with_adj_irregular_1": 0.6620000004768372, "determiner_noun_agreement_with_adj_irregular_2": 0.7580000162124634, "determiner_noun_agreement_with_adjective_1": 0.8330000042915344, "distractor_agreement_relational_noun": 0.20999999344348907, "distractor_agreement_relative_clause": 0.23999999463558197, "drop_argument": 0.6940000057220459, "ellipsis_n_bar_1": 0.48899999260902405, "ellipsis_n_bar_2": 0.5889999866485596, "existential_there_object_raising": 0.7250000238418579, "existential_there_quantifiers_1": 0.8090000152587891, "existential_there_quantifiers_2": 0.33000001311302185, "existential_there_subject_raising": 0.5910000205039978, "expletive_it_object_raising": 0.6809999942779541, "inchoative": 0.375, "intransitive": 0.5389999747276306, "irregular_past_participle_adjectives": 0.8059999942779541, "irregular_past_participle_verbs": 0.7279999852180481, "irregular_plural_subject_verb_agreement_1": 0.6710000038146973, "irregular_plural_subject_verb_agreement_2": 0.7319999933242798, "left_branch_island_echo_question": 0.45500001311302185, "left_branch_island_simple_question": 0.48100000619888306, "matrix_question_npi_licensor_present": 0.20499999821186066, "npi_present_1": 0.25600001215934753, "npi_present_2": 0.31200000643730164, "only_npi_licensor_present": 0.13500000536441803, "only_npi_scope": 0.4819999933242798, "passive_1": 0.8299999833106995, "passive_2": 0.8489999771118164, "principle_A_c_command": 0.6039999723434448, "principle_A_case_1": 1.0, "principle_A_case_2": 0.6800000071525574, "principle_A_domain_1": 0.949999988079071, "principle_A_domain_2": 0.6069999933242798, "principle_A_domain_3": 0.46399998664855957, "principle_A_reconstruction": 0.4659999907016754, "regular_plural_subject_verb_agreement_1": 0.6710000038146973, "regular_plural_subject_verb_agreement_2": 0.6869999766349792, "sentential_negation_npi_licensor_present": 0.9789999723434448, "sentential_negation_npi_scope": 0.4620000123977661, "sentential_subject_island": 0.44699999690055847, "superlative_quantifiers_1": 0.7509999871253967, "superlative_quantifiers_2": 0.7139999866485596, "tough_vs_raising_1": 0.3869999945163727, "tough_vs_raising_2": 0.6480000019073486, "transitive": 0.6940000057220459, "wh_island": 0.33000001311302185, "wh_questions_object_gap": 0.5960000157356262, "wh_questions_subject_gap": 0.890999972820282, "wh_questions_subject_gap_long_distance": 0.9570000171661377, "wh_vs_that_no_gap": 0.9509999752044678, "wh_vs_that_no_gap_long_distance": 0.9570000171661377, "wh_vs_that_with_gap": 0.11900000274181366, "wh_vs_that_with_gap_long_distance": 0.061000000685453415}, "by_phenomenon": {"island_effects": 0.4937499985098839, "anaphor_agreement": 0.5975000113248825, "s-selection": 0.6955000162124634, "argument_structure": 0.6397142793451037, "determiner_noun_agreement": 0.7918750122189522, "subject_verb_agreement": 0.5351666609446207, "ellipsis": 0.5389999896287918, "control_raising": 0.6064000070095062, "quantifiers": 0.6510000005364418, "irregular_forms": 0.7669999897480011, "npi_licensing": 0.4044285714626312, "binding": 0.6815714197499412, "filler_gap_dependency": 0.6474285716457027}}, "paloma": 268.2805572562932}