{"blimp": {"by_uid": {"adjunct_island": 0.7009999752044678, "anaphor_gender_agreement": 0.5130000114440918, "anaphor_number_agreement": 0.6990000009536743, "animate_subject_passive": 0.6840000152587891, "animate_subject_trans": 0.6850000023841858, "causative": 0.4869999885559082, "complex_NP_island": 0.49300000071525574, "coordinate_structure_constraint_complex_left_branch": 0.36899998784065247, "coordinate_structure_constraint_object_extraction": 0.5849999785423279, "determiner_noun_agreement_1": 0.878000020980835, "determiner_noun_agreement_2": 0.8429999947547913, "determiner_noun_agreement_irregular_1": 0.7179999947547913, "determiner_noun_agreement_irregular_2": 0.8169999718666077, "determiner_noun_agreement_with_adj_2": 0.8059999942779541, "determiner_noun_agreement_with_adj_irregular_1": 0.6449999809265137, "determiner_noun_agreement_with_adj_irregular_2": 0.7639999985694885, "determiner_noun_agreement_with_adjective_1": 0.8270000219345093, "distractor_agreement_relational_noun": 0.21699999272823334, "distractor_agreement_relative_clause": 0.25, "drop_argument": 0.6980000138282776, "ellipsis_n_bar_1": 0.4580000042915344, "ellipsis_n_bar_2": 0.5709999799728394, "existential_there_object_raising": 0.7260000109672546, "existential_there_quantifiers_1": 0.8230000138282776, "existential_there_quantifiers_2": 0.32499998807907104, "existential_there_subject_raising": 0.5839999914169312, "expletive_it_object_raising": 0.6859999895095825, "inchoative": 0.3720000088214874, "intransitive": 0.5590000152587891, "irregular_past_participle_adjectives": 0.8090000152587891, "irregular_past_participle_verbs": 0.7250000238418579, "irregular_plural_subject_verb_agreement_1": 0.6700000166893005, "irregular_plural_subject_verb_agreement_2": 0.7099999785423279, "left_branch_island_echo_question": 0.46000000834465027, "left_branch_island_simple_question": 0.492000013589859, "matrix_question_npi_licensor_present": 0.22100000083446503, "npi_present_1": 0.2290000021457672, "npi_present_2": 0.2750000059604645, "only_npi_licensor_present": 0.0989999994635582, "only_npi_scope": 0.4090000092983246, "passive_1": 0.8180000185966492, "passive_2": 0.8259999752044678, "principle_A_c_command": 0.6039999723434448, "principle_A_case_1": 1.0, "principle_A_case_2": 0.6589999794960022, "principle_A_domain_1": 0.9470000267028809, "principle_A_domain_2": 0.6119999885559082, "principle_A_domain_3": 0.4449999928474426, "principle_A_reconstruction": 0.4690000116825104, "regular_plural_subject_verb_agreement_1": 0.6489999890327454, "regular_plural_subject_verb_agreement_2": 0.6320000290870667, "sentential_negation_npi_licensor_present": 0.9779999852180481, "sentential_negation_npi_scope": 0.4620000123977661, "sentential_subject_island": 0.4690000116825104, "superlative_quantifiers_1": 0.6150000095367432, "superlative_quantifiers_2": 0.5920000076293945, "tough_vs_raising_1": 0.35600000619888306, "tough_vs_raising_2": 0.6759999990463257, "transitive": 0.6819999814033508, "wh_island": 0.3009999990463257, "wh_questions_object_gap": 0.5720000267028809, "wh_questions_subject_gap": 0.8870000243186951, "wh_questions_subject_gap_long_distance": 0.953000009059906, "wh_vs_that_no_gap": 0.9399999976158142, "wh_vs_that_no_gap_long_distance": 0.953000009059906, "wh_vs_that_with_gap": 0.12600000202655792, "wh_vs_that_with_gap_long_distance": 0.06300000101327896}, "by_phenomenon": {"island_effects": 0.48374999687075615, "anaphor_agreement": 0.6060000061988831, "s-selection": 0.6845000088214874, "argument_structure": 0.6345714288098472, "determiner_noun_agreement": 0.7872499972581863, "subject_verb_agreement": 0.5213333343466123, "ellipsis": 0.5144999921321869, "control_raising": 0.6055999994277954, "quantifiers": 0.5887500047683716, "irregular_forms": 0.7670000195503235, "npi_licensing": 0.3818571450454848, "binding": 0.6765714245183128, "filler_gap_dependency": 0.6420000099710056}}, "paloma": 274.0356953285297}