{"blimp": {"by_uid": {"adjunct_island": 0.7390000224113464, "anaphor_gender_agreement": 0.5189999938011169, "anaphor_number_agreement": 0.7329999804496765, "animate_subject_passive": 0.7009999752044678, "animate_subject_trans": 0.6779999732971191, "causative": 0.4869999885559082, "complex_NP_island": 0.48500001430511475, "coordinate_structure_constraint_complex_left_branch": 0.4300000071525574, "coordinate_structure_constraint_object_extraction": 0.6240000128746033, "determiner_noun_agreement_1": 0.8809999823570251, "determiner_noun_agreement_2": 0.8519999980926514, "determiner_noun_agreement_irregular_1": 0.7229999899864197, "determiner_noun_agreement_irregular_2": 0.8339999914169312, "determiner_noun_agreement_with_adj_2": 0.8040000200271606, "determiner_noun_agreement_with_adj_irregular_1": 0.6700000166893005, "determiner_noun_agreement_with_adj_irregular_2": 0.7519999742507935, "determiner_noun_agreement_with_adjective_1": 0.8489999771118164, "distractor_agreement_relational_noun": 0.2199999988079071, "distractor_agreement_relative_clause": 0.2280000001192093, "drop_argument": 0.6800000071525574, "ellipsis_n_bar_1": 0.4909999966621399, "ellipsis_n_bar_2": 0.5870000123977661, "existential_there_object_raising": 0.7239999771118164, "existential_there_quantifiers_1": 0.7870000004768372, "existential_there_quantifiers_2": 0.32100000977516174, "existential_there_subject_raising": 0.6159999966621399, "expletive_it_object_raising": 0.6930000185966492, "inchoative": 0.3840000033378601, "intransitive": 0.5479999780654907, "irregular_past_participle_adjectives": 0.7670000195503235, "irregular_past_participle_verbs": 0.6949999928474426, "irregular_plural_subject_verb_agreement_1": 0.6819999814033508, "irregular_plural_subject_verb_agreement_2": 0.7820000052452087, "left_branch_island_echo_question": 0.5049999952316284, "left_branch_island_simple_question": 0.5040000081062317, "matrix_question_npi_licensor_present": 0.19200000166893005, "npi_present_1": 0.23899999260902405, "npi_present_2": 0.2980000078678131, "only_npi_licensor_present": 0.164000004529953, "only_npi_scope": 0.5130000114440918, "passive_1": 0.8109999895095825, "passive_2": 0.8460000157356262, "principle_A_c_command": 0.597000002861023, "principle_A_case_1": 0.9990000128746033, "principle_A_case_2": 0.6610000133514404, "principle_A_domain_1": 0.9559999704360962, "principle_A_domain_2": 0.6060000061988831, "principle_A_domain_3": 0.46000000834465027, "principle_A_reconstruction": 0.4569999873638153, "regular_plural_subject_verb_agreement_1": 0.6759999990463257, "regular_plural_subject_verb_agreement_2": 0.7300000190734863, "sentential_negation_npi_licensor_present": 0.9869999885559082, "sentential_negation_npi_scope": 0.49399998784065247, "sentential_subject_island": 0.4180000126361847, "superlative_quantifiers_1": 0.8159999847412109, "superlative_quantifiers_2": 0.8019999861717224, "tough_vs_raising_1": 0.3880000114440918, "tough_vs_raising_2": 0.640999972820282, "transitive": 0.6890000104904175, "wh_island": 0.37599998712539673, "wh_questions_object_gap": 0.5839999914169312, "wh_questions_subject_gap": 0.8980000019073486, "wh_questions_subject_gap_long_distance": 0.9539999961853027, "wh_vs_that_no_gap": 0.9470000267028809, "wh_vs_that_no_gap_long_distance": 0.9509999752044678, "wh_vs_that_with_gap": 0.13300000131130219, "wh_vs_that_with_gap_long_distance": 0.08399999886751175}, "by_phenomenon": {"island_effects": 0.5101250074803829, "anaphor_agreement": 0.6259999871253967, "s-selection": 0.6894999742507935, "argument_structure": 0.6349999989782061, "determiner_noun_agreement": 0.7956249937415123, "subject_verb_agreement": 0.5530000006159147, "ellipsis": 0.539000004529953, "control_raising": 0.6123999953269958, "quantifiers": 0.6814999952912331, "irregular_forms": 0.7310000061988831, "npi_licensing": 0.4124285706451961, "binding": 0.6765714287757874, "filler_gap_dependency": 0.6501428559422493}}, "paloma": 245.00238132210973}