{"blimp": {"by_uid": {"adjunct_island": 0.7009999752044678, "anaphor_gender_agreement": 0.43799999356269836, "anaphor_number_agreement": 0.6159999966621399, "animate_subject_passive": 0.6620000004768372, "animate_subject_trans": 0.5889999866485596, "causative": 0.45899999141693115, "complex_NP_island": 0.5509999990463257, "coordinate_structure_constraint_complex_left_branch": 0.41200000047683716, "coordinate_structure_constraint_object_extraction": 0.48500001430511475, "determiner_noun_agreement_1": 0.7850000262260437, "determiner_noun_agreement_2": 0.765999972820282, "determiner_noun_agreement_irregular_1": 0.6940000057220459, "determiner_noun_agreement_irregular_2": 0.7549999952316284, "determiner_noun_agreement_with_adj_2": 0.6039999723434448, "determiner_noun_agreement_with_adj_irregular_1": 0.5899999737739563, "determiner_noun_agreement_with_adj_irregular_2": 0.6309999823570251, "determiner_noun_agreement_with_adjective_1": 0.6399999856948853, "distractor_agreement_relational_noun": 0.30399999022483826, "distractor_agreement_relative_clause": 0.27000001072883606, "drop_argument": 0.699999988079071, "ellipsis_n_bar_1": 0.32600000500679016, "ellipsis_n_bar_2": 0.3959999978542328, "existential_there_object_raising": 0.7039999961853027, "existential_there_quantifiers_1": 0.7689999938011169, "existential_there_quantifiers_2": 0.31700000166893005, "existential_there_subject_raising": 0.4950000047683716, "expletive_it_object_raising": 0.6809999942779541, "inchoative": 0.37299999594688416, "intransitive": 0.6000000238418579, "irregular_past_participle_adjectives": 0.7440000176429749, "irregular_past_participle_verbs": 0.7099999785423279, "irregular_plural_subject_verb_agreement_1": 0.5669999718666077, "irregular_plural_subject_verb_agreement_2": 0.5559999942779541, "left_branch_island_echo_question": 0.6340000033378601, "left_branch_island_simple_question": 0.5170000195503235, "matrix_question_npi_licensor_present": 0.19099999964237213, "npi_present_1": 0.1809999942779541, "npi_present_2": 0.34299999475479126, "only_npi_licensor_present": 0.31700000166893005, "only_npi_scope": 0.609000027179718, "passive_1": 0.7870000004768372, "passive_2": 0.7609999775886536, "principle_A_c_command": 0.5720000267028809, "principle_A_case_1": 1.0, "principle_A_case_2": 0.5299999713897705, "principle_A_domain_1": 0.8970000147819519, "principle_A_domain_2": 0.5889999866485596, "principle_A_domain_3": 0.43299999833106995, "principle_A_reconstruction": 0.31700000166893005, "regular_plural_subject_verb_agreement_1": 0.6309999823570251, "regular_plural_subject_verb_agreement_2": 0.5490000247955322, "sentential_negation_npi_licensor_present": 0.9710000157356262, "sentential_negation_npi_scope": 0.42100000381469727, "sentential_subject_island": 0.43299999833106995, "superlative_quantifiers_1": 0.46799999475479126, "superlative_quantifiers_2": 0.871999979019165, "tough_vs_raising_1": 0.47200000286102295, "tough_vs_raising_2": 0.5709999799728394, "transitive": 0.6439999938011169, "wh_island": 0.5830000042915344, "wh_questions_object_gap": 0.503000020980835, "wh_questions_subject_gap": 0.8190000057220459, "wh_questions_subject_gap_long_distance": 0.8709999918937683, "wh_vs_that_no_gap": 0.949999988079071, "wh_vs_that_no_gap_long_distance": 0.9430000185966492, "wh_vs_that_with_gap": 0.07599999755620956, "wh_vs_that_with_gap_long_distance": 0.0560000017285347}, "by_phenomenon": {"island_effects": 0.5395000018179417, "anaphor_agreement": 0.5269999951124191, "s-selection": 0.6254999935626984, "argument_structure": 0.6177142815930503, "determiner_noun_agreement": 0.6831249892711639, "subject_verb_agreement": 0.4794999957084656, "ellipsis": 0.3610000014305115, "control_raising": 0.5845999956130982, "quantifiers": 0.6064999923110008, "irregular_forms": 0.7269999980926514, "npi_licensing": 0.43328571958201273, "binding": 0.6197142856461662, "filler_gap_dependency": 0.6025714320795876}}, "paloma": 493.1587856066767}