{"blimp": {"by_uid": {"adjunct_island": 0.722000002861023, "anaphor_gender_agreement": 0.5170000195503235, "anaphor_number_agreement": 0.7609999775886536, "animate_subject_passive": 0.6800000071525574, "animate_subject_trans": 0.6740000247955322, "causative": 0.48399999737739563, "complex_NP_island": 0.4860000014305115, "coordinate_structure_constraint_complex_left_branch": 0.5059999823570251, "coordinate_structure_constraint_object_extraction": 0.6190000176429749, "determiner_noun_agreement_1": 0.875, "determiner_noun_agreement_2": 0.8690000176429749, "determiner_noun_agreement_irregular_1": 0.7319999933242798, "determiner_noun_agreement_irregular_2": 0.8420000076293945, "determiner_noun_agreement_with_adj_2": 0.8029999732971191, "determiner_noun_agreement_with_adj_irregular_1": 0.6990000009536743, "determiner_noun_agreement_with_adj_irregular_2": 0.7429999709129333, "determiner_noun_agreement_with_adjective_1": 0.8399999737739563, "distractor_agreement_relational_noun": 0.23600000143051147, "distractor_agreement_relative_clause": 0.22599999606609344, "drop_argument": 0.6890000104904175, "ellipsis_n_bar_1": 0.5230000019073486, "ellipsis_n_bar_2": 0.5920000076293945, "existential_there_object_raising": 0.7450000047683716, "existential_there_quantifiers_1": 0.781000018119812, "existential_there_quantifiers_2": 0.3709999918937683, "existential_there_subject_raising": 0.6489999890327454, "expletive_it_object_raising": 0.7110000252723694, "inchoative": 0.3919999897480011, "intransitive": 0.5479999780654907, "irregular_past_participle_adjectives": 0.8460000157356262, "irregular_past_participle_verbs": 0.7409999966621399, "irregular_plural_subject_verb_agreement_1": 0.671999990940094, "irregular_plural_subject_verb_agreement_2": 0.7929999828338623, "left_branch_island_echo_question": 0.5210000276565552, "left_branch_island_simple_question": 0.5299999713897705, "matrix_question_npi_licensor_present": 0.2199999988079071, "npi_present_1": 0.2460000067949295, "npi_present_2": 0.3160000145435333, "only_npi_licensor_present": 0.08399999886751175, "only_npi_scope": 0.5529999732971191, "passive_1": 0.8159999847412109, "passive_2": 0.8450000286102295, "principle_A_c_command": 0.5820000171661377, "principle_A_case_1": 1.0, "principle_A_case_2": 0.6710000038146973, "principle_A_domain_1": 0.9629999995231628, "principle_A_domain_2": 0.6430000066757202, "principle_A_domain_3": 0.45500001311302185, "principle_A_reconstruction": 0.4690000116825104, "regular_plural_subject_verb_agreement_1": 0.6899999976158142, "regular_plural_subject_verb_agreement_2": 0.7570000290870667, "sentential_negation_npi_licensor_present": 0.9940000176429749, "sentential_negation_npi_scope": 0.503000020980835, "sentential_subject_island": 0.42100000381469727, "superlative_quantifiers_1": 0.675000011920929, "superlative_quantifiers_2": 0.7139999866485596, "tough_vs_raising_1": 0.3970000147819519, "tough_vs_raising_2": 0.6620000004768372, "transitive": 0.6980000138282776, "wh_island": 0.37400001287460327, "wh_questions_object_gap": 0.6069999933242798, "wh_questions_subject_gap": 0.9089999794960022, "wh_questions_subject_gap_long_distance": 0.953000009059906, "wh_vs_that_no_gap": 0.9430000185966492, "wh_vs_that_no_gap_long_distance": 0.9520000219345093, "wh_vs_that_with_gap": 0.13300000131130219, "wh_vs_that_with_gap_long_distance": 0.09399999678134918}, "by_phenomenon": {"island_effects": 0.5223750025033951, "anaphor_agreement": 0.6389999985694885, "s-selection": 0.6770000159740448, "argument_structure": 0.6388571432658604, "determiner_noun_agreement": 0.8003749921917915, "subject_verb_agreement": 0.5623333329955736, "ellipsis": 0.5575000047683716, "control_raising": 0.6328000068664551, "quantifiers": 0.6352500021457672, "irregular_forms": 0.7935000061988831, "npi_licensing": 0.4165714329906872, "binding": 0.6832857217107501, "filler_gap_dependency": 0.6558571457862854}}, "paloma": 227.07176986554774}