{"blimp": {"by_uid": {"adjunct_island": 0.7039999961853027, "anaphor_gender_agreement": 0.5249999761581421, "anaphor_number_agreement": 0.7049999833106995, "animate_subject_passive": 0.6919999718666077, "animate_subject_trans": 0.6980000138282776, "causative": 0.49399998784065247, "complex_NP_island": 0.49300000071525574, "coordinate_structure_constraint_complex_left_branch": 0.3869999945163727, "coordinate_structure_constraint_object_extraction": 0.5789999961853027, "determiner_noun_agreement_1": 0.8849999904632568, "determiner_noun_agreement_2": 0.8450000286102295, "determiner_noun_agreement_irregular_1": 0.7149999737739563, "determiner_noun_agreement_irregular_2": 0.8220000267028809, "determiner_noun_agreement_with_adj_2": 0.8009999990463257, "determiner_noun_agreement_with_adj_irregular_1": 0.652999997138977, "determiner_noun_agreement_with_adj_irregular_2": 0.7540000081062317, "determiner_noun_agreement_with_adjective_1": 0.8259999752044678, "distractor_agreement_relational_noun": 0.21299999952316284, "distractor_agreement_relative_clause": 0.24500000476837158, "drop_argument": 0.6919999718666077, "ellipsis_n_bar_1": 0.4699999988079071, "ellipsis_n_bar_2": 0.5830000042915344, "existential_there_object_raising": 0.7229999899864197, "existential_there_quantifiers_1": 0.8149999976158142, "existential_there_quantifiers_2": 0.3160000145435333, "existential_there_subject_raising": 0.5789999961853027, "expletive_it_object_raising": 0.6890000104904175, "inchoative": 0.375, "intransitive": 0.5440000295639038, "irregular_past_participle_adjectives": 0.8289999961853027, "irregular_past_participle_verbs": 0.722000002861023, "irregular_plural_subject_verb_agreement_1": 0.6690000295639038, "irregular_plural_subject_verb_agreement_2": 0.7049999833106995, "left_branch_island_echo_question": 0.4519999921321869, "left_branch_island_simple_question": 0.5009999871253967, "matrix_question_npi_licensor_present": 0.21899999678134918, "npi_present_1": 0.24300000071525574, "npi_present_2": 0.2939999997615814, "only_npi_licensor_present": 0.07999999821186066, "only_npi_scope": 0.4009999930858612, "passive_1": 0.8220000267028809, "passive_2": 0.8379999995231628, "principle_A_c_command": 0.6019999980926514, "principle_A_case_1": 1.0, "principle_A_case_2": 0.6690000295639038, "principle_A_domain_1": 0.9369999766349792, "principle_A_domain_2": 0.6119999885559082, "principle_A_domain_3": 0.44999998807907104, "principle_A_reconstruction": 0.4650000035762787, "regular_plural_subject_verb_agreement_1": 0.656000018119812, "regular_plural_subject_verb_agreement_2": 0.652999997138977, "sentential_negation_npi_licensor_present": 0.9810000061988831, "sentential_negation_npi_scope": 0.4659999907016754, "sentential_subject_island": 0.46799999475479126, "superlative_quantifiers_1": 0.6759999990463257, "superlative_quantifiers_2": 0.6200000047683716, "tough_vs_raising_1": 0.35199999809265137, "tough_vs_raising_2": 0.6639999747276306, "transitive": 0.6899999976158142, "wh_island": 0.29600000381469727, "wh_questions_object_gap": 0.5809999704360962, "wh_questions_subject_gap": 0.8920000195503235, "wh_questions_subject_gap_long_distance": 0.9539999961853027, "wh_vs_that_no_gap": 0.9440000057220459, "wh_vs_that_no_gap_long_distance": 0.9549999833106995, "wh_vs_that_with_gap": 0.12300000339746475, "wh_vs_that_with_gap_long_distance": 0.06499999761581421}, "by_phenomenon": {"island_effects": 0.48499999567866325, "anaphor_agreement": 0.6149999797344208, "s-selection": 0.6949999928474426, "argument_structure": 0.6364285733018603, "determiner_noun_agreement": 0.7876249998807907, "subject_verb_agreement": 0.5235000054041544, "ellipsis": 0.5265000015497208, "control_raising": 0.6013999938964844, "quantifiers": 0.6067500039935112, "irregular_forms": 0.7754999995231628, "npi_licensing": 0.3834285693509238, "binding": 0.6764285692146846, "filler_gap_dependency": 0.6448571394596782}}, "paloma": 277.9993025211507}