{"blimp": {"by_uid": {"adjunct_island": 0.4729999899864197, "anaphor_gender_agreement": 0.3529999852180481, "anaphor_number_agreement": 0.49300000071525574, "animate_subject_passive": 0.6340000033378601, "animate_subject_trans": 0.5320000052452087, "causative": 0.45500001311302185, "complex_NP_island": 0.5360000133514404, "coordinate_structure_constraint_complex_left_branch": 0.5619999766349792, "coordinate_structure_constraint_object_extraction": 0.5529999732971191, "determiner_noun_agreement_1": 0.5099999904632568, "determiner_noun_agreement_2": 0.4860000014305115, "determiner_noun_agreement_irregular_1": 0.5059999823570251, "determiner_noun_agreement_irregular_2": 0.5239999890327454, "determiner_noun_agreement_with_adj_2": 0.4729999899864197, "determiner_noun_agreement_with_adj_irregular_1": 0.46000000834465027, "determiner_noun_agreement_with_adj_irregular_2": 0.5139999985694885, "determiner_noun_agreement_with_adjective_1": 0.5149999856948853, "distractor_agreement_relational_noun": 0.4699999988079071, "distractor_agreement_relative_clause": 0.46799999475479126, "drop_argument": 0.6990000009536743, "ellipsis_n_bar_1": 0.39500001072883606, "ellipsis_n_bar_2": 0.3310000002384186, "existential_there_object_raising": 0.6710000038146973, "existential_there_quantifiers_1": 0.45399999618530273, "existential_there_quantifiers_2": 0.007000000216066837, "existential_there_subject_raising": 0.5590000152587891, "expletive_it_object_raising": 0.5910000205039978, "inchoative": 0.39800000190734863, "intransitive": 0.550000011920929, "irregular_past_participle_adjectives": 0.6290000081062317, "irregular_past_participle_verbs": 0.38100001215934753, "irregular_plural_subject_verb_agreement_1": 0.45399999618530273, "irregular_plural_subject_verb_agreement_2": 0.5040000081062317, "left_branch_island_echo_question": 0.4650000035762787, "left_branch_island_simple_question": 0.5440000295639038, "matrix_question_npi_licensor_present": 0.5789999961853027, "npi_present_1": 0.5339999794960022, "npi_present_2": 0.47200000286102295, "only_npi_licensor_present": 0.0, "only_npi_scope": 0.23899999260902405, "passive_1": 0.5889999866485596, "passive_2": 0.6190000176429749, "principle_A_c_command": 0.6489999890327454, "principle_A_case_1": 0.9610000252723694, "principle_A_case_2": 0.4860000014305115, "principle_A_domain_1": 0.7239999771118164, "principle_A_domain_2": 0.5360000133514404, "principle_A_domain_3": 0.4699999988079071, "principle_A_reconstruction": 0.5320000052452087, "regular_plural_subject_verb_agreement_1": 0.5429999828338623, "regular_plural_subject_verb_agreement_2": 0.46799999475479126, "sentential_negation_npi_licensor_present": 0.5049999952316284, "sentential_negation_npi_scope": 0.6819999814033508, "sentential_subject_island": 0.5299999713897705, "superlative_quantifiers_1": 0.09799999743700027, "superlative_quantifiers_2": 0.18400000035762787, "tough_vs_raising_1": 0.36399999260902405, "tough_vs_raising_2": 0.6660000085830688, "transitive": 0.5360000133514404, "wh_island": 0.27799999713897705, "wh_questions_object_gap": 0.5619999766349792, "wh_questions_subject_gap": 0.6169999837875366, "wh_questions_subject_gap_long_distance": 0.5120000243186951, "wh_vs_that_no_gap": 0.7829999923706055, "wh_vs_that_no_gap_long_distance": 0.7990000247955322, "wh_vs_that_with_gap": 0.20600000023841858, "wh_vs_that_with_gap_long_distance": 0.24500000476837158}, "by_phenomenon": {"island_effects": 0.49262499436736107, "anaphor_agreement": 0.4229999929666519, "s-selection": 0.5830000042915344, "argument_structure": 0.5494285779339927, "determiner_noun_agreement": 0.4984999932348728, "subject_verb_agreement": 0.4844999959071477, "ellipsis": 0.3630000054836273, "control_raising": 0.5702000081539154, "quantifiers": 0.18574999854899943, "irregular_forms": 0.5050000101327896, "npi_licensing": 0.4301428496837616, "binding": 0.6225714300359998, "filler_gap_dependency": 0.5320000009877341}}, "paloma": 5554.201969542819}