{"blimp": {"by_uid": {"adjunct_island": 0.7080000042915344, "anaphor_gender_agreement": 0.49300000071525574, "anaphor_number_agreement": 0.6660000085830688, "animate_subject_passive": 0.6990000009536743, "animate_subject_trans": 0.6779999732971191, "causative": 0.4790000021457672, "complex_NP_island": 0.4950000047683716, "coordinate_structure_constraint_complex_left_branch": 0.3269999921321869, "coordinate_structure_constraint_object_extraction": 0.4790000021457672, "determiner_noun_agreement_1": 0.859000027179718, "determiner_noun_agreement_2": 0.8289999961853027, "determiner_noun_agreement_irregular_1": 0.7310000061988831, "determiner_noun_agreement_irregular_2": 0.8270000219345093, "determiner_noun_agreement_with_adj_2": 0.7879999876022339, "determiner_noun_agreement_with_adj_irregular_1": 0.6259999871253967, "determiner_noun_agreement_with_adj_irregular_2": 0.7789999842643738, "determiner_noun_agreement_with_adjective_1": 0.8029999732971191, "distractor_agreement_relational_noun": 0.2280000001192093, "distractor_agreement_relative_clause": 0.2619999945163727, "drop_argument": 0.703000009059906, "ellipsis_n_bar_1": 0.4659999907016754, "ellipsis_n_bar_2": 0.5379999876022339, "existential_there_object_raising": 0.7210000157356262, "existential_there_quantifiers_1": 0.7360000014305115, "existential_there_quantifiers_2": 0.3720000088214874, "existential_there_subject_raising": 0.5600000023841858, "expletive_it_object_raising": 0.6840000152587891, "inchoative": 0.37700000405311584, "intransitive": 0.550000011920929, "irregular_past_participle_adjectives": 0.8759999871253967, "irregular_past_participle_verbs": 0.7129999995231628, "irregular_plural_subject_verb_agreement_1": 0.6460000276565552, "irregular_plural_subject_verb_agreement_2": 0.6909999847412109, "left_branch_island_echo_question": 0.4779999852180481, "left_branch_island_simple_question": 0.4740000069141388, "matrix_question_npi_licensor_present": 0.23199999332427979, "npi_present_1": 0.20499999821186066, "npi_present_2": 0.24899999797344208, "only_npi_licensor_present": 0.06800000369548798, "only_npi_scope": 0.40299999713897705, "passive_1": 0.824999988079071, "passive_2": 0.8130000233650208, "principle_A_c_command": 0.6050000190734863, "principle_A_case_1": 1.0, "principle_A_case_2": 0.6620000004768372, "principle_A_domain_1": 0.9449999928474426, "principle_A_domain_2": 0.6039999723434448, "principle_A_domain_3": 0.4399999976158142, "principle_A_reconstruction": 0.42800000309944153, "regular_plural_subject_verb_agreement_1": 0.6240000128746033, "regular_plural_subject_verb_agreement_2": 0.597000002861023, "sentential_negation_npi_licensor_present": 0.968999981880188, "sentential_negation_npi_scope": 0.4749999940395355, "sentential_subject_island": 0.4350000023841858, "superlative_quantifiers_1": 0.6340000033378601, "superlative_quantifiers_2": 0.5649999976158142, "tough_vs_raising_1": 0.3869999945163727, "tough_vs_raising_2": 0.6499999761581421, "transitive": 0.6840000152587891, "wh_island": 0.23199999332427979, "wh_questions_object_gap": 0.5550000071525574, "wh_questions_subject_gap": 0.859000027179718, "wh_questions_subject_gap_long_distance": 0.9440000057220459, "wh_vs_that_no_gap": 0.9440000057220459, "wh_vs_that_no_gap_long_distance": 0.9589999914169312, "wh_vs_that_with_gap": 0.09799999743700027, "wh_vs_that_with_gap_long_distance": 0.054999999701976776}, "by_phenomenon": {"island_effects": 0.45349999889731407, "anaphor_agreement": 0.5795000046491623, "s-selection": 0.6884999871253967, "argument_structure": 0.6330000076975141, "determiner_noun_agreement": 0.7802499979734421, "subject_verb_agreement": 0.508000003794829, "ellipsis": 0.5019999891519547, "control_raising": 0.6004000008106232, "quantifiers": 0.5767500028014183, "irregular_forms": 0.7944999933242798, "npi_licensing": 0.3715714237519673, "binding": 0.6691428550652095, "filler_gap_dependency": 0.6305714334760394}}, "paloma": 343.985264221218}