{"blimp": {"by_uid": {"adjunct_island": 0.4869999885559082, "anaphor_gender_agreement": 0.3370000123977661, "anaphor_number_agreement": 0.4950000047683716, "animate_subject_passive": 0.6370000243186951, "animate_subject_trans": 0.5210000276565552, "causative": 0.42899999022483826, "complex_NP_island": 0.5040000081062317, "coordinate_structure_constraint_complex_left_branch": 0.5479999780654907, "coordinate_structure_constraint_object_extraction": 0.4830000102519989, "determiner_noun_agreement_1": 0.5099999904632568, "determiner_noun_agreement_2": 0.47600001096725464, "determiner_noun_agreement_irregular_1": 0.5130000114440918, "determiner_noun_agreement_irregular_2": 0.5249999761581421, "determiner_noun_agreement_with_adj_2": 0.4749999940395355, "determiner_noun_agreement_with_adj_irregular_1": 0.4480000138282776, "determiner_noun_agreement_with_adj_irregular_2": 0.527999997138977, "determiner_noun_agreement_with_adjective_1": 0.4970000088214874, "distractor_agreement_relational_noun": 0.4819999933242798, "distractor_agreement_relative_clause": 0.4729999899864197, "drop_argument": 0.699999988079071, "ellipsis_n_bar_1": 0.3930000066757202, "ellipsis_n_bar_2": 0.3050000071525574, "existential_there_object_raising": 0.7139999866485596, "existential_there_quantifiers_1": 0.7300000190734863, "existential_there_quantifiers_2": 0.10599999874830246, "existential_there_subject_raising": 0.5120000243186951, "expletive_it_object_raising": 0.6290000081062317, "inchoative": 0.38199999928474426, "intransitive": 0.5350000262260437, "irregular_past_participle_adjectives": 0.6100000143051147, "irregular_past_participle_verbs": 0.36899998784065247, "irregular_plural_subject_verb_agreement_1": 0.44200000166893005, "irregular_plural_subject_verb_agreement_2": 0.5099999904632568, "left_branch_island_echo_question": 0.4729999899864197, "left_branch_island_simple_question": 0.5580000281333923, "matrix_question_npi_licensor_present": 0.4729999899864197, "npi_present_1": 0.5709999799728394, "npi_present_2": 0.5220000147819519, "only_npi_licensor_present": 0.0, "only_npi_scope": 0.20000000298023224, "passive_1": 0.6299999952316284, "passive_2": 0.6579999923706055, "principle_A_c_command": 0.6579999923706055, "principle_A_case_1": 0.9950000047683716, "principle_A_case_2": 0.47099998593330383, "principle_A_domain_1": 0.8679999709129333, "principle_A_domain_2": 0.5509999990463257, "principle_A_domain_3": 0.4740000069141388, "principle_A_reconstruction": 0.5149999856948853, "regular_plural_subject_verb_agreement_1": 0.5210000276565552, "regular_plural_subject_verb_agreement_2": 0.48399999737739563, "sentential_negation_npi_licensor_present": 0.6940000057220459, "sentential_negation_npi_scope": 0.7149999737739563, "sentential_subject_island": 0.5329999923706055, "superlative_quantifiers_1": 0.08799999952316284, "superlative_quantifiers_2": 0.3149999976158142, "tough_vs_raising_1": 0.37700000405311584, "tough_vs_raising_2": 0.6740000247955322, "transitive": 0.5529999732971191, "wh_island": 0.47999998927116394, "wh_questions_object_gap": 0.7049999833106995, "wh_questions_subject_gap": 0.7580000162124634, "wh_questions_subject_gap_long_distance": 0.7329999804496765, "wh_vs_that_no_gap": 0.925000011920929, "wh_vs_that_no_gap_long_distance": 0.9369999766349792, "wh_vs_that_with_gap": 0.0560000017285347, "wh_vs_that_with_gap_long_distance": 0.057999998331069946}, "by_phenomenon": {"island_effects": 0.5082499980926514, "anaphor_agreement": 0.41600000858306885, "s-selection": 0.5790000259876251, "argument_structure": 0.5552857092448643, "determiner_noun_agreement": 0.49650000035762787, "subject_verb_agreement": 0.4853333334128062, "ellipsis": 0.3490000069141388, "control_raising": 0.5812000095844269, "quantifiers": 0.30975000374019146, "irregular_forms": 0.4895000010728836, "npi_licensing": 0.4535714238882065, "binding": 0.6474285636629377, "filler_gap_dependency": 0.5959999955126217}}, "paloma": 2179.7718211529564}