{"blimp": {"by_uid": {"adjunct_island": 0.7329999804496765, "anaphor_gender_agreement": 0.4560000002384186, "anaphor_number_agreement": 0.6460000276565552, "animate_subject_passive": 0.703000009059906, "animate_subject_trans": 0.6869999766349792, "causative": 0.4779999852180481, "complex_NP_island": 0.49900001287460327, "coordinate_structure_constraint_complex_left_branch": 0.3109999895095825, "coordinate_structure_constraint_object_extraction": 0.4569999873638153, "determiner_noun_agreement_1": 0.8320000171661377, "determiner_noun_agreement_2": 0.8119999766349792, "determiner_noun_agreement_irregular_1": 0.7289999723434448, "determiner_noun_agreement_irregular_2": 0.8270000219345093, "determiner_noun_agreement_with_adj_2": 0.7590000033378601, "determiner_noun_agreement_with_adj_irregular_1": 0.6179999709129333, "determiner_noun_agreement_with_adj_irregular_2": 0.7519999742507935, "determiner_noun_agreement_with_adjective_1": 0.7820000052452087, "distractor_agreement_relational_noun": 0.22200000286102295, "distractor_agreement_relative_clause": 0.24400000274181366, "drop_argument": 0.6930000185966492, "ellipsis_n_bar_1": 0.42500001192092896, "ellipsis_n_bar_2": 0.5199999809265137, "existential_there_object_raising": 0.7170000076293945, "existential_there_quantifiers_1": 0.7139999866485596, "existential_there_quantifiers_2": 0.3569999933242798, "existential_there_subject_raising": 0.527999997138977, "expletive_it_object_raising": 0.6819999814033508, "inchoative": 0.3720000088214874, "intransitive": 0.5619999766349792, "irregular_past_participle_adjectives": 0.7960000038146973, "irregular_past_participle_verbs": 0.746999979019165, "irregular_plural_subject_verb_agreement_1": 0.6349999904632568, "irregular_plural_subject_verb_agreement_2": 0.6790000200271606, "left_branch_island_echo_question": 0.5009999871253967, "left_branch_island_simple_question": 0.4699999988079071, "matrix_question_npi_licensor_present": 0.21799999475479126, "npi_present_1": 0.22200000286102295, "npi_present_2": 0.27799999713897705, "only_npi_licensor_present": 0.07800000160932541, "only_npi_scope": 0.4390000104904175, "passive_1": 0.8209999799728394, "passive_2": 0.8209999799728394, "principle_A_c_command": 0.6259999871253967, "principle_A_case_1": 1.0, "principle_A_case_2": 0.6420000195503235, "principle_A_domain_1": 0.9520000219345093, "principle_A_domain_2": 0.5989999771118164, "principle_A_domain_3": 0.4350000023841858, "principle_A_reconstruction": 0.37599998712539673, "regular_plural_subject_verb_agreement_1": 0.6100000143051147, "regular_plural_subject_verb_agreement_2": 0.5709999799728394, "sentential_negation_npi_licensor_present": 0.9779999852180481, "sentential_negation_npi_scope": 0.4740000069141388, "sentential_subject_island": 0.45500001311302185, "superlative_quantifiers_1": 0.6449999809265137, "superlative_quantifiers_2": 0.6060000061988831, "tough_vs_raising_1": 0.421999990940094, "tough_vs_raising_2": 0.6150000095367432, "transitive": 0.6779999732971191, "wh_island": 0.22699999809265137, "wh_questions_object_gap": 0.5479999780654907, "wh_questions_subject_gap": 0.8849999904632568, "wh_questions_subject_gap_long_distance": 0.9520000219345093, "wh_vs_that_no_gap": 0.9449999928474426, "wh_vs_that_no_gap_long_distance": 0.9670000076293945, "wh_vs_that_with_gap": 0.09799999743700027, "wh_vs_that_with_gap_long_distance": 0.04899999871850014}, "by_phenomenon": {"island_effects": 0.45662499591708183, "anaphor_agreement": 0.5510000139474869, "s-selection": 0.6949999928474426, "argument_structure": 0.6321428460734231, "determiner_noun_agreement": 0.7638749927282333, "subject_verb_agreement": 0.4935000017285347, "ellipsis": 0.4724999964237213, "control_raising": 0.5927999973297119, "quantifiers": 0.580499991774559, "irregular_forms": 0.7714999914169312, "npi_licensing": 0.38385714271238874, "binding": 0.6614285707473755, "filler_gap_dependency": 0.6348571410136563}}, "paloma": 328.76518488029984}