{"blimp": {"by_uid": {"adjunct_island": 0.7300000190734863, "anaphor_gender_agreement": 0.46700000762939453, "anaphor_number_agreement": 0.6620000004768372, "animate_subject_passive": 0.6940000057220459, "animate_subject_trans": 0.6639999747276306, "causative": 0.4659999907016754, "complex_NP_island": 0.5130000114440918, "coordinate_structure_constraint_complex_left_branch": 0.3709999918937683, "coordinate_structure_constraint_object_extraction": 0.4790000021457672, "determiner_noun_agreement_1": 0.8130000233650208, "determiner_noun_agreement_2": 0.7940000295639038, "determiner_noun_agreement_irregular_1": 0.7139999866485596, "determiner_noun_agreement_irregular_2": 0.7990000247955322, "determiner_noun_agreement_with_adj_2": 0.6970000267028809, "determiner_noun_agreement_with_adj_irregular_1": 0.5979999899864197, "determiner_noun_agreement_with_adj_irregular_2": 0.703000009059906, "determiner_noun_agreement_with_adjective_1": 0.7310000061988831, "distractor_agreement_relational_noun": 0.24400000274181366, "distractor_agreement_relative_clause": 0.24400000274181366, "drop_argument": 0.6990000009536743, "ellipsis_n_bar_1": 0.3959999978542328, "ellipsis_n_bar_2": 0.4860000014305115, "existential_there_object_raising": 0.7170000076293945, "existential_there_quantifiers_1": 0.7120000123977661, "existential_there_quantifiers_2": 0.375, "existential_there_subject_raising": 0.4950000047683716, "expletive_it_object_raising": 0.6790000200271606, "inchoative": 0.35899999737739563, "intransitive": 0.5839999914169312, "irregular_past_participle_adjectives": 0.7369999885559082, "irregular_past_participle_verbs": 0.7039999961853027, "irregular_plural_subject_verb_agreement_1": 0.6190000176429749, "irregular_plural_subject_verb_agreement_2": 0.6330000162124634, "left_branch_island_echo_question": 0.5740000009536743, "left_branch_island_simple_question": 0.48899999260902405, "matrix_question_npi_licensor_present": 0.20200000703334808, "npi_present_1": 0.19900000095367432, "npi_present_2": 0.3089999854564667, "only_npi_licensor_present": 0.12700000405311584, "only_npi_scope": 0.49000000953674316, "passive_1": 0.8180000185966492, "passive_2": 0.796999990940094, "principle_A_c_command": 0.6010000109672546, "principle_A_case_1": 1.0, "principle_A_case_2": 0.5640000104904175, "principle_A_domain_1": 0.9160000085830688, "principle_A_domain_2": 0.5910000205039978, "principle_A_domain_3": 0.4320000112056732, "principle_A_reconstruction": 0.335999995470047, "regular_plural_subject_verb_agreement_1": 0.6140000224113464, "regular_plural_subject_verb_agreement_2": 0.5600000023841858, "sentential_negation_npi_licensor_present": 0.9670000076293945, "sentential_negation_npi_scope": 0.48399999737739563, "sentential_subject_island": 0.4429999887943268, "superlative_quantifiers_1": 0.5389999747276306, "superlative_quantifiers_2": 0.6570000052452087, "tough_vs_raising_1": 0.44999998807907104, "tough_vs_raising_2": 0.6029999852180481, "transitive": 0.6570000052452087, "wh_island": 0.39399999380111694, "wh_questions_object_gap": 0.5180000066757202, "wh_questions_subject_gap": 0.8379999995231628, "wh_questions_subject_gap_long_distance": 0.9340000152587891, "wh_vs_that_no_gap": 0.9419999718666077, "wh_vs_that_no_gap_long_distance": 0.968999981880188, "wh_vs_that_with_gap": 0.09200000017881393, "wh_vs_that_with_gap_long_distance": 0.04899999871850014}, "by_phenomenon": {"island_effects": 0.49912500008940697, "anaphor_agreement": 0.5645000040531158, "s-selection": 0.6789999902248383, "argument_structure": 0.6257142850330898, "determiner_noun_agreement": 0.7311250120401382, "subject_verb_agreement": 0.4856666773557663, "ellipsis": 0.44099999964237213, "control_raising": 0.5888000011444092, "quantifiers": 0.5707499980926514, "irregular_forms": 0.7204999923706055, "npi_licensing": 0.3968571445771626, "binding": 0.6342857224600655, "filler_gap_dependency": 0.6202857105859688}}, "paloma": 403.9761957527453}