{"blimp": {"by_uid": {"adjunct_island": 0.7160000205039978, "anaphor_gender_agreement": 0.4740000069141388, "anaphor_number_agreement": 0.6600000262260437, "animate_subject_passive": 0.6959999799728394, "animate_subject_trans": 0.6809999942779541, "causative": 0.47999998927116394, "complex_NP_island": 0.49799999594688416, "coordinate_structure_constraint_complex_left_branch": 0.33000001311302185, "coordinate_structure_constraint_object_extraction": 0.4860000014305115, "determiner_noun_agreement_1": 0.859000027179718, "determiner_noun_agreement_2": 0.8270000219345093, "determiner_noun_agreement_irregular_1": 0.7279999852180481, "determiner_noun_agreement_irregular_2": 0.8429999947547913, "determiner_noun_agreement_with_adj_2": 0.7889999747276306, "determiner_noun_agreement_with_adj_irregular_1": 0.6200000047683716, "determiner_noun_agreement_with_adj_irregular_2": 0.777999997138977, "determiner_noun_agreement_with_adjective_1": 0.8090000152587891, "distractor_agreement_relational_noun": 0.22100000083446503, "distractor_agreement_relative_clause": 0.25200000405311584, "drop_argument": 0.7020000219345093, "ellipsis_n_bar_1": 0.45100000500679016, "ellipsis_n_bar_2": 0.5460000038146973, "existential_there_object_raising": 0.7239999771118164, "existential_there_quantifiers_1": 0.7379999756813049, "existential_there_quantifiers_2": 0.36500000953674316, "existential_there_subject_raising": 0.5580000281333923, "expletive_it_object_raising": 0.6809999942779541, "inchoative": 0.375, "intransitive": 0.5550000071525574, "irregular_past_participle_adjectives": 0.8539999723434448, "irregular_past_participle_verbs": 0.7229999899864197, "irregular_plural_subject_verb_agreement_1": 0.640999972820282, "irregular_plural_subject_verb_agreement_2": 0.6899999976158142, "left_branch_island_echo_question": 0.4880000054836273, "left_branch_island_simple_question": 0.47200000286102295, "matrix_question_npi_licensor_present": 0.22200000286102295, "npi_present_1": 0.22300000488758087, "npi_present_2": 0.2630000114440918, "only_npi_licensor_present": 0.07800000160932541, "only_npi_scope": 0.4350000023841858, "passive_1": 0.8299999833106995, "passive_2": 0.8230000138282776, "principle_A_c_command": 0.6119999885559082, "principle_A_case_1": 1.0, "principle_A_case_2": 0.6610000133514404, "principle_A_domain_1": 0.9390000104904175, "principle_A_domain_2": 0.6060000061988831, "principle_A_domain_3": 0.4320000112056732, "principle_A_reconstruction": 0.41200000047683716, "regular_plural_subject_verb_agreement_1": 0.6150000095367432, "regular_plural_subject_verb_agreement_2": 0.5960000157356262, "sentential_negation_npi_licensor_present": 0.9700000286102295, "sentential_negation_npi_scope": 0.44999998807907104, "sentential_subject_island": 0.4449999928474426, "superlative_quantifiers_1": 0.6729999780654907, "superlative_quantifiers_2": 0.5740000009536743, "tough_vs_raising_1": 0.3889999985694885, "tough_vs_raising_2": 0.6370000243186951, "transitive": 0.6729999780654907, "wh_island": 0.2199999988079071, "wh_questions_object_gap": 0.5649999976158142, "wh_questions_subject_gap": 0.8709999918937683, "wh_questions_subject_gap_long_distance": 0.9509999752044678, "wh_vs_that_no_gap": 0.9440000057220459, "wh_vs_that_no_gap_long_distance": 0.9599999785423279, "wh_vs_that_with_gap": 0.10499999672174454, "wh_vs_that_with_gap_long_distance": 0.05700000002980232}, "by_phenomenon": {"island_effects": 0.4568750038743019, "anaphor_agreement": 0.5670000165700912, "s-selection": 0.6884999871253967, "argument_structure": 0.6339999990803855, "determiner_noun_agreement": 0.7816250026226044, "subject_verb_agreement": 0.502500000099341, "ellipsis": 0.4985000044107437, "control_raising": 0.5978000044822693, "quantifiers": 0.5874999910593033, "irregular_forms": 0.7884999811649323, "npi_licensing": 0.37728571998221533, "binding": 0.6660000043255943, "filler_gap_dependency": 0.6361428493899959}}, "paloma": 323.2989661133663}