{"blimp": {"by_uid": {"adjunct_island": 0.7070000171661377, "anaphor_gender_agreement": 0.5019999742507935, "anaphor_number_agreement": 0.6890000104904175, "animate_subject_passive": 0.7009999752044678, "animate_subject_trans": 0.6940000057220459, "causative": 0.4909999966621399, "complex_NP_island": 0.4970000088214874, "coordinate_structure_constraint_complex_left_branch": 0.39800000190734863, "coordinate_structure_constraint_object_extraction": 0.5870000123977661, "determiner_noun_agreement_1": 0.8799999952316284, "determiner_noun_agreement_2": 0.8410000205039978, "determiner_noun_agreement_irregular_1": 0.7170000076293945, "determiner_noun_agreement_irregular_2": 0.8220000267028809, "determiner_noun_agreement_with_adj_2": 0.800000011920929, "determiner_noun_agreement_with_adj_irregular_1": 0.6499999761581421, "determiner_noun_agreement_with_adj_irregular_2": 0.7620000243186951, "determiner_noun_agreement_with_adjective_1": 0.8330000042915344, "distractor_agreement_relational_noun": 0.21199999749660492, "distractor_agreement_relative_clause": 0.25099998712539673, "drop_argument": 0.6940000057220459, "ellipsis_n_bar_1": 0.4690000116825104, "ellipsis_n_bar_2": 0.5839999914169312, "existential_there_object_raising": 0.722000002861023, "existential_there_quantifiers_1": 0.8240000009536743, "existential_there_quantifiers_2": 0.30000001192092896, "existential_there_subject_raising": 0.5910000205039978, "expletive_it_object_raising": 0.6890000104904175, "inchoative": 0.3709999918937683, "intransitive": 0.5540000200271606, "irregular_past_participle_adjectives": 0.8339999914169312, "irregular_past_participle_verbs": 0.7210000157356262, "irregular_plural_subject_verb_agreement_1": 0.6660000085830688, "irregular_plural_subject_verb_agreement_2": 0.703000009059906, "left_branch_island_echo_question": 0.4480000138282776, "left_branch_island_simple_question": 0.5099999904632568, "matrix_question_npi_licensor_present": 0.21400000154972076, "npi_present_1": 0.25, "npi_present_2": 0.30000001192092896, "only_npi_licensor_present": 0.07900000363588333, "only_npi_scope": 0.4020000100135803, "passive_1": 0.8209999799728394, "passive_2": 0.8309999704360962, "principle_A_c_command": 0.6190000176429749, "principle_A_case_1": 1.0, "principle_A_case_2": 0.6769999861717224, "principle_A_domain_1": 0.9449999928474426, "principle_A_domain_2": 0.6100000143051147, "principle_A_domain_3": 0.44600000977516174, "principle_A_reconstruction": 0.4650000035762787, "regular_plural_subject_verb_agreement_1": 0.6539999842643738, "regular_plural_subject_verb_agreement_2": 0.6470000147819519, "sentential_negation_npi_licensor_present": 0.9800000190734863, "sentential_negation_npi_scope": 0.4740000069141388, "sentential_subject_island": 0.4569999873638153, "superlative_quantifiers_1": 0.6809999942779541, "superlative_quantifiers_2": 0.6129999756813049, "tough_vs_raising_1": 0.35600000619888306, "tough_vs_raising_2": 0.6549999713897705, "transitive": 0.6869999766349792, "wh_island": 0.28600001335144043, "wh_questions_object_gap": 0.5720000267028809, "wh_questions_subject_gap": 0.8840000033378601, "wh_questions_subject_gap_long_distance": 0.9539999961853027, "wh_vs_that_no_gap": 0.9470000267028809, "wh_vs_that_no_gap_long_distance": 0.9570000171661377, "wh_vs_that_with_gap": 0.1289999932050705, "wh_vs_that_with_gap_long_distance": 0.06599999964237213}, "by_phenomenon": {"island_effects": 0.48625000566244125, "anaphor_agreement": 0.5954999923706055, "s-selection": 0.6974999904632568, "argument_structure": 0.6355714201927185, "determiner_noun_agreement": 0.7881250083446503, "subject_verb_agreement": 0.5221666668852171, "ellipsis": 0.5265000015497208, "control_raising": 0.6026000022888184, "quantifiers": 0.6044999957084656, "irregular_forms": 0.7775000035762787, "npi_licensing": 0.38557143615824835, "binding": 0.6802857177598136, "filler_gap_dependency": 0.6441428661346436}}, "paloma": 276.36144628026346}