{"blimp": {"by_uid": {"adjunct_island": 0.7160000205039978, "anaphor_gender_agreement": 0.4180000126361847, "anaphor_number_agreement": 0.5839999914169312, "animate_subject_passive": 0.6650000214576721, "animate_subject_trans": 0.5899999737739563, "causative": 0.44999998807907104, "complex_NP_island": 0.5630000233650208, "coordinate_structure_constraint_complex_left_branch": 0.4059999883174896, "coordinate_structure_constraint_object_extraction": 0.453000009059906, "determiner_noun_agreement_1": 0.7269999980926514, "determiner_noun_agreement_2": 0.7009999752044678, "determiner_noun_agreement_irregular_1": 0.6539999842643738, "determiner_noun_agreement_irregular_2": 0.722000002861023, "determiner_noun_agreement_with_adj_2": 0.5149999856948853, "determiner_noun_agreement_with_adj_irregular_1": 0.531000018119812, "determiner_noun_agreement_with_adj_irregular_2": 0.5680000185966492, "determiner_noun_agreement_with_adjective_1": 0.5619999766349792, "distractor_agreement_relational_noun": 0.3610000014305115, "distractor_agreement_relative_clause": 0.3050000071525574, "drop_argument": 0.7099999785423279, "ellipsis_n_bar_1": 0.30000001192092896, "ellipsis_n_bar_2": 0.34299999475479126, "existential_there_object_raising": 0.7049999833106995, "existential_there_quantifiers_1": 0.7850000262260437, "existential_there_quantifiers_2": 0.2549999952316284, "existential_there_subject_raising": 0.46700000762939453, "expletive_it_object_raising": 0.6790000200271606, "inchoative": 0.3840000033378601, "intransitive": 0.6029999852180481, "irregular_past_participle_adjectives": 0.640999972820282, "irregular_past_participle_verbs": 0.7139999866485596, "irregular_plural_subject_verb_agreement_1": 0.5460000038146973, "irregular_plural_subject_verb_agreement_2": 0.5680000185966492, "left_branch_island_echo_question": 0.6190000176429749, "left_branch_island_simple_question": 0.46700000762939453, "matrix_question_npi_licensor_present": 0.15299999713897705, "npi_present_1": 0.19599999487400055, "npi_present_2": 0.3540000021457672, "only_npi_licensor_present": 0.38999998569488525, "only_npi_scope": 0.5799999833106995, "passive_1": 0.777999997138977, "passive_2": 0.7559999823570251, "principle_A_c_command": 0.5730000138282776, "principle_A_case_1": 1.0, "principle_A_case_2": 0.5479999780654907, "principle_A_domain_1": 0.9200000166893005, "principle_A_domain_2": 0.5770000219345093, "principle_A_domain_3": 0.44200000166893005, "principle_A_reconstruction": 0.289000004529953, "regular_plural_subject_verb_agreement_1": 0.6269999742507935, "regular_plural_subject_verb_agreement_2": 0.5270000100135803, "sentential_negation_npi_licensor_present": 0.9779999852180481, "sentential_negation_npi_scope": 0.43799999356269836, "sentential_subject_island": 0.4779999852180481, "superlative_quantifiers_1": 0.5379999876022339, "superlative_quantifiers_2": 0.9649999737739563, "tough_vs_raising_1": 0.4620000123977661, "tough_vs_raising_2": 0.5849999785423279, "transitive": 0.6370000243186951, "wh_island": 0.5540000200271606, "wh_questions_object_gap": 0.5049999952316284, "wh_questions_subject_gap": 0.8190000057220459, "wh_questions_subject_gap_long_distance": 0.8679999709129333, "wh_vs_that_no_gap": 0.9409999847412109, "wh_vs_that_no_gap_long_distance": 0.9210000038146973, "wh_vs_that_with_gap": 0.06700000166893005, "wh_vs_that_with_gap_long_distance": 0.04699999839067459}, "by_phenomenon": {"island_effects": 0.532000008970499, "anaphor_agreement": 0.5010000020265579, "s-selection": 0.6274999976158142, "argument_structure": 0.6168571369988578, "determiner_noun_agreement": 0.6224999949336052, "subject_verb_agreement": 0.48900000254313153, "ellipsis": 0.3215000033378601, "control_raising": 0.5796000003814697, "quantifiers": 0.6357499957084656, "irregular_forms": 0.6774999797344208, "npi_licensing": 0.4412857059921537, "binding": 0.621285719530923, "filler_gap_dependency": 0.5954285657831601}}, "paloma": 564.8905460238042}