{"blimp": {"by_uid": {"adjunct_island": 0.7149999737739563, "anaphor_gender_agreement": 0.4519999921321869, "anaphor_number_agreement": 0.6140000224113464, "animate_subject_passive": 0.6589999794960022, "animate_subject_trans": 0.5929999947547913, "causative": 0.45399999618530273, "complex_NP_island": 0.5550000071525574, "coordinate_structure_constraint_complex_left_branch": 0.421999990940094, "coordinate_structure_constraint_object_extraction": 0.46700000762939453, "determiner_noun_agreement_1": 0.7680000066757202, "determiner_noun_agreement_2": 0.7480000257492065, "determiner_noun_agreement_irregular_1": 0.6840000152587891, "determiner_noun_agreement_irregular_2": 0.7409999966621399, "determiner_noun_agreement_with_adj_2": 0.5799999833106995, "determiner_noun_agreement_with_adj_irregular_1": 0.5759999752044678, "determiner_noun_agreement_with_adj_irregular_2": 0.609000027179718, "determiner_noun_agreement_with_adjective_1": 0.6150000095367432, "distractor_agreement_relational_noun": 0.3190000057220459, "distractor_agreement_relative_clause": 0.2809999883174896, "drop_argument": 0.7099999785423279, "ellipsis_n_bar_1": 0.3009999990463257, "ellipsis_n_bar_2": 0.36899998784065247, "existential_there_object_raising": 0.7020000219345093, "existential_there_quantifiers_1": 0.7889999747276306, "existential_there_quantifiers_2": 0.30300000309944153, "existential_there_subject_raising": 0.4699999988079071, "expletive_it_object_raising": 0.6740000247955322, "inchoative": 0.38100001215934753, "intransitive": 0.5979999899864197, "irregular_past_participle_adjectives": 0.7250000238418579, "irregular_past_participle_verbs": 0.7059999704360962, "irregular_plural_subject_verb_agreement_1": 0.5640000104904175, "irregular_plural_subject_verb_agreement_2": 0.5529999732971191, "left_branch_island_echo_question": 0.6269999742507935, "left_branch_island_simple_question": 0.5049999952316284, "matrix_question_npi_licensor_present": 0.17800000309944153, "npi_present_1": 0.18700000643730164, "npi_present_2": 0.3499999940395355, "only_npi_licensor_present": 0.40400001406669617, "only_npi_scope": 0.621999979019165, "passive_1": 0.777999997138977, "passive_2": 0.7570000290870667, "principle_A_c_command": 0.5590000152587891, "principle_A_case_1": 1.0, "principle_A_case_2": 0.5289999842643738, "principle_A_domain_1": 0.9070000052452087, "principle_A_domain_2": 0.574999988079071, "principle_A_domain_3": 0.4320000112056732, "principle_A_reconstruction": 0.31200000643730164, "regular_plural_subject_verb_agreement_1": 0.6399999856948853, "regular_plural_subject_verb_agreement_2": 0.5419999957084656, "sentential_negation_npi_licensor_present": 0.9760000109672546, "sentential_negation_npi_scope": 0.4410000145435333, "sentential_subject_island": 0.4449999928474426, "superlative_quantifiers_1": 0.4729999899864197, "superlative_quantifiers_2": 0.9070000052452087, "tough_vs_raising_1": 0.492000013589859, "tough_vs_raising_2": 0.5630000233650208, "transitive": 0.6399999856948853, "wh_island": 0.6029999852180481, "wh_questions_object_gap": 0.5080000162124634, "wh_questions_subject_gap": 0.8159999847412109, "wh_questions_subject_gap_long_distance": 0.8669999837875366, "wh_vs_that_no_gap": 0.9490000009536743, "wh_vs_that_no_gap_long_distance": 0.9319999814033508, "wh_vs_that_with_gap": 0.06499999761581421, "wh_vs_that_with_gap_long_distance": 0.05000000074505806}, "by_phenomenon": {"island_effects": 0.5423749908804893, "anaphor_agreement": 0.5330000072717667, "s-selection": 0.6259999871253967, "argument_structure": 0.6168571412563324, "determiner_noun_agreement": 0.6651250049471855, "subject_verb_agreement": 0.4831666598717372, "ellipsis": 0.3349999934434891, "control_raising": 0.5802000164985657, "quantifiers": 0.6179999932646751, "irregular_forms": 0.715499997138977, "npi_licensing": 0.4511428603104183, "binding": 0.6162857157843453, "filler_gap_dependency": 0.5981428522084441}}, "paloma": 521.7627601517202}