{"blimp": {"by_uid": {"adjunct_island": 0.7319999933242798, "anaphor_gender_agreement": 0.4869999885559082, "anaphor_number_agreement": 0.722000002861023, "animate_subject_passive": 0.6990000009536743, "animate_subject_trans": 0.6800000071525574, "causative": 0.48500001430511475, "complex_NP_island": 0.4880000054836273, "coordinate_structure_constraint_complex_left_branch": 0.421999990940094, "coordinate_structure_constraint_object_extraction": 0.6209999918937683, "determiner_noun_agreement_1": 0.8799999952316284, "determiner_noun_agreement_2": 0.8510000109672546, "determiner_noun_agreement_irregular_1": 0.722000002861023, "determiner_noun_agreement_irregular_2": 0.8339999914169312, "determiner_noun_agreement_with_adj_2": 0.8130000233650208, "determiner_noun_agreement_with_adj_irregular_1": 0.6710000038146973, "determiner_noun_agreement_with_adj_irregular_2": 0.7570000290870667, "determiner_noun_agreement_with_adjective_1": 0.8420000076293945, "distractor_agreement_relational_noun": 0.210999995470047, "distractor_agreement_relative_clause": 0.2329999953508377, "drop_argument": 0.6859999895095825, "ellipsis_n_bar_1": 0.49799999594688416, "ellipsis_n_bar_2": 0.5879999995231628, "existential_there_object_raising": 0.7239999771118164, "existential_there_quantifiers_1": 0.7990000247955322, "existential_there_quantifiers_2": 0.32899999618530273, "existential_there_subject_raising": 0.6159999966621399, "expletive_it_object_raising": 0.6899999976158142, "inchoative": 0.38199999928474426, "intransitive": 0.5429999828338623, "irregular_past_participle_adjectives": 0.7919999957084656, "irregular_past_participle_verbs": 0.7020000219345093, "irregular_plural_subject_verb_agreement_1": 0.6880000233650208, "irregular_plural_subject_verb_agreement_2": 0.7630000114440918, "left_branch_island_echo_question": 0.5, "left_branch_island_simple_question": 0.5019999742507935, "matrix_question_npi_licensor_present": 0.19200000166893005, "npi_present_1": 0.24199999868869781, "npi_present_2": 0.31299999356269836, "only_npi_licensor_present": 0.17399999499320984, "only_npi_scope": 0.515999972820282, "passive_1": 0.8140000104904175, "passive_2": 0.847000002861023, "principle_A_c_command": 0.6000000238418579, "principle_A_case_1": 0.9990000128746033, "principle_A_case_2": 0.6700000166893005, "principle_A_domain_1": 0.9580000042915344, "principle_A_domain_2": 0.6110000014305115, "principle_A_domain_3": 0.47099998593330383, "principle_A_reconstruction": 0.47099998593330383, "regular_plural_subject_verb_agreement_1": 0.6740000247955322, "regular_plural_subject_verb_agreement_2": 0.7129999995231628, "sentential_negation_npi_licensor_present": 0.9850000143051147, "sentential_negation_npi_scope": 0.49399998784065247, "sentential_subject_island": 0.4440000057220459, "superlative_quantifiers_1": 0.8019999861717224, "superlative_quantifiers_2": 0.8090000152587891, "tough_vs_raising_1": 0.3880000114440918, "tough_vs_raising_2": 0.6470000147819519, "transitive": 0.6890000104904175, "wh_island": 0.3630000054836273, "wh_questions_object_gap": 0.578000009059906, "wh_questions_subject_gap": 0.878000020980835, "wh_questions_subject_gap_long_distance": 0.9419999718666077, "wh_vs_that_no_gap": 0.9350000023841858, "wh_vs_that_no_gap_long_distance": 0.9380000233650208, "wh_vs_that_with_gap": 0.1459999978542328, "wh_vs_that_with_gap_long_distance": 0.09300000220537186}, "by_phenomenon": {"island_effects": 0.5089999958872795, "anaphor_agreement": 0.6044999957084656, "s-selection": 0.6895000040531158, "argument_structure": 0.6351428585393089, "determiner_noun_agreement": 0.796250008046627, "subject_verb_agreement": 0.547000008324782, "ellipsis": 0.5429999977350235, "control_raising": 0.6129999995231629, "quantifiers": 0.6847500056028366, "irregular_forms": 0.7470000088214874, "npi_licensing": 0.4165714234113693, "binding": 0.6828571472849164, "filler_gap_dependency": 0.6442857182451657}}, "paloma": 253.14237047388164}