{"blimp": {"by_uid": {"adjunct_island": 0.7269999980926514, "anaphor_gender_agreement": 0.5070000290870667, "anaphor_number_agreement": 0.718999981880188, "animate_subject_passive": 0.7039999961853027, "animate_subject_trans": 0.6830000281333923, "causative": 0.49300000071525574, "complex_NP_island": 0.4790000021457672, "coordinate_structure_constraint_complex_left_branch": 0.4189999997615814, "coordinate_structure_constraint_object_extraction": 0.6159999966621399, "determiner_noun_agreement_1": 0.878000020980835, "determiner_noun_agreement_2": 0.8579999804496765, "determiner_noun_agreement_irregular_1": 0.7250000238418579, "determiner_noun_agreement_irregular_2": 0.8460000157356262, "determiner_noun_agreement_with_adj_2": 0.8140000104904175, "determiner_noun_agreement_with_adj_irregular_1": 0.6759999990463257, "determiner_noun_agreement_with_adj_irregular_2": 0.7549999952316284, "determiner_noun_agreement_with_adjective_1": 0.8379999995231628, "distractor_agreement_relational_noun": 0.22300000488758087, "distractor_agreement_relative_clause": 0.23499999940395355, "drop_argument": 0.6919999718666077, "ellipsis_n_bar_1": 0.4950000047683716, "ellipsis_n_bar_2": 0.5879999995231628, "existential_there_object_raising": 0.7289999723434448, "existential_there_quantifiers_1": 0.8009999990463257, "existential_there_quantifiers_2": 0.33399999141693115, "existential_there_subject_raising": 0.6150000095367432, "expletive_it_object_raising": 0.6909999847412109, "inchoative": 0.38999998569488525, "intransitive": 0.5490000247955322, "irregular_past_participle_adjectives": 0.7940000295639038, "irregular_past_participle_verbs": 0.6970000267028809, "irregular_plural_subject_verb_agreement_1": 0.6779999732971191, "irregular_plural_subject_verb_agreement_2": 0.7689999938011169, "left_branch_island_echo_question": 0.49799999594688416, "left_branch_island_simple_question": 0.5009999871253967, "matrix_question_npi_licensor_present": 0.19499999284744263, "npi_present_1": 0.25999999046325684, "npi_present_2": 0.3199999928474426, "only_npi_licensor_present": 0.18799999356269836, "only_npi_scope": 0.5189999938011169, "passive_1": 0.8209999799728394, "passive_2": 0.843999981880188, "principle_A_c_command": 0.6050000190734863, "principle_A_case_1": 0.9990000128746033, "principle_A_case_2": 0.6740000247955322, "principle_A_domain_1": 0.9589999914169312, "principle_A_domain_2": 0.6079999804496765, "principle_A_domain_3": 0.4620000123977661, "principle_A_reconstruction": 0.44999998807907104, "regular_plural_subject_verb_agreement_1": 0.6850000023841858, "regular_plural_subject_verb_agreement_2": 0.7139999866485596, "sentential_negation_npi_licensor_present": 0.9850000143051147, "sentential_negation_npi_scope": 0.49900001287460327, "sentential_subject_island": 0.4339999854564667, "superlative_quantifiers_1": 0.7829999923706055, "superlative_quantifiers_2": 0.8100000023841858, "tough_vs_raising_1": 0.382999986410141, "tough_vs_raising_2": 0.6499999761581421, "transitive": 0.6940000057220459, "wh_island": 0.39399999380111694, "wh_questions_object_gap": 0.5849999785423279, "wh_questions_subject_gap": 0.8939999938011169, "wh_questions_subject_gap_long_distance": 0.9520000219345093, "wh_vs_that_no_gap": 0.9430000185966492, "wh_vs_that_no_gap_long_distance": 0.953000009059906, "wh_vs_that_with_gap": 0.14100000262260437, "wh_vs_that_with_gap_long_distance": 0.08399999886751175}, "by_phenomenon": {"island_effects": 0.5084999948740005, "anaphor_agreement": 0.6130000054836273, "s-selection": 0.6935000121593475, "argument_structure": 0.6404285643781934, "determiner_noun_agreement": 0.7987500056624413, "subject_verb_agreement": 0.5506666600704193, "ellipsis": 0.5415000021457672, "control_raising": 0.6135999858379364, "quantifiers": 0.681999996304512, "irregular_forms": 0.7455000281333923, "npi_licensing": 0.42371428438595365, "binding": 0.6795714327267238, "filler_gap_dependency": 0.6502857176320893}}, "paloma": 254.43709675592828}