{"blimp": {"by_uid": {"adjunct_island": 0.7319999933242798, "anaphor_gender_agreement": 0.515999972820282, "anaphor_number_agreement": 0.7310000061988831, "animate_subject_passive": 0.7009999752044678, "animate_subject_trans": 0.6800000071525574, "causative": 0.492000013589859, "complex_NP_island": 0.47699999809265137, "coordinate_structure_constraint_complex_left_branch": 0.421999990940094, "coordinate_structure_constraint_object_extraction": 0.625, "determiner_noun_agreement_1": 0.8830000162124634, "determiner_noun_agreement_2": 0.8519999980926514, "determiner_noun_agreement_irregular_1": 0.7260000109672546, "determiner_noun_agreement_irregular_2": 0.8289999961853027, "determiner_noun_agreement_with_adj_2": 0.8100000023841858, "determiner_noun_agreement_with_adj_irregular_1": 0.6690000295639038, "determiner_noun_agreement_with_adj_irregular_2": 0.7519999742507935, "determiner_noun_agreement_with_adjective_1": 0.843999981880188, "distractor_agreement_relational_noun": 0.2160000056028366, "distractor_agreement_relative_clause": 0.2409999966621399, "drop_argument": 0.6930000185966492, "ellipsis_n_bar_1": 0.5059999823570251, "ellipsis_n_bar_2": 0.5960000157356262, "existential_there_object_raising": 0.7310000061988831, "existential_there_quantifiers_1": 0.7850000262260437, "existential_there_quantifiers_2": 0.3230000138282776, "existential_there_subject_raising": 0.6129999756813049, "expletive_it_object_raising": 0.6899999976158142, "inchoative": 0.3880000114440918, "intransitive": 0.5529999732971191, "irregular_past_participle_adjectives": 0.7940000295639038, "irregular_past_participle_verbs": 0.7039999961853027, "irregular_plural_subject_verb_agreement_1": 0.6769999861717224, "irregular_plural_subject_verb_agreement_2": 0.7570000290870667, "left_branch_island_echo_question": 0.48500001430511475, "left_branch_island_simple_question": 0.4959999918937683, "matrix_question_npi_licensor_present": 0.19300000369548798, "npi_present_1": 0.23999999463558197, "npi_present_2": 0.31700000166893005, "only_npi_licensor_present": 0.1809999942779541, "only_npi_scope": 0.5180000066757202, "passive_1": 0.8159999847412109, "passive_2": 0.8429999947547913, "principle_A_c_command": 0.5960000157356262, "principle_A_case_1": 0.9990000128746033, "principle_A_case_2": 0.6769999861717224, "principle_A_domain_1": 0.9559999704360962, "principle_A_domain_2": 0.6100000143051147, "principle_A_domain_3": 0.46399998664855957, "principle_A_reconstruction": 0.4490000009536743, "regular_plural_subject_verb_agreement_1": 0.6769999861717224, "regular_plural_subject_verb_agreement_2": 0.7039999961853027, "sentential_negation_npi_licensor_present": 0.9829999804496765, "sentential_negation_npi_scope": 0.49399998784065247, "sentential_subject_island": 0.4399999976158142, "superlative_quantifiers_1": 0.7910000085830688, "superlative_quantifiers_2": 0.7950000166893005, "tough_vs_raising_1": 0.382999986410141, "tough_vs_raising_2": 0.6420000195503235, "transitive": 0.6909999847412109, "wh_island": 0.335999995470047, "wh_questions_object_gap": 0.5839999914169312, "wh_questions_subject_gap": 0.8899999856948853, "wh_questions_subject_gap_long_distance": 0.9549999833106995, "wh_vs_that_no_gap": 0.9419999718666077, "wh_vs_that_no_gap_long_distance": 0.953000009059906, "wh_vs_that_with_gap": 0.1379999965429306, "wh_vs_that_with_gap_long_distance": 0.07800000160932541}, "by_phenomenon": {"island_effects": 0.5016249977052212, "anaphor_agreement": 0.6234999895095825, "s-selection": 0.6904999911785126, "argument_structure": 0.6394285687378475, "determiner_noun_agreement": 0.7956250011920929, "subject_verb_agreement": 0.5453333333134651, "ellipsis": 0.5509999990463257, "control_raising": 0.6117999970912933, "quantifiers": 0.6735000163316727, "irregular_forms": 0.7490000128746033, "npi_licensing": 0.4179999956062862, "binding": 0.6787142838750567, "filler_gap_dependency": 0.6485714199287551}}, "paloma": 257.32412008425086}