{"blimp": {"by_uid": {"adjunct_island": 0.7289999723434448, "anaphor_gender_agreement": 0.5410000085830688, "anaphor_number_agreement": 0.7590000033378601, "animate_subject_passive": 0.6899999976158142, "animate_subject_trans": 0.675000011920929, "causative": 0.4869999885559082, "complex_NP_island": 0.4909999966621399, "coordinate_structure_constraint_complex_left_branch": 0.48899999260902405, "coordinate_structure_constraint_object_extraction": 0.6299999952316284, "determiner_noun_agreement_1": 0.8809999823570251, "determiner_noun_agreement_2": 0.8730000257492065, "determiner_noun_agreement_irregular_1": 0.7289999723434448, "determiner_noun_agreement_irregular_2": 0.847000002861023, "determiner_noun_agreement_with_adj_2": 0.8130000233650208, "determiner_noun_agreement_with_adj_irregular_1": 0.6919999718666077, "determiner_noun_agreement_with_adj_irregular_2": 0.7580000162124634, "determiner_noun_agreement_with_adjective_1": 0.8429999947547913, "distractor_agreement_relational_noun": 0.21699999272823334, "distractor_agreement_relative_clause": 0.22699999809265137, "drop_argument": 0.6930000185966492, "ellipsis_n_bar_1": 0.5339999794960022, "ellipsis_n_bar_2": 0.6000000238418579, "existential_there_object_raising": 0.7419999837875366, "existential_there_quantifiers_1": 0.7860000133514404, "existential_there_quantifiers_2": 0.3499999940395355, "existential_there_subject_raising": 0.6549999713897705, "expletive_it_object_raising": 0.699999988079071, "inchoative": 0.3889999985694885, "intransitive": 0.5479999780654907, "irregular_past_participle_adjectives": 0.8050000071525574, "irregular_past_participle_verbs": 0.722000002861023, "irregular_plural_subject_verb_agreement_1": 0.6729999780654907, "irregular_plural_subject_verb_agreement_2": 0.781000018119812, "left_branch_island_echo_question": 0.5260000228881836, "left_branch_island_simple_question": 0.5189999938011169, "matrix_question_npi_licensor_present": 0.2150000035762787, "npi_present_1": 0.2329999953508377, "npi_present_2": 0.30300000309944153, "only_npi_licensor_present": 0.11299999803304672, "only_npi_scope": 0.5600000023841858, "passive_1": 0.8190000057220459, "passive_2": 0.8460000157356262, "principle_A_c_command": 0.5950000286102295, "principle_A_case_1": 1.0, "principle_A_case_2": 0.6769999861717224, "principle_A_domain_1": 0.9599999785423279, "principle_A_domain_2": 0.6269999742507935, "principle_A_domain_3": 0.45399999618530273, "principle_A_reconstruction": 0.4569999873638153, "regular_plural_subject_verb_agreement_1": 0.6890000104904175, "regular_plural_subject_verb_agreement_2": 0.7250000238418579, "sentential_negation_npi_licensor_present": 0.9950000047683716, "sentential_negation_npi_scope": 0.49900001287460327, "sentential_subject_island": 0.43299999833106995, "superlative_quantifiers_1": 0.7440000176429749, "superlative_quantifiers_2": 0.7450000047683716, "tough_vs_raising_1": 0.3970000147819519, "tough_vs_raising_2": 0.6470000147819519, "transitive": 0.6919999718666077, "wh_island": 0.35499998927116394, "wh_questions_object_gap": 0.597000002861023, "wh_questions_subject_gap": 0.9120000004768372, "wh_questions_subject_gap_long_distance": 0.9520000219345093, "wh_vs_that_no_gap": 0.9449999928474426, "wh_vs_that_no_gap_long_distance": 0.9490000009536743, "wh_vs_that_with_gap": 0.1420000046491623, "wh_vs_that_with_gap_long_distance": 0.10199999809265137}, "by_phenomenon": {"island_effects": 0.5214999951422215, "anaphor_agreement": 0.6500000059604645, "s-selection": 0.6825000047683716, "argument_structure": 0.6391428538731166, "determiner_noun_agreement": 0.8044999986886978, "subject_verb_agreement": 0.5520000035564104, "ellipsis": 0.56700000166893, "control_raising": 0.6281999945640564, "quantifiers": 0.6562500074505806, "irregular_forms": 0.7635000050067902, "npi_licensing": 0.41685714572668076, "binding": 0.6814285644463131, "filler_gap_dependency": 0.6570000031164714}}, "paloma": 228.7659314853389}