{"blimp": {"by_uid": {"adjunct_island": 0.7360000014305115, "anaphor_gender_agreement": 0.5149999856948853, "anaphor_number_agreement": 0.7229999899864197, "animate_subject_passive": 0.6940000057220459, "animate_subject_trans": 0.6809999942779541, "causative": 0.49399998784065247, "complex_NP_island": 0.48399999737739563, "coordinate_structure_constraint_complex_left_branch": 0.4259999990463257, "coordinate_structure_constraint_object_extraction": 0.6230000257492065, "determiner_noun_agreement_1": 0.8809999823570251, "determiner_noun_agreement_2": 0.8510000109672546, "determiner_noun_agreement_irregular_1": 0.7260000109672546, "determiner_noun_agreement_irregular_2": 0.8330000042915344, "determiner_noun_agreement_with_adj_2": 0.8119999766349792, "determiner_noun_agreement_with_adj_irregular_1": 0.6690000295639038, "determiner_noun_agreement_with_adj_irregular_2": 0.7480000257492065, "determiner_noun_agreement_with_adjective_1": 0.847000002861023, "distractor_agreement_relational_noun": 0.22200000286102295, "distractor_agreement_relative_clause": 0.2409999966621399, "drop_argument": 0.6919999718666077, "ellipsis_n_bar_1": 0.48500001430511475, "ellipsis_n_bar_2": 0.5889999866485596, "existential_there_object_raising": 0.7260000109672546, "existential_there_quantifiers_1": 0.7870000004768372, "existential_there_quantifiers_2": 0.33500000834465027, "existential_there_subject_raising": 0.6110000014305115, "expletive_it_object_raising": 0.6869999766349792, "inchoative": 0.38100001215934753, "intransitive": 0.5479999780654907, "irregular_past_participle_adjectives": 0.8040000200271606, "irregular_past_participle_verbs": 0.6970000267028809, "irregular_plural_subject_verb_agreement_1": 0.6759999990463257, "irregular_plural_subject_verb_agreement_2": 0.7609999775886536, "left_branch_island_echo_question": 0.492000013589859, "left_branch_island_simple_question": 0.49900001287460327, "matrix_question_npi_licensor_present": 0.1940000057220459, "npi_present_1": 0.22100000083446503, "npi_present_2": 0.30399999022483826, "only_npi_licensor_present": 0.16699999570846558, "only_npi_scope": 0.5080000162124634, "passive_1": 0.8159999847412109, "passive_2": 0.8460000157356262, "principle_A_c_command": 0.5979999899864197, "principle_A_case_1": 0.9990000128746033, "principle_A_case_2": 0.6759999990463257, "principle_A_domain_1": 0.9610000252723694, "principle_A_domain_2": 0.6179999709129333, "principle_A_domain_3": 0.46000000834465027, "principle_A_reconstruction": 0.4620000123977661, "regular_plural_subject_verb_agreement_1": 0.6769999861717224, "regular_plural_subject_verb_agreement_2": 0.7039999961853027, "sentential_negation_npi_licensor_present": 0.9829999804496765, "sentential_negation_npi_scope": 0.4959999918937683, "sentential_subject_island": 0.4410000145435333, "superlative_quantifiers_1": 0.8080000281333923, "superlative_quantifiers_2": 0.7960000038146973, "tough_vs_raising_1": 0.3869999945163727, "tough_vs_raising_2": 0.6380000114440918, "transitive": 0.6980000138282776, "wh_island": 0.3529999852180481, "wh_questions_object_gap": 0.5950000286102295, "wh_questions_subject_gap": 0.8899999856948853, "wh_questions_subject_gap_long_distance": 0.9549999833106995, "wh_vs_that_no_gap": 0.9419999718666077, "wh_vs_that_no_gap_long_distance": 0.953000009059906, "wh_vs_that_with_gap": 0.13699999451637268, "wh_vs_that_with_gap_long_distance": 0.07800000160932541}, "by_phenomenon": {"island_effects": 0.5067500062286854, "anaphor_agreement": 0.6189999878406525, "s-selection": 0.6875, "argument_structure": 0.6392857091767448, "determiner_noun_agreement": 0.7958750054240227, "subject_verb_agreement": 0.5468333264191946, "ellipsis": 0.5370000004768372, "control_raising": 0.609799998998642, "quantifiers": 0.6815000101923943, "irregular_forms": 0.7505000233650208, "npi_licensing": 0.41042856872081757, "binding": 0.6820000026907239, "filler_gap_dependency": 0.6499999963811466}}, "paloma": 258.4138415545952}