{"blimp": {"by_uid": {"adjunct_island": 0.7110000252723694, "anaphor_gender_agreement": 0.4959999918937683, "anaphor_number_agreement": 0.6660000085830688, "animate_subject_passive": 0.6890000104904175, "animate_subject_trans": 0.6809999942779541, "causative": 0.4970000088214874, "complex_NP_island": 0.49900001287460327, "coordinate_structure_constraint_complex_left_branch": 0.3370000123977661, "coordinate_structure_constraint_object_extraction": 0.4959999918937683, "determiner_noun_agreement_1": 0.8669999837875366, "determiner_noun_agreement_2": 0.8389999866485596, "determiner_noun_agreement_irregular_1": 0.734000027179718, "determiner_noun_agreement_irregular_2": 0.8410000205039978, "determiner_noun_agreement_with_adj_2": 0.7929999828338623, "determiner_noun_agreement_with_adj_irregular_1": 0.6309999823570251, "determiner_noun_agreement_with_adj_irregular_2": 0.7680000066757202, "determiner_noun_agreement_with_adjective_1": 0.8149999976158142, "distractor_agreement_relational_noun": 0.210999995470047, "distractor_agreement_relative_clause": 0.2540000081062317, "drop_argument": 0.7009999752044678, "ellipsis_n_bar_1": 0.4440000057220459, "ellipsis_n_bar_2": 0.5509999990463257, "existential_there_object_raising": 0.718999981880188, "existential_there_quantifiers_1": 0.7910000085830688, "existential_there_quantifiers_2": 0.3319999873638153, "existential_there_subject_raising": 0.5669999718666077, "expletive_it_object_raising": 0.671999990940094, "inchoative": 0.37400001287460327, "intransitive": 0.5630000233650208, "irregular_past_participle_adjectives": 0.8050000071525574, "irregular_past_participle_verbs": 0.7310000061988831, "irregular_plural_subject_verb_agreement_1": 0.6579999923706055, "irregular_plural_subject_verb_agreement_2": 0.6859999895095825, "left_branch_island_echo_question": 0.5, "left_branch_island_simple_question": 0.5019999742507935, "matrix_question_npi_licensor_present": 0.21899999678134918, "npi_present_1": 0.23100000619888306, "npi_present_2": 0.27399998903274536, "only_npi_licensor_present": 0.08699999749660492, "only_npi_scope": 0.42899999022483826, "passive_1": 0.8169999718666077, "passive_2": 0.8220000267028809, "principle_A_c_command": 0.6079999804496765, "principle_A_case_1": 1.0, "principle_A_case_2": 0.6690000295639038, "principle_A_domain_1": 0.9390000104904175, "principle_A_domain_2": 0.609000027179718, "principle_A_domain_3": 0.4410000145435333, "principle_A_reconstruction": 0.4359999895095825, "regular_plural_subject_verb_agreement_1": 0.6209999918937683, "regular_plural_subject_verb_agreement_2": 0.6110000014305115, "sentential_negation_npi_licensor_present": 0.984000027179718, "sentential_negation_npi_scope": 0.47099998593330383, "sentential_subject_island": 0.46299999952316284, "superlative_quantifiers_1": 0.6589999794960022, "superlative_quantifiers_2": 0.5429999828338623, "tough_vs_raising_1": 0.37299999594688416, "tough_vs_raising_2": 0.6629999876022339, "transitive": 0.6819999814033508, "wh_island": 0.19900000095367432, "wh_questions_object_gap": 0.5680000185966492, "wh_questions_subject_gap": 0.8790000081062317, "wh_questions_subject_gap_long_distance": 0.9520000219345093, "wh_vs_that_no_gap": 0.9430000185966492, "wh_vs_that_no_gap_long_distance": 0.9580000042915344, "wh_vs_that_with_gap": 0.10499999672174454, "wh_vs_that_with_gap_long_distance": 0.05999999865889549}, "by_phenomenon": {"island_effects": 0.4633750021457672, "anaphor_agreement": 0.5810000002384186, "s-selection": 0.6850000023841858, "argument_structure": 0.6365714286054883, "determiner_noun_agreement": 0.7859999984502792, "subject_verb_agreement": 0.5068333297967911, "ellipsis": 0.4975000023841858, "control_raising": 0.5987999856472015, "quantifiers": 0.5812499895691872, "irregular_forms": 0.7680000066757202, "npi_licensing": 0.3849999989782061, "binding": 0.6717142931052617, "filler_gap_dependency": 0.6378571524151734}}, "paloma": 305.71456513288547}