{"blimp": {"by_uid": {"adjunct_island": 0.5059999823570251, "anaphor_gender_agreement": 0.46000000834465027, "anaphor_number_agreement": 0.49900001287460327, "animate_subject_passive": 0.5189999938011169, "animate_subject_trans": 0.5799999833106995, "causative": 0.4300000071525574, "complex_NP_island": 0.527999997138977, "coordinate_structure_constraint_complex_left_branch": 0.5569999814033508, "coordinate_structure_constraint_object_extraction": 0.5849999785423279, "determiner_noun_agreement_1": 0.49000000953674316, "determiner_noun_agreement_2": 0.5199999809265137, "determiner_noun_agreement_irregular_1": 0.5109999775886536, "determiner_noun_agreement_irregular_2": 0.4729999899864197, "determiner_noun_agreement_with_adj_2": 0.5120000243186951, "determiner_noun_agreement_with_adj_irregular_1": 0.4740000069141388, "determiner_noun_agreement_with_adj_irregular_2": 0.4880000054836273, "determiner_noun_agreement_with_adjective_1": 0.5130000114440918, "distractor_agreement_relational_noun": 0.49399998784065247, "distractor_agreement_relative_clause": 0.48399999737739563, "drop_argument": 0.6980000138282776, "ellipsis_n_bar_1": 0.5529999732971191, "ellipsis_n_bar_2": 0.34299999475479126, "existential_there_object_raising": 0.5870000123977661, "existential_there_quantifiers_1": 0.2280000001192093, "existential_there_quantifiers_2": 0.2370000034570694, "existential_there_subject_raising": 0.5, "expletive_it_object_raising": 0.5809999704360962, "inchoative": 0.42800000309944153, "intransitive": 0.5879999995231628, "irregular_past_participle_adjectives": 0.5540000200271606, "irregular_past_participle_verbs": 0.48899999260902405, "irregular_plural_subject_verb_agreement_1": 0.46700000762939453, "irregular_plural_subject_verb_agreement_2": 0.5400000214576721, "left_branch_island_echo_question": 0.42500001192092896, "left_branch_island_simple_question": 0.5059999823570251, "matrix_question_npi_licensor_present": 0.625, "npi_present_1": 0.49900001287460327, "npi_present_2": 0.4429999887943268, "only_npi_licensor_present": 0.26600000262260437, "only_npi_scope": 0.4959999918937683, "passive_1": 0.5699999928474426, "passive_2": 0.6209999918937683, "principle_A_c_command": 0.5379999876022339, "principle_A_case_1": 0.5580000281333923, "principle_A_case_2": 0.4740000069141388, "principle_A_domain_1": 0.37299999594688416, "principle_A_domain_2": 0.503000020980835, "principle_A_domain_3": 0.460999995470047, "principle_A_reconstruction": 0.5049999952316284, "regular_plural_subject_verb_agreement_1": 0.5429999828338623, "regular_plural_subject_verb_agreement_2": 0.47699999809265137, "sentential_negation_npi_licensor_present": 0.8119999766349792, "sentential_negation_npi_scope": 0.5540000200271606, "sentential_subject_island": 0.49000000953674316, "superlative_quantifiers_1": 0.375, "superlative_quantifiers_2": 0.42100000381469727, "tough_vs_raising_1": 0.414000004529953, "tough_vs_raising_2": 0.6200000047683716, "transitive": 0.5080000162124634, "wh_island": 0.36000001430511475, "wh_questions_object_gap": 0.4620000123977661, "wh_questions_subject_gap": 0.42800000309944153, "wh_questions_subject_gap_long_distance": 0.38199999928474426, "wh_vs_that_no_gap": 0.37299999594688416, "wh_vs_that_no_gap_long_distance": 0.382999986410141, "wh_vs_that_with_gap": 0.5740000009536743, "wh_vs_that_with_gap_long_distance": 0.6510000228881836}, "by_phenomenon": {"island_effects": 0.4946249946951866, "anaphor_agreement": 0.47950001060962677, "s-selection": 0.5494999885559082, "argument_structure": 0.5490000035081591, "determiner_noun_agreement": 0.4976250007748604, "subject_verb_agreement": 0.5008333325386047, "ellipsis": 0.4479999840259552, "control_raising": 0.5403999984264374, "quantifiers": 0.315250001847744, "irregular_forms": 0.5215000063180923, "npi_licensing": 0.5278571418353489, "binding": 0.48742857575416565, "filler_gap_dependency": 0.46471428871154785}}, "paloma": 50919.92296385017}