{"blimp": {"by_uid": {"adjunct_island": 0.7129999995231628, "anaphor_gender_agreement": 0.42500001192092896, "anaphor_number_agreement": 0.5960000157356262, "animate_subject_passive": 0.6499999761581421, "animate_subject_trans": 0.6000000238418579, "causative": 0.4519999921321869, "complex_NP_island": 0.5600000023841858, "coordinate_structure_constraint_complex_left_branch": 0.4259999990463257, "coordinate_structure_constraint_object_extraction": 0.4749999940395355, "determiner_noun_agreement_1": 0.75, "determiner_noun_agreement_2": 0.7310000061988831, "determiner_noun_agreement_irregular_1": 0.6650000214576721, "determiner_noun_agreement_irregular_2": 0.7310000061988831, "determiner_noun_agreement_with_adj_2": 0.5360000133514404, "determiner_noun_agreement_with_adj_irregular_1": 0.5590000152587891, "determiner_noun_agreement_with_adj_irregular_2": 0.5910000205039978, "determiner_noun_agreement_with_adjective_1": 0.5910000205039978, "distractor_agreement_relational_noun": 0.3330000042915344, "distractor_agreement_relative_clause": 0.2939999997615814, "drop_argument": 0.7149999737739563, "ellipsis_n_bar_1": 0.30300000309944153, "ellipsis_n_bar_2": 0.3540000021457672, "existential_there_object_raising": 0.7039999961853027, "existential_there_quantifiers_1": 0.7799999713897705, "existential_there_quantifiers_2": 0.28299999237060547, "existential_there_subject_raising": 0.4659999907016754, "expletive_it_object_raising": 0.671999990940094, "inchoative": 0.3869999945163727, "intransitive": 0.5960000157356262, "irregular_past_participle_adjectives": 0.7110000252723694, "irregular_past_participle_verbs": 0.7059999704360962, "irregular_plural_subject_verb_agreement_1": 0.5619999766349792, "irregular_plural_subject_verb_agreement_2": 0.5479999780654907, "left_branch_island_echo_question": 0.6290000081062317, "left_branch_island_simple_question": 0.4970000088214874, "matrix_question_npi_licensor_present": 0.16200000047683716, "npi_present_1": 0.20600000023841858, "npi_present_2": 0.3529999852180481, "only_npi_licensor_present": 0.4440000057220459, "only_npi_scope": 0.6380000114440918, "passive_1": 0.7820000052452087, "passive_2": 0.7519999742507935, "principle_A_c_command": 0.5690000057220459, "principle_A_case_1": 1.0, "principle_A_case_2": 0.5419999957084656, "principle_A_domain_1": 0.9089999794960022, "principle_A_domain_2": 0.5799999833106995, "principle_A_domain_3": 0.4390000104904175, "principle_A_reconstruction": 0.3009999990463257, "regular_plural_subject_verb_agreement_1": 0.6320000290870667, "regular_plural_subject_verb_agreement_2": 0.5260000228881836, "sentential_negation_npi_licensor_present": 0.9760000109672546, "sentential_negation_npi_scope": 0.42500001192092896, "sentential_subject_island": 0.4729999899864197, "superlative_quantifiers_1": 0.5049999952316284, "superlative_quantifiers_2": 0.9340000152587891, "tough_vs_raising_1": 0.47099998593330383, "tough_vs_raising_2": 0.5740000009536743, "transitive": 0.6420000195503235, "wh_island": 0.5899999737739563, "wh_questions_object_gap": 0.4880000054836273, "wh_questions_subject_gap": 0.8009999990463257, "wh_questions_subject_gap_long_distance": 0.8700000047683716, "wh_vs_that_no_gap": 0.9399999976158142, "wh_vs_that_no_gap_long_distance": 0.921999990940094, "wh_vs_that_with_gap": 0.06800000369548798, "wh_vs_that_with_gap_long_distance": 0.04899999871850014}, "by_phenomenon": {"island_effects": 0.5453749969601631, "anaphor_agreement": 0.5105000138282776, "s-selection": 0.625, "argument_structure": 0.6179999964577811, "determiner_noun_agreement": 0.6442500129342079, "subject_verb_agreement": 0.48250000178813934, "ellipsis": 0.32850000262260437, "control_raising": 0.5773999929428101, "quantifiers": 0.6254999935626984, "irregular_forms": 0.7084999978542328, "npi_licensing": 0.4577142894268036, "binding": 0.6199999962534223, "filler_gap_dependency": 0.5911428571811744}}, "paloma": 550.0322107866666}