{"blimp": {"by_uid": {"adjunct_island": 0.7170000076293945, "anaphor_gender_agreement": 0.5130000114440918, "anaphor_number_agreement": 0.7490000128746033, "animate_subject_passive": 0.6940000057220459, "animate_subject_trans": 0.6690000295639038, "causative": 0.49300000071525574, "complex_NP_island": 0.4869999885559082, "coordinate_structure_constraint_complex_left_branch": 0.4869999885559082, "coordinate_structure_constraint_object_extraction": 0.6029999852180481, "determiner_noun_agreement_1": 0.8859999775886536, "determiner_noun_agreement_2": 0.8730000257492065, "determiner_noun_agreement_irregular_1": 0.7300000190734863, "determiner_noun_agreement_irregular_2": 0.8560000061988831, "determiner_noun_agreement_with_adj_2": 0.8050000071525574, "determiner_noun_agreement_with_adj_irregular_1": 0.6990000009536743, "determiner_noun_agreement_with_adj_irregular_2": 0.7429999709129333, "determiner_noun_agreement_with_adjective_1": 0.8320000171661377, "distractor_agreement_relational_noun": 0.23800000548362732, "distractor_agreement_relative_clause": 0.2409999966621399, "drop_argument": 0.6869999766349792, "ellipsis_n_bar_1": 0.531000018119812, "ellipsis_n_bar_2": 0.6039999723434448, "existential_there_object_raising": 0.746999979019165, "existential_there_quantifiers_1": 0.7919999957084656, "existential_there_quantifiers_2": 0.3269999921321869, "existential_there_subject_raising": 0.6549999713897705, "expletive_it_object_raising": 0.699999988079071, "inchoative": 0.40299999713897705, "intransitive": 0.5410000085830688, "irregular_past_participle_adjectives": 0.8349999785423279, "irregular_past_participle_verbs": 0.734000027179718, "irregular_plural_subject_verb_agreement_1": 0.6850000023841858, "irregular_plural_subject_verb_agreement_2": 0.7929999828338623, "left_branch_island_echo_question": 0.5389999747276306, "left_branch_island_simple_question": 0.5130000114440918, "matrix_question_npi_licensor_present": 0.23000000417232513, "npi_present_1": 0.2529999911785126, "npi_present_2": 0.31299999356269836, "only_npi_licensor_present": 0.10000000149011612, "only_npi_scope": 0.6209999918937683, "passive_1": 0.8140000104904175, "passive_2": 0.8450000286102295, "principle_A_c_command": 0.5809999704360962, "principle_A_case_1": 1.0, "principle_A_case_2": 0.6850000023841858, "principle_A_domain_1": 0.9539999961853027, "principle_A_domain_2": 0.6480000019073486, "principle_A_domain_3": 0.4580000042915344, "principle_A_reconstruction": 0.4560000002384186, "regular_plural_subject_verb_agreement_1": 0.7099999785423279, "regular_plural_subject_verb_agreement_2": 0.7379999756813049, "sentential_negation_npi_licensor_present": 0.9940000176429749, "sentential_negation_npi_scope": 0.4880000054836273, "sentential_subject_island": 0.4399999976158142, "superlative_quantifiers_1": 0.6499999761581421, "superlative_quantifiers_2": 0.7319999933242798, "tough_vs_raising_1": 0.4059999883174896, "tough_vs_raising_2": 0.6470000147819519, "transitive": 0.6990000009536743, "wh_island": 0.39800000190734863, "wh_questions_object_gap": 0.5960000157356262, "wh_questions_subject_gap": 0.9100000262260437, "wh_questions_subject_gap_long_distance": 0.953000009059906, "wh_vs_that_no_gap": 0.9449999928474426, "wh_vs_that_no_gap_long_distance": 0.9559999704360962, "wh_vs_that_with_gap": 0.1289999932050705, "wh_vs_that_with_gap_long_distance": 0.08500000089406967}, "by_phenomenon": {"island_effects": 0.522999994456768, "anaphor_agreement": 0.6310000121593475, "s-selection": 0.6815000176429749, "argument_structure": 0.6402857175895146, "determiner_noun_agreement": 0.8030000030994415, "subject_verb_agreement": 0.5674999902645746, "ellipsis": 0.5674999952316284, "control_raising": 0.6309999883174896, "quantifiers": 0.6252499893307686, "irregular_forms": 0.784500002861023, "npi_licensing": 0.42842857220343183, "binding": 0.6831428536346981, "filler_gap_dependency": 0.6534285726291793}}, "paloma": 222.72487177965118}