{"blimp": {"by_uid": {"adjunct_island": 0.7390000224113464, "anaphor_gender_agreement": 0.5249999761581421, "anaphor_number_agreement": 0.7549999952316284, "animate_subject_passive": 0.6959999799728394, "animate_subject_trans": 0.6700000166893005, "causative": 0.47099998593330383, "complex_NP_island": 0.48100000619888306, "coordinate_structure_constraint_complex_left_branch": 0.492000013589859, "coordinate_structure_constraint_object_extraction": 0.628000020980835, "determiner_noun_agreement_1": 0.871999979019165, "determiner_noun_agreement_2": 0.8659999966621399, "determiner_noun_agreement_irregular_1": 0.7120000123977661, "determiner_noun_agreement_irregular_2": 0.8410000205039978, "determiner_noun_agreement_with_adj_2": 0.8040000200271606, "determiner_noun_agreement_with_adj_irregular_1": 0.6830000281333923, "determiner_noun_agreement_with_adj_irregular_2": 0.7419999837875366, "determiner_noun_agreement_with_adjective_1": 0.8410000205039978, "distractor_agreement_relational_noun": 0.22200000286102295, "distractor_agreement_relative_clause": 0.21799999475479126, "drop_argument": 0.6959999799728394, "ellipsis_n_bar_1": 0.5009999871253967, "ellipsis_n_bar_2": 0.5989999771118164, "existential_there_object_raising": 0.7369999885559082, "existential_there_quantifiers_1": 0.7699999809265137, "existential_there_quantifiers_2": 0.4020000100135803, "existential_there_subject_raising": 0.6460000276565552, "expletive_it_object_raising": 0.703000009059906, "inchoative": 0.3869999945163727, "intransitive": 0.5410000085830688, "irregular_past_participle_adjectives": 0.7749999761581421, "irregular_past_participle_verbs": 0.7099999785423279, "irregular_plural_subject_verb_agreement_1": 0.6769999861717224, "irregular_plural_subject_verb_agreement_2": 0.7879999876022339, "left_branch_island_echo_question": 0.5329999923706055, "left_branch_island_simple_question": 0.5220000147819519, "matrix_question_npi_licensor_present": 0.210999995470047, "npi_present_1": 0.2290000021457672, "npi_present_2": 0.31299999356269836, "only_npi_licensor_present": 0.1289999932050705, "only_npi_scope": 0.5410000085830688, "passive_1": 0.8159999847412109, "passive_2": 0.8429999947547913, "principle_A_c_command": 0.5669999718666077, "principle_A_case_1": 0.9980000257492065, "principle_A_case_2": 0.6790000200271606, "principle_A_domain_1": 0.9610000252723694, "principle_A_domain_2": 0.6340000033378601, "principle_A_domain_3": 0.45500001311302185, "principle_A_reconstruction": 0.45399999618530273, "regular_plural_subject_verb_agreement_1": 0.6970000267028809, "regular_plural_subject_verb_agreement_2": 0.746999979019165, "sentential_negation_npi_licensor_present": 0.9929999709129333, "sentential_negation_npi_scope": 0.5009999871253967, "sentential_subject_island": 0.4180000126361847, "superlative_quantifiers_1": 0.7630000114440918, "superlative_quantifiers_2": 0.800000011920929, "tough_vs_raising_1": 0.4169999957084656, "tough_vs_raising_2": 0.6299999952316284, "transitive": 0.6940000057220459, "wh_island": 0.3779999911785126, "wh_questions_object_gap": 0.6129999756813049, "wh_questions_subject_gap": 0.9010000228881836, "wh_questions_subject_gap_long_distance": 0.9509999752044678, "wh_vs_that_no_gap": 0.9509999752044678, "wh_vs_that_no_gap_long_distance": 0.949999988079071, "wh_vs_that_with_gap": 0.13500000536441803, "wh_vs_that_with_gap_long_distance": 0.10599999874830246}, "by_phenomenon": {"island_effects": 0.5238750092685223, "anaphor_agreement": 0.6399999856948853, "s-selection": 0.68299999833107, "argument_structure": 0.6354285648890904, "determiner_noun_agreement": 0.7951250076293945, "subject_verb_agreement": 0.5581666628519694, "ellipsis": 0.5499999821186066, "control_raising": 0.6266000032424927, "quantifiers": 0.6837500035762787, "irregular_forms": 0.742499977350235, "npi_licensing": 0.41671427871499744, "binding": 0.678285722221647, "filler_gap_dependency": 0.6581428487386022}}, "paloma": 232.07112176941664}