{"blimp": {"by_uid": {"adjunct_island": 0.7369999885559082, "anaphor_gender_agreement": 0.5220000147819519, "anaphor_number_agreement": 0.7490000128746033, "animate_subject_passive": 0.6890000104904175, "animate_subject_trans": 0.6790000200271606, "causative": 0.48899999260902405, "complex_NP_island": 0.492000013589859, "coordinate_structure_constraint_complex_left_branch": 0.4779999852180481, "coordinate_structure_constraint_object_extraction": 0.6150000095367432, "determiner_noun_agreement_1": 0.8769999742507935, "determiner_noun_agreement_2": 0.8650000095367432, "determiner_noun_agreement_irregular_1": 0.7310000061988831, "determiner_noun_agreement_irregular_2": 0.8389999866485596, "determiner_noun_agreement_with_adj_2": 0.8109999895095825, "determiner_noun_agreement_with_adj_irregular_1": 0.6949999928474426, "determiner_noun_agreement_with_adj_irregular_2": 0.7440000176429749, "determiner_noun_agreement_with_adjective_1": 0.847000002861023, "distractor_agreement_relational_noun": 0.22100000083446503, "distractor_agreement_relative_clause": 0.2160000056028366, "drop_argument": 0.6930000185966492, "ellipsis_n_bar_1": 0.5090000033378601, "ellipsis_n_bar_2": 0.5950000286102295, "existential_there_object_raising": 0.7419999837875366, "existential_there_quantifiers_1": 0.765999972820282, "existential_there_quantifiers_2": 0.38199999928474426, "existential_there_subject_raising": 0.6589999794960022, "expletive_it_object_raising": 0.6980000138282776, "inchoative": 0.39399999380111694, "intransitive": 0.5519999861717224, "irregular_past_participle_adjectives": 0.7760000228881836, "irregular_past_participle_verbs": 0.703000009059906, "irregular_plural_subject_verb_agreement_1": 0.6679999828338623, "irregular_plural_subject_verb_agreement_2": 0.7860000133514404, "left_branch_island_echo_question": 0.5329999923706055, "left_branch_island_simple_question": 0.5109999775886536, "matrix_question_npi_licensor_present": 0.2160000056028366, "npi_present_1": 0.23999999463558197, "npi_present_2": 0.3100000023841858, "only_npi_licensor_present": 0.10999999940395355, "only_npi_scope": 0.5389999747276306, "passive_1": 0.8230000138282776, "passive_2": 0.8460000157356262, "principle_A_c_command": 0.5849999785423279, "principle_A_case_1": 0.9990000128746033, "principle_A_case_2": 0.6790000200271606, "principle_A_domain_1": 0.9589999914169312, "principle_A_domain_2": 0.6320000290870667, "principle_A_domain_3": 0.45100000500679016, "principle_A_reconstruction": 0.4650000035762787, "regular_plural_subject_verb_agreement_1": 0.6980000138282776, "regular_plural_subject_verb_agreement_2": 0.7419999837875366, "sentential_negation_npi_licensor_present": 0.9940000176429749, "sentential_negation_npi_scope": 0.5260000228881836, "sentential_subject_island": 0.4180000126361847, "superlative_quantifiers_1": 0.7670000195503235, "superlative_quantifiers_2": 0.7940000295639038, "tough_vs_raising_1": 0.4050000011920929, "tough_vs_raising_2": 0.6380000114440918, "transitive": 0.6909999847412109, "wh_island": 0.36399999260902405, "wh_questions_object_gap": 0.6100000143051147, "wh_questions_subject_gap": 0.9020000100135803, "wh_questions_subject_gap_long_distance": 0.9509999752044678, "wh_vs_that_no_gap": 0.9509999752044678, "wh_vs_that_no_gap_long_distance": 0.9509999752044678, "wh_vs_that_with_gap": 0.13500000536441803, "wh_vs_that_with_gap_long_distance": 0.10599999874830246}, "by_phenomenon": {"island_effects": 0.5184999965131283, "anaphor_agreement": 0.6355000138282776, "s-selection": 0.6840000152587891, "argument_structure": 0.6411428579262325, "determiner_noun_agreement": 0.8011249974370003, "subject_verb_agreement": 0.5551666667064031, "ellipsis": 0.5520000159740448, "control_raising": 0.6283999979496002, "quantifiers": 0.6772500053048134, "irregular_forms": 0.7395000159740448, "npi_licensing": 0.41928571675504955, "binding": 0.681428577218737, "filler_gap_dependency": 0.6579999934349742}}, "paloma": 230.44013324265697}