{"blimp": {"by_uid": {"adjunct_island": 0.7440000176429749, "anaphor_gender_agreement": 0.5199999809265137, "anaphor_number_agreement": 0.7419999837875366, "animate_subject_passive": 0.7009999752044678, "animate_subject_trans": 0.6779999732971191, "causative": 0.48899999260902405, "complex_NP_island": 0.4830000102519989, "coordinate_structure_constraint_complex_left_branch": 0.4429999887943268, "coordinate_structure_constraint_object_extraction": 0.625, "determiner_noun_agreement_1": 0.8799999952316284, "determiner_noun_agreement_2": 0.8650000095367432, "determiner_noun_agreement_irregular_1": 0.7210000157356262, "determiner_noun_agreement_irregular_2": 0.847000002861023, "determiner_noun_agreement_with_adj_2": 0.8050000071525574, "determiner_noun_agreement_with_adj_irregular_1": 0.6869999766349792, "determiner_noun_agreement_with_adj_irregular_2": 0.7459999918937683, "determiner_noun_agreement_with_adjective_1": 0.8420000076293945, "distractor_agreement_relational_noun": 0.22100000083446503, "distractor_agreement_relative_clause": 0.22599999606609344, "drop_argument": 0.6919999718666077, "ellipsis_n_bar_1": 0.503000020980835, "ellipsis_n_bar_2": 0.5929999947547913, "existential_there_object_raising": 0.7379999756813049, "existential_there_quantifiers_1": 0.7829999923706055, "existential_there_quantifiers_2": 0.3540000021457672, "existential_there_subject_raising": 0.6489999890327454, "expletive_it_object_raising": 0.6949999928474426, "inchoative": 0.3889999985694885, "intransitive": 0.5519999861717224, "irregular_past_participle_adjectives": 0.7720000147819519, "irregular_past_participle_verbs": 0.718999981880188, "irregular_plural_subject_verb_agreement_1": 0.6740000247955322, "irregular_plural_subject_verb_agreement_2": 0.777999997138977, "left_branch_island_echo_question": 0.5230000019073486, "left_branch_island_simple_question": 0.5239999890327454, "matrix_question_npi_licensor_present": 0.20000000298023224, "npi_present_1": 0.21699999272823334, "npi_present_2": 0.29100000858306885, "only_npi_licensor_present": 0.1420000046491623, "only_npi_scope": 0.5239999890327454, "passive_1": 0.8109999895095825, "passive_2": 0.8489999771118164, "principle_A_c_command": 0.5740000009536743, "principle_A_case_1": 0.9990000128746033, "principle_A_case_2": 0.6729999780654907, "principle_A_domain_1": 0.949999988079071, "principle_A_domain_2": 0.621999979019165, "principle_A_domain_3": 0.46299999952316284, "principle_A_reconstruction": 0.43700000643730164, "regular_plural_subject_verb_agreement_1": 0.6880000233650208, "regular_plural_subject_verb_agreement_2": 0.7319999933242798, "sentential_negation_npi_licensor_present": 0.9909999966621399, "sentential_negation_npi_scope": 0.5270000100135803, "sentential_subject_island": 0.42500001192092896, "superlative_quantifiers_1": 0.7990000247955322, "superlative_quantifiers_2": 0.8230000138282776, "tough_vs_raising_1": 0.39100000262260437, "tough_vs_raising_2": 0.6499999761581421, "transitive": 0.6919999718666077, "wh_island": 0.3959999978542328, "wh_questions_object_gap": 0.5920000076293945, "wh_questions_subject_gap": 0.9079999923706055, "wh_questions_subject_gap_long_distance": 0.9459999799728394, "wh_vs_that_no_gap": 0.9490000009536743, "wh_vs_that_no_gap_long_distance": 0.9509999752044678, "wh_vs_that_with_gap": 0.13899999856948853, "wh_vs_that_with_gap_long_distance": 0.09700000286102295}, "by_phenomenon": {"island_effects": 0.5203750021755695, "anaphor_agreement": 0.6309999823570251, "s-selection": 0.6894999742507935, "argument_structure": 0.6391428411006927, "determiner_noun_agreement": 0.799125000834465, "subject_verb_agreement": 0.5531666725873947, "ellipsis": 0.5480000078678131, "control_raising": 0.6245999872684479, "quantifiers": 0.6897500082850456, "irregular_forms": 0.74549999833107, "npi_licensing": 0.4131428578070232, "binding": 0.6739999949932098, "filler_gap_dependency": 0.6545714225087848}}, "paloma": 236.63721479954205}