{"blimp": {"by_uid": {"adjunct_island": 0.4699999988079071, "anaphor_gender_agreement": 0.3720000088214874, "anaphor_number_agreement": 0.4959999918937683, "animate_subject_passive": 0.6209999918937683, "animate_subject_trans": 0.5540000200271606, "causative": 0.44600000977516174, "complex_NP_island": 0.5299999713897705, "coordinate_structure_constraint_complex_left_branch": 0.5550000071525574, "coordinate_structure_constraint_object_extraction": 0.5730000138282776, "determiner_noun_agreement_1": 0.5130000114440918, "determiner_noun_agreement_2": 0.49799999594688416, "determiner_noun_agreement_irregular_1": 0.5120000243186951, "determiner_noun_agreement_irregular_2": 0.5120000243186951, "determiner_noun_agreement_with_adj_2": 0.48100000619888306, "determiner_noun_agreement_with_adj_irregular_1": 0.4690000116825104, "determiner_noun_agreement_with_adj_irregular_2": 0.5019999742507935, "determiner_noun_agreement_with_adjective_1": 0.5239999890327454, "distractor_agreement_relational_noun": 0.4690000116825104, "distractor_agreement_relative_clause": 0.46700000762939453, "drop_argument": 0.6980000138282776, "ellipsis_n_bar_1": 0.39800000190734863, "ellipsis_n_bar_2": 0.3499999940395355, "existential_there_object_raising": 0.652999997138977, "existential_there_quantifiers_1": 0.34599998593330383, "existential_there_quantifiers_2": 0.004000000189989805, "existential_there_subject_raising": 0.5509999990463257, "expletive_it_object_raising": 0.5879999995231628, "inchoative": 0.4169999957084656, "intransitive": 0.5569999814033508, "irregular_past_participle_adjectives": 0.625, "irregular_past_participle_verbs": 0.39800000190734863, "irregular_plural_subject_verb_agreement_1": 0.45399999618530273, "irregular_plural_subject_verb_agreement_2": 0.5099999904632568, "left_branch_island_echo_question": 0.44699999690055847, "left_branch_island_simple_question": 0.5400000214576721, "matrix_question_npi_licensor_present": 0.6039999723434448, "npi_present_1": 0.5230000019073486, "npi_present_2": 0.4830000102519989, "only_npi_licensor_present": 0.0010000000474974513, "only_npi_scope": 0.2759999930858612, "passive_1": 0.5860000252723694, "passive_2": 0.6110000014305115, "principle_A_c_command": 0.6499999761581421, "principle_A_case_1": 0.9309999942779541, "principle_A_case_2": 0.4779999852180481, "principle_A_domain_1": 0.6119999885559082, "principle_A_domain_2": 0.5339999794960022, "principle_A_domain_3": 0.460999995470047, "principle_A_reconstruction": 0.5220000147819519, "regular_plural_subject_verb_agreement_1": 0.5450000166893005, "regular_plural_subject_verb_agreement_2": 0.46000000834465027, "sentential_negation_npi_licensor_present": 0.45399999618530273, "sentential_negation_npi_scope": 0.6370000243186951, "sentential_subject_island": 0.5170000195503235, "superlative_quantifiers_1": 0.13899999856948853, "superlative_quantifiers_2": 0.18299999833106995, "tough_vs_raising_1": 0.36899998784065247, "tough_vs_raising_2": 0.6679999828338623, "transitive": 0.5289999842643738, "wh_island": 0.27799999713897705, "wh_questions_object_gap": 0.5210000276565552, "wh_questions_subject_gap": 0.5839999914169312, "wh_questions_subject_gap_long_distance": 0.460999995470047, "wh_vs_that_no_gap": 0.7080000042915344, "wh_vs_that_no_gap_long_distance": 0.7260000109672546, "wh_vs_that_with_gap": 0.28600001335144043, "wh_vs_that_with_gap_long_distance": 0.3009999990463257}, "by_phenomenon": {"island_effects": 0.48875000327825546, "anaphor_agreement": 0.43400000035762787, "s-selection": 0.5875000059604645, "argument_structure": 0.5491428588117871, "determiner_noun_agreement": 0.5013750046491623, "subject_verb_agreement": 0.48416667183240253, "ellipsis": 0.3739999979734421, "control_raising": 0.565799993276596, "quantifiers": 0.16799999575596303, "irregular_forms": 0.5115000009536743, "npi_licensing": 0.4254285711628784, "binding": 0.5982857048511505, "filler_gap_dependency": 0.5124285774571555}}, "paloma": 10265.157490608668}