{"blimp": {"by_uid": {"adjunct_island": 0.4790000021457672, "anaphor_gender_agreement": 0.3400000035762787, "anaphor_number_agreement": 0.49000000953674316, "animate_subject_passive": 0.6370000243186951, "animate_subject_trans": 0.5220000147819519, "causative": 0.45100000500679016, "complex_NP_island": 0.5350000262260437, "coordinate_structure_constraint_complex_left_branch": 0.5680000185966492, "coordinate_structure_constraint_object_extraction": 0.531000018119812, "determiner_noun_agreement_1": 0.5130000114440918, "determiner_noun_agreement_2": 0.4819999933242798, "determiner_noun_agreement_irregular_1": 0.4950000047683716, "determiner_noun_agreement_irregular_2": 0.5289999842643738, "determiner_noun_agreement_with_adj_2": 0.4699999988079071, "determiner_noun_agreement_with_adj_irregular_1": 0.4580000042915344, "determiner_noun_agreement_with_adj_irregular_2": 0.5210000276565552, "determiner_noun_agreement_with_adjective_1": 0.5080000162124634, "distractor_agreement_relational_noun": 0.4659999907016754, "distractor_agreement_relative_clause": 0.47699999809265137, "drop_argument": 0.699999988079071, "ellipsis_n_bar_1": 0.41100001335144043, "ellipsis_n_bar_2": 0.328000009059906, "existential_there_object_raising": 0.6890000104904175, "existential_there_quantifiers_1": 0.6039999723434448, "existential_there_quantifiers_2": 0.020999999716877937, "existential_there_subject_raising": 0.5529999732971191, "expletive_it_object_raising": 0.6000000238418579, "inchoative": 0.38999998569488525, "intransitive": 0.5450000166893005, "irregular_past_participle_adjectives": 0.6179999709129333, "irregular_past_participle_verbs": 0.36500000953674316, "irregular_plural_subject_verb_agreement_1": 0.453000009059906, "irregular_plural_subject_verb_agreement_2": 0.5080000162124634, "left_branch_island_echo_question": 0.46799999475479126, "left_branch_island_simple_question": 0.5609999895095825, "matrix_question_npi_licensor_present": 0.5419999957084656, "npi_present_1": 0.5450000166893005, "npi_present_2": 0.48500001430511475, "only_npi_licensor_present": 0.0, "only_npi_scope": 0.2150000035762787, "passive_1": 0.5920000076293945, "passive_2": 0.628000020980835, "principle_A_c_command": 0.6480000019073486, "principle_A_case_1": 0.9789999723434448, "principle_A_case_2": 0.4779999852180481, "principle_A_domain_1": 0.7950000166893005, "principle_A_domain_2": 0.5429999828338623, "principle_A_domain_3": 0.47099998593330383, "principle_A_reconstruction": 0.5400000214576721, "regular_plural_subject_verb_agreement_1": 0.5350000262260437, "regular_plural_subject_verb_agreement_2": 0.48399999737739563, "sentential_negation_npi_licensor_present": 0.6079999804496765, "sentential_negation_npi_scope": 0.7210000157356262, "sentential_subject_island": 0.5270000100135803, "superlative_quantifiers_1": 0.04899999871850014, "superlative_quantifiers_2": 0.2070000022649765, "tough_vs_raising_1": 0.3630000054836273, "tough_vs_raising_2": 0.6740000247955322, "transitive": 0.5370000004768372, "wh_island": 0.33799999952316284, "wh_questions_object_gap": 0.6570000052452087, "wh_questions_subject_gap": 0.6990000009536743, "wh_questions_subject_gap_long_distance": 0.6159999966621399, "wh_vs_that_no_gap": 0.8740000128746033, "wh_vs_that_no_gap_long_distance": 0.8759999871253967, "wh_vs_that_with_gap": 0.11699999868869781, "wh_vs_that_with_gap_long_distance": 0.14000000059604645}, "by_phenomenon": {"island_effects": 0.5008750073611736, "anaphor_agreement": 0.4150000065565109, "s-selection": 0.5795000195503235, "argument_structure": 0.5490000035081591, "determiner_noun_agreement": 0.49700000509619713, "subject_verb_agreement": 0.4871666729450226, "ellipsis": 0.3695000112056732, "control_raising": 0.5758000075817108, "quantifiers": 0.22024999326094985, "irregular_forms": 0.49149999022483826, "npi_licensing": 0.4451428609234946, "binding": 0.6362857094832829, "filler_gap_dependency": 0.5684285717351096}}, "paloma": 3560.3964736566313}