{"blimp": {"by_uid": {"adjunct_island": 0.7360000014305115, "anaphor_gender_agreement": 0.5059999823570251, "anaphor_number_agreement": 0.7300000190734863, "animate_subject_passive": 0.6930000185966492, "animate_subject_trans": 0.675000011920929, "causative": 0.49300000071525574, "complex_NP_island": 0.4950000047683716, "coordinate_structure_constraint_complex_left_branch": 0.43700000643730164, "coordinate_structure_constraint_object_extraction": 0.6320000290870667, "determiner_noun_agreement_1": 0.8889999985694885, "determiner_noun_agreement_2": 0.8650000095367432, "determiner_noun_agreement_irregular_1": 0.7279999852180481, "determiner_noun_agreement_irregular_2": 0.8489999771118164, "determiner_noun_agreement_with_adj_2": 0.8080000281333923, "determiner_noun_agreement_with_adj_irregular_1": 0.6859999895095825, "determiner_noun_agreement_with_adj_irregular_2": 0.7459999918937683, "determiner_noun_agreement_with_adjective_1": 0.8489999771118164, "distractor_agreement_relational_noun": 0.2150000035762787, "distractor_agreement_relative_clause": 0.22100000083446503, "drop_argument": 0.6930000185966492, "ellipsis_n_bar_1": 0.5009999871253967, "ellipsis_n_bar_2": 0.5929999947547913, "existential_there_object_raising": 0.7369999885559082, "existential_there_quantifiers_1": 0.7799999713897705, "existential_there_quantifiers_2": 0.35499998927116394, "existential_there_subject_raising": 0.6460000276565552, "expletive_it_object_raising": 0.6940000057220459, "inchoative": 0.38600000739097595, "intransitive": 0.5550000071525574, "irregular_past_participle_adjectives": 0.7570000290870667, "irregular_past_participle_verbs": 0.7279999852180481, "irregular_plural_subject_verb_agreement_1": 0.675000011920929, "irregular_plural_subject_verb_agreement_2": 0.7879999876022339, "left_branch_island_echo_question": 0.5329999923706055, "left_branch_island_simple_question": 0.515999972820282, "matrix_question_npi_licensor_present": 0.20499999821186066, "npi_present_1": 0.24699999392032623, "npi_present_2": 0.3199999928474426, "only_npi_licensor_present": 0.1589999943971634, "only_npi_scope": 0.5370000004768372, "passive_1": 0.8190000057220459, "passive_2": 0.8460000157356262, "principle_A_c_command": 0.6169999837875366, "principle_A_case_1": 0.9990000128746033, "principle_A_case_2": 0.6850000023841858, "principle_A_domain_1": 0.9549999833106995, "principle_A_domain_2": 0.6119999885559082, "principle_A_domain_3": 0.4580000042915344, "principle_A_reconstruction": 0.4659999907016754, "regular_plural_subject_verb_agreement_1": 0.6909999847412109, "regular_plural_subject_verb_agreement_2": 0.7310000061988831, "sentential_negation_npi_licensor_present": 0.9909999966621399, "sentential_negation_npi_scope": 0.5059999823570251, "sentential_subject_island": 0.42500001192092896, "superlative_quantifiers_1": 0.7620000243186951, "superlative_quantifiers_2": 0.8050000071525574, "tough_vs_raising_1": 0.4009999930858612, "tough_vs_raising_2": 0.6349999904632568, "transitive": 0.6940000057220459, "wh_island": 0.3790000081062317, "wh_questions_object_gap": 0.593999981880188, "wh_questions_subject_gap": 0.9049999713897705, "wh_questions_subject_gap_long_distance": 0.9480000138282776, "wh_vs_that_no_gap": 0.9539999961853027, "wh_vs_that_no_gap_long_distance": 0.9549999833106995, "wh_vs_that_with_gap": 0.1289999932050705, "wh_vs_that_with_gap_long_distance": 0.09399999678134918}, "by_phenomenon": {"island_effects": 0.5191250033676624, "anaphor_agreement": 0.6180000007152557, "s-selection": 0.6840000152587891, "argument_structure": 0.6408571515764508, "determiner_noun_agreement": 0.802499994635582, "subject_verb_agreement": 0.5534999991456667, "ellipsis": 0.546999990940094, "control_raising": 0.6226000010967254, "quantifiers": 0.6754999980330467, "irregular_forms": 0.7425000071525574, "npi_licensing": 0.4235714226961136, "binding": 0.6845714237008776, "filler_gap_dependency": 0.6541428480829511}}, "paloma": 235.3620466757319}