{"blimp": {"by_uid": {"adjunct_island": 0.7229999899864197, "anaphor_gender_agreement": 0.515999972820282, "anaphor_number_agreement": 0.7149999737739563, "animate_subject_passive": 0.6959999799728394, "animate_subject_trans": 0.6919999718666077, "causative": 0.49399998784065247, "complex_NP_island": 0.49399998784065247, "coordinate_structure_constraint_complex_left_branch": 0.41100001335144043, "coordinate_structure_constraint_object_extraction": 0.6150000095367432, "determiner_noun_agreement_1": 0.8709999918937683, "determiner_noun_agreement_2": 0.8429999947547913, "determiner_noun_agreement_irregular_1": 0.7170000076293945, "determiner_noun_agreement_irregular_2": 0.8190000057220459, "determiner_noun_agreement_with_adj_2": 0.8009999990463257, "determiner_noun_agreement_with_adj_irregular_1": 0.6700000166893005, "determiner_noun_agreement_with_adj_irregular_2": 0.7549999952316284, "determiner_noun_agreement_with_adjective_1": 0.8349999785423279, "distractor_agreement_relational_noun": 0.22200000286102295, "distractor_agreement_relative_clause": 0.24899999797344208, "drop_argument": 0.6919999718666077, "ellipsis_n_bar_1": 0.48899999260902405, "ellipsis_n_bar_2": 0.5799999833106995, "existential_there_object_raising": 0.722000002861023, "existential_there_quantifiers_1": 0.8130000233650208, "existential_there_quantifiers_2": 0.30799999833106995, "existential_there_subject_raising": 0.5920000076293945, "expletive_it_object_raising": 0.6819999814033508, "inchoative": 0.3779999911785126, "intransitive": 0.5360000133514404, "irregular_past_participle_adjectives": 0.8220000267028809, "irregular_past_participle_verbs": 0.7179999947547913, "irregular_plural_subject_verb_agreement_1": 0.671999990940094, "irregular_plural_subject_verb_agreement_2": 0.746999979019165, "left_branch_island_echo_question": 0.4569999873638153, "left_branch_island_simple_question": 0.4860000014305115, "matrix_question_npi_licensor_present": 0.19599999487400055, "npi_present_1": 0.24699999392032623, "npi_present_2": 0.3089999854564667, "only_npi_licensor_present": 0.125, "only_npi_scope": 0.4519999921321869, "passive_1": 0.8209999799728394, "passive_2": 0.8429999947547913, "principle_A_c_command": 0.6010000109672546, "principle_A_case_1": 1.0, "principle_A_case_2": 0.675000011920929, "principle_A_domain_1": 0.9599999785423279, "principle_A_domain_2": 0.6150000095367432, "principle_A_domain_3": 0.4569999873638153, "principle_A_reconstruction": 0.4560000002384186, "regular_plural_subject_verb_agreement_1": 0.6690000295639038, "regular_plural_subject_verb_agreement_2": 0.6759999990463257, "sentential_negation_npi_licensor_present": 0.9789999723434448, "sentential_negation_npi_scope": 0.48100000619888306, "sentential_subject_island": 0.4569999873638153, "superlative_quantifiers_1": 0.7300000190734863, "superlative_quantifiers_2": 0.7049999833106995, "tough_vs_raising_1": 0.37299999594688416, "tough_vs_raising_2": 0.656000018119812, "transitive": 0.6899999976158142, "wh_island": 0.34299999475479126, "wh_questions_object_gap": 0.5960000157356262, "wh_questions_subject_gap": 0.8849999904632568, "wh_questions_subject_gap_long_distance": 0.9570000171661377, "wh_vs_that_no_gap": 0.9449999928474426, "wh_vs_that_no_gap_long_distance": 0.949999988079071, "wh_vs_that_with_gap": 0.12600000202655792, "wh_vs_that_with_gap_long_distance": 0.06499999761581421}, "by_phenomenon": {"island_effects": 0.49824999645352364, "anaphor_agreement": 0.6154999732971191, "s-selection": 0.6939999759197235, "argument_structure": 0.6362857052258083, "determiner_noun_agreement": 0.7888749986886978, "subject_verb_agreement": 0.5391666665673256, "ellipsis": 0.5344999879598618, "control_raising": 0.6050000011920929, "quantifiers": 0.6390000060200691, "irregular_forms": 0.7700000107288361, "npi_licensing": 0.39842856356075834, "binding": 0.6805714283670697, "filler_gap_dependency": 0.6462857148477009}}, "paloma": 265.4455780022651}