{"blimp": {"by_uid": {"adjunct_island": 0.7229999899864197, "anaphor_gender_agreement": 0.5080000162124634, "anaphor_number_agreement": 0.7549999952316284, "animate_subject_passive": 0.6890000104904175, "animate_subject_trans": 0.6729999780654907, "causative": 0.49300000071525574, "complex_NP_island": 0.4779999852180481, "coordinate_structure_constraint_complex_left_branch": 0.4950000047683716, "coordinate_structure_constraint_object_extraction": 0.5979999899864197, "determiner_noun_agreement_1": 0.8830000162124634, "determiner_noun_agreement_2": 0.8679999709129333, "determiner_noun_agreement_irregular_1": 0.722000002861023, "determiner_noun_agreement_irregular_2": 0.8529999852180481, "determiner_noun_agreement_with_adj_2": 0.8050000071525574, "determiner_noun_agreement_with_adj_irregular_1": 0.6919999718666077, "determiner_noun_agreement_with_adj_irregular_2": 0.7450000047683716, "determiner_noun_agreement_with_adjective_1": 0.8330000042915344, "distractor_agreement_relational_noun": 0.23199999332427979, "distractor_agreement_relative_clause": 0.23800000548362732, "drop_argument": 0.6919999718666077, "ellipsis_n_bar_1": 0.5350000262260437, "ellipsis_n_bar_2": 0.6010000109672546, "existential_there_object_raising": 0.7429999709129333, "existential_there_quantifiers_1": 0.7960000038146973, "existential_there_quantifiers_2": 0.34700000286102295, "existential_there_subject_raising": 0.6629999876022339, "expletive_it_object_raising": 0.7080000042915344, "inchoative": 0.39100000262260437, "intransitive": 0.5440000295639038, "irregular_past_participle_adjectives": 0.8140000104904175, "irregular_past_participle_verbs": 0.7360000014305115, "irregular_plural_subject_verb_agreement_1": 0.6759999990463257, "irregular_plural_subject_verb_agreement_2": 0.7910000085830688, "left_branch_island_echo_question": 0.527999997138977, "left_branch_island_simple_question": 0.5180000066757202, "matrix_question_npi_licensor_present": 0.21899999678134918, "npi_present_1": 0.2540000081062317, "npi_present_2": 0.30399999022483826, "only_npi_licensor_present": 0.10400000214576721, "only_npi_scope": 0.593999981880188, "passive_1": 0.8140000104904175, "passive_2": 0.8420000076293945, "principle_A_c_command": 0.5910000205039978, "principle_A_case_1": 1.0, "principle_A_case_2": 0.6930000185966492, "principle_A_domain_1": 0.9639999866485596, "principle_A_domain_2": 0.6449999809265137, "principle_A_domain_3": 0.45500001311302185, "principle_A_reconstruction": 0.4790000021457672, "regular_plural_subject_verb_agreement_1": 0.7049999833106995, "regular_plural_subject_verb_agreement_2": 0.746999979019165, "sentential_negation_npi_licensor_present": 0.9940000176429749, "sentential_negation_npi_scope": 0.4819999933242798, "sentential_subject_island": 0.44200000166893005, "superlative_quantifiers_1": 0.6489999890327454, "superlative_quantifiers_2": 0.7319999933242798, "tough_vs_raising_1": 0.40799999237060547, "tough_vs_raising_2": 0.6570000052452087, "transitive": 0.7009999752044678, "wh_island": 0.382999986410141, "wh_questions_object_gap": 0.6200000047683716, "wh_questions_subject_gap": 0.906000018119812, "wh_questions_subject_gap_long_distance": 0.9520000219345093, "wh_vs_that_no_gap": 0.9470000267028809, "wh_vs_that_no_gap_long_distance": 0.9580000042915344, "wh_vs_that_with_gap": 0.12200000137090683, "wh_vs_that_with_gap_long_distance": 0.08699999749660492}, "by_phenomenon": {"island_effects": 0.5206249952316284, "anaphor_agreement": 0.6315000057220459, "s-selection": 0.6809999942779541, "argument_structure": 0.6395714282989502, "determiner_noun_agreement": 0.8001249954104424, "subject_verb_agreement": 0.564833328127861, "ellipsis": 0.5680000185966492, "control_raising": 0.6357999920845032, "quantifiers": 0.6309999972581863, "irregular_forms": 0.7750000059604645, "npi_licensing": 0.421571427157947, "binding": 0.6895714317049298, "filler_gap_dependency": 0.6560000106692314}}, "paloma": 222.85166174759019}