{"blimp": {"by_uid": {"adjunct_island": 0.7379999756813049, "anaphor_gender_agreement": 0.43799999356269836, "anaphor_number_agreement": 0.6420000195503235, "animate_subject_passive": 0.6970000267028809, "animate_subject_trans": 0.6759999990463257, "causative": 0.4740000069141388, "complex_NP_island": 0.5049999952316284, "coordinate_structure_constraint_complex_left_branch": 0.3240000009536743, "coordinate_structure_constraint_object_extraction": 0.4830000102519989, "determiner_noun_agreement_1": 0.8270000219345093, "determiner_noun_agreement_2": 0.8029999732971191, "determiner_noun_agreement_irregular_1": 0.7229999899864197, "determiner_noun_agreement_irregular_2": 0.8159999847412109, "determiner_noun_agreement_with_adj_2": 0.7540000081062317, "determiner_noun_agreement_with_adj_irregular_1": 0.6169999837875366, "determiner_noun_agreement_with_adj_irregular_2": 0.7509999871253967, "determiner_noun_agreement_with_adjective_1": 0.7689999938011169, "distractor_agreement_relational_noun": 0.2290000021457672, "distractor_agreement_relative_clause": 0.24699999392032623, "drop_argument": 0.7070000171661377, "ellipsis_n_bar_1": 0.42800000309944153, "ellipsis_n_bar_2": 0.5099999904632568, "existential_there_object_raising": 0.718999981880188, "existential_there_quantifiers_1": 0.7110000252723694, "existential_there_quantifiers_2": 0.3959999978542328, "existential_there_subject_raising": 0.5040000081062317, "expletive_it_object_raising": 0.6899999976158142, "inchoative": 0.36800000071525574, "intransitive": 0.5839999914169312, "irregular_past_participle_adjectives": 0.7549999952316284, "irregular_past_participle_verbs": 0.7300000190734863, "irregular_plural_subject_verb_agreement_1": 0.625, "irregular_plural_subject_verb_agreement_2": 0.6650000214576721, "left_branch_island_echo_question": 0.48399999737739563, "left_branch_island_simple_question": 0.46799999475479126, "matrix_question_npi_licensor_present": 0.23000000417232513, "npi_present_1": 0.21699999272823334, "npi_present_2": 0.2709999978542328, "only_npi_licensor_present": 0.10199999809265137, "only_npi_scope": 0.4620000123977661, "passive_1": 0.8209999799728394, "passive_2": 0.8090000152587891, "principle_A_c_command": 0.609000027179718, "principle_A_case_1": 1.0, "principle_A_case_2": 0.6290000081062317, "principle_A_domain_1": 0.9380000233650208, "principle_A_domain_2": 0.6060000061988831, "principle_A_domain_3": 0.4300000071525574, "principle_A_reconstruction": 0.3490000069141388, "regular_plural_subject_verb_agreement_1": 0.6200000047683716, "regular_plural_subject_verb_agreement_2": 0.5490000247955322, "sentential_negation_npi_licensor_present": 0.9710000157356262, "sentential_negation_npi_scope": 0.4580000042915344, "sentential_subject_island": 0.4339999854564667, "superlative_quantifiers_1": 0.6359999775886536, "superlative_quantifiers_2": 0.6380000114440918, "tough_vs_raising_1": 0.4269999861717224, "tough_vs_raising_2": 0.6240000128746033, "transitive": 0.675000011920929, "wh_island": 0.2669999897480011, "wh_questions_object_gap": 0.5519999861717224, "wh_questions_subject_gap": 0.8690000176429749, "wh_questions_subject_gap_long_distance": 0.9549999833106995, "wh_vs_that_no_gap": 0.9449999928474426, "wh_vs_that_no_gap_long_distance": 0.968999981880188, "wh_vs_that_with_gap": 0.09200000017881393, "wh_vs_that_with_gap_long_distance": 0.04600000008940697}, "by_phenomenon": {"island_effects": 0.46287499368190765, "anaphor_agreement": 0.5400000065565109, "s-selection": 0.6865000128746033, "argument_structure": 0.6340000033378601, "determiner_noun_agreement": 0.7574999928474426, "subject_verb_agreement": 0.48916667451461154, "ellipsis": 0.4689999967813492, "control_raising": 0.5927999973297119, "quantifiers": 0.5952500030398369, "irregular_forms": 0.7425000071525574, "npi_licensing": 0.38728571789605276, "binding": 0.6515714398452214, "filler_gap_dependency": 0.6325714231601783}}, "paloma": 379.36742962827253}