{"blimp": {"by_uid": {"adjunct_island": 0.7360000014305115, "anaphor_gender_agreement": 0.47600001096725464, "anaphor_number_agreement": 0.6620000004768372, "animate_subject_passive": 0.6909999847412109, "animate_subject_trans": 0.652999997138977, "causative": 0.46000000834465027, "complex_NP_island": 0.5239999890327454, "coordinate_structure_constraint_complex_left_branch": 0.3720000088214874, "coordinate_structure_constraint_object_extraction": 0.46399998664855957, "determiner_noun_agreement_1": 0.8149999976158142, "determiner_noun_agreement_2": 0.7950000166893005, "determiner_noun_agreement_irregular_1": 0.7080000042915344, "determiner_noun_agreement_irregular_2": 0.7960000038146973, "determiner_noun_agreement_with_adj_2": 0.6869999766349792, "determiner_noun_agreement_with_adj_irregular_1": 0.6029999852180481, "determiner_noun_agreement_with_adj_irregular_2": 0.7070000171661377, "determiner_noun_agreement_with_adjective_1": 0.7300000190734863, "distractor_agreement_relational_noun": 0.23800000548362732, "distractor_agreement_relative_clause": 0.24799999594688416, "drop_argument": 0.6940000057220459, "ellipsis_n_bar_1": 0.40299999713897705, "ellipsis_n_bar_2": 0.4779999852180481, "existential_there_object_raising": 0.7160000205039978, "existential_there_quantifiers_1": 0.7400000095367432, "existential_there_quantifiers_2": 0.3499999940395355, "existential_there_subject_raising": 0.49900001287460327, "expletive_it_object_raising": 0.6800000071525574, "inchoative": 0.35899999737739563, "intransitive": 0.5849999785423279, "irregular_past_participle_adjectives": 0.7360000014305115, "irregular_past_participle_verbs": 0.7229999899864197, "irregular_plural_subject_verb_agreement_1": 0.6169999837875366, "irregular_plural_subject_verb_agreement_2": 0.6299999952316284, "left_branch_island_echo_question": 0.5649999976158142, "left_branch_island_simple_question": 0.4880000054836273, "matrix_question_npi_licensor_present": 0.19900000095367432, "npi_present_1": 0.19200000166893005, "npi_present_2": 0.29899999499320984, "only_npi_licensor_present": 0.125, "only_npi_scope": 0.5019999742507935, "passive_1": 0.8109999895095825, "passive_2": 0.7900000214576721, "principle_A_c_command": 0.6010000109672546, "principle_A_case_1": 1.0, "principle_A_case_2": 0.5590000152587891, "principle_A_domain_1": 0.8889999985694885, "principle_A_domain_2": 0.5830000042915344, "principle_A_domain_3": 0.4320000112056732, "principle_A_reconstruction": 0.3240000009536743, "regular_plural_subject_verb_agreement_1": 0.6129999756813049, "regular_plural_subject_verb_agreement_2": 0.5609999895095825, "sentential_negation_npi_licensor_present": 0.9660000205039978, "sentential_negation_npi_scope": 0.49900001287460327, "sentential_subject_island": 0.421999990940094, "superlative_quantifiers_1": 0.5740000009536743, "superlative_quantifiers_2": 0.7009999752044678, "tough_vs_raising_1": 0.453000009059906, "tough_vs_raising_2": 0.6069999933242798, "transitive": 0.6539999842643738, "wh_island": 0.382999986410141, "wh_questions_object_gap": 0.5009999871253967, "wh_questions_subject_gap": 0.8190000057220459, "wh_questions_subject_gap_long_distance": 0.9169999957084656, "wh_vs_that_no_gap": 0.9380000233650208, "wh_vs_that_no_gap_long_distance": 0.9589999914169312, "wh_vs_that_with_gap": 0.09799999743700027, "wh_vs_that_with_gap_long_distance": 0.05400000140070915}, "by_phenomenon": {"island_effects": 0.49424999579787254, "anaphor_agreement": 0.5690000057220459, "s-selection": 0.671999990940094, "argument_structure": 0.6218571407454354, "determiner_noun_agreement": 0.7301250025629997, "subject_verb_agreement": 0.484499990940094, "ellipsis": 0.4404999911785126, "control_raising": 0.5910000085830689, "quantifiers": 0.5912499949336052, "irregular_forms": 0.7294999957084656, "npi_licensing": 0.39742857217788696, "binding": 0.6268571487494877, "filler_gap_dependency": 0.6122857145965099}}, "paloma": 415.28796013423374}