{"blimp": {"by_uid": {"adjunct_island": 0.7310000061988831, "anaphor_gender_agreement": 0.4950000047683716, "anaphor_number_agreement": 0.75, "animate_subject_passive": 0.6899999976158142, "animate_subject_trans": 0.671999990940094, "causative": 0.48500001430511475, "complex_NP_island": 0.47999998927116394, "coordinate_structure_constraint_complex_left_branch": 0.4950000047683716, "coordinate_structure_constraint_object_extraction": 0.6140000224113464, "determiner_noun_agreement_1": 0.8709999918937683, "determiner_noun_agreement_2": 0.8679999709129333, "determiner_noun_agreement_irregular_1": 0.7289999723434448, "determiner_noun_agreement_irregular_2": 0.8429999947547913, "determiner_noun_agreement_with_adj_2": 0.8029999732971191, "determiner_noun_agreement_with_adj_irregular_1": 0.6869999766349792, "determiner_noun_agreement_with_adj_irregular_2": 0.7419999837875366, "determiner_noun_agreement_with_adjective_1": 0.8349999785423279, "distractor_agreement_relational_noun": 0.23000000417232513, "distractor_agreement_relative_clause": 0.22499999403953552, "drop_argument": 0.6890000104904175, "ellipsis_n_bar_1": 0.5419999957084656, "ellipsis_n_bar_2": 0.6039999723434448, "existential_there_object_raising": 0.746999979019165, "existential_there_quantifiers_1": 0.7960000038146973, "existential_there_quantifiers_2": 0.3540000021457672, "existential_there_subject_raising": 0.6539999842643738, "expletive_it_object_raising": 0.7089999914169312, "inchoative": 0.39100000262260437, "intransitive": 0.5490000247955322, "irregular_past_participle_adjectives": 0.8360000252723694, "irregular_past_participle_verbs": 0.7360000014305115, "irregular_plural_subject_verb_agreement_1": 0.6779999732971191, "irregular_plural_subject_verb_agreement_2": 0.7910000085830688, "left_branch_island_echo_question": 0.5350000262260437, "left_branch_island_simple_question": 0.5329999923706055, "matrix_question_npi_licensor_present": 0.2199999988079071, "npi_present_1": 0.2460000067949295, "npi_present_2": 0.3109999895095825, "only_npi_licensor_present": 0.07699999958276749, "only_npi_scope": 0.5690000057220459, "passive_1": 0.8100000023841858, "passive_2": 0.8450000286102295, "principle_A_c_command": 0.5839999914169312, "principle_A_case_1": 1.0, "principle_A_case_2": 0.6830000281333923, "principle_A_domain_1": 0.953000009059906, "principle_A_domain_2": 0.6460000276565552, "principle_A_domain_3": 0.46299999952316284, "principle_A_reconstruction": 0.4569999873638153, "regular_plural_subject_verb_agreement_1": 0.6970000267028809, "regular_plural_subject_verb_agreement_2": 0.7480000257492065, "sentential_negation_npi_licensor_present": 0.9929999709129333, "sentential_negation_npi_scope": 0.5130000114440918, "sentential_subject_island": 0.41600000858306885, "superlative_quantifiers_1": 0.703000009059906, "superlative_quantifiers_2": 0.7229999899864197, "tough_vs_raising_1": 0.39899998903274536, "tough_vs_raising_2": 0.6520000100135803, "transitive": 0.6990000009536743, "wh_island": 0.3700000047683716, "wh_questions_object_gap": 0.6140000224113464, "wh_questions_subject_gap": 0.9110000133514404, "wh_questions_subject_gap_long_distance": 0.9549999833106995, "wh_vs_that_no_gap": 0.9470000267028809, "wh_vs_that_no_gap_long_distance": 0.953000009059906, "wh_vs_that_with_gap": 0.12700000405311584, "wh_vs_that_with_gap_long_distance": 0.09000000357627869}, "by_phenomenon": {"island_effects": 0.5217500068247318, "anaphor_agreement": 0.6225000023841858, "s-selection": 0.6809999942779541, "argument_structure": 0.6382857263088226, "determiner_noun_agreement": 0.7972499802708626, "subject_verb_agreement": 0.5615000054240227, "ellipsis": 0.5729999840259552, "control_raising": 0.6321999907493592, "quantifiers": 0.6440000012516975, "irregular_forms": 0.7860000133514404, "npi_licensing": 0.4184285689677511, "binding": 0.6837142918791089, "filler_gap_dependency": 0.6567142946379525}}, "paloma": 225.92133966871256}