{"blimp": {"by_uid": {"adjunct_island": 0.7160000205039978, "anaphor_gender_agreement": 0.48899999260902405, "anaphor_number_agreement": 0.7480000257492065, "animate_subject_passive": 0.6930000185966492, "animate_subject_trans": 0.6759999990463257, "causative": 0.49399998784065247, "complex_NP_island": 0.48500001430511475, "coordinate_structure_constraint_complex_left_branch": 0.4909999966621399, "coordinate_structure_constraint_object_extraction": 0.6069999933242798, "determiner_noun_agreement_1": 0.8859999775886536, "determiner_noun_agreement_2": 0.8820000290870667, "determiner_noun_agreement_irregular_1": 0.734000027179718, "determiner_noun_agreement_irregular_2": 0.8539999723434448, "determiner_noun_agreement_with_adj_2": 0.8159999847412109, "determiner_noun_agreement_with_adj_irregular_1": 0.6970000267028809, "determiner_noun_agreement_with_adj_irregular_2": 0.7509999871253967, "determiner_noun_agreement_with_adjective_1": 0.8370000123977661, "distractor_agreement_relational_noun": 0.23100000619888306, "distractor_agreement_relative_clause": 0.2329999953508377, "drop_argument": 0.6909999847412109, "ellipsis_n_bar_1": 0.5299999713897705, "ellipsis_n_bar_2": 0.6060000061988831, "existential_there_object_raising": 0.7490000128746033, "existential_there_quantifiers_1": 0.7889999747276306, "existential_there_quantifiers_2": 0.3330000042915344, "existential_there_subject_raising": 0.6610000133514404, "expletive_it_object_raising": 0.7089999914169312, "inchoative": 0.39399999380111694, "intransitive": 0.5429999828338623, "irregular_past_participle_adjectives": 0.8240000009536743, "irregular_past_participle_verbs": 0.7360000014305115, "irregular_plural_subject_verb_agreement_1": 0.6869999766349792, "irregular_plural_subject_verb_agreement_2": 0.7910000085830688, "left_branch_island_echo_question": 0.5339999794960022, "left_branch_island_simple_question": 0.5139999985694885, "matrix_question_npi_licensor_present": 0.22599999606609344, "npi_present_1": 0.24199999868869781, "npi_present_2": 0.31200000643730164, "only_npi_licensor_present": 0.0949999988079071, "only_npi_scope": 0.6060000061988831, "passive_1": 0.8230000138282776, "passive_2": 0.8489999771118164, "principle_A_c_command": 0.5929999947547913, "principle_A_case_1": 1.0, "principle_A_case_2": 0.6919999718666077, "principle_A_domain_1": 0.9660000205039978, "principle_A_domain_2": 0.6510000228881836, "principle_A_domain_3": 0.45500001311302185, "principle_A_reconstruction": 0.460999995470047, "regular_plural_subject_verb_agreement_1": 0.7120000123977661, "regular_plural_subject_verb_agreement_2": 0.7590000033378601, "sentential_negation_npi_licensor_present": 0.9940000176429749, "sentential_negation_npi_scope": 0.4749999940395355, "sentential_subject_island": 0.45100000500679016, "superlative_quantifiers_1": 0.6190000176429749, "superlative_quantifiers_2": 0.7369999885559082, "tough_vs_raising_1": 0.40400001406669617, "tough_vs_raising_2": 0.6579999923706055, "transitive": 0.6890000104904175, "wh_island": 0.3869999945163727, "wh_questions_object_gap": 0.5979999899864197, "wh_questions_subject_gap": 0.9020000100135803, "wh_questions_subject_gap_long_distance": 0.9520000219345093, "wh_vs_that_no_gap": 0.9449999928474426, "wh_vs_that_no_gap_long_distance": 0.9559999704360962, "wh_vs_that_with_gap": 0.12700000405311584, "wh_vs_that_with_gap_long_distance": 0.09000000357627869}, "by_phenomenon": {"island_effects": 0.5231250002980232, "anaphor_agreement": 0.6185000091791153, "s-selection": 0.6845000088214874, "argument_structure": 0.6404285643781934, "determiner_noun_agreement": 0.8071250021457672, "subject_verb_agreement": 0.5688333337505659, "ellipsis": 0.5679999887943268, "control_raising": 0.6362000048160553, "quantifiers": 0.619499996304512, "irregular_forms": 0.7800000011920929, "npi_licensing": 0.4214285739830562, "binding": 0.6882857169423785, "filler_gap_dependency": 0.6528571418353489}}, "paloma": 222.79996773191445}