{"blimp": {"by_uid": {"adjunct_island": 0.7089999914169312, "anaphor_gender_agreement": 0.47200000286102295, "anaphor_number_agreement": 0.6539999842643738, "animate_subject_passive": 0.7020000219345093, "animate_subject_trans": 0.6840000152587891, "causative": 0.4819999933242798, "complex_NP_island": 0.5019999742507935, "coordinate_structure_constraint_complex_left_branch": 0.32899999618530273, "coordinate_structure_constraint_object_extraction": 0.47999998927116394, "determiner_noun_agreement_1": 0.859000027179718, "determiner_noun_agreement_2": 0.8299999833106995, "determiner_noun_agreement_irregular_1": 0.7350000143051147, "determiner_noun_agreement_irregular_2": 0.8320000171661377, "determiner_noun_agreement_with_adj_2": 0.7910000085830688, "determiner_noun_agreement_with_adj_irregular_1": 0.6209999918937683, "determiner_noun_agreement_with_adj_irregular_2": 0.7710000276565552, "determiner_noun_agreement_with_adjective_1": 0.8019999861717224, "distractor_agreement_relational_noun": 0.21199999749660492, "distractor_agreement_relative_clause": 0.25600001215934753, "drop_argument": 0.703000009059906, "ellipsis_n_bar_1": 0.4410000145435333, "ellipsis_n_bar_2": 0.5450000166893005, "existential_there_object_raising": 0.718999981880188, "existential_there_quantifiers_1": 0.7540000081062317, "existential_there_quantifiers_2": 0.35899999737739563, "existential_there_subject_raising": 0.5509999990463257, "expletive_it_object_raising": 0.6809999942779541, "inchoative": 0.37599998712539673, "intransitive": 0.5569999814033508, "irregular_past_participle_adjectives": 0.8190000057220459, "irregular_past_participle_verbs": 0.7229999899864197, "irregular_plural_subject_verb_agreement_1": 0.640999972820282, "irregular_plural_subject_verb_agreement_2": 0.6909999847412109, "left_branch_island_echo_question": 0.492000013589859, "left_branch_island_simple_question": 0.4729999899864197, "matrix_question_npi_licensor_present": 0.2290000021457672, "npi_present_1": 0.2409999966621399, "npi_present_2": 0.2770000100135803, "only_npi_licensor_present": 0.07100000232458115, "only_npi_scope": 0.41100001335144043, "passive_1": 0.8230000138282776, "passive_2": 0.8180000185966492, "principle_A_c_command": 0.609000027179718, "principle_A_case_1": 1.0, "principle_A_case_2": 0.652999997138977, "principle_A_domain_1": 0.9480000138282776, "principle_A_domain_2": 0.6039999723434448, "principle_A_domain_3": 0.43299999833106995, "principle_A_reconstruction": 0.41600000858306885, "regular_plural_subject_verb_agreement_1": 0.6140000224113464, "regular_plural_subject_verb_agreement_2": 0.597000002861023, "sentential_negation_npi_licensor_present": 0.9739999771118164, "sentential_negation_npi_scope": 0.4830000102519989, "sentential_subject_island": 0.44699999690055847, "superlative_quantifiers_1": 0.6510000228881836, "superlative_quantifiers_2": 0.5669999718666077, "tough_vs_raising_1": 0.38999998569488525, "tough_vs_raising_2": 0.6480000019073486, "transitive": 0.6779999732971191, "wh_island": 0.21299999952316284, "wh_questions_object_gap": 0.5649999976158142, "wh_questions_subject_gap": 0.8709999918937683, "wh_questions_subject_gap_long_distance": 0.9459999799728394, "wh_vs_that_no_gap": 0.9430000185966492, "wh_vs_that_no_gap_long_distance": 0.9549999833106995, "wh_vs_that_with_gap": 0.10199999809265137, "wh_vs_that_with_gap_long_distance": 0.05999999865889549}, "by_phenomenon": {"island_effects": 0.4556249938905239, "anaphor_agreement": 0.5629999935626984, "s-selection": 0.6930000185966492, "argument_structure": 0.6338571395192828, "determiner_noun_agreement": 0.7801250070333481, "subject_verb_agreement": 0.5018333320816358, "ellipsis": 0.49300001561641693, "control_raising": 0.5977999925613403, "quantifiers": 0.5827500000596046, "irregular_forms": 0.7709999978542328, "npi_licensing": 0.3837142874087606, "binding": 0.6661428596292224, "filler_gap_dependency": 0.6345714240201882}}, "paloma": 313.9866409627403}