{"blimp": {"by_uid": {"adjunct_island": 0.7009999752044678, "anaphor_gender_agreement": 0.44200000166893005, "anaphor_number_agreement": 0.5400000214576721, "animate_subject_passive": 0.6549999713897705, "animate_subject_trans": 0.5899999737739563, "causative": 0.4269999861717224, "complex_NP_island": 0.5249999761581421, "coordinate_structure_constraint_complex_left_branch": 0.3540000021457672, "coordinate_structure_constraint_object_extraction": 0.382999986410141, "determiner_noun_agreement_1": 0.6800000071525574, "determiner_noun_agreement_2": 0.6389999985694885, "determiner_noun_agreement_irregular_1": 0.6159999966621399, "determiner_noun_agreement_irregular_2": 0.6840000152587891, "determiner_noun_agreement_with_adj_2": 0.47999998927116394, "determiner_noun_agreement_with_adj_irregular_1": 0.4860000014305115, "determiner_noun_agreement_with_adj_irregular_2": 0.5239999890327454, "determiner_noun_agreement_with_adjective_1": 0.49900001287460327, "distractor_agreement_relational_noun": 0.40799999237060547, "distractor_agreement_relative_clause": 0.35899999737739563, "drop_argument": 0.7089999914169312, "ellipsis_n_bar_1": 0.2669999897480011, "ellipsis_n_bar_2": 0.3230000138282776, "existential_there_object_raising": 0.7279999852180481, "existential_there_quantifiers_1": 0.8069999814033508, "existential_there_quantifiers_2": 0.20800000429153442, "existential_there_subject_raising": 0.4569999873638153, "expletive_it_object_raising": 0.6899999976158142, "inchoative": 0.375, "intransitive": 0.5870000123977661, "irregular_past_participle_adjectives": 0.5879999995231628, "irregular_past_participle_verbs": 0.6949999928474426, "irregular_plural_subject_verb_agreement_1": 0.515999972820282, "irregular_plural_subject_verb_agreement_2": 0.5509999990463257, "left_branch_island_echo_question": 0.6179999709129333, "left_branch_island_simple_question": 0.3880000114440918, "matrix_question_npi_licensor_present": 0.13199999928474426, "npi_present_1": 0.2680000066757202, "npi_present_2": 0.41499999165534973, "only_npi_licensor_present": 0.3630000054836273, "only_npi_scope": 0.527999997138977, "passive_1": 0.7390000224113464, "passive_2": 0.7300000190734863, "principle_A_c_command": 0.6200000047683716, "principle_A_case_1": 1.0, "principle_A_case_2": 0.5759999752044678, "principle_A_domain_1": 0.9039999842643738, "principle_A_domain_2": 0.5540000200271606, "principle_A_domain_3": 0.4359999895095825, "principle_A_reconstruction": 0.2930000126361847, "regular_plural_subject_verb_agreement_1": 0.6330000162124634, "regular_plural_subject_verb_agreement_2": 0.5019999742507935, "sentential_negation_npi_licensor_present": 0.9679999947547913, "sentential_negation_npi_scope": 0.49000000953674316, "sentential_subject_island": 0.5460000038146973, "superlative_quantifiers_1": 0.6039999723434448, "superlative_quantifiers_2": 0.9700000286102295, "tough_vs_raising_1": 0.43299999833106995, "tough_vs_raising_2": 0.6190000176429749, "transitive": 0.6159999966621399, "wh_island": 0.49900001287460327, "wh_questions_object_gap": 0.5419999957084656, "wh_questions_subject_gap": 0.8259999752044678, "wh_questions_subject_gap_long_distance": 0.8930000066757202, "wh_vs_that_no_gap": 0.953000009059906, "wh_vs_that_no_gap_long_distance": 0.906000018119812, "wh_vs_that_with_gap": 0.061000000685453415, "wh_vs_that_with_gap_long_distance": 0.07100000232458115}, "by_phenomenon": {"island_effects": 0.5017499923706055, "anaphor_agreement": 0.4910000115633011, "s-selection": 0.6224999725818634, "argument_structure": 0.5975714325904846, "determiner_noun_agreement": 0.5760000012814999, "subject_verb_agreement": 0.4948333253463109, "ellipsis": 0.29500000178813934, "control_raising": 0.5853999972343444, "quantifiers": 0.6472499966621399, "irregular_forms": 0.6414999961853027, "npi_licensing": 0.45200000064713614, "binding": 0.6261428552014487, "filler_gap_dependency": 0.6074285725397723}}, "paloma": 659.5263976784948}