{"blimp": {"by_uid": {"adjunct_island": 0.6010000109672546, "anaphor_gender_agreement": 0.41999998688697815, "anaphor_number_agreement": 0.4830000102519989, "animate_subject_passive": 0.6420000195503235, "animate_subject_trans": 0.5879999995231628, "causative": 0.41100001335144043, "complex_NP_island": 0.42100000381469727, "coordinate_structure_constraint_complex_left_branch": 0.2750000059604645, "coordinate_structure_constraint_object_extraction": 0.34299999475479126, "determiner_noun_agreement_1": 0.6370000243186951, "determiner_noun_agreement_2": 0.593999981880188, "determiner_noun_agreement_irregular_1": 0.5789999961853027, "determiner_noun_agreement_irregular_2": 0.5920000076293945, "determiner_noun_agreement_with_adj_2": 0.48899999260902405, "determiner_noun_agreement_with_adj_irregular_1": 0.4650000035762787, "determiner_noun_agreement_with_adj_irregular_2": 0.527999997138977, "determiner_noun_agreement_with_adjective_1": 0.5249999761581421, "distractor_agreement_relational_noun": 0.4180000126361847, "distractor_agreement_relative_clause": 0.40299999713897705, "drop_argument": 0.7120000123977661, "ellipsis_n_bar_1": 0.25999999046325684, "ellipsis_n_bar_2": 0.3190000057220459, "existential_there_object_raising": 0.7369999885559082, "existential_there_quantifiers_1": 0.828000009059906, "existential_there_quantifiers_2": 0.26499998569488525, "existential_there_subject_raising": 0.45899999141693115, "expletive_it_object_raising": 0.6909999847412109, "inchoative": 0.36399999260902405, "intransitive": 0.5550000071525574, "irregular_past_participle_adjectives": 0.7639999985694885, "irregular_past_participle_verbs": 0.6819999814033508, "irregular_plural_subject_verb_agreement_1": 0.5040000081062317, "irregular_plural_subject_verb_agreement_2": 0.5889999866485596, "left_branch_island_echo_question": 0.550000011920929, "left_branch_island_simple_question": 0.3009999990463257, "matrix_question_npi_licensor_present": 0.1340000033378601, "npi_present_1": 0.3919999897480011, "npi_present_2": 0.5170000195503235, "only_npi_licensor_present": 0.5249999761581421, "only_npi_scope": 0.4860000014305115, "passive_1": 0.7360000014305115, "passive_2": 0.7250000238418579, "principle_A_c_command": 0.6549999713897705, "principle_A_case_1": 1.0, "principle_A_case_2": 0.5080000162124634, "principle_A_domain_1": 0.9240000247955322, "principle_A_domain_2": 0.546999990940094, "principle_A_domain_3": 0.4269999861717224, "principle_A_reconstruction": 0.2540000081062317, "regular_plural_subject_verb_agreement_1": 0.5799999833106995, "regular_plural_subject_verb_agreement_2": 0.5220000147819519, "sentential_negation_npi_licensor_present": 0.949999988079071, "sentential_negation_npi_scope": 0.5460000038146973, "sentential_subject_island": 0.5799999833106995, "superlative_quantifiers_1": 0.5130000114440918, "superlative_quantifiers_2": 0.9100000262260437, "tough_vs_raising_1": 0.382999986410141, "tough_vs_raising_2": 0.640999972820282, "transitive": 0.6209999918937683, "wh_island": 0.5049999952316284, "wh_questions_object_gap": 0.6129999756813049, "wh_questions_subject_gap": 0.9200000166893005, "wh_questions_subject_gap_long_distance": 0.921999990940094, "wh_vs_that_no_gap": 0.9729999899864197, "wh_vs_that_no_gap_long_distance": 0.9539999961853027, "wh_vs_that_with_gap": 0.03500000014901161, "wh_vs_that_with_gap_long_distance": 0.04100000113248825}, "by_phenomenon": {"island_effects": 0.44700000062584877, "anaphor_agreement": 0.4514999985694885, "s-selection": 0.6150000095367432, "argument_structure": 0.5891428632395608, "determiner_noun_agreement": 0.5511249974370003, "subject_verb_agreement": 0.5026666671037674, "ellipsis": 0.28949999809265137, "control_raising": 0.5821999847888947, "quantifiers": 0.6290000081062317, "irregular_forms": 0.7229999899864197, "npi_licensing": 0.5071428545883724, "binding": 0.6164285710879734, "filler_gap_dependency": 0.6368571386805603}}, "paloma": 840.855872682578}