{"blimp": {"by_uid": {"adjunct_island": 0.722000002861023, "anaphor_gender_agreement": 0.47099998593330383, "anaphor_number_agreement": 0.6620000004768372, "animate_subject_passive": 0.6890000104904175, "animate_subject_trans": 0.6420000195503235, "causative": 0.460999995470047, "complex_NP_island": 0.5410000085830688, "coordinate_structure_constraint_complex_left_branch": 0.42500001192092896, "coordinate_structure_constraint_object_extraction": 0.5120000243186951, "determiner_noun_agreement_1": 0.8169999718666077, "determiner_noun_agreement_2": 0.7889999747276306, "determiner_noun_agreement_irregular_1": 0.7120000123977661, "determiner_noun_agreement_irregular_2": 0.7799999713897705, "determiner_noun_agreement_with_adj_2": 0.6669999957084656, "determiner_noun_agreement_with_adj_irregular_1": 0.6110000014305115, "determiner_noun_agreement_with_adj_irregular_2": 0.7049999833106995, "determiner_noun_agreement_with_adjective_1": 0.7110000252723694, "distractor_agreement_relational_noun": 0.2630000114440918, "distractor_agreement_relative_clause": 0.25600001215934753, "drop_argument": 0.7089999914169312, "ellipsis_n_bar_1": 0.36800000071525574, "ellipsis_n_bar_2": 0.45899999141693115, "existential_there_object_raising": 0.7129999995231628, "existential_there_quantifiers_1": 0.7559999823570251, "existential_there_quantifiers_2": 0.335999995470047, "existential_there_subject_raising": 0.5139999985694885, "expletive_it_object_raising": 0.6790000200271606, "inchoative": 0.3619999885559082, "intransitive": 0.5889999866485596, "irregular_past_participle_adjectives": 0.7670000195503235, "irregular_past_participle_verbs": 0.7009999752044678, "irregular_plural_subject_verb_agreement_1": 0.5989999771118164, "irregular_plural_subject_verb_agreement_2": 0.6119999885559082, "left_branch_island_echo_question": 0.6000000238418579, "left_branch_island_simple_question": 0.5400000214576721, "matrix_question_npi_licensor_present": 0.22300000488758087, "npi_present_1": 0.2150000035762787, "npi_present_2": 0.32600000500679016, "only_npi_licensor_present": 0.25699999928474426, "only_npi_scope": 0.5929999947547913, "passive_1": 0.796999990940094, "passive_2": 0.7749999761581421, "principle_A_c_command": 0.5569999814033508, "principle_A_case_1": 1.0, "principle_A_case_2": 0.5299999713897705, "principle_A_domain_1": 0.8709999918937683, "principle_A_domain_2": 0.5879999995231628, "principle_A_domain_3": 0.42800000309944153, "principle_A_reconstruction": 0.3059999942779541, "regular_plural_subject_verb_agreement_1": 0.6000000238418579, "regular_plural_subject_verb_agreement_2": 0.5730000138282776, "sentential_negation_npi_licensor_present": 0.9729999899864197, "sentential_negation_npi_scope": 0.41100001335144043, "sentential_subject_island": 0.4050000011920929, "superlative_quantifiers_1": 0.44200000166893005, "superlative_quantifiers_2": 0.7459999918937683, "tough_vs_raising_1": 0.4690000116825104, "tough_vs_raising_2": 0.5979999899864197, "transitive": 0.6520000100135803, "wh_island": 0.49900001287460327, "wh_questions_object_gap": 0.48500001430511475, "wh_questions_subject_gap": 0.8169999718666077, "wh_questions_subject_gap_long_distance": 0.8980000019073486, "wh_vs_that_no_gap": 0.9430000185966492, "wh_vs_that_no_gap_long_distance": 0.9509999752044678, "wh_vs_that_with_gap": 0.09700000286102295, "wh_vs_that_with_gap_long_distance": 0.050999999046325684}, "by_phenomenon": {"island_effects": 0.5305000133812428, "anaphor_agreement": 0.5664999932050705, "s-selection": 0.6655000150203705, "argument_structure": 0.6207142770290375, "determiner_noun_agreement": 0.7239999920129776, "subject_verb_agreement": 0.4838333378235499, "ellipsis": 0.41349999606609344, "control_raising": 0.5946000039577484, "quantifiers": 0.5699999928474426, "irregular_forms": 0.7339999973773956, "npi_licensing": 0.42828571583543507, "binding": 0.6114285630839211, "filler_gap_dependency": 0.6059999976839338}}, "paloma": 445.9416341004056}