{"blimp": {"by_uid": {"adjunct_island": 0.6909999847412109, "anaphor_gender_agreement": 0.5009999871253967, "anaphor_number_agreement": 0.6880000233650208, "animate_subject_passive": 0.6800000071525574, "animate_subject_trans": 0.6970000267028809, "causative": 0.4869999885559082, "complex_NP_island": 0.49399998784065247, "coordinate_structure_constraint_complex_left_branch": 0.35100001096725464, "coordinate_structure_constraint_object_extraction": 0.5789999961853027, "determiner_noun_agreement_1": 0.8809999823570251, "determiner_noun_agreement_2": 0.8429999947547913, "determiner_noun_agreement_irregular_1": 0.7160000205039978, "determiner_noun_agreement_irregular_2": 0.824999988079071, "determiner_noun_agreement_with_adj_2": 0.8069999814033508, "determiner_noun_agreement_with_adj_irregular_1": 0.6510000228881836, "determiner_noun_agreement_with_adj_irregular_2": 0.7730000019073486, "determiner_noun_agreement_with_adjective_1": 0.8209999799728394, "distractor_agreement_relational_noun": 0.22200000286102295, "distractor_agreement_relative_clause": 0.25, "drop_argument": 0.6959999799728394, "ellipsis_n_bar_1": 0.47600001096725464, "ellipsis_n_bar_2": 0.5659999847412109, "existential_there_object_raising": 0.7210000157356262, "existential_there_quantifiers_1": 0.8069999814033508, "existential_there_quantifiers_2": 0.3070000112056732, "existential_there_subject_raising": 0.5879999995231628, "expletive_it_object_raising": 0.6779999732971191, "inchoative": 0.36899998784065247, "intransitive": 0.5519999861717224, "irregular_past_participle_adjectives": 0.8330000042915344, "irregular_past_participle_verbs": 0.7200000286102295, "irregular_plural_subject_verb_agreement_1": 0.6650000214576721, "irregular_plural_subject_verb_agreement_2": 0.6830000281333923, "left_branch_island_echo_question": 0.49300000071525574, "left_branch_island_simple_question": 0.49000000953674316, "matrix_question_npi_licensor_present": 0.23399999737739563, "npi_present_1": 0.26100000739097595, "npi_present_2": 0.30000001192092896, "only_npi_licensor_present": 0.09300000220537186, "only_npi_scope": 0.421999990940094, "passive_1": 0.8109999895095825, "passive_2": 0.8220000267028809, "principle_A_c_command": 0.5989999771118164, "principle_A_case_1": 1.0, "principle_A_case_2": 0.6499999761581421, "principle_A_domain_1": 0.9419999718666077, "principle_A_domain_2": 0.6129999756813049, "principle_A_domain_3": 0.4320000112056732, "principle_A_reconstruction": 0.45500001311302185, "regular_plural_subject_verb_agreement_1": 0.6510000228881836, "regular_plural_subject_verb_agreement_2": 0.6389999985694885, "sentential_negation_npi_licensor_present": 0.9750000238418579, "sentential_negation_npi_scope": 0.4729999899864197, "sentential_subject_island": 0.4440000057220459, "superlative_quantifiers_1": 0.6129999756813049, "superlative_quantifiers_2": 0.5979999899864197, "tough_vs_raising_1": 0.3499999940395355, "tough_vs_raising_2": 0.675000011920929, "transitive": 0.6740000247955322, "wh_island": 0.28299999237060547, "wh_questions_object_gap": 0.574999988079071, "wh_questions_subject_gap": 0.8849999904632568, "wh_questions_subject_gap_long_distance": 0.9539999961853027, "wh_vs_that_no_gap": 0.9459999799728394, "wh_vs_that_no_gap_long_distance": 0.9589999914169312, "wh_vs_that_with_gap": 0.11500000208616257, "wh_vs_that_with_gap_long_distance": 0.0560000017285347}, "by_phenomenon": {"island_effects": 0.4781249985098839, "anaphor_agreement": 0.5945000052452087, "s-selection": 0.6885000169277191, "argument_structure": 0.6301428547927311, "determiner_noun_agreement": 0.789624996483326, "subject_verb_agreement": 0.5183333456516266, "ellipsis": 0.5209999978542328, "control_raising": 0.6023999989032746, "quantifiers": 0.5812499895691872, "irregular_forms": 0.776500016450882, "npi_licensing": 0.39400000338043484, "binding": 0.6701428464480809, "filler_gap_dependency": 0.641428564276014}}, "paloma": 281.1390939366942}