{"blimp": {"by_uid": {"adjunct_island": 0.7279999852180481, "anaphor_gender_agreement": 0.5180000066757202, "anaphor_number_agreement": 0.7429999709129333, "animate_subject_passive": 0.7009999752044678, "animate_subject_trans": 0.6740000247955322, "causative": 0.4830000102519989, "complex_NP_island": 0.4880000054836273, "coordinate_structure_constraint_complex_left_branch": 0.453000009059906, "coordinate_structure_constraint_object_extraction": 0.6330000162124634, "determiner_noun_agreement_1": 0.8859999775886536, "determiner_noun_agreement_2": 0.8579999804496765, "determiner_noun_agreement_irregular_1": 0.7300000190734863, "determiner_noun_agreement_irregular_2": 0.8450000286102295, "determiner_noun_agreement_with_adj_2": 0.8109999895095825, "determiner_noun_agreement_with_adj_irregular_1": 0.6909999847412109, "determiner_noun_agreement_with_adj_irregular_2": 0.7519999742507935, "determiner_noun_agreement_with_adjective_1": 0.8529999852180481, "distractor_agreement_relational_noun": 0.2150000035762787, "distractor_agreement_relative_clause": 0.2240000069141388, "drop_argument": 0.6990000009536743, "ellipsis_n_bar_1": 0.5009999871253967, "ellipsis_n_bar_2": 0.5960000157356262, "existential_there_object_raising": 0.7390000224113464, "existential_there_quantifiers_1": 0.7730000019073486, "existential_there_quantifiers_2": 0.36899998784065247, "existential_there_subject_raising": 0.640999972820282, "expletive_it_object_raising": 0.6949999928474426, "inchoative": 0.38100001215934753, "intransitive": 0.5509999990463257, "irregular_past_participle_adjectives": 0.7680000066757202, "irregular_past_participle_verbs": 0.7009999752044678, "irregular_plural_subject_verb_agreement_1": 0.6729999780654907, "irregular_plural_subject_verb_agreement_2": 0.7760000228881836, "left_branch_island_echo_question": 0.5289999842643738, "left_branch_island_simple_question": 0.5230000019073486, "matrix_question_npi_licensor_present": 0.20200000703334808, "npi_present_1": 0.23800000548362732, "npi_present_2": 0.296999990940094, "only_npi_licensor_present": 0.16300000250339508, "only_npi_scope": 0.5239999890327454, "passive_1": 0.8090000152587891, "passive_2": 0.8410000205039978, "principle_A_c_command": 0.5799999833106995, "principle_A_case_1": 0.9990000128746033, "principle_A_case_2": 0.6690000295639038, "principle_A_domain_1": 0.953000009059906, "principle_A_domain_2": 0.6209999918937683, "principle_A_domain_3": 0.4580000042915344, "principle_A_reconstruction": 0.4429999887943268, "regular_plural_subject_verb_agreement_1": 0.6840000152587891, "regular_plural_subject_verb_agreement_2": 0.7250000238418579, "sentential_negation_npi_licensor_present": 0.9900000095367432, "sentential_negation_npi_scope": 0.5, "sentential_subject_island": 0.4269999861717224, "superlative_quantifiers_1": 0.7720000147819519, "superlative_quantifiers_2": 0.8370000123977661, "tough_vs_raising_1": 0.4009999930858612, "tough_vs_raising_2": 0.6380000114440918, "transitive": 0.6930000185966492, "wh_island": 0.4129999876022339, "wh_questions_object_gap": 0.597000002861023, "wh_questions_subject_gap": 0.9100000262260437, "wh_questions_subject_gap_long_distance": 0.9509999752044678, "wh_vs_that_no_gap": 0.953000009059906, "wh_vs_that_no_gap_long_distance": 0.9520000219345093, "wh_vs_that_with_gap": 0.1340000033378601, "wh_vs_that_with_gap_long_distance": 0.09099999815225601}, "by_phenomenon": {"island_effects": 0.5242499969899654, "anaphor_agreement": 0.6304999887943268, "s-selection": 0.6875, "argument_structure": 0.6367142966815403, "determiner_noun_agreement": 0.8032499924302101, "subject_verb_agreement": 0.5495000084241232, "ellipsis": 0.5485000014305115, "control_raising": 0.6227999985218048, "quantifiers": 0.6877500042319298, "irregular_forms": 0.734499990940094, "npi_licensing": 0.41628571493285044, "binding": 0.6747142885412488, "filler_gap_dependency": 0.6554285766822951}}, "paloma": 237.42919762375462}