{"blimp": {"by_uid": {"adjunct_island": 0.7310000061988831, "anaphor_gender_agreement": 0.492000013589859, "anaphor_number_agreement": 0.6980000138282776, "animate_subject_passive": 0.6949999928474426, "animate_subject_trans": 0.6980000138282776, "causative": 0.492000013589859, "complex_NP_island": 0.4950000047683716, "coordinate_structure_constraint_complex_left_branch": 0.4099999964237213, "coordinate_structure_constraint_object_extraction": 0.6159999966621399, "determiner_noun_agreement_1": 0.8840000033378601, "determiner_noun_agreement_2": 0.8489999771118164, "determiner_noun_agreement_irregular_1": 0.7239999771118164, "determiner_noun_agreement_irregular_2": 0.8259999752044678, "determiner_noun_agreement_with_adj_2": 0.8059999942779541, "determiner_noun_agreement_with_adj_irregular_1": 0.6679999828338623, "determiner_noun_agreement_with_adj_irregular_2": 0.753000020980835, "determiner_noun_agreement_with_adjective_1": 0.8420000076293945, "distractor_agreement_relational_noun": 0.20499999821186066, "distractor_agreement_relative_clause": 0.24300000071525574, "drop_argument": 0.6930000185966492, "ellipsis_n_bar_1": 0.4830000102519989, "ellipsis_n_bar_2": 0.5789999961853027, "existential_there_object_raising": 0.7229999899864197, "existential_there_quantifiers_1": 0.8199999928474426, "existential_there_quantifiers_2": 0.28700000047683716, "existential_there_subject_raising": 0.6039999723434448, "expletive_it_object_raising": 0.6819999814033508, "inchoative": 0.38999998569488525, "intransitive": 0.5410000085830688, "irregular_past_participle_adjectives": 0.8330000042915344, "irregular_past_participle_verbs": 0.7120000123977661, "irregular_plural_subject_verb_agreement_1": 0.6679999828338623, "irregular_plural_subject_verb_agreement_2": 0.7409999966621399, "left_branch_island_echo_question": 0.46399998664855957, "left_branch_island_simple_question": 0.4909999966621399, "matrix_question_npi_licensor_present": 0.19499999284744263, "npi_present_1": 0.2630000114440918, "npi_present_2": 0.3149999976158142, "only_npi_licensor_present": 0.1340000033378601, "only_npi_scope": 0.46399998664855957, "passive_1": 0.824999988079071, "passive_2": 0.8510000109672546, "principle_A_c_command": 0.6079999804496765, "principle_A_case_1": 0.9990000128746033, "principle_A_case_2": 0.6850000023841858, "principle_A_domain_1": 0.9380000233650208, "principle_A_domain_2": 0.6100000143051147, "principle_A_domain_3": 0.45899999141693115, "principle_A_reconstruction": 0.4659999907016754, "regular_plural_subject_verb_agreement_1": 0.6729999780654907, "regular_plural_subject_verb_agreement_2": 0.6990000009536743, "sentential_negation_npi_licensor_present": 0.984000027179718, "sentential_negation_npi_scope": 0.4860000014305115, "sentential_subject_island": 0.4390000104904175, "superlative_quantifiers_1": 0.7440000176429749, "superlative_quantifiers_2": 0.7329999804496765, "tough_vs_raising_1": 0.39100000262260437, "tough_vs_raising_2": 0.6370000243186951, "transitive": 0.6859999895095825, "wh_island": 0.3330000042915344, "wh_questions_object_gap": 0.5830000042915344, "wh_questions_subject_gap": 0.8899999856948853, "wh_questions_subject_gap_long_distance": 0.9549999833106995, "wh_vs_that_no_gap": 0.9440000057220459, "wh_vs_that_no_gap_long_distance": 0.9549999833106995, "wh_vs_that_with_gap": 0.1340000033378601, "wh_vs_that_with_gap_long_distance": 0.06700000166893005}, "by_phenomenon": {"island_effects": 0.4973750002682209, "anaphor_agreement": 0.5950000137090683, "s-selection": 0.6965000033378601, "argument_structure": 0.6397142878600529, "determiner_noun_agreement": 0.7939999923110008, "subject_verb_agreement": 0.5381666595737139, "ellipsis": 0.5310000032186508, "control_raising": 0.607399994134903, "quantifiers": 0.6459999978542328, "irregular_forms": 0.7725000083446503, "npi_licensing": 0.4058571457862854, "binding": 0.6807142879281726, "filler_gap_dependency": 0.6468571381909507}}, "paloma": 269.6393670231623}