{"blimp": {"by_uid": {"adjunct_island": 0.718999981880188, "anaphor_gender_agreement": 0.5180000066757202, "anaphor_number_agreement": 0.7590000033378601, "animate_subject_passive": 0.6919999718666077, "animate_subject_trans": 0.6779999732971191, "causative": 0.4880000054836273, "complex_NP_island": 0.4749999940395355, "coordinate_structure_constraint_complex_left_branch": 0.49399998784065247, "coordinate_structure_constraint_object_extraction": 0.609000027179718, "determiner_noun_agreement_1": 0.878000020980835, "determiner_noun_agreement_2": 0.8790000081062317, "determiner_noun_agreement_irregular_1": 0.7289999723434448, "determiner_noun_agreement_irregular_2": 0.8550000190734863, "determiner_noun_agreement_with_adj_2": 0.8149999976158142, "determiner_noun_agreement_with_adj_irregular_1": 0.6959999799728394, "determiner_noun_agreement_with_adj_irregular_2": 0.7480000257492065, "determiner_noun_agreement_with_adjective_1": 0.8379999995231628, "distractor_agreement_relational_noun": 0.2280000001192093, "distractor_agreement_relative_clause": 0.2290000021457672, "drop_argument": 0.6930000185966492, "ellipsis_n_bar_1": 0.5210000276565552, "ellipsis_n_bar_2": 0.609000027179718, "existential_there_object_raising": 0.7429999709129333, "existential_there_quantifiers_1": 0.7889999747276306, "existential_there_quantifiers_2": 0.34700000286102295, "existential_there_subject_raising": 0.6620000004768372, "expletive_it_object_raising": 0.7129999995231628, "inchoative": 0.38499999046325684, "intransitive": 0.5440000295639038, "irregular_past_participle_adjectives": 0.8389999866485596, "irregular_past_participle_verbs": 0.7269999980926514, "irregular_plural_subject_verb_agreement_1": 0.6790000200271606, "irregular_plural_subject_verb_agreement_2": 0.7950000166893005, "left_branch_island_echo_question": 0.5210000276565552, "left_branch_island_simple_question": 0.5230000019073486, "matrix_question_npi_licensor_present": 0.2199999988079071, "npi_present_1": 0.24699999392032623, "npi_present_2": 0.30799999833106995, "only_npi_licensor_present": 0.09099999815225601, "only_npi_scope": 0.5809999704360962, "passive_1": 0.8149999976158142, "passive_2": 0.843999981880188, "principle_A_c_command": 0.578000009059906, "principle_A_case_1": 1.0, "principle_A_case_2": 0.6840000152587891, "principle_A_domain_1": 0.9520000219345093, "principle_A_domain_2": 0.6399999856948853, "principle_A_domain_3": 0.453000009059906, "principle_A_reconstruction": 0.460999995470047, "regular_plural_subject_verb_agreement_1": 0.6909999847412109, "regular_plural_subject_verb_agreement_2": 0.7509999871253967, "sentential_negation_npi_licensor_present": 0.9950000047683716, "sentential_negation_npi_scope": 0.5170000195503235, "sentential_subject_island": 0.42800000309944153, "superlative_quantifiers_1": 0.6850000023841858, "superlative_quantifiers_2": 0.7419999837875366, "tough_vs_raising_1": 0.4000000059604645, "tough_vs_raising_2": 0.6570000052452087, "transitive": 0.6980000138282776, "wh_island": 0.3630000054836273, "wh_questions_object_gap": 0.6100000143051147, "wh_questions_subject_gap": 0.9129999876022339, "wh_questions_subject_gap_long_distance": 0.9509999752044678, "wh_vs_that_no_gap": 0.9430000185966492, "wh_vs_that_no_gap_long_distance": 0.9520000219345093, "wh_vs_that_with_gap": 0.1289999932050705, "wh_vs_that_with_gap_long_distance": 0.09200000017881393}, "by_phenomenon": {"island_effects": 0.5165000036358833, "anaphor_agreement": 0.6385000050067902, "s-selection": 0.6849999725818634, "argument_structure": 0.6381428624902453, "determiner_noun_agreement": 0.8047500029206276, "subject_verb_agreement": 0.5621666684746742, "ellipsis": 0.5650000274181366, "control_raising": 0.6349999964237213, "quantifiers": 0.640749990940094, "irregular_forms": 0.7829999923706055, "npi_licensing": 0.4227142834237644, "binding": 0.6811428623540061, "filler_gap_dependency": 0.6557142872895513}}, "paloma": 225.50689521915822}