{"blimp": {"by_uid": {"adjunct_island": 0.7300000190734863, "anaphor_gender_agreement": 0.5059999823570251, "anaphor_number_agreement": 0.7099999785423279, "animate_subject_passive": 0.6980000138282776, "animate_subject_trans": 0.6859999895095825, "causative": 0.4959999918937683, "complex_NP_island": 0.48399999737739563, "coordinate_structure_constraint_complex_left_branch": 0.41100001335144043, "coordinate_structure_constraint_object_extraction": 0.6129999756813049, "determiner_noun_agreement_1": 0.8889999985694885, "determiner_noun_agreement_2": 0.8479999899864197, "determiner_noun_agreement_irregular_1": 0.7200000286102295, "determiner_noun_agreement_irregular_2": 0.828000009059906, "determiner_noun_agreement_with_adj_2": 0.800000011920929, "determiner_noun_agreement_with_adj_irregular_1": 0.6639999747276306, "determiner_noun_agreement_with_adj_irregular_2": 0.7519999742507935, "determiner_noun_agreement_with_adjective_1": 0.8450000286102295, "distractor_agreement_relational_noun": 0.20499999821186066, "distractor_agreement_relative_clause": 0.23800000548362732, "drop_argument": 0.6869999766349792, "ellipsis_n_bar_1": 0.4819999933242798, "ellipsis_n_bar_2": 0.5809999704360962, "existential_there_object_raising": 0.7239999771118164, "existential_there_quantifiers_1": 0.8159999847412109, "existential_there_quantifiers_2": 0.3140000104904175, "existential_there_subject_raising": 0.6019999980926514, "expletive_it_object_raising": 0.6859999895095825, "inchoative": 0.37599998712539673, "intransitive": 0.5350000262260437, "irregular_past_participle_adjectives": 0.8040000200271606, "irregular_past_participle_verbs": 0.6990000009536743, "irregular_plural_subject_verb_agreement_1": 0.6809999942779541, "irregular_plural_subject_verb_agreement_2": 0.753000020980835, "left_branch_island_echo_question": 0.45399999618530273, "left_branch_island_simple_question": 0.4959999918937683, "matrix_question_npi_licensor_present": 0.20000000298023224, "npi_present_1": 0.25699999928474426, "npi_present_2": 0.30399999022483826, "only_npi_licensor_present": 0.13500000536441803, "only_npi_scope": 0.4690000116825104, "passive_1": 0.8180000185966492, "passive_2": 0.8489999771118164, "principle_A_c_command": 0.6079999804496765, "principle_A_case_1": 0.9990000128746033, "principle_A_case_2": 0.6700000166893005, "principle_A_domain_1": 0.953000009059906, "principle_A_domain_2": 0.609000027179718, "principle_A_domain_3": 0.45500001311302185, "principle_A_reconstruction": 0.4659999907016754, "regular_plural_subject_verb_agreement_1": 0.6769999861717224, "regular_plural_subject_verb_agreement_2": 0.6909999847412109, "sentential_negation_npi_licensor_present": 0.9850000143051147, "sentential_negation_npi_scope": 0.4970000088214874, "sentential_subject_island": 0.4490000009536743, "superlative_quantifiers_1": 0.7630000114440918, "superlative_quantifiers_2": 0.7649999856948853, "tough_vs_raising_1": 0.38600000739097595, "tough_vs_raising_2": 0.6510000228881836, "transitive": 0.6980000138282776, "wh_island": 0.32199999690055847, "wh_questions_object_gap": 0.6000000238418579, "wh_questions_subject_gap": 0.890999972820282, "wh_questions_subject_gap_long_distance": 0.9589999914169312, "wh_vs_that_no_gap": 0.9509999752044678, "wh_vs_that_no_gap_long_distance": 0.9570000171661377, "wh_vs_that_with_gap": 0.12300000339746475, "wh_vs_that_with_gap_long_distance": 0.06199999898672104}, "by_phenomenon": {"island_effects": 0.4948749989271164, "anaphor_agreement": 0.6079999804496765, "s-selection": 0.69200000166893, "argument_structure": 0.6369999987738473, "determiner_noun_agreement": 0.7932500019669533, "subject_verb_agreement": 0.5408333316445351, "ellipsis": 0.531499981880188, "control_raising": 0.609799998998642, "quantifiers": 0.6644999980926514, "irregular_forms": 0.7515000104904175, "npi_licensing": 0.4067142903804779, "binding": 0.6800000071525574, "filler_gap_dependency": 0.6489999975476947}}, "paloma": 272.46335208440905}