{"blimp": {"by_uid": {"adjunct_island": 0.7020000219345093, "anaphor_gender_agreement": 0.4909999966621399, "anaphor_number_agreement": 0.7429999709129333, "animate_subject_passive": 0.6949999928474426, "animate_subject_trans": 0.6710000038146973, "causative": 0.4830000102519989, "complex_NP_island": 0.48500001430511475, "coordinate_structure_constraint_complex_left_branch": 0.49399998784065247, "coordinate_structure_constraint_object_extraction": 0.6069999933242798, "determiner_noun_agreement_1": 0.8820000290870667, "determiner_noun_agreement_2": 0.8679999709129333, "determiner_noun_agreement_irregular_1": 0.722000002861023, "determiner_noun_agreement_irregular_2": 0.8460000157356262, "determiner_noun_agreement_with_adj_2": 0.8069999814033508, "determiner_noun_agreement_with_adj_irregular_1": 0.6890000104904175, "determiner_noun_agreement_with_adj_irregular_2": 0.7429999709129333, "determiner_noun_agreement_with_adjective_1": 0.8349999785423279, "distractor_agreement_relational_noun": 0.23199999332427979, "distractor_agreement_relative_clause": 0.23399999737739563, "drop_argument": 0.6880000233650208, "ellipsis_n_bar_1": 0.5329999923706055, "ellipsis_n_bar_2": 0.6100000143051147, "existential_there_object_raising": 0.7450000047683716, "existential_there_quantifiers_1": 0.7940000295639038, "existential_there_quantifiers_2": 0.33899998664855957, "existential_there_subject_raising": 0.6610000133514404, "expletive_it_object_raising": 0.7089999914169312, "inchoative": 0.39100000262260437, "intransitive": 0.5410000085830688, "irregular_past_participle_adjectives": 0.8209999799728394, "irregular_past_participle_verbs": 0.722000002861023, "irregular_plural_subject_verb_agreement_1": 0.6790000200271606, "irregular_plural_subject_verb_agreement_2": 0.7860000133514404, "left_branch_island_echo_question": 0.5239999890327454, "left_branch_island_simple_question": 0.5130000114440918, "matrix_question_npi_licensor_present": 0.22599999606609344, "npi_present_1": 0.25, "npi_present_2": 0.3140000104904175, "only_npi_licensor_present": 0.09399999678134918, "only_npi_scope": 0.5839999914169312, "passive_1": 0.8180000185966492, "passive_2": 0.8450000286102295, "principle_A_c_command": 0.5889999866485596, "principle_A_case_1": 1.0, "principle_A_case_2": 0.6809999942779541, "principle_A_domain_1": 0.9620000123977661, "principle_A_domain_2": 0.6460000276565552, "principle_A_domain_3": 0.453000009059906, "principle_A_reconstruction": 0.46700000762939453, "regular_plural_subject_verb_agreement_1": 0.7049999833106995, "regular_plural_subject_verb_agreement_2": 0.7549999952316284, "sentential_negation_npi_licensor_present": 0.9950000047683716, "sentential_negation_npi_scope": 0.48500001430511475, "sentential_subject_island": 0.4410000145435333, "superlative_quantifiers_1": 0.5889999866485596, "superlative_quantifiers_2": 0.7480000257492065, "tough_vs_raising_1": 0.4129999876022339, "tough_vs_raising_2": 0.6579999923706055, "transitive": 0.6940000057220459, "wh_island": 0.3959999978542328, "wh_questions_object_gap": 0.6000000238418579, "wh_questions_subject_gap": 0.9049999713897705, "wh_questions_subject_gap_long_distance": 0.9490000009536743, "wh_vs_that_no_gap": 0.9440000057220459, "wh_vs_that_no_gap_long_distance": 0.9549999833106995, "wh_vs_that_with_gap": 0.1289999932050705, "wh_vs_that_with_gap_long_distance": 0.09399999678134918}, "by_phenomenon": {"island_effects": 0.5202500037848949, "anaphor_agreement": 0.6169999837875366, "s-selection": 0.68299999833107, "argument_structure": 0.6371428711073739, "determiner_noun_agreement": 0.7989999949932098, "subject_verb_agreement": 0.5651666671037674, "ellipsis": 0.5715000033378601, "control_raising": 0.6371999979019165, "quantifiers": 0.6175000071525574, "irregular_forms": 0.7714999914169312, "npi_licensing": 0.4211428591183254, "binding": 0.6854285768100193, "filler_gap_dependency": 0.6537142821720668}}, "paloma": 223.75990785073736}