{"blimp": {"by_uid": {"adjunct_island": 0.7129999995231628, "anaphor_gender_agreement": 0.4320000112056732, "anaphor_number_agreement": 0.6399999856948853, "animate_subject_passive": 0.6740000247955322, "animate_subject_trans": 0.621999979019165, "causative": 0.46700000762939453, "complex_NP_island": 0.5509999990463257, "coordinate_structure_constraint_complex_left_branch": 0.4129999876022339, "coordinate_structure_constraint_object_extraction": 0.49399998784065247, "determiner_noun_agreement_1": 0.8090000152587891, "determiner_noun_agreement_2": 0.7540000081062317, "determiner_noun_agreement_irregular_1": 0.699999988079071, "determiner_noun_agreement_irregular_2": 0.75, "determiner_noun_agreement_with_adj_2": 0.6549999713897705, "determiner_noun_agreement_with_adj_irregular_1": 0.6060000061988831, "determiner_noun_agreement_with_adj_irregular_2": 0.6830000281333923, "determiner_noun_agreement_with_adjective_1": 0.7009999752044678, "distractor_agreement_relational_noun": 0.28700000047683716, "distractor_agreement_relative_clause": 0.26100000739097595, "drop_argument": 0.7110000252723694, "ellipsis_n_bar_1": 0.38999998569488525, "ellipsis_n_bar_2": 0.4259999990463257, "existential_there_object_raising": 0.7170000076293945, "existential_there_quantifiers_1": 0.7710000276565552, "existential_there_quantifiers_2": 0.2800000011920929, "existential_there_subject_raising": 0.5509999990463257, "expletive_it_object_raising": 0.6899999976158142, "inchoative": 0.3659999966621399, "intransitive": 0.5830000042915344, "irregular_past_participle_adjectives": 0.7490000128746033, "irregular_past_participle_verbs": 0.699999988079071, "irregular_plural_subject_verb_agreement_1": 0.5870000123977661, "irregular_plural_subject_verb_agreement_2": 0.6100000143051147, "left_branch_island_echo_question": 0.5929999947547913, "left_branch_island_simple_question": 0.503000020980835, "matrix_question_npi_licensor_present": 0.20499999821186066, "npi_present_1": 0.2240000069141388, "npi_present_2": 0.3149999976158142, "only_npi_licensor_present": 0.23899999260902405, "only_npi_scope": 0.6190000176429749, "passive_1": 0.7879999876022339, "passive_2": 0.7710000276565552, "principle_A_c_command": 0.5649999976158142, "principle_A_case_1": 1.0, "principle_A_case_2": 0.550000011920929, "principle_A_domain_1": 0.8820000290870667, "principle_A_domain_2": 0.5839999914169312, "principle_A_domain_3": 0.43799999356269836, "principle_A_reconstruction": 0.34700000286102295, "regular_plural_subject_verb_agreement_1": 0.6290000081062317, "regular_plural_subject_verb_agreement_2": 0.5740000009536743, "sentential_negation_npi_licensor_present": 0.9789999723434448, "sentential_negation_npi_scope": 0.41499999165534973, "sentential_subject_island": 0.3799999952316284, "superlative_quantifiers_1": 0.44999998807907104, "superlative_quantifiers_2": 0.7649999856948853, "tough_vs_raising_1": 0.46299999952316284, "tough_vs_raising_2": 0.5899999737739563, "transitive": 0.6589999794960022, "wh_island": 0.4429999887943268, "wh_questions_object_gap": 0.5049999952316284, "wh_questions_subject_gap": 0.8069999814033508, "wh_questions_subject_gap_long_distance": 0.8870000243186951, "wh_vs_that_no_gap": 0.949999988079071, "wh_vs_that_no_gap_long_distance": 0.972000002861023, "wh_vs_that_with_gap": 0.08100000023841858, "wh_vs_that_with_gap_long_distance": 0.03500000014901161}, "by_phenomenon": {"island_effects": 0.5112499967217445, "anaphor_agreement": 0.5359999984502792, "s-selection": 0.6480000019073486, "argument_structure": 0.6207142898014614, "determiner_noun_agreement": 0.7072499990463257, "subject_verb_agreement": 0.4913333406051, "ellipsis": 0.40799999237060547, "control_raising": 0.6021999955177307, "quantifiers": 0.5665000006556511, "irregular_forms": 0.7245000004768372, "npi_licensing": 0.4279999967132296, "binding": 0.6237142894949231, "filler_gap_dependency": 0.6052857131830284}}, "paloma": 489.7637693225714}