{"blimp": {"by_uid": {"adjunct_island": 0.7459999918937683, "anaphor_gender_agreement": 0.453000009059906, "anaphor_number_agreement": 0.6570000052452087, "animate_subject_passive": 0.6890000104904175, "animate_subject_trans": 0.6869999766349792, "causative": 0.4699999988079071, "complex_NP_island": 0.5070000290870667, "coordinate_structure_constraint_complex_left_branch": 0.3179999887943268, "coordinate_structure_constraint_object_extraction": 0.4650000035762787, "determiner_noun_agreement_1": 0.8289999961853027, "determiner_noun_agreement_2": 0.8019999861717224, "determiner_noun_agreement_irregular_1": 0.7210000157356262, "determiner_noun_agreement_irregular_2": 0.8180000185966492, "determiner_noun_agreement_with_adj_2": 0.7509999871253967, "determiner_noun_agreement_with_adj_irregular_1": 0.6050000190734863, "determiner_noun_agreement_with_adj_irregular_2": 0.7549999952316284, "determiner_noun_agreement_with_adjective_1": 0.7730000019073486, "distractor_agreement_relational_noun": 0.2290000021457672, "distractor_agreement_relative_clause": 0.2540000081062317, "drop_argument": 0.6970000267028809, "ellipsis_n_bar_1": 0.4300000071525574, "ellipsis_n_bar_2": 0.5170000195503235, "existential_there_object_raising": 0.718999981880188, "existential_there_quantifiers_1": 0.7049999833106995, "existential_there_quantifiers_2": 0.3799999952316284, "existential_there_subject_raising": 0.5109999775886536, "expletive_it_object_raising": 0.6899999976158142, "inchoative": 0.3700000047683716, "intransitive": 0.5740000009536743, "irregular_past_participle_adjectives": 0.7689999938011169, "irregular_past_participle_verbs": 0.7269999980926514, "irregular_plural_subject_verb_agreement_1": 0.6169999837875366, "irregular_plural_subject_verb_agreement_2": 0.6740000247955322, "left_branch_island_echo_question": 0.5, "left_branch_island_simple_question": 0.4699999988079071, "matrix_question_npi_licensor_present": 0.23499999940395355, "npi_present_1": 0.2370000034570694, "npi_present_2": 0.2840000092983246, "only_npi_licensor_present": 0.08799999952316284, "only_npi_scope": 0.4359999895095825, "passive_1": 0.8199999928474426, "passive_2": 0.8149999976158142, "principle_A_c_command": 0.6169999837875366, "principle_A_case_1": 1.0, "principle_A_case_2": 0.6330000162124634, "principle_A_domain_1": 0.9319999814033508, "principle_A_domain_2": 0.6000000238418579, "principle_A_domain_3": 0.4309999942779541, "principle_A_reconstruction": 0.33899998664855957, "regular_plural_subject_verb_agreement_1": 0.6230000257492065, "regular_plural_subject_verb_agreement_2": 0.5529999732971191, "sentential_negation_npi_licensor_present": 0.9810000061988831, "sentential_negation_npi_scope": 0.49799999594688416, "sentential_subject_island": 0.4269999861717224, "superlative_quantifiers_1": 0.6499999761581421, "superlative_quantifiers_2": 0.6330000162124634, "tough_vs_raising_1": 0.4090000092983246, "tough_vs_raising_2": 0.6439999938011169, "transitive": 0.6800000071525574, "wh_island": 0.2460000067949295, "wh_questions_object_gap": 0.5339999794960022, "wh_questions_subject_gap": 0.8859999775886536, "wh_questions_subject_gap_long_distance": 0.9549999833106995, "wh_vs_that_no_gap": 0.9390000104904175, "wh_vs_that_no_gap_long_distance": 0.9649999737739563, "wh_vs_that_with_gap": 0.09300000220537186, "wh_vs_that_with_gap_long_distance": 0.0560000017285347}, "by_phenomenon": {"island_effects": 0.45987500064074993, "anaphor_agreement": 0.5550000071525574, "s-selection": 0.6879999935626984, "argument_structure": 0.6322857184069497, "determiner_noun_agreement": 0.7567500025033951, "subject_verb_agreement": 0.4916666696468989, "ellipsis": 0.47350001335144043, "control_raising": 0.5945999920368195, "quantifiers": 0.5919999927282333, "irregular_forms": 0.7479999959468842, "npi_licensing": 0.3941428576196943, "binding": 0.650285712310246, "filler_gap_dependency": 0.6325714183705193}}, "paloma": 377.86703834865983}