{"blimp": {"by_uid": {"adjunct_island": 0.7229999899864197, "anaphor_gender_agreement": 0.492000013589859, "anaphor_number_agreement": 0.6620000004768372, "animate_subject_passive": 0.6980000138282776, "animate_subject_trans": 0.6850000023841858, "causative": 0.47699999809265137, "complex_NP_island": 0.5099999904632568, "coordinate_structure_constraint_complex_left_branch": 0.328000009059906, "coordinate_structure_constraint_object_extraction": 0.48899999260902405, "determiner_noun_agreement_1": 0.8610000014305115, "determiner_noun_agreement_2": 0.8309999704360962, "determiner_noun_agreement_irregular_1": 0.7360000014305115, "determiner_noun_agreement_irregular_2": 0.8379999995231628, "determiner_noun_agreement_with_adj_2": 0.7850000262260437, "determiner_noun_agreement_with_adj_irregular_1": 0.6159999966621399, "determiner_noun_agreement_with_adj_irregular_2": 0.7689999938011169, "determiner_noun_agreement_with_adjective_1": 0.8050000071525574, "distractor_agreement_relational_noun": 0.21299999952316284, "distractor_agreement_relative_clause": 0.25099998712539673, "drop_argument": 0.7039999961853027, "ellipsis_n_bar_1": 0.4320000112056732, "ellipsis_n_bar_2": 0.5509999990463257, "existential_there_object_raising": 0.7160000205039978, "existential_there_quantifiers_1": 0.7540000081062317, "existential_there_quantifiers_2": 0.3540000021457672, "existential_there_subject_raising": 0.5460000038146973, "expletive_it_object_raising": 0.6769999861717224, "inchoative": 0.37400001287460327, "intransitive": 0.5559999942779541, "irregular_past_participle_adjectives": 0.8240000009536743, "irregular_past_participle_verbs": 0.7329999804496765, "irregular_plural_subject_verb_agreement_1": 0.6430000066757202, "irregular_plural_subject_verb_agreement_2": 0.6959999799728394, "left_branch_island_echo_question": 0.4860000014305115, "left_branch_island_simple_question": 0.4869999885559082, "matrix_question_npi_licensor_present": 0.2280000001192093, "npi_present_1": 0.2329999953508377, "npi_present_2": 0.27900001406669617, "only_npi_licensor_present": 0.07900000363588333, "only_npi_scope": 0.42100000381469727, "passive_1": 0.8220000267028809, "passive_2": 0.8209999799728394, "principle_A_c_command": 0.6110000014305115, "principle_A_case_1": 1.0, "principle_A_case_2": 0.6510000228881836, "principle_A_domain_1": 0.9449999928474426, "principle_A_domain_2": 0.6039999723434448, "principle_A_domain_3": 0.4320000112056732, "principle_A_reconstruction": 0.4169999957084656, "regular_plural_subject_verb_agreement_1": 0.6190000176429749, "regular_plural_subject_verb_agreement_2": 0.6010000109672546, "sentential_negation_npi_licensor_present": 0.9739999771118164, "sentential_negation_npi_scope": 0.47600001096725464, "sentential_subject_island": 0.45100000500679016, "superlative_quantifiers_1": 0.6570000052452087, "superlative_quantifiers_2": 0.5559999942779541, "tough_vs_raising_1": 0.3919999897480011, "tough_vs_raising_2": 0.6449999809265137, "transitive": 0.6779999732971191, "wh_island": 0.210999995470047, "wh_questions_object_gap": 0.5559999942779541, "wh_questions_subject_gap": 0.8700000047683716, "wh_questions_subject_gap_long_distance": 0.9419999718666077, "wh_vs_that_no_gap": 0.9409999847412109, "wh_vs_that_no_gap_long_distance": 0.9520000219345093, "wh_vs_that_with_gap": 0.10700000077486038, "wh_vs_that_with_gap_long_distance": 0.06300000101327896}, "by_phenomenon": {"island_effects": 0.4606249965727329, "anaphor_agreement": 0.5770000070333481, "s-selection": 0.6915000081062317, "argument_structure": 0.633142854486193, "determiner_noun_agreement": 0.7801249995827675, "subject_verb_agreement": 0.5038333336512247, "ellipsis": 0.49150000512599945, "control_raising": 0.5951999962329865, "quantifiers": 0.5802500024437904, "irregular_forms": 0.7784999907016754, "npi_licensing": 0.384285715009485, "binding": 0.6657142852033887, "filler_gap_dependency": 0.6329999970538276}}, "paloma": 314.3387182574654}