{"blimp": {"by_uid": {"adjunct_island": 0.7379999756813049, "anaphor_gender_agreement": 0.46399998664855957, "anaphor_number_agreement": 0.6570000052452087, "animate_subject_passive": 0.699999988079071, "animate_subject_trans": 0.6880000233650208, "causative": 0.48100000619888306, "complex_NP_island": 0.5019999742507935, "coordinate_structure_constraint_complex_left_branch": 0.3370000123977661, "coordinate_structure_constraint_object_extraction": 0.44999998807907104, "determiner_noun_agreement_1": 0.8460000157356262, "determiner_noun_agreement_2": 0.8190000057220459, "determiner_noun_agreement_irregular_1": 0.7289999723434448, "determiner_noun_agreement_irregular_2": 0.8360000252723694, "determiner_noun_agreement_with_adj_2": 0.7799999713897705, "determiner_noun_agreement_with_adj_irregular_1": 0.6209999918937683, "determiner_noun_agreement_with_adj_irregular_2": 0.7639999985694885, "determiner_noun_agreement_with_adjective_1": 0.7879999876022339, "distractor_agreement_relational_noun": 0.22100000083446503, "distractor_agreement_relative_clause": 0.24799999594688416, "drop_argument": 0.699999988079071, "ellipsis_n_bar_1": 0.4230000078678131, "ellipsis_n_bar_2": 0.5339999794960022, "existential_there_object_raising": 0.7210000157356262, "existential_there_quantifiers_1": 0.7329999804496765, "existential_there_quantifiers_2": 0.3580000102519989, "existential_there_subject_raising": 0.5270000100135803, "expletive_it_object_raising": 0.6840000152587891, "inchoative": 0.367000013589859, "intransitive": 0.5590000152587891, "irregular_past_participle_adjectives": 0.843999981880188, "irregular_past_participle_verbs": 0.7329999804496765, "irregular_plural_subject_verb_agreement_1": 0.6439999938011169, "irregular_plural_subject_verb_agreement_2": 0.6809999942779541, "left_branch_island_echo_question": 0.5040000081062317, "left_branch_island_simple_question": 0.47999998927116394, "matrix_question_npi_licensor_present": 0.22699999809265137, "npi_present_1": 0.21699999272823334, "npi_present_2": 0.2849999964237213, "only_npi_licensor_present": 0.07100000232458115, "only_npi_scope": 0.42100000381469727, "passive_1": 0.8270000219345093, "passive_2": 0.8240000009536743, "principle_A_c_command": 0.6190000176429749, "principle_A_case_1": 1.0, "principle_A_case_2": 0.640999972820282, "principle_A_domain_1": 0.9470000267028809, "principle_A_domain_2": 0.5989999771118164, "principle_A_domain_3": 0.4350000023841858, "principle_A_reconstruction": 0.37599998712539673, "regular_plural_subject_verb_agreement_1": 0.6230000257492065, "regular_plural_subject_verb_agreement_2": 0.5669999718666077, "sentential_negation_npi_licensor_present": 0.9800000190734863, "sentential_negation_npi_scope": 0.5009999871253967, "sentential_subject_island": 0.4359999895095825, "superlative_quantifiers_1": 0.6330000162124634, "superlative_quantifiers_2": 0.5730000138282776, "tough_vs_raising_1": 0.41100001335144043, "tough_vs_raising_2": 0.6320000290870667, "transitive": 0.6819999814033508, "wh_island": 0.19900000095367432, "wh_questions_object_gap": 0.5509999990463257, "wh_questions_subject_gap": 0.871999979019165, "wh_questions_subject_gap_long_distance": 0.9480000138282776, "wh_vs_that_no_gap": 0.9419999718666077, "wh_vs_that_no_gap_long_distance": 0.9580000042915344, "wh_vs_that_with_gap": 0.10300000011920929, "wh_vs_that_with_gap_long_distance": 0.05700000002980232}, "by_phenomenon": {"island_effects": 0.4557499922811985, "anaphor_agreement": 0.5604999959468842, "s-selection": 0.6940000057220459, "argument_structure": 0.6342857182025909, "determiner_noun_agreement": 0.7728749960660934, "subject_verb_agreement": 0.4973333304127057, "ellipsis": 0.47849999368190765, "control_raising": 0.5950000166893006, "quantifiers": 0.5742500051856041, "irregular_forms": 0.7884999811649323, "npi_licensing": 0.38599999994039536, "binding": 0.6595714262553624, "filler_gap_dependency": 0.6329999954572746}}, "paloma": 328.51897082112805}