{"blimp": {"by_uid": {"adjunct_island": 0.7360000014305115, "anaphor_gender_agreement": 0.4959999918937683, "anaphor_number_agreement": 0.7400000095367432, "animate_subject_passive": 0.6880000233650208, "animate_subject_trans": 0.6700000166893005, "causative": 0.4729999899864197, "complex_NP_island": 0.49000000953674316, "coordinate_structure_constraint_complex_left_branch": 0.49300000071525574, "coordinate_structure_constraint_object_extraction": 0.621999979019165, "determiner_noun_agreement_1": 0.8709999918937683, "determiner_noun_agreement_2": 0.8650000095367432, "determiner_noun_agreement_irregular_1": 0.722000002861023, "determiner_noun_agreement_irregular_2": 0.8429999947547913, "determiner_noun_agreement_with_adj_2": 0.8119999766349792, "determiner_noun_agreement_with_adj_irregular_1": 0.6930000185966492, "determiner_noun_agreement_with_adj_irregular_2": 0.7540000081062317, "determiner_noun_agreement_with_adjective_1": 0.8379999995231628, "distractor_agreement_relational_noun": 0.2240000069141388, "distractor_agreement_relative_clause": 0.2240000069141388, "drop_argument": 0.6930000185966492, "ellipsis_n_bar_1": 0.49399998784065247, "ellipsis_n_bar_2": 0.5920000076293945, "existential_there_object_raising": 0.7350000143051147, "existential_there_quantifiers_1": 0.75, "existential_there_quantifiers_2": 0.36500000953674316, "existential_there_subject_raising": 0.6380000114440918, "expletive_it_object_raising": 0.703000009059906, "inchoative": 0.3889999985694885, "intransitive": 0.5389999747276306, "irregular_past_participle_adjectives": 0.7559999823570251, "irregular_past_participle_verbs": 0.718999981880188, "irregular_plural_subject_verb_agreement_1": 0.6629999876022339, "irregular_plural_subject_verb_agreement_2": 0.7860000133514404, "left_branch_island_echo_question": 0.5379999876022339, "left_branch_island_simple_question": 0.5220000147819519, "matrix_question_npi_licensor_present": 0.210999995470047, "npi_present_1": 0.21799999475479126, "npi_present_2": 0.2980000078678131, "only_npi_licensor_present": 0.11100000143051147, "only_npi_scope": 0.5479999780654907, "passive_1": 0.8190000057220459, "passive_2": 0.8519999980926514, "principle_A_c_command": 0.5929999947547913, "principle_A_case_1": 0.9990000128746033, "principle_A_case_2": 0.6679999828338623, "principle_A_domain_1": 0.9629999995231628, "principle_A_domain_2": 0.6209999918937683, "principle_A_domain_3": 0.45500001311302185, "principle_A_reconstruction": 0.46399998664855957, "regular_plural_subject_verb_agreement_1": 0.6909999847412109, "regular_plural_subject_verb_agreement_2": 0.7360000014305115, "sentential_negation_npi_licensor_present": 0.9929999709129333, "sentential_negation_npi_scope": 0.5080000162124634, "sentential_subject_island": 0.41499999165534973, "superlative_quantifiers_1": 0.7770000100135803, "superlative_quantifiers_2": 0.7919999957084656, "tough_vs_raising_1": 0.41100001335144043, "tough_vs_raising_2": 0.6349999904632568, "transitive": 0.6880000233650208, "wh_island": 0.4099999964237213, "wh_questions_object_gap": 0.6119999885559082, "wh_questions_subject_gap": 0.9089999794960022, "wh_questions_subject_gap_long_distance": 0.953000009059906, "wh_vs_that_no_gap": 0.953000009059906, "wh_vs_that_no_gap_long_distance": 0.949999988079071, "wh_vs_that_with_gap": 0.12999999523162842, "wh_vs_that_with_gap_long_distance": 0.10599999874830246}, "by_phenomenon": {"island_effects": 0.5282499976456165, "anaphor_agreement": 0.6180000007152557, "s-selection": 0.6790000200271606, "argument_structure": 0.6361428584371295, "determiner_noun_agreement": 0.7997500002384186, "subject_verb_agreement": 0.5540000001589457, "ellipsis": 0.5429999977350235, "control_raising": 0.624400007724762, "quantifiers": 0.6710000038146973, "irregular_forms": 0.7374999821186066, "npi_licensing": 0.41242856638772146, "binding": 0.680428568805967, "filler_gap_dependency": 0.6589999954615321}}, "paloma": 231.44442501201033}