{"blimp": {"by_uid": {"adjunct_island": 0.7379999756813049, "anaphor_gender_agreement": 0.5370000004768372, "anaphor_number_agreement": 0.7540000081062317, "animate_subject_passive": 0.6970000267028809, "animate_subject_trans": 0.671999990940094, "causative": 0.4860000014305115, "complex_NP_island": 0.4880000054836273, "coordinate_structure_constraint_complex_left_branch": 0.47200000286102295, "coordinate_structure_constraint_object_extraction": 0.6230000257492065, "determiner_noun_agreement_1": 0.8790000081062317, "determiner_noun_agreement_2": 0.8640000224113464, "determiner_noun_agreement_irregular_1": 0.7269999980926514, "determiner_noun_agreement_irregular_2": 0.8410000205039978, "determiner_noun_agreement_with_adj_2": 0.8069999814033508, "determiner_noun_agreement_with_adj_irregular_1": 0.6970000267028809, "determiner_noun_agreement_with_adj_irregular_2": 0.75, "determiner_noun_agreement_with_adjective_1": 0.8460000157356262, "distractor_agreement_relational_noun": 0.2160000056028366, "distractor_agreement_relative_clause": 0.2280000001192093, "drop_argument": 0.6890000104904175, "ellipsis_n_bar_1": 0.5260000228881836, "ellipsis_n_bar_2": 0.5979999899864197, "existential_there_object_raising": 0.7440000176429749, "existential_there_quantifiers_1": 0.7919999957084656, "existential_there_quantifiers_2": 0.35899999737739563, "existential_there_subject_raising": 0.6510000228881836, "expletive_it_object_raising": 0.7020000219345093, "inchoative": 0.3840000033378601, "intransitive": 0.5389999747276306, "irregular_past_participle_adjectives": 0.7919999957084656, "irregular_past_participle_verbs": 0.734000027179718, "irregular_plural_subject_verb_agreement_1": 0.6769999861717224, "irregular_plural_subject_verb_agreement_2": 0.7829999923706055, "left_branch_island_echo_question": 0.5249999761581421, "left_branch_island_simple_question": 0.5210000276565552, "matrix_question_npi_licensor_present": 0.21199999749660492, "npi_present_1": 0.24699999392032623, "npi_present_2": 0.31700000166893005, "only_npi_licensor_present": 0.10999999940395355, "only_npi_scope": 0.5640000104904175, "passive_1": 0.8180000185966492, "passive_2": 0.8450000286102295, "principle_A_c_command": 0.5740000009536743, "principle_A_case_1": 1.0, "principle_A_case_2": 0.6729999780654907, "principle_A_domain_1": 0.9639999866485596, "principle_A_domain_2": 0.6320000290870667, "principle_A_domain_3": 0.4580000042915344, "principle_A_reconstruction": 0.4620000123977661, "regular_plural_subject_verb_agreement_1": 0.6899999976158142, "regular_plural_subject_verb_agreement_2": 0.7310000061988831, "sentential_negation_npi_licensor_present": 0.9950000047683716, "sentential_negation_npi_scope": 0.531000018119812, "sentential_subject_island": 0.4259999990463257, "superlative_quantifiers_1": 0.734000027179718, "superlative_quantifiers_2": 0.7599999904632568, "tough_vs_raising_1": 0.39500001072883606, "tough_vs_raising_2": 0.6520000100135803, "transitive": 0.6859999895095825, "wh_island": 0.39100000262260437, "wh_questions_object_gap": 0.593999981880188, "wh_questions_subject_gap": 0.9129999876022339, "wh_questions_subject_gap_long_distance": 0.9539999961853027, "wh_vs_that_no_gap": 0.9480000138282776, "wh_vs_that_no_gap_long_distance": 0.953000009059906, "wh_vs_that_with_gap": 0.13699999451637268, "wh_vs_that_with_gap_long_distance": 0.10000000149011612}, "by_phenomenon": {"island_effects": 0.5230000019073486, "anaphor_agreement": 0.6455000042915344, "s-selection": 0.6845000088214874, "argument_structure": 0.6352857181004116, "determiner_noun_agreement": 0.8013750091195107, "subject_verb_agreement": 0.5541666646798452, "ellipsis": 0.5620000064373016, "control_raising": 0.6288000166416168, "quantifiers": 0.661250002682209, "irregular_forms": 0.7630000114440918, "npi_licensing": 0.4251428608383451, "binding": 0.6804285730634417, "filler_gap_dependency": 0.6569999977946281}}, "paloma": 230.62654327997348}