{"blimp": {"by_uid": {"adjunct_island": 0.5379999876022339, "anaphor_gender_agreement": 0.3240000009536743, "anaphor_number_agreement": 0.453000009059906, "animate_subject_passive": 0.6600000262260437, "animate_subject_trans": 0.5860000252723694, "causative": 0.4129999876022339, "complex_NP_island": 0.453000009059906, "coordinate_structure_constraint_complex_left_branch": 0.4020000100135803, "coordinate_structure_constraint_object_extraction": 0.414000004529953, "determiner_noun_agreement_1": 0.5519999861717224, "determiner_noun_agreement_2": 0.5329999923706055, "determiner_noun_agreement_irregular_1": 0.5339999794960022, "determiner_noun_agreement_irregular_2": 0.5479999780654907, "determiner_noun_agreement_with_adj_2": 0.48100000619888306, "determiner_noun_agreement_with_adj_irregular_1": 0.4560000002384186, "determiner_noun_agreement_with_adj_irregular_2": 0.5180000066757202, "determiner_noun_agreement_with_adjective_1": 0.4819999933242798, "distractor_agreement_relational_noun": 0.46000000834465027, "distractor_agreement_relative_clause": 0.43799999356269836, "drop_argument": 0.7129999995231628, "ellipsis_n_bar_1": 0.2809999883174896, "ellipsis_n_bar_2": 0.335999995470047, "existential_there_object_raising": 0.7540000081062317, "existential_there_quantifiers_1": 0.800000011920929, "existential_there_quantifiers_2": 0.453000009059906, "existential_there_subject_raising": 0.47099998593330383, "expletive_it_object_raising": 0.6700000166893005, "inchoative": 0.37400001287460327, "intransitive": 0.5590000152587891, "irregular_past_participle_adjectives": 0.5139999985694885, "irregular_past_participle_verbs": 0.597000002861023, "irregular_plural_subject_verb_agreement_1": 0.4490000009536743, "irregular_plural_subject_verb_agreement_2": 0.5090000033378601, "left_branch_island_echo_question": 0.5440000295639038, "left_branch_island_simple_question": 0.37400001287460327, "matrix_question_npi_licensor_present": 0.2280000001192093, "npi_present_1": 0.4790000021457672, "npi_present_2": 0.5540000200271606, "only_npi_licensor_present": 0.03999999910593033, "only_npi_scope": 0.210999995470047, "passive_1": 0.6959999799728394, "passive_2": 0.6930000185966492, "principle_A_c_command": 0.703000009059906, "principle_A_case_1": 1.0, "principle_A_case_2": 0.4390000104904175, "principle_A_domain_1": 0.9089999794960022, "principle_A_domain_2": 0.5759999752044678, "principle_A_domain_3": 0.4300000071525574, "principle_A_reconstruction": 0.2529999911785126, "regular_plural_subject_verb_agreement_1": 0.527999997138977, "regular_plural_subject_verb_agreement_2": 0.49799999594688416, "sentential_negation_npi_licensor_present": 0.8930000066757202, "sentential_negation_npi_scope": 0.5529999732971191, "sentential_subject_island": 0.5529999732971191, "superlative_quantifiers_1": 0.2919999957084656, "superlative_quantifiers_2": 0.5889999866485596, "tough_vs_raising_1": 0.4480000138282776, "tough_vs_raising_2": 0.5809999704360962, "transitive": 0.6060000061988831, "wh_island": 0.6129999756813049, "wh_questions_object_gap": 0.6370000243186951, "wh_questions_subject_gap": 0.9190000295639038, "wh_questions_subject_gap_long_distance": 0.9039999842643738, "wh_vs_that_no_gap": 0.9629999995231628, "wh_vs_that_no_gap_long_distance": 0.9769999980926514, "wh_vs_that_with_gap": 0.024000000208616257, "wh_vs_that_with_gap_long_distance": 0.027000000700354576}, "by_phenomenon": {"island_effects": 0.48637500032782555, "anaphor_agreement": 0.38850000500679016, "s-selection": 0.6230000257492065, "argument_structure": 0.57914286000388, "determiner_noun_agreement": 0.5129999928176403, "subject_verb_agreement": 0.480333333214124, "ellipsis": 0.3084999918937683, "control_raising": 0.584799998998642, "quantifiers": 0.533500000834465, "irregular_forms": 0.5555000007152557, "npi_licensing": 0.42257142812013626, "binding": 0.6157142817974091, "filler_gap_dependency": 0.6358571480959654}}, "paloma": 1217.3473916721675}