{"blimp": {"by_uid": {"adjunct_island": 0.7509999871253967, "anaphor_gender_agreement": 0.5, "anaphor_number_agreement": 0.7480000257492065, "animate_subject_passive": 0.6980000138282776, "animate_subject_trans": 0.671999990940094, "causative": 0.48500001430511475, "complex_NP_island": 0.4830000102519989, "coordinate_structure_constraint_complex_left_branch": 0.42800000309944153, "coordinate_structure_constraint_object_extraction": 0.6259999871253967, "determiner_noun_agreement_1": 0.8820000290870667, "determiner_noun_agreement_2": 0.8500000238418579, "determiner_noun_agreement_irregular_1": 0.7210000157356262, "determiner_noun_agreement_irregular_2": 0.8420000076293945, "determiner_noun_agreement_with_adj_2": 0.8109999895095825, "determiner_noun_agreement_with_adj_irregular_1": 0.6779999732971191, "determiner_noun_agreement_with_adj_irregular_2": 0.7580000162124634, "determiner_noun_agreement_with_adjective_1": 0.8379999995231628, "distractor_agreement_relational_noun": 0.2199999988079071, "distractor_agreement_relative_clause": 0.22699999809265137, "drop_argument": 0.6890000104904175, "ellipsis_n_bar_1": 0.4959999918937683, "ellipsis_n_bar_2": 0.5879999995231628, "existential_there_object_raising": 0.7279999852180481, "existential_there_quantifiers_1": 0.7870000004768372, "existential_there_quantifiers_2": 0.3449999988079071, "existential_there_subject_raising": 0.6299999952316284, "expletive_it_object_raising": 0.6909999847412109, "inchoative": 0.3880000114440918, "intransitive": 0.5519999861717224, "irregular_past_participle_adjectives": 0.7609999775886536, "irregular_past_participle_verbs": 0.7059999704360962, "irregular_plural_subject_verb_agreement_1": 0.671999990940094, "irregular_plural_subject_verb_agreement_2": 0.7730000019073486, "left_branch_island_echo_question": 0.5059999823570251, "left_branch_island_simple_question": 0.5070000290870667, "matrix_question_npi_licensor_present": 0.19099999964237213, "npi_present_1": 0.26600000262260437, "npi_present_2": 0.31200000643730164, "only_npi_licensor_present": 0.17100000381469727, "only_npi_scope": 0.5329999923706055, "passive_1": 0.8050000071525574, "passive_2": 0.8420000076293945, "principle_A_c_command": 0.5879999995231628, "principle_A_case_1": 0.9990000128746033, "principle_A_case_2": 0.6729999780654907, "principle_A_domain_1": 0.9459999799728394, "principle_A_domain_2": 0.6190000176429749, "principle_A_domain_3": 0.46799999475479126, "principle_A_reconstruction": 0.45399999618530273, "regular_plural_subject_verb_agreement_1": 0.6819999814033508, "regular_plural_subject_verb_agreement_2": 0.7269999980926514, "sentential_negation_npi_licensor_present": 0.9879999756813049, "sentential_negation_npi_scope": 0.5070000290870667, "sentential_subject_island": 0.4020000100135803, "superlative_quantifiers_1": 0.8040000200271606, "superlative_quantifiers_2": 0.8009999990463257, "tough_vs_raising_1": 0.3930000066757202, "tough_vs_raising_2": 0.6370000243186951, "transitive": 0.6980000138282776, "wh_island": 0.37299999594688416, "wh_questions_object_gap": 0.5979999899864197, "wh_questions_subject_gap": 0.8999999761581421, "wh_questions_subject_gap_long_distance": 0.9570000171661377, "wh_vs_that_no_gap": 0.949999988079071, "wh_vs_that_no_gap_long_distance": 0.9559999704360962, "wh_vs_that_with_gap": 0.13099999725818634, "wh_vs_that_with_gap_long_distance": 0.08100000023841858}, "by_phenomenon": {"island_effects": 0.5095000006258488, "anaphor_agreement": 0.6240000128746033, "s-selection": 0.6850000023841858, "argument_structure": 0.6370000072887966, "determiner_noun_agreement": 0.7975000068545341, "subject_verb_agreement": 0.5501666615406672, "ellipsis": 0.5419999957084656, "control_raising": 0.6157999992370605, "quantifiers": 0.6842500045895576, "irregular_forms": 0.7334999740123749, "npi_licensing": 0.4240000013794218, "binding": 0.678142854145595, "filler_gap_dependency": 0.653285705617496}}, "paloma": 244.20976462281124}