{"blimp": {"by_uid": {"adjunct_island": 0.7429999709129333, "anaphor_gender_agreement": 0.45399999618530273, "anaphor_number_agreement": 0.6449999809265137, "animate_subject_passive": 0.6940000057220459, "animate_subject_trans": 0.675000011920929, "causative": 0.47200000286102295, "complex_NP_island": 0.5040000081062317, "coordinate_structure_constraint_complex_left_branch": 0.3190000057220459, "coordinate_structure_constraint_object_extraction": 0.46799999475479126, "determiner_noun_agreement_1": 0.828000009059906, "determiner_noun_agreement_2": 0.8149999976158142, "determiner_noun_agreement_irregular_1": 0.7239999771118164, "determiner_noun_agreement_irregular_2": 0.8180000185966492, "determiner_noun_agreement_with_adj_2": 0.7620000243186951, "determiner_noun_agreement_with_adj_irregular_1": 0.6140000224113464, "determiner_noun_agreement_with_adj_irregular_2": 0.7570000290870667, "determiner_noun_agreement_with_adjective_1": 0.7760000228881836, "distractor_agreement_relational_noun": 0.2280000001192093, "distractor_agreement_relative_clause": 0.24799999594688416, "drop_argument": 0.6990000009536743, "ellipsis_n_bar_1": 0.42399999499320984, "ellipsis_n_bar_2": 0.5059999823570251, "existential_there_object_raising": 0.718999981880188, "existential_there_quantifiers_1": 0.7099999785423279, "existential_there_quantifiers_2": 0.3970000147819519, "existential_there_subject_raising": 0.5139999985694885, "expletive_it_object_raising": 0.6919999718666077, "inchoative": 0.3659999966621399, "intransitive": 0.574999988079071, "irregular_past_participle_adjectives": 0.765999972820282, "irregular_past_participle_verbs": 0.7250000238418579, "irregular_plural_subject_verb_agreement_1": 0.625, "irregular_plural_subject_verb_agreement_2": 0.6620000004768372, "left_branch_island_echo_question": 0.49900001287460327, "left_branch_island_simple_question": 0.4699999988079071, "matrix_question_npi_licensor_present": 0.24199999868869781, "npi_present_1": 0.2329999953508377, "npi_present_2": 0.2809999883174896, "only_npi_licensor_present": 0.09799999743700027, "only_npi_scope": 0.4699999988079071, "passive_1": 0.8190000057220459, "passive_2": 0.8130000233650208, "principle_A_c_command": 0.6169999837875366, "principle_A_case_1": 1.0, "principle_A_case_2": 0.6269999742507935, "principle_A_domain_1": 0.9350000023841858, "principle_A_domain_2": 0.6029999852180481, "principle_A_domain_3": 0.4320000112056732, "principle_A_reconstruction": 0.3490000069141388, "regular_plural_subject_verb_agreement_1": 0.621999979019165, "regular_plural_subject_verb_agreement_2": 0.5479999780654907, "sentential_negation_npi_licensor_present": 0.968999981880188, "sentential_negation_npi_scope": 0.4729999899864197, "sentential_subject_island": 0.4449999928474426, "superlative_quantifiers_1": 0.6399999856948853, "superlative_quantifiers_2": 0.652999997138977, "tough_vs_raising_1": 0.42399999499320984, "tough_vs_raising_2": 0.6269999742507935, "transitive": 0.6740000247955322, "wh_island": 0.24699999392032623, "wh_questions_object_gap": 0.5540000200271606, "wh_questions_subject_gap": 0.8730000257492065, "wh_questions_subject_gap_long_distance": 0.9580000042915344, "wh_vs_that_no_gap": 0.9480000138282776, "wh_vs_that_no_gap_long_distance": 0.9679999947547913, "wh_vs_that_with_gap": 0.09399999678134918, "wh_vs_that_with_gap_long_distance": 0.04100000113248825}, "by_phenomenon": {"island_effects": 0.4618749972432852, "anaphor_agreement": 0.5494999885559082, "s-selection": 0.6845000088214874, "argument_structure": 0.6311428632055011, "determiner_noun_agreement": 0.7617500126361847, "subject_verb_agreement": 0.48883332560459775, "ellipsis": 0.4649999886751175, "control_raising": 0.5951999843120575, "quantifiers": 0.5999999940395355, "irregular_forms": 0.74549999833107, "npi_licensing": 0.39514285006693434, "binding": 0.6518571376800537, "filler_gap_dependency": 0.6337142937949726}}, "paloma": 378.06504726343456}