{"blimp": {"by_uid": {"adjunct_island": 0.7310000061988831, "anaphor_gender_agreement": 0.5, "anaphor_number_agreement": 0.7379999756813049, "animate_subject_passive": 0.7049999833106995, "animate_subject_trans": 0.6740000247955322, "causative": 0.47699999809265137, "complex_NP_island": 0.47099998593330383, "coordinate_structure_constraint_complex_left_branch": 0.4449999928474426, "coordinate_structure_constraint_object_extraction": 0.6439999938011169, "determiner_noun_agreement_1": 0.8740000128746033, "determiner_noun_agreement_2": 0.8560000061988831, "determiner_noun_agreement_irregular_1": 0.7269999980926514, "determiner_noun_agreement_irregular_2": 0.843999981880188, "determiner_noun_agreement_with_adj_2": 0.8090000152587891, "determiner_noun_agreement_with_adj_irregular_1": 0.6890000104904175, "determiner_noun_agreement_with_adj_irregular_2": 0.7570000290870667, "determiner_noun_agreement_with_adjective_1": 0.8420000076293945, "distractor_agreement_relational_noun": 0.22699999809265137, "distractor_agreement_relative_clause": 0.22599999606609344, "drop_argument": 0.6869999766349792, "ellipsis_n_bar_1": 0.4959999918937683, "ellipsis_n_bar_2": 0.5889999866485596, "existential_there_object_raising": 0.7429999709129333, "existential_there_quantifiers_1": 0.7799999713897705, "existential_there_quantifiers_2": 0.3799999952316284, "existential_there_subject_raising": 0.6330000162124634, "expletive_it_object_raising": 0.6930000185966492, "inchoative": 0.3840000033378601, "intransitive": 0.5440000295639038, "irregular_past_participle_adjectives": 0.7950000166893005, "irregular_past_participle_verbs": 0.7059999704360962, "irregular_plural_subject_verb_agreement_1": 0.6800000071525574, "irregular_plural_subject_verb_agreement_2": 0.7839999794960022, "left_branch_island_echo_question": 0.5339999794960022, "left_branch_island_simple_question": 0.5170000195503235, "matrix_question_npi_licensor_present": 0.19499999284744263, "npi_present_1": 0.2280000001192093, "npi_present_2": 0.32499998807907104, "only_npi_licensor_present": 0.1509999930858612, "only_npi_scope": 0.546999990940094, "passive_1": 0.8119999766349792, "passive_2": 0.8460000157356262, "principle_A_c_command": 0.5889999866485596, "principle_A_case_1": 0.9990000128746033, "principle_A_case_2": 0.6729999780654907, "principle_A_domain_1": 0.9580000042915344, "principle_A_domain_2": 0.6150000095367432, "principle_A_domain_3": 0.45899999141693115, "principle_A_reconstruction": 0.44699999690055847, "regular_plural_subject_verb_agreement_1": 0.6899999976158142, "regular_plural_subject_verb_agreement_2": 0.718999981880188, "sentential_negation_npi_licensor_present": 0.9890000224113464, "sentential_negation_npi_scope": 0.48899999260902405, "sentential_subject_island": 0.3970000147819519, "superlative_quantifiers_1": 0.8190000057220459, "superlative_quantifiers_2": 0.8539999723434448, "tough_vs_raising_1": 0.4020000100135803, "tough_vs_raising_2": 0.6349999904632568, "transitive": 0.6990000009536743, "wh_island": 0.4259999990463257, "wh_questions_object_gap": 0.6029999852180481, "wh_questions_subject_gap": 0.8999999761581421, "wh_questions_subject_gap_long_distance": 0.949999988079071, "wh_vs_that_no_gap": 0.9490000009536743, "wh_vs_that_no_gap_long_distance": 0.949999988079071, "wh_vs_that_with_gap": 0.13099999725818634, "wh_vs_that_with_gap_long_distance": 0.0949999988079071}, "by_phenomenon": {"island_effects": 0.5206249989569187, "anaphor_agreement": 0.6189999878406525, "s-selection": 0.6895000040531158, "argument_structure": 0.6355714287076678, "determiner_noun_agreement": 0.7997500076889992, "subject_verb_agreement": 0.5543333267172178, "ellipsis": 0.5424999892711639, "control_raising": 0.6212000012397766, "quantifiers": 0.7082499861717224, "irregular_forms": 0.7504999935626984, "npi_licensing": 0.41771428287029266, "binding": 0.6771428542477744, "filler_gap_dependency": 0.6539999906505857}}, "paloma": 241.18565350376355}