{"blimp": {"by_uid": {"adjunct_island": 0.7409999966621399, "anaphor_gender_agreement": 0.5120000243186951, "anaphor_number_agreement": 0.7379999756813049, "animate_subject_passive": 0.7059999704360962, "animate_subject_trans": 0.6800000071525574, "causative": 0.48899999260902405, "complex_NP_island": 0.47999998927116394, "coordinate_structure_constraint_complex_left_branch": 0.43299999833106995, "coordinate_structure_constraint_object_extraction": 0.6349999904632568, "determiner_noun_agreement_1": 0.8769999742507935, "determiner_noun_agreement_2": 0.8539999723434448, "determiner_noun_agreement_irregular_1": 0.722000002861023, "determiner_noun_agreement_irregular_2": 0.8379999995231628, "determiner_noun_agreement_with_adj_2": 0.8090000152587891, "determiner_noun_agreement_with_adj_irregular_1": 0.6729999780654907, "determiner_noun_agreement_with_adj_irregular_2": 0.7519999742507935, "determiner_noun_agreement_with_adjective_1": 0.843999981880188, "distractor_agreement_relational_noun": 0.21699999272823334, "distractor_agreement_relative_clause": 0.2329999953508377, "drop_argument": 0.6859999895095825, "ellipsis_n_bar_1": 0.48899999260902405, "ellipsis_n_bar_2": 0.5830000042915344, "existential_there_object_raising": 0.7350000143051147, "existential_there_quantifiers_1": 0.7979999780654907, "existential_there_quantifiers_2": 0.3440000116825104, "existential_there_subject_raising": 0.6110000014305115, "expletive_it_object_raising": 0.6909999847412109, "inchoative": 0.3840000033378601, "intransitive": 0.546999990940094, "irregular_past_participle_adjectives": 0.7960000038146973, "irregular_past_participle_verbs": 0.6949999928474426, "irregular_plural_subject_verb_agreement_1": 0.6840000152587891, "irregular_plural_subject_verb_agreement_2": 0.7649999856948853, "left_branch_island_echo_question": 0.5109999775886536, "left_branch_island_simple_question": 0.5120000243186951, "matrix_question_npi_licensor_present": 0.19599999487400055, "npi_present_1": 0.2460000067949295, "npi_present_2": 0.30799999833106995, "only_npi_licensor_present": 0.18000000715255737, "only_npi_scope": 0.5139999985694885, "passive_1": 0.8140000104904175, "passive_2": 0.843999981880188, "principle_A_c_command": 0.5989999771118164, "principle_A_case_1": 0.9990000128746033, "principle_A_case_2": 0.6660000085830688, "principle_A_domain_1": 0.9539999961853027, "principle_A_domain_2": 0.6150000095367432, "principle_A_domain_3": 0.46299999952316284, "principle_A_reconstruction": 0.4729999899864197, "regular_plural_subject_verb_agreement_1": 0.6790000200271606, "regular_plural_subject_verb_agreement_2": 0.7160000205039978, "sentential_negation_npi_licensor_present": 0.9860000014305115, "sentential_negation_npi_scope": 0.5070000290870667, "sentential_subject_island": 0.4350000023841858, "superlative_quantifiers_1": 0.7940000295639038, "superlative_quantifiers_2": 0.8009999990463257, "tough_vs_raising_1": 0.3919999897480011, "tough_vs_raising_2": 0.6349999904632568, "transitive": 0.6949999928474426, "wh_island": 0.3659999966621399, "wh_questions_object_gap": 0.6079999804496765, "wh_questions_subject_gap": 0.8939999938011169, "wh_questions_subject_gap_long_distance": 0.9570000171661377, "wh_vs_that_no_gap": 0.949999988079071, "wh_vs_that_no_gap_long_distance": 0.9599999785423279, "wh_vs_that_with_gap": 0.13300000131130219, "wh_vs_that_with_gap_long_distance": 0.07599999755620956}, "by_phenomenon": {"island_effects": 0.5141249969601631, "anaphor_agreement": 0.625, "s-selection": 0.6929999887943268, "argument_structure": 0.6369999945163727, "determiner_noun_agreement": 0.7961249873042107, "subject_verb_agreement": 0.5490000049273173, "ellipsis": 0.5359999984502792, "control_raising": 0.612799996137619, "quantifiers": 0.6842500045895576, "irregular_forms": 0.74549999833107, "npi_licensing": 0.41957143374851774, "binding": 0.6812857134001595, "filler_gap_dependency": 0.6539999938436917}}, "paloma": 245.2790703896446}