{"blimp": {"by_uid": {"adjunct_island": 0.7310000061988831, "anaphor_gender_agreement": 0.47200000286102295, "anaphor_number_agreement": 0.6549999713897705, "animate_subject_passive": 0.6890000104904175, "animate_subject_trans": 0.6779999732971191, "causative": 0.4690000116825104, "complex_NP_island": 0.49300000071525574, "coordinate_structure_constraint_complex_left_branch": 0.3310000002384186, "coordinate_structure_constraint_object_extraction": 0.47600001096725464, "determiner_noun_agreement_1": 0.8240000009536743, "determiner_noun_agreement_2": 0.8050000071525574, "determiner_noun_agreement_irregular_1": 0.718999981880188, "determiner_noun_agreement_irregular_2": 0.8050000071525574, "determiner_noun_agreement_with_adj_2": 0.7549999952316284, "determiner_noun_agreement_with_adj_irregular_1": 0.6119999885559082, "determiner_noun_agreement_with_adj_irregular_2": 0.7400000095367432, "determiner_noun_agreement_with_adjective_1": 0.7630000114440918, "distractor_agreement_relational_noun": 0.23600000143051147, "distractor_agreement_relative_clause": 0.25200000405311584, "drop_argument": 0.7049999833106995, "ellipsis_n_bar_1": 0.4129999876022339, "ellipsis_n_bar_2": 0.5139999985694885, "existential_there_object_raising": 0.722000002861023, "existential_there_quantifiers_1": 0.7129999995231628, "existential_there_quantifiers_2": 0.39399999380111694, "existential_there_subject_raising": 0.49900001287460327, "expletive_it_object_raising": 0.6930000185966492, "inchoative": 0.36000001430511475, "intransitive": 0.5770000219345093, "irregular_past_participle_adjectives": 0.7360000014305115, "irregular_past_participle_verbs": 0.7279999852180481, "irregular_plural_subject_verb_agreement_1": 0.6200000047683716, "irregular_plural_subject_verb_agreement_2": 0.6660000085830688, "left_branch_island_echo_question": 0.5059999823570251, "left_branch_island_simple_question": 0.4749999940395355, "matrix_question_npi_licensor_present": 0.23199999332427979, "npi_present_1": 0.23499999940395355, "npi_present_2": 0.28700000047683716, "only_npi_licensor_present": 0.10899999737739563, "only_npi_scope": 0.4659999907016754, "passive_1": 0.8190000057220459, "passive_2": 0.7990000247955322, "principle_A_c_command": 0.6129999756813049, "principle_A_case_1": 1.0, "principle_A_case_2": 0.6230000257492065, "principle_A_domain_1": 0.9210000038146973, "principle_A_domain_2": 0.5979999899864197, "principle_A_domain_3": 0.43799999356269836, "principle_A_reconstruction": 0.35199999809265137, "regular_plural_subject_verb_agreement_1": 0.6119999885559082, "regular_plural_subject_verb_agreement_2": 0.5440000295639038, "sentential_negation_npi_licensor_present": 0.9620000123977661, "sentential_negation_npi_scope": 0.4650000035762787, "sentential_subject_island": 0.4410000145435333, "superlative_quantifiers_1": 0.6029999852180481, "superlative_quantifiers_2": 0.6439999938011169, "tough_vs_raising_1": 0.43700000643730164, "tough_vs_raising_2": 0.6069999933242798, "transitive": 0.6710000038146973, "wh_island": 0.3089999854564667, "wh_questions_object_gap": 0.5350000262260437, "wh_questions_subject_gap": 0.8429999947547913, "wh_questions_subject_gap_long_distance": 0.949999988079071, "wh_vs_that_no_gap": 0.9390000104904175, "wh_vs_that_no_gap_long_distance": 0.9660000205039978, "wh_vs_that_with_gap": 0.10100000351667404, "wh_vs_that_with_gap_long_distance": 0.04500000178813934}, "by_phenomenon": {"island_effects": 0.4702499993145466, "anaphor_agreement": 0.5634999871253967, "s-selection": 0.6834999918937683, "argument_structure": 0.6285714379378727, "determiner_noun_agreement": 0.7528750002384186, "subject_verb_agreement": 0.48833333949248, "ellipsis": 0.4634999930858612, "control_raising": 0.5916000068187713, "quantifiers": 0.5884999930858612, "irregular_forms": 0.7319999933242798, "npi_licensing": 0.39371428532259806, "binding": 0.6492857124124255, "filler_gap_dependency": 0.625571435051305}}, "paloma": 426.6595748908013}