{"blimp": {"by_uid": {"adjunct_island": 0.7099999785423279, "anaphor_gender_agreement": 0.5019999742507935, "anaphor_number_agreement": 0.6710000038146973, "animate_subject_passive": 0.6790000200271606, "animate_subject_trans": 0.6909999847412109, "causative": 0.48899999260902405, "complex_NP_island": 0.4909999966621399, "coordinate_structure_constraint_complex_left_branch": 0.3479999899864197, "coordinate_structure_constraint_object_extraction": 0.5339999794960022, "determiner_noun_agreement_1": 0.8700000047683716, "determiner_noun_agreement_2": 0.8389999866485596, "determiner_noun_agreement_irregular_1": 0.7250000238418579, "determiner_noun_agreement_irregular_2": 0.8309999704360962, "determiner_noun_agreement_with_adj_2": 0.7820000052452087, "determiner_noun_agreement_with_adj_irregular_1": 0.6470000147819519, "determiner_noun_agreement_with_adj_irregular_2": 0.7590000033378601, "determiner_noun_agreement_with_adjective_1": 0.8169999718666077, "distractor_agreement_relational_noun": 0.21400000154972076, "distractor_agreement_relative_clause": 0.25600001215934753, "drop_argument": 0.699999988079071, "ellipsis_n_bar_1": 0.4429999887943268, "ellipsis_n_bar_2": 0.5630000233650208, "existential_there_object_raising": 0.7250000238418579, "existential_there_quantifiers_1": 0.8040000200271606, "existential_there_quantifiers_2": 0.32499998807907104, "existential_there_subject_raising": 0.5730000138282776, "expletive_it_object_raising": 0.6840000152587891, "inchoative": 0.375, "intransitive": 0.5630000233650208, "irregular_past_participle_adjectives": 0.8109999895095825, "irregular_past_participle_verbs": 0.7279999852180481, "irregular_plural_subject_verb_agreement_1": 0.652999997138977, "irregular_plural_subject_verb_agreement_2": 0.6869999766349792, "left_branch_island_echo_question": 0.4880000054836273, "left_branch_island_simple_question": 0.49900001287460327, "matrix_question_npi_licensor_present": 0.2240000069141388, "npi_present_1": 0.23100000619888306, "npi_present_2": 0.2809999883174896, "only_npi_licensor_present": 0.08299999684095383, "only_npi_scope": 0.40400001406669617, "passive_1": 0.8209999799728394, "passive_2": 0.8230000138282776, "principle_A_c_command": 0.6050000190734863, "principle_A_case_1": 1.0, "principle_A_case_2": 0.6539999842643738, "principle_A_domain_1": 0.9449999928474426, "principle_A_domain_2": 0.6119999885559082, "principle_A_domain_3": 0.43799999356269836, "principle_A_reconstruction": 0.4490000009536743, "regular_plural_subject_verb_agreement_1": 0.6299999952316284, "regular_plural_subject_verb_agreement_2": 0.6209999918937683, "sentential_negation_npi_licensor_present": 0.9819999933242798, "sentential_negation_npi_scope": 0.47999998927116394, "sentential_subject_island": 0.4569999873638153, "superlative_quantifiers_1": 0.628000020980835, "superlative_quantifiers_2": 0.5410000085830688, "tough_vs_raising_1": 0.36899998784065247, "tough_vs_raising_2": 0.6700000166893005, "transitive": 0.6790000200271606, "wh_island": 0.2409999966621399, "wh_questions_object_gap": 0.5590000152587891, "wh_questions_subject_gap": 0.8820000290870667, "wh_questions_subject_gap_long_distance": 0.9549999833106995, "wh_vs_that_no_gap": 0.9470000267028809, "wh_vs_that_no_gap_long_distance": 0.9589999914169312, "wh_vs_that_with_gap": 0.10499999672174454, "wh_vs_that_with_gap_long_distance": 0.05999999865889549}, "by_phenomenon": {"island_effects": 0.47099999338388443, "anaphor_agreement": 0.5864999890327454, "s-selection": 0.6850000023841858, "argument_structure": 0.6357142882687705, "determiner_noun_agreement": 0.7837499976158142, "subject_verb_agreement": 0.5101666624347369, "ellipsis": 0.5030000060796738, "control_raising": 0.6042000114917755, "quantifiers": 0.5745000094175339, "irregular_forms": 0.7694999873638153, "npi_licensing": 0.3835714278476579, "binding": 0.6718571398939405, "filler_gap_dependency": 0.6381428630224296}}, "paloma": 285.5095835323533}