{"blimp": {"by_uid": {"adjunct_island": 0.4880000054836273, "anaphor_gender_agreement": 0.33500000834465027, "anaphor_number_agreement": 0.4909999966621399, "animate_subject_passive": 0.6370000243186951, "animate_subject_trans": 0.5210000276565552, "causative": 0.42800000309944153, "complex_NP_island": 0.5040000081062317, "coordinate_structure_constraint_complex_left_branch": 0.5360000133514404, "coordinate_structure_constraint_object_extraction": 0.4860000014305115, "determiner_noun_agreement_1": 0.5090000033378601, "determiner_noun_agreement_2": 0.47699999809265137, "determiner_noun_agreement_irregular_1": 0.5149999856948853, "determiner_noun_agreement_irregular_2": 0.5260000228881836, "determiner_noun_agreement_with_adj_2": 0.4729999899864197, "determiner_noun_agreement_with_adj_irregular_1": 0.453000009059906, "determiner_noun_agreement_with_adj_irregular_2": 0.527999997138977, "determiner_noun_agreement_with_adjective_1": 0.4970000088214874, "distractor_agreement_relational_noun": 0.47600001096725464, "distractor_agreement_relative_clause": 0.4690000116825104, "drop_argument": 0.6959999799728394, "ellipsis_n_bar_1": 0.3930000066757202, "ellipsis_n_bar_2": 0.30399999022483826, "existential_there_object_raising": 0.7160000205039978, "existential_there_quantifiers_1": 0.7360000014305115, "existential_there_quantifiers_2": 0.11800000071525574, "existential_there_subject_raising": 0.5099999904632568, "expletive_it_object_raising": 0.6299999952316284, "inchoative": 0.3869999945163727, "intransitive": 0.5389999747276306, "irregular_past_participle_adjectives": 0.6100000143051147, "irregular_past_participle_verbs": 0.3709999918937683, "irregular_plural_subject_verb_agreement_1": 0.4440000057220459, "irregular_plural_subject_verb_agreement_2": 0.5080000162124634, "left_branch_island_echo_question": 0.4749999940395355, "left_branch_island_simple_question": 0.5569999814033508, "matrix_question_npi_licensor_present": 0.46700000762939453, "npi_present_1": 0.5799999833106995, "npi_present_2": 0.5239999890327454, "only_npi_licensor_present": 0.0, "only_npi_scope": 0.20100000500679016, "passive_1": 0.6309999823570251, "passive_2": 0.6579999923706055, "principle_A_c_command": 0.6620000004768372, "principle_A_case_1": 0.9950000047683716, "principle_A_case_2": 0.4690000116825104, "principle_A_domain_1": 0.871999979019165, "principle_A_domain_2": 0.5490000247955322, "principle_A_domain_3": 0.4740000069141388, "principle_A_reconstruction": 0.5109999775886536, "regular_plural_subject_verb_agreement_1": 0.515999972820282, "regular_plural_subject_verb_agreement_2": 0.48500001430511475, "sentential_negation_npi_licensor_present": 0.6990000009536743, "sentential_negation_npi_scope": 0.7110000252723694, "sentential_subject_island": 0.5360000133514404, "superlative_quantifiers_1": 0.10300000011920929, "superlative_quantifiers_2": 0.32199999690055847, "tough_vs_raising_1": 0.3889999985694885, "tough_vs_raising_2": 0.6710000038146973, "transitive": 0.5569999814033508, "wh_island": 0.4830000102519989, "wh_questions_object_gap": 0.7099999785423279, "wh_questions_subject_gap": 0.7670000195503235, "wh_questions_subject_gap_long_distance": 0.7369999885559082, "wh_vs_that_no_gap": 0.9229999780654907, "wh_vs_that_no_gap_long_distance": 0.9390000104904175, "wh_vs_that_with_gap": 0.054999999701976776, "wh_vs_that_with_gap_long_distance": 0.05700000002980232}, "by_phenomenon": {"island_effects": 0.5081250034272671, "anaphor_agreement": 0.4130000025033951, "s-selection": 0.5790000259876251, "argument_structure": 0.5565714154924665, "determiner_noun_agreement": 0.4972500018775463, "subject_verb_agreement": 0.4830000052849452, "ellipsis": 0.34849999845027924, "control_raising": 0.5832000017166138, "quantifiers": 0.31974999979138374, "irregular_forms": 0.49050000309944153, "npi_licensing": 0.45457143017223905, "binding": 0.647428572177887, "filler_gap_dependency": 0.5982857107051781}}, "paloma": 2109.3431124271833}