{"blimp": {"by_uid": {"adjunct_island": 0.7139999866485596, "anaphor_gender_agreement": 0.44699999690055847, "anaphor_number_agreement": 0.6230000257492065, "animate_subject_passive": 0.6629999876022339, "animate_subject_trans": 0.5979999899864197, "causative": 0.4560000002384186, "complex_NP_island": 0.5450000166893005, "coordinate_structure_constraint_complex_left_branch": 0.42399999499320984, "coordinate_structure_constraint_object_extraction": 0.4740000069141388, "determiner_noun_agreement_1": 0.7789999842643738, "determiner_noun_agreement_2": 0.7549999952316284, "determiner_noun_agreement_irregular_1": 0.6850000023841858, "determiner_noun_agreement_irregular_2": 0.7540000081062317, "determiner_noun_agreement_with_adj_2": 0.5920000076293945, "determiner_noun_agreement_with_adj_irregular_1": 0.5730000138282776, "determiner_noun_agreement_with_adj_irregular_2": 0.6190000176429749, "determiner_noun_agreement_with_adjective_1": 0.6309999823570251, "distractor_agreement_relational_noun": 0.3240000009536743, "distractor_agreement_relative_clause": 0.28200000524520874, "drop_argument": 0.7089999914169312, "ellipsis_n_bar_1": 0.32199999690055847, "ellipsis_n_bar_2": 0.38499999046325684, "existential_there_object_raising": 0.7039999961853027, "existential_there_quantifiers_1": 0.7689999938011169, "existential_there_quantifiers_2": 0.3009999990463257, "existential_there_subject_raising": 0.4729999899864197, "expletive_it_object_raising": 0.6800000071525574, "inchoative": 0.3779999911785126, "intransitive": 0.6010000109672546, "irregular_past_participle_adjectives": 0.7620000243186951, "irregular_past_participle_verbs": 0.7210000157356262, "irregular_plural_subject_verb_agreement_1": 0.5680000185966492, "irregular_plural_subject_verb_agreement_2": 0.550000011920929, "left_branch_island_echo_question": 0.6370000243186951, "left_branch_island_simple_question": 0.527999997138977, "matrix_question_npi_licensor_present": 0.18199999630451202, "npi_present_1": 0.2070000022649765, "npi_present_2": 0.3540000021457672, "only_npi_licensor_present": 0.38600000739097595, "only_npi_scope": 0.6290000081062317, "passive_1": 0.7799999713897705, "passive_2": 0.7540000081062317, "principle_A_c_command": 0.574999988079071, "principle_A_case_1": 1.0, "principle_A_case_2": 0.5099999904632568, "principle_A_domain_1": 0.906000018119812, "principle_A_domain_2": 0.5820000171661377, "principle_A_domain_3": 0.43799999356269836, "principle_A_reconstruction": 0.3179999887943268, "regular_plural_subject_verb_agreement_1": 0.628000020980835, "regular_plural_subject_verb_agreement_2": 0.5360000133514404, "sentential_negation_npi_licensor_present": 0.9760000109672546, "sentential_negation_npi_scope": 0.4259999990463257, "sentential_subject_island": 0.42899999022483826, "superlative_quantifiers_1": 0.4779999852180481, "superlative_quantifiers_2": 0.8799999952316284, "tough_vs_raising_1": 0.47699999809265137, "tough_vs_raising_2": 0.5820000171661377, "transitive": 0.6449999809265137, "wh_island": 0.5979999899864197, "wh_questions_object_gap": 0.49799999594688416, "wh_questions_subject_gap": 0.8119999766349792, "wh_questions_subject_gap_long_distance": 0.875, "wh_vs_that_no_gap": 0.9509999752044678, "wh_vs_that_no_gap_long_distance": 0.9409999847412109, "wh_vs_that_with_gap": 0.06700000166893005, "wh_vs_that_with_gap_long_distance": 0.050999999046325684}, "by_phenomenon": {"island_effects": 0.5436250008642673, "anaphor_agreement": 0.5350000113248825, "s-selection": 0.6304999887943268, "argument_structure": 0.6175714220319476, "determiner_noun_agreement": 0.6735000014305115, "subject_verb_agreement": 0.48133334517478943, "ellipsis": 0.35349999368190765, "control_raising": 0.5832000017166138, "quantifiers": 0.6069999933242798, "irregular_forms": 0.7415000200271606, "npi_licensing": 0.4514285751751491, "binding": 0.6184285708836147, "filler_gap_dependency": 0.5992857047489711}}, "paloma": 503.84951929099054}