{"blimp": {"by_uid": {"adjunct_island": 0.5040000081062317, "anaphor_gender_agreement": 0.45100000500679016, "anaphor_number_agreement": 0.5009999871253967, "animate_subject_passive": 0.5249999761581421, "animate_subject_trans": 0.5849999785423279, "causative": 0.42800000309944153, "complex_NP_island": 0.5260000228881836, "coordinate_structure_constraint_complex_left_branch": 0.546999990940094, "coordinate_structure_constraint_object_extraction": 0.5910000205039978, "determiner_noun_agreement_1": 0.48899999260902405, "determiner_noun_agreement_2": 0.5239999890327454, "determiner_noun_agreement_irregular_1": 0.5080000162124634, "determiner_noun_agreement_irregular_2": 0.47200000286102295, "determiner_noun_agreement_with_adj_2": 0.5049999952316284, "determiner_noun_agreement_with_adj_irregular_1": 0.4819999933242798, "determiner_noun_agreement_with_adj_irregular_2": 0.49000000953674316, "determiner_noun_agreement_with_adjective_1": 0.5109999775886536, "distractor_agreement_relational_noun": 0.49300000071525574, "distractor_agreement_relative_clause": 0.4880000054836273, "drop_argument": 0.6940000057220459, "ellipsis_n_bar_1": 0.5429999828338623, "ellipsis_n_bar_2": 0.35100001096725464, "existential_there_object_raising": 0.5870000123977661, "existential_there_quantifiers_1": 0.23199999332427979, "existential_there_quantifiers_2": 0.1940000057220459, "existential_there_subject_raising": 0.5, "expletive_it_object_raising": 0.5839999914169312, "inchoative": 0.42800000309944153, "intransitive": 0.5849999785423279, "irregular_past_participle_adjectives": 0.5479999780654907, "irregular_past_participle_verbs": 0.4819999933242798, "irregular_plural_subject_verb_agreement_1": 0.4690000116825104, "irregular_plural_subject_verb_agreement_2": 0.5389999747276306, "left_branch_island_echo_question": 0.42899999022483826, "left_branch_island_simple_question": 0.5109999775886536, "matrix_question_npi_licensor_present": 0.628000020980835, "npi_present_1": 0.5109999775886536, "npi_present_2": 0.4490000009536743, "only_npi_licensor_present": 0.2199999988079071, "only_npi_scope": 0.4440000057220459, "passive_1": 0.5699999928474426, "passive_2": 0.6209999918937683, "principle_A_c_command": 0.5490000247955322, "principle_A_case_1": 0.5879999995231628, "principle_A_case_2": 0.47200000286102295, "principle_A_domain_1": 0.375, "principle_A_domain_2": 0.49799999594688416, "principle_A_domain_3": 0.47099998593330383, "principle_A_reconstruction": 0.5019999742507935, "regular_plural_subject_verb_agreement_1": 0.5429999828338623, "regular_plural_subject_verb_agreement_2": 0.4790000021457672, "sentential_negation_npi_licensor_present": 0.7900000214576721, "sentential_negation_npi_scope": 0.5580000281333923, "sentential_subject_island": 0.48399999737739563, "superlative_quantifiers_1": 0.3720000088214874, "superlative_quantifiers_2": 0.382999986410141, "tough_vs_raising_1": 0.4059999883174896, "tough_vs_raising_2": 0.6309999823570251, "transitive": 0.5090000033378601, "wh_island": 0.3569999933242798, "wh_questions_object_gap": 0.47099998593330383, "wh_questions_subject_gap": 0.4410000145435333, "wh_questions_subject_gap_long_distance": 0.3869999945163727, "wh_vs_that_no_gap": 0.39899998903274536, "wh_vs_that_no_gap_long_distance": 0.4180000126361847, "wh_vs_that_with_gap": 0.5540000200271606, "wh_vs_that_with_gap_long_distance": 0.6209999918937683}, "by_phenomenon": {"island_effects": 0.4936250001192093, "anaphor_agreement": 0.47599999606609344, "s-selection": 0.554999977350235, "argument_structure": 0.5478571397917611, "determiner_noun_agreement": 0.4976249970495701, "subject_verb_agreement": 0.5018333295981089, "ellipsis": 0.44699999690055847, "control_raising": 0.5415999948978424, "quantifiers": 0.2952499985694885, "irregular_forms": 0.5149999856948853, "npi_licensing": 0.5142857219491687, "binding": 0.49357142618724276, "filler_gap_dependency": 0.4701428583690098}}, "paloma": 47851.01949586237}