{"blimp": {"by_uid": {"adjunct_island": 0.5690000057220459, "anaphor_gender_agreement": 0.38199999928474426, "anaphor_number_agreement": 0.4749999940395355, "animate_subject_passive": 0.6549999713897705, "animate_subject_trans": 0.593999981880188, "causative": 0.4020000100135803, "complex_NP_island": 0.4020000100135803, "coordinate_structure_constraint_complex_left_branch": 0.30399999022483826, "coordinate_structure_constraint_object_extraction": 0.367000013589859, "determiner_noun_agreement_1": 0.6000000238418579, "determiner_noun_agreement_2": 0.5690000057220459, "determiner_noun_agreement_irregular_1": 0.5559999942779541, "determiner_noun_agreement_irregular_2": 0.5730000138282776, "determiner_noun_agreement_with_adj_2": 0.49300000071525574, "determiner_noun_agreement_with_adj_irregular_1": 0.4580000042915344, "determiner_noun_agreement_with_adj_irregular_2": 0.5130000114440918, "determiner_noun_agreement_with_adjective_1": 0.5059999823570251, "distractor_agreement_relational_noun": 0.4000000059604645, "distractor_agreement_relative_clause": 0.4309999942779541, "drop_argument": 0.7170000076293945, "ellipsis_n_bar_1": 0.2639999985694885, "ellipsis_n_bar_2": 0.32600000500679016, "existential_there_object_raising": 0.7509999871253967, "existential_there_quantifiers_1": 0.8199999928474426, "existential_there_quantifiers_2": 0.47600001096725464, "existential_there_subject_raising": 0.453000009059906, "expletive_it_object_raising": 0.6959999799728394, "inchoative": 0.3630000054836273, "intransitive": 0.5580000281333923, "irregular_past_participle_adjectives": 0.8299999833106995, "irregular_past_participle_verbs": 0.6600000262260437, "irregular_plural_subject_verb_agreement_1": 0.49000000953674316, "irregular_plural_subject_verb_agreement_2": 0.5740000009536743, "left_branch_island_echo_question": 0.5350000262260437, "left_branch_island_simple_question": 0.3089999854564667, "matrix_question_npi_licensor_present": 0.1379999965429306, "npi_present_1": 0.4880000054836273, "npi_present_2": 0.5389999747276306, "only_npi_licensor_present": 0.38999998569488525, "only_npi_scope": 0.3959999978542328, "passive_1": 0.7300000190734863, "passive_2": 0.7260000109672546, "principle_A_c_command": 0.6620000004768372, "principle_A_case_1": 1.0, "principle_A_case_2": 0.49399998784065247, "principle_A_domain_1": 0.9440000057220459, "principle_A_domain_2": 0.5590000152587891, "principle_A_domain_3": 0.43700000643730164, "principle_A_reconstruction": 0.22499999403953552, "regular_plural_subject_verb_agreement_1": 0.5379999876022339, "regular_plural_subject_verb_agreement_2": 0.5059999823570251, "sentential_negation_npi_licensor_present": 0.9449999928474426, "sentential_negation_npi_scope": 0.5619999766349792, "sentential_subject_island": 0.5799999833106995, "superlative_quantifiers_1": 0.43299999833106995, "superlative_quantifiers_2": 0.824999988079071, "tough_vs_raising_1": 0.4050000011920929, "tough_vs_raising_2": 0.6209999918937683, "transitive": 0.628000020980835, "wh_island": 0.49000000953674316, "wh_questions_object_gap": 0.6119999885559082, "wh_questions_subject_gap": 0.9330000281333923, "wh_questions_subject_gap_long_distance": 0.9390000104904175, "wh_vs_that_no_gap": 0.9760000109672546, "wh_vs_that_no_gap_long_distance": 0.9789999723434448, "wh_vs_that_with_gap": 0.03500000014901161, "wh_vs_that_with_gap_long_distance": 0.023000000044703484}, "by_phenomenon": {"island_effects": 0.44450000301003456, "anaphor_agreement": 0.4284999966621399, "s-selection": 0.6244999766349792, "argument_structure": 0.5891428717545101, "determiner_noun_agreement": 0.5335000045597553, "subject_verb_agreement": 0.4898333301146825, "ellipsis": 0.29500000178813934, "control_raising": 0.5851999938488006, "quantifiers": 0.6384999975562096, "irregular_forms": 0.7450000047683716, "npi_licensing": 0.49399998996938976, "binding": 0.617285715682166, "filler_gap_dependency": 0.6424285729548761}}, "paloma": 934.7197213309151}