{"blimp": {"by_uid": {"adjunct_island": 0.7059999704360962, "anaphor_gender_agreement": 0.5239999890327454, "anaphor_number_agreement": 0.7049999833106995, "animate_subject_passive": 0.6970000267028809, "animate_subject_trans": 0.6850000023841858, "causative": 0.49000000953674316, "complex_NP_island": 0.4880000054836273, "coordinate_structure_constraint_complex_left_branch": 0.40799999237060547, "coordinate_structure_constraint_object_extraction": 0.6190000176429749, "determiner_noun_agreement_1": 0.8759999871253967, "determiner_noun_agreement_2": 0.847000002861023, "determiner_noun_agreement_irregular_1": 0.7170000076293945, "determiner_noun_agreement_irregular_2": 0.8080000281333923, "determiner_noun_agreement_with_adj_2": 0.800000011920929, "determiner_noun_agreement_with_adj_irregular_1": 0.6579999923706055, "determiner_noun_agreement_with_adj_irregular_2": 0.7620000243186951, "determiner_noun_agreement_with_adjective_1": 0.828000009059906, "distractor_agreement_relational_noun": 0.2160000056028366, "distractor_agreement_relative_clause": 0.24799999594688416, "drop_argument": 0.7020000219345093, "ellipsis_n_bar_1": 0.4729999899864197, "ellipsis_n_bar_2": 0.578000009059906, "existential_there_object_raising": 0.7279999852180481, "existential_there_quantifiers_1": 0.8050000071525574, "existential_there_quantifiers_2": 0.3100000023841858, "existential_there_subject_raising": 0.5889999866485596, "expletive_it_object_raising": 0.6800000071525574, "inchoative": 0.375, "intransitive": 0.5529999732971191, "irregular_past_participle_adjectives": 0.8159999847412109, "irregular_past_participle_verbs": 0.7059999704360962, "irregular_plural_subject_verb_agreement_1": 0.6669999957084656, "irregular_plural_subject_verb_agreement_2": 0.7260000109672546, "left_branch_island_echo_question": 0.43799999356269836, "left_branch_island_simple_question": 0.48399999737739563, "matrix_question_npi_licensor_present": 0.20399999618530273, "npi_present_1": 0.24300000071525574, "npi_present_2": 0.30799999833106995, "only_npi_licensor_present": 0.09799999743700027, "only_npi_scope": 0.42899999022483826, "passive_1": 0.824999988079071, "passive_2": 0.8339999914169312, "principle_A_c_command": 0.6150000095367432, "principle_A_case_1": 1.0, "principle_A_case_2": 0.6800000071525574, "principle_A_domain_1": 0.9419999718666077, "principle_A_domain_2": 0.6110000014305115, "principle_A_domain_3": 0.46299999952316284, "principle_A_reconstruction": 0.47699999809265137, "regular_plural_subject_verb_agreement_1": 0.6589999794960022, "regular_plural_subject_verb_agreement_2": 0.6669999957084656, "sentential_negation_npi_licensor_present": 0.9760000109672546, "sentential_negation_npi_scope": 0.4519999921321869, "sentential_subject_island": 0.43799999356269836, "superlative_quantifiers_1": 0.7379999756813049, "superlative_quantifiers_2": 0.7229999899864197, "tough_vs_raising_1": 0.3529999852180481, "tough_vs_raising_2": 0.6620000004768372, "transitive": 0.6859999895095825, "wh_island": 0.3160000145435333, "wh_questions_object_gap": 0.5830000042915344, "wh_questions_subject_gap": 0.8759999871253967, "wh_questions_subject_gap_long_distance": 0.949999988079071, "wh_vs_that_no_gap": 0.9449999928474426, "wh_vs_that_no_gap_long_distance": 0.9520000219345093, "wh_vs_that_with_gap": 0.125, "wh_vs_that_with_gap_long_distance": 0.05900000035762787}, "by_phenomenon": {"island_effects": 0.4871249981224537, "anaphor_agreement": 0.6144999861717224, "s-selection": 0.6910000145435333, "argument_structure": 0.6378571391105652, "determiner_noun_agreement": 0.7870000079274178, "subject_verb_agreement": 0.5304999972383181, "ellipsis": 0.5254999995231628, "control_raising": 0.6023999929428101, "quantifiers": 0.6439999938011169, "irregular_forms": 0.7609999775886536, "npi_licensing": 0.38714285514184404, "binding": 0.6839999982288906, "filler_gap_dependency": 0.641428570662226}}, "paloma": 266.3546497019326}