{"blimp": {"by_uid": {"adjunct_island": 0.7129999995231628, "anaphor_gender_agreement": 0.5019999742507935, "anaphor_number_agreement": 0.7419999837875366, "animate_subject_passive": 0.7039999961853027, "animate_subject_trans": 0.6779999732971191, "causative": 0.4830000102519989, "complex_NP_island": 0.48100000619888306, "coordinate_structure_constraint_complex_left_branch": 0.4880000054836273, "coordinate_structure_constraint_object_extraction": 0.6320000290870667, "determiner_noun_agreement_1": 0.8759999871253967, "determiner_noun_agreement_2": 0.878000020980835, "determiner_noun_agreement_irregular_1": 0.7279999852180481, "determiner_noun_agreement_irregular_2": 0.8489999771118164, "determiner_noun_agreement_with_adj_2": 0.8100000023841858, "determiner_noun_agreement_with_adj_irregular_1": 0.6970000267028809, "determiner_noun_agreement_with_adj_irregular_2": 0.7540000081062317, "determiner_noun_agreement_with_adjective_1": 0.8349999785423279, "distractor_agreement_relational_noun": 0.22699999809265137, "distractor_agreement_relative_clause": 0.23199999332427979, "drop_argument": 0.6959999799728394, "ellipsis_n_bar_1": 0.5440000295639038, "ellipsis_n_bar_2": 0.5989999771118164, "existential_there_object_raising": 0.7450000047683716, "existential_there_quantifiers_1": 0.7910000085830688, "existential_there_quantifiers_2": 0.3400000035762787, "existential_there_subject_raising": 0.6660000085830688, "expletive_it_object_raising": 0.7009999752044678, "inchoative": 0.3919999897480011, "intransitive": 0.5419999957084656, "irregular_past_participle_adjectives": 0.8360000252723694, "irregular_past_participle_verbs": 0.7229999899864197, "irregular_plural_subject_verb_agreement_1": 0.6869999766349792, "irregular_plural_subject_verb_agreement_2": 0.7910000085830688, "left_branch_island_echo_question": 0.5199999809265137, "left_branch_island_simple_question": 0.5210000276565552, "matrix_question_npi_licensor_present": 0.22699999809265137, "npi_present_1": 0.2529999911785126, "npi_present_2": 0.3140000104904175, "only_npi_licensor_present": 0.0820000022649765, "only_npi_scope": 0.5690000057220459, "passive_1": 0.8220000267028809, "passive_2": 0.8450000286102295, "principle_A_c_command": 0.6039999723434448, "principle_A_case_1": 1.0, "principle_A_case_2": 0.6850000023841858, "principle_A_domain_1": 0.9620000123977661, "principle_A_domain_2": 0.640999972820282, "principle_A_domain_3": 0.45500001311302185, "principle_A_reconstruction": 0.47699999809265137, "regular_plural_subject_verb_agreement_1": 0.6930000185966492, "regular_plural_subject_verb_agreement_2": 0.7519999742507935, "sentential_negation_npi_licensor_present": 0.9940000176429749, "sentential_negation_npi_scope": 0.5139999985694885, "sentential_subject_island": 0.4350000023841858, "superlative_quantifiers_1": 0.6510000228881836, "superlative_quantifiers_2": 0.7239999771118164, "tough_vs_raising_1": 0.40400001406669617, "tough_vs_raising_2": 0.6549999713897705, "transitive": 0.6959999799728394, "wh_island": 0.3619999885559082, "wh_questions_object_gap": 0.621999979019165, "wh_questions_subject_gap": 0.9120000004768372, "wh_questions_subject_gap_long_distance": 0.9520000219345093, "wh_vs_that_no_gap": 0.9470000267028809, "wh_vs_that_no_gap_long_distance": 0.9580000042915344, "wh_vs_that_with_gap": 0.12300000339746475, "wh_vs_that_with_gap_long_distance": 0.08399999886751175}, "by_phenomenon": {"island_effects": 0.5190000049769878, "anaphor_agreement": 0.621999979019165, "s-selection": 0.6909999847412109, "argument_structure": 0.6394285729953221, "determiner_noun_agreement": 0.8033749982714653, "subject_verb_agreement": 0.5636666615804037, "ellipsis": 0.5715000033378601, "control_raising": 0.634199994802475, "quantifiers": 0.6265000030398369, "irregular_forms": 0.7795000076293945, "npi_licensing": 0.4218571462801525, "binding": 0.6891428530216217, "filler_gap_dependency": 0.6568571478128433}}, "paloma": 224.66952212297127}