{"blimp": {"by_uid": {"adjunct_island": 0.7229999899864197, "anaphor_gender_agreement": 0.4869999885559082, "anaphor_number_agreement": 0.7020000219345093, "animate_subject_passive": 0.6980000138282776, "animate_subject_trans": 0.6940000057220459, "causative": 0.49399998784065247, "complex_NP_island": 0.49000000953674316, "coordinate_structure_constraint_complex_left_branch": 0.4020000100135803, "coordinate_structure_constraint_object_extraction": 0.609000027179718, "determiner_noun_agreement_1": 0.8790000081062317, "determiner_noun_agreement_2": 0.8479999899864197, "determiner_noun_agreement_irregular_1": 0.7269999980926514, "determiner_noun_agreement_irregular_2": 0.824999988079071, "determiner_noun_agreement_with_adj_2": 0.8009999990463257, "determiner_noun_agreement_with_adj_irregular_1": 0.6700000166893005, "determiner_noun_agreement_with_adj_irregular_2": 0.7609999775886536, "determiner_noun_agreement_with_adjective_1": 0.8429999947547913, "distractor_agreement_relational_noun": 0.20399999618530273, "distractor_agreement_relative_clause": 0.24500000476837158, "drop_argument": 0.6940000057220459, "ellipsis_n_bar_1": 0.4779999852180481, "ellipsis_n_bar_2": 0.5879999995231628, "existential_there_object_raising": 0.7279999852180481, "existential_there_quantifiers_1": 0.8270000219345093, "existential_there_quantifiers_2": 0.3190000057220459, "existential_there_subject_raising": 0.6000000238418579, "expletive_it_object_raising": 0.6830000281333923, "inchoative": 0.3709999918937683, "intransitive": 0.5389999747276306, "irregular_past_participle_adjectives": 0.7960000038146973, "irregular_past_participle_verbs": 0.7229999899864197, "irregular_plural_subject_verb_agreement_1": 0.6729999780654907, "irregular_plural_subject_verb_agreement_2": 0.7319999933242798, "left_branch_island_echo_question": 0.4580000042915344, "left_branch_island_simple_question": 0.4830000102519989, "matrix_question_npi_licensor_present": 0.20200000703334808, "npi_present_1": 0.2549999952316284, "npi_present_2": 0.3059999942779541, "only_npi_licensor_present": 0.1289999932050705, "only_npi_scope": 0.4819999933242798, "passive_1": 0.8169999718666077, "passive_2": 0.8479999899864197, "principle_A_c_command": 0.6100000143051147, "principle_A_case_1": 1.0, "principle_A_case_2": 0.6790000200271606, "principle_A_domain_1": 0.9509999752044678, "principle_A_domain_2": 0.6129999756813049, "principle_A_domain_3": 0.46299999952316284, "principle_A_reconstruction": 0.46399998664855957, "regular_plural_subject_verb_agreement_1": 0.6700000166893005, "regular_plural_subject_verb_agreement_2": 0.6800000071525574, "sentential_negation_npi_licensor_present": 0.9810000061988831, "sentential_negation_npi_scope": 0.46799999475479126, "sentential_subject_island": 0.44999998807907104, "superlative_quantifiers_1": 0.7039999961853027, "superlative_quantifiers_2": 0.7089999914169312, "tough_vs_raising_1": 0.3799999952316284, "tough_vs_raising_2": 0.6520000100135803, "transitive": 0.6909999847412109, "wh_island": 0.3059999942779541, "wh_questions_object_gap": 0.5950000286102295, "wh_questions_subject_gap": 0.8870000243186951, "wh_questions_subject_gap_long_distance": 0.9599999785423279, "wh_vs_that_no_gap": 0.9490000009536743, "wh_vs_that_no_gap_long_distance": 0.9549999833106995, "wh_vs_that_with_gap": 0.125, "wh_vs_that_with_gap_long_distance": 0.06199999898672104}, "by_phenomenon": {"island_effects": 0.49012500420212746, "anaphor_agreement": 0.5945000052452087, "s-selection": 0.6960000097751617, "argument_structure": 0.6362857009683337, "determiner_noun_agreement": 0.7942499965429306, "subject_verb_agreement": 0.5339999993642172, "ellipsis": 0.5329999923706055, "control_raising": 0.6086000084877015, "quantifiers": 0.6397500038146973, "irregular_forms": 0.7594999969005585, "npi_licensing": 0.4032857120037079, "binding": 0.6828571387699672, "filler_gap_dependency": 0.6475714306746211}}, "paloma": 270.62336154366204}