{"blimp": {"by_uid": {"adjunct_island": 0.4749999940395355, "anaphor_gender_agreement": 0.34599998593330383, "anaphor_number_agreement": 0.492000013589859, "animate_subject_passive": 0.6380000114440918, "animate_subject_trans": 0.5260000228881836, "causative": 0.45399999618530273, "complex_NP_island": 0.5389999747276306, "coordinate_structure_constraint_complex_left_branch": 0.5640000104904175, "coordinate_structure_constraint_object_extraction": 0.5410000085830688, "determiner_noun_agreement_1": 0.5049999952316284, "determiner_noun_agreement_2": 0.4830000102519989, "determiner_noun_agreement_irregular_1": 0.49300000071525574, "determiner_noun_agreement_irregular_2": 0.5249999761581421, "determiner_noun_agreement_with_adj_2": 0.4740000069141388, "determiner_noun_agreement_with_adj_irregular_1": 0.4560000002384186, "determiner_noun_agreement_with_adj_irregular_2": 0.5189999938011169, "determiner_noun_agreement_with_adjective_1": 0.5059999823570251, "distractor_agreement_relational_noun": 0.4659999907016754, "distractor_agreement_relative_clause": 0.4740000069141388, "drop_argument": 0.699999988079071, "ellipsis_n_bar_1": 0.4020000100135803, "ellipsis_n_bar_2": 0.32600000500679016, "existential_there_object_raising": 0.6779999732971191, "existential_there_quantifiers_1": 0.5379999876022339, "existential_there_quantifiers_2": 0.010999999940395355, "existential_there_subject_raising": 0.5540000200271606, "expletive_it_object_raising": 0.5950000286102295, "inchoative": 0.3869999945163727, "intransitive": 0.5509999990463257, "irregular_past_participle_adjectives": 0.6240000128746033, "irregular_past_participle_verbs": 0.37400001287460327, "irregular_plural_subject_verb_agreement_1": 0.44999998807907104, "irregular_plural_subject_verb_agreement_2": 0.5070000290870667, "left_branch_island_echo_question": 0.4659999907016754, "left_branch_island_simple_question": 0.5540000200271606, "matrix_question_npi_licensor_present": 0.5619999766349792, "npi_present_1": 0.5389999747276306, "npi_present_2": 0.4779999852180481, "only_npi_licensor_present": 0.0, "only_npi_scope": 0.2240000069141388, "passive_1": 0.5889999866485596, "passive_2": 0.625, "principle_A_c_command": 0.6520000100135803, "principle_A_case_1": 0.9710000157356262, "principle_A_case_2": 0.4830000102519989, "principle_A_domain_1": 0.7630000114440918, "principle_A_domain_2": 0.5400000214576721, "principle_A_domain_3": 0.4650000035762787, "principle_A_reconstruction": 0.5329999923706055, "regular_plural_subject_verb_agreement_1": 0.5440000295639038, "regular_plural_subject_verb_agreement_2": 0.47699999809265137, "sentential_negation_npi_licensor_present": 0.5630000233650208, "sentential_negation_npi_scope": 0.6990000009536743, "sentential_subject_island": 0.5299999713897705, "superlative_quantifiers_1": 0.0689999982714653, "superlative_quantifiers_2": 0.20100000500679016, "tough_vs_raising_1": 0.3630000054836273, "tough_vs_raising_2": 0.6729999780654907, "transitive": 0.5360000133514404, "wh_island": 0.3050000071525574, "wh_questions_object_gap": 0.609000027179718, "wh_questions_subject_gap": 0.6579999923706055, "wh_questions_subject_gap_long_distance": 0.5669999718666077, "wh_vs_that_no_gap": 0.8230000138282776, "wh_vs_that_no_gap_long_distance": 0.8399999737739563, "wh_vs_that_with_gap": 0.16300000250339508, "wh_vs_that_with_gap_long_distance": 0.18799999356269836}, "by_phenomenon": {"island_effects": 0.49674999713897705, "anaphor_agreement": 0.4189999997615814, "s-selection": 0.5820000171661377, "argument_structure": 0.5488571396895817, "determiner_noun_agreement": 0.4951249957084656, "subject_verb_agreement": 0.48633334040641785, "ellipsis": 0.36400000751018524, "control_raising": 0.5726000010967255, "quantifiers": 0.20474999770522118, "irregular_forms": 0.49900001287460327, "npi_licensing": 0.43785713825907024, "binding": 0.6295714378356934, "filler_gap_dependency": 0.5497142821550369}}, "paloma": 4320.848020334277}