{"blimp": {"by_uid": {"adjunct_island": 0.734000027179718, "anaphor_gender_agreement": 0.5019999742507935, "anaphor_number_agreement": 0.7400000095367432, "animate_subject_passive": 0.6940000057220459, "animate_subject_trans": 0.6679999828338623, "causative": 0.4860000014305115, "complex_NP_island": 0.492000013589859, "coordinate_structure_constraint_complex_left_branch": 0.4819999933242798, "coordinate_structure_constraint_object_extraction": 0.6240000128746033, "determiner_noun_agreement_1": 0.8809999823570251, "determiner_noun_agreement_2": 0.8619999885559082, "determiner_noun_agreement_irregular_1": 0.7300000190734863, "determiner_noun_agreement_irregular_2": 0.8379999995231628, "determiner_noun_agreement_with_adj_2": 0.8109999895095825, "determiner_noun_agreement_with_adj_irregular_1": 0.7009999752044678, "determiner_noun_agreement_with_adj_irregular_2": 0.746999979019165, "determiner_noun_agreement_with_adjective_1": 0.8410000205039978, "distractor_agreement_relational_noun": 0.21199999749660492, "distractor_agreement_relative_clause": 0.22100000083446503, "drop_argument": 0.6859999895095825, "ellipsis_n_bar_1": 0.5130000114440918, "ellipsis_n_bar_2": 0.5960000157356262, "existential_there_object_raising": 0.746999979019165, "existential_there_quantifiers_1": 0.7730000019073486, "existential_there_quantifiers_2": 0.37400001287460327, "existential_there_subject_raising": 0.6570000052452087, "expletive_it_object_raising": 0.6990000009536743, "inchoative": 0.3919999897480011, "intransitive": 0.5389999747276306, "irregular_past_participle_adjectives": 0.7670000195503235, "irregular_past_participle_verbs": 0.7059999704360962, "irregular_plural_subject_verb_agreement_1": 0.6740000247955322, "irregular_plural_subject_verb_agreement_2": 0.7919999957084656, "left_branch_island_echo_question": 0.5450000166893005, "left_branch_island_simple_question": 0.5260000228881836, "matrix_question_npi_licensor_present": 0.21699999272823334, "npi_present_1": 0.25600001215934753, "npi_present_2": 0.3230000138282776, "only_npi_licensor_present": 0.10300000011920929, "only_npi_scope": 0.5360000133514404, "passive_1": 0.828000009059906, "passive_2": 0.8460000157356262, "principle_A_c_command": 0.6000000238418579, "principle_A_case_1": 0.9990000128746033, "principle_A_case_2": 0.6650000214576721, "principle_A_domain_1": 0.9589999914169312, "principle_A_domain_2": 0.6190000176429749, "principle_A_domain_3": 0.45899999141693115, "principle_A_reconstruction": 0.46700000762939453, "regular_plural_subject_verb_agreement_1": 0.6970000267028809, "regular_plural_subject_verb_agreement_2": 0.7440000176429749, "sentential_negation_npi_licensor_present": 0.9940000176429749, "sentential_negation_npi_scope": 0.5120000243186951, "sentential_subject_island": 0.4189999997615814, "superlative_quantifiers_1": 0.7459999918937683, "superlative_quantifiers_2": 0.7960000038146973, "tough_vs_raising_1": 0.39500001072883606, "tough_vs_raising_2": 0.6470000147819519, "transitive": 0.6909999847412109, "wh_island": 0.38999998569488525, "wh_questions_object_gap": 0.6050000190734863, "wh_questions_subject_gap": 0.9110000133514404, "wh_questions_subject_gap_long_distance": 0.953000009059906, "wh_vs_that_no_gap": 0.9520000219345093, "wh_vs_that_no_gap_long_distance": 0.953000009059906, "wh_vs_that_with_gap": 0.13099999725818634, "wh_vs_that_with_gap_long_distance": 0.0989999994635582}, "by_phenomenon": {"island_effects": 0.5265000090003014, "anaphor_agreement": 0.6209999918937683, "s-selection": 0.6809999942779541, "argument_structure": 0.6382857092789241, "determiner_noun_agreement": 0.8013749942183495, "subject_verb_agreement": 0.5566666771968206, "ellipsis": 0.554500013589859, "control_raising": 0.6290000021457672, "quantifiers": 0.6722500026226044, "irregular_forms": 0.7364999949932098, "npi_licensing": 0.420142867735454, "binding": 0.6811428666114807, "filler_gap_dependency": 0.6577142956001418}}, "paloma": 230.89533794183765}