{"blimp": {"by_uid": {"adjunct_island": 0.7269999980926514, "anaphor_gender_agreement": 0.4569999873638153, "anaphor_number_agreement": 0.6489999890327454, "animate_subject_passive": 0.6880000233650208, "animate_subject_trans": 0.675000011920929, "causative": 0.4699999988079071, "complex_NP_island": 0.5099999904632568, "coordinate_structure_constraint_complex_left_branch": 0.328000009059906, "coordinate_structure_constraint_object_extraction": 0.47999998927116394, "determiner_noun_agreement_1": 0.828000009059906, "determiner_noun_agreement_2": 0.8090000152587891, "determiner_noun_agreement_irregular_1": 0.7229999899864197, "determiner_noun_agreement_irregular_2": 0.8190000057220459, "determiner_noun_agreement_with_adj_2": 0.7680000066757202, "determiner_noun_agreement_with_adj_irregular_1": 0.6140000224113464, "determiner_noun_agreement_with_adj_irregular_2": 0.7540000081062317, "determiner_noun_agreement_with_adjective_1": 0.7699999809265137, "distractor_agreement_relational_noun": 0.22599999606609344, "distractor_agreement_relative_clause": 0.23899999260902405, "drop_argument": 0.7049999833106995, "ellipsis_n_bar_1": 0.42399999499320984, "ellipsis_n_bar_2": 0.5070000290870667, "existential_there_object_raising": 0.7210000157356262, "existential_there_quantifiers_1": 0.7089999914169312, "existential_there_quantifiers_2": 0.4000000059604645, "existential_there_subject_raising": 0.5049999952316284, "expletive_it_object_raising": 0.6869999766349792, "inchoative": 0.3619999885559082, "intransitive": 0.5759999752044678, "irregular_past_participle_adjectives": 0.7390000224113464, "irregular_past_participle_verbs": 0.7369999885559082, "irregular_plural_subject_verb_agreement_1": 0.621999979019165, "irregular_plural_subject_verb_agreement_2": 0.6729999780654907, "left_branch_island_echo_question": 0.4880000054836273, "left_branch_island_simple_question": 0.46700000762939453, "matrix_question_npi_licensor_present": 0.24300000071525574, "npi_present_1": 0.23100000619888306, "npi_present_2": 0.2800000011920929, "only_npi_licensor_present": 0.09300000220537186, "only_npi_scope": 0.44999998807907104, "passive_1": 0.8180000185966492, "passive_2": 0.8069999814033508, "principle_A_c_command": 0.6129999756813049, "principle_A_case_1": 1.0, "principle_A_case_2": 0.6179999709129333, "principle_A_domain_1": 0.9330000281333923, "principle_A_domain_2": 0.6010000109672546, "principle_A_domain_3": 0.4309999942779541, "principle_A_reconstruction": 0.3529999852180481, "regular_plural_subject_verb_agreement_1": 0.6169999837875366, "regular_plural_subject_verb_agreement_2": 0.5569999814033508, "sentential_negation_npi_licensor_present": 0.9710000157356262, "sentential_negation_npi_scope": 0.4699999988079071, "sentential_subject_island": 0.4449999928474426, "superlative_quantifiers_1": 0.6010000109672546, "superlative_quantifiers_2": 0.6430000066757202, "tough_vs_raising_1": 0.421999990940094, "tough_vs_raising_2": 0.6259999871253967, "transitive": 0.6679999828338623, "wh_island": 0.2709999978542328, "wh_questions_object_gap": 0.546999990940094, "wh_questions_subject_gap": 0.8619999885559082, "wh_questions_subject_gap_long_distance": 0.9539999961853027, "wh_vs_that_no_gap": 0.9459999799728394, "wh_vs_that_no_gap_long_distance": 0.9729999899864197, "wh_vs_that_with_gap": 0.09399999678134918, "wh_vs_that_with_gap_long_distance": 0.04800000041723251}, "by_phenomenon": {"island_effects": 0.4644999988377094, "anaphor_agreement": 0.5529999881982803, "s-selection": 0.6815000176429749, "argument_structure": 0.6294285612446922, "determiner_noun_agreement": 0.7606250047683716, "subject_verb_agreement": 0.48899998515844345, "ellipsis": 0.46550001204013824, "control_raising": 0.5921999931335449, "quantifiers": 0.5882500037550926, "irregular_forms": 0.7380000054836273, "npi_licensing": 0.39114285899060114, "binding": 0.6498571378844125, "filler_gap_dependency": 0.6319999918341637}}, "paloma": 379.34533819205257}