{"blimp": {"by_uid": {"adjunct_island": 0.7269999980926514, "anaphor_gender_agreement": 0.46799999475479126, "anaphor_number_agreement": 0.6549999713897705, "animate_subject_passive": 0.6919999718666077, "animate_subject_trans": 0.6779999732971191, "causative": 0.47099998593330383, "complex_NP_island": 0.5009999871253967, "coordinate_structure_constraint_complex_left_branch": 0.328000009059906, "coordinate_structure_constraint_object_extraction": 0.47099998593330383, "determiner_noun_agreement_1": 0.8289999961853027, "determiner_noun_agreement_2": 0.8050000071525574, "determiner_noun_agreement_irregular_1": 0.7229999899864197, "determiner_noun_agreement_irregular_2": 0.8159999847412109, "determiner_noun_agreement_with_adj_2": 0.7609999775886536, "determiner_noun_agreement_with_adj_irregular_1": 0.609000027179718, "determiner_noun_agreement_with_adj_irregular_2": 0.7490000128746033, "determiner_noun_agreement_with_adjective_1": 0.7739999890327454, "distractor_agreement_relational_noun": 0.2290000021457672, "distractor_agreement_relative_clause": 0.2529999911785126, "drop_argument": 0.7089999914169312, "ellipsis_n_bar_1": 0.42100000381469727, "ellipsis_n_bar_2": 0.5090000033378601, "existential_there_object_raising": 0.7269999980926514, "existential_there_quantifiers_1": 0.7059999704360962, "existential_there_quantifiers_2": 0.39399999380111694, "existential_there_subject_raising": 0.492000013589859, "expletive_it_object_raising": 0.6949999928474426, "inchoative": 0.36399999260902405, "intransitive": 0.5799999833106995, "irregular_past_participle_adjectives": 0.7390000224113464, "irregular_past_participle_verbs": 0.7319999933242798, "irregular_plural_subject_verb_agreement_1": 0.6200000047683716, "irregular_plural_subject_verb_agreement_2": 0.6650000214576721, "left_branch_island_echo_question": 0.49300000071525574, "left_branch_island_simple_question": 0.4729999899864197, "matrix_question_npi_licensor_present": 0.23800000548362732, "npi_present_1": 0.23399999737739563, "npi_present_2": 0.2930000126361847, "only_npi_licensor_present": 0.10000000149011612, "only_npi_scope": 0.47999998927116394, "passive_1": 0.8190000057220459, "passive_2": 0.8090000152587891, "principle_A_c_command": 0.6150000095367432, "principle_A_case_1": 1.0, "principle_A_case_2": 0.621999979019165, "principle_A_domain_1": 0.9229999780654907, "principle_A_domain_2": 0.6010000109672546, "principle_A_domain_3": 0.4339999854564667, "principle_A_reconstruction": 0.33899998664855957, "regular_plural_subject_verb_agreement_1": 0.6209999918937683, "regular_plural_subject_verb_agreement_2": 0.5529999732971191, "sentential_negation_npi_licensor_present": 0.972000002861023, "sentential_negation_npi_scope": 0.48100000619888306, "sentential_subject_island": 0.4390000104904175, "superlative_quantifiers_1": 0.6309999823570251, "superlative_quantifiers_2": 0.6340000033378601, "tough_vs_raising_1": 0.4309999942779541, "tough_vs_raising_2": 0.6190000176429749, "transitive": 0.675000011920929, "wh_island": 0.29499998688697815, "wh_questions_object_gap": 0.5370000004768372, "wh_questions_subject_gap": 0.8579999804496765, "wh_questions_subject_gap_long_distance": 0.9470000267028809, "wh_vs_that_no_gap": 0.9419999718666077, "wh_vs_that_no_gap_long_distance": 0.9679999947547913, "wh_vs_that_with_gap": 0.09399999678134918, "wh_vs_that_with_gap_long_distance": 0.04500000178813934}, "by_phenomenon": {"island_effects": 0.4658749960362911, "anaphor_agreement": 0.5614999830722809, "s-selection": 0.6849999725818634, "argument_structure": 0.6324285694531032, "determiner_noun_agreement": 0.7582499980926514, "subject_verb_agreement": 0.49016666412353516, "ellipsis": 0.4650000035762787, "control_raising": 0.5928000032901763, "quantifiers": 0.5912499874830246, "irregular_forms": 0.7355000078678131, "npi_licensing": 0.3997142879026277, "binding": 0.6477142785276685, "filler_gap_dependency": 0.6272857104028974}}, "paloma": 386.7361295208283}