{"blimp": {"by_uid": {"adjunct_island": 0.7419999837875366, "anaphor_gender_agreement": 0.5220000147819519, "anaphor_number_agreement": 0.7269999980926514, "animate_subject_passive": 0.7070000171661377, "animate_subject_trans": 0.6759999990463257, "causative": 0.48899999260902405, "complex_NP_island": 0.47600001096725464, "coordinate_structure_constraint_complex_left_branch": 0.4230000078678131, "coordinate_structure_constraint_object_extraction": 0.628000020980835, "determiner_noun_agreement_1": 0.8840000033378601, "determiner_noun_agreement_2": 0.859000027179718, "determiner_noun_agreement_irregular_1": 0.7210000157356262, "determiner_noun_agreement_irregular_2": 0.8420000076293945, "determiner_noun_agreement_with_adj_2": 0.8149999976158142, "determiner_noun_agreement_with_adj_irregular_1": 0.6740000247955322, "determiner_noun_agreement_with_adj_irregular_2": 0.7540000081062317, "determiner_noun_agreement_with_adjective_1": 0.8450000286102295, "distractor_agreement_relational_noun": 0.2070000022649765, "distractor_agreement_relative_clause": 0.2280000001192093, "drop_argument": 0.6859999895095825, "ellipsis_n_bar_1": 0.4830000102519989, "ellipsis_n_bar_2": 0.5910000205039978, "existential_there_object_raising": 0.7289999723434448, "existential_there_quantifiers_1": 0.7850000262260437, "existential_there_quantifiers_2": 0.3400000035762787, "existential_there_subject_raising": 0.6010000109672546, "expletive_it_object_raising": 0.6949999928474426, "inchoative": 0.38999998569488525, "intransitive": 0.5559999942779541, "irregular_past_participle_adjectives": 0.7720000147819519, "irregular_past_participle_verbs": 0.6959999799728394, "irregular_plural_subject_verb_agreement_1": 0.6850000023841858, "irregular_plural_subject_verb_agreement_2": 0.765999972820282, "left_branch_island_echo_question": 0.503000020980835, "left_branch_island_simple_question": 0.5009999871253967, "matrix_question_npi_licensor_present": 0.20100000500679016, "npi_present_1": 0.22499999403953552, "npi_present_2": 0.2919999957084656, "only_npi_licensor_present": 0.1599999964237213, "only_npi_scope": 0.5109999775886536, "passive_1": 0.8119999766349792, "passive_2": 0.847000002861023, "principle_A_c_command": 0.597000002861023, "principle_A_case_1": 0.9990000128746033, "principle_A_case_2": 0.675000011920929, "principle_A_domain_1": 0.9539999961853027, "principle_A_domain_2": 0.6119999885559082, "principle_A_domain_3": 0.460999995470047, "principle_A_reconstruction": 0.453000009059906, "regular_plural_subject_verb_agreement_1": 0.6639999747276306, "regular_plural_subject_verb_agreement_2": 0.7179999947547913, "sentential_negation_npi_licensor_present": 0.9850000143051147, "sentential_negation_npi_scope": 0.5080000162124634, "sentential_subject_island": 0.4230000078678131, "superlative_quantifiers_1": 0.8050000071525574, "superlative_quantifiers_2": 0.7870000004768372, "tough_vs_raising_1": 0.39399999380111694, "tough_vs_raising_2": 0.6380000114440918, "transitive": 0.6959999799728394, "wh_island": 0.367000013589859, "wh_questions_object_gap": 0.5920000076293945, "wh_questions_subject_gap": 0.8920000195503235, "wh_questions_subject_gap_long_distance": 0.9549999833106995, "wh_vs_that_no_gap": 0.9459999799728394, "wh_vs_that_no_gap_long_distance": 0.9570000171661377, "wh_vs_that_with_gap": 0.13899999856948853, "wh_vs_that_with_gap_long_distance": 0.07900000363588333}, "by_phenomenon": {"island_effects": 0.5078750066459179, "anaphor_agreement": 0.6245000064373016, "s-selection": 0.6915000081062317, "argument_structure": 0.6394285602228982, "determiner_noun_agreement": 0.7992500141263008, "subject_verb_agreement": 0.5446666578451792, "ellipsis": 0.5370000153779984, "control_raising": 0.6113999962806702, "quantifiers": 0.6792500093579292, "irregular_forms": 0.7339999973773956, "npi_licensing": 0.4117142856121063, "binding": 0.6787142881325313, "filler_gap_dependency": 0.651428572833538}}, "paloma": 245.0838064253538}