{"blimp": {"by_uid": {"adjunct_island": 0.5809999704360962, "anaphor_gender_agreement": 0.4090000092983246, "anaphor_number_agreement": 0.47999998927116394, "animate_subject_passive": 0.6430000066757202, "animate_subject_trans": 0.5950000286102295, "causative": 0.40400001406669617, "complex_NP_island": 0.4099999964237213, "coordinate_structure_constraint_complex_left_branch": 0.2809999883174896, "coordinate_structure_constraint_object_extraction": 0.3529999852180481, "determiner_noun_agreement_1": 0.6230000257492065, "determiner_noun_agreement_2": 0.5740000009536743, "determiner_noun_agreement_irregular_1": 0.5669999718666077, "determiner_noun_agreement_irregular_2": 0.5820000171661377, "determiner_noun_agreement_with_adj_2": 0.48899999260902405, "determiner_noun_agreement_with_adj_irregular_1": 0.4659999907016754, "determiner_noun_agreement_with_adj_irregular_2": 0.5249999761581421, "determiner_noun_agreement_with_adjective_1": 0.5230000019073486, "distractor_agreement_relational_noun": 0.4020000100135803, "distractor_agreement_relative_clause": 0.4090000092983246, "drop_argument": 0.7129999995231628, "ellipsis_n_bar_1": 0.2590000033378601, "ellipsis_n_bar_2": 0.3230000138282776, "existential_there_object_raising": 0.7459999918937683, "existential_there_quantifiers_1": 0.828000009059906, "existential_there_quantifiers_2": 0.36399999260902405, "existential_there_subject_raising": 0.4480000138282776, "expletive_it_object_raising": 0.6949999928474426, "inchoative": 0.367000013589859, "intransitive": 0.5559999942779541, "irregular_past_participle_adjectives": 0.7910000085830688, "irregular_past_participle_verbs": 0.6729999780654907, "irregular_plural_subject_verb_agreement_1": 0.48899999260902405, "irregular_plural_subject_verb_agreement_2": 0.5789999961853027, "left_branch_island_echo_question": 0.5419999957084656, "left_branch_island_simple_question": 0.29499998688697815, "matrix_question_npi_licensor_present": 0.1420000046491623, "npi_present_1": 0.42800000309944153, "npi_present_2": 0.527999997138977, "only_npi_licensor_present": 0.4580000042915344, "only_npi_scope": 0.43700000643730164, "passive_1": 0.7329999804496765, "passive_2": 0.7260000109672546, "principle_A_c_command": 0.6620000004768372, "principle_A_case_1": 1.0, "principle_A_case_2": 0.5049999952316284, "principle_A_domain_1": 0.9169999957084656, "principle_A_domain_2": 0.5490000247955322, "principle_A_domain_3": 0.4320000112056732, "principle_A_reconstruction": 0.2370000034570694, "regular_plural_subject_verb_agreement_1": 0.5540000200271606, "regular_plural_subject_verb_agreement_2": 0.5090000033378601, "sentential_negation_npi_licensor_present": 0.9549999833106995, "sentential_negation_npi_scope": 0.5720000267028809, "sentential_subject_island": 0.5820000171661377, "superlative_quantifiers_1": 0.4779999852180481, "superlative_quantifiers_2": 0.8949999809265137, "tough_vs_raising_1": 0.39500001072883606, "tough_vs_raising_2": 0.6290000081062317, "transitive": 0.625, "wh_island": 0.4620000123977661, "wh_questions_object_gap": 0.6010000109672546, "wh_questions_subject_gap": 0.921999990940094, "wh_questions_subject_gap_long_distance": 0.9259999990463257, "wh_vs_that_no_gap": 0.972000002861023, "wh_vs_that_no_gap_long_distance": 0.9580000042915344, "wh_vs_that_with_gap": 0.039000000804662704, "wh_vs_that_with_gap_long_distance": 0.03799999877810478}, "by_phenomenon": {"island_effects": 0.43824999406933784, "anaphor_agreement": 0.44449999928474426, "s-selection": 0.6190000176429749, "argument_structure": 0.5891428589820862, "determiner_noun_agreement": 0.543624997138977, "subject_verb_agreement": 0.49033333857854206, "ellipsis": 0.29100000858306885, "control_raising": 0.5826000034809112, "quantifiers": 0.641249991953373, "irregular_forms": 0.7319999933242798, "npi_licensing": 0.502857146518571, "binding": 0.6145714329821723, "filler_gap_dependency": 0.636571429669857}}, "paloma": 889.1259829318482}