{"blimp": {"by_uid": {"adjunct_island": 0.7319999933242798, "anaphor_gender_agreement": 0.49799999594688416, "anaphor_number_agreement": 0.7419999837875366, "animate_subject_passive": 0.6959999799728394, "animate_subject_trans": 0.6669999957084656, "causative": 0.4819999933242798, "complex_NP_island": 0.48399999737739563, "coordinate_structure_constraint_complex_left_branch": 0.48500001430511475, "coordinate_structure_constraint_object_extraction": 0.6169999837875366, "determiner_noun_agreement_1": 0.871999979019165, "determiner_noun_agreement_2": 0.8690000176429749, "determiner_noun_agreement_irregular_1": 0.7279999852180481, "determiner_noun_agreement_irregular_2": 0.843999981880188, "determiner_noun_agreement_with_adj_2": 0.8119999766349792, "determiner_noun_agreement_with_adj_irregular_1": 0.6919999718666077, "determiner_noun_agreement_with_adj_irregular_2": 0.753000020980835, "determiner_noun_agreement_with_adjective_1": 0.8370000123977661, "distractor_agreement_relational_noun": 0.20499999821186066, "distractor_agreement_relative_clause": 0.22200000286102295, "drop_argument": 0.6869999766349792, "ellipsis_n_bar_1": 0.5099999904632568, "ellipsis_n_bar_2": 0.5899999737739563, "existential_there_object_raising": 0.7480000257492065, "existential_there_quantifiers_1": 0.7839999794960022, "existential_there_quantifiers_2": 0.3619999885559082, "existential_there_subject_raising": 0.6460000276565552, "expletive_it_object_raising": 0.7020000219345093, "inchoative": 0.39100000262260437, "intransitive": 0.5339999794960022, "irregular_past_participle_adjectives": 0.800000011920929, "irregular_past_participle_verbs": 0.7200000286102295, "irregular_plural_subject_verb_agreement_1": 0.6710000038146973, "irregular_plural_subject_verb_agreement_2": 0.7760000228881836, "left_branch_island_echo_question": 0.5189999938011169, "left_branch_island_simple_question": 0.5249999761581421, "matrix_question_npi_licensor_present": 0.20999999344348907, "npi_present_1": 0.24300000071525574, "npi_present_2": 0.30799999833106995, "only_npi_licensor_present": 0.10300000011920929, "only_npi_scope": 0.5360000133514404, "passive_1": 0.8190000057220459, "passive_2": 0.8460000157356262, "principle_A_c_command": 0.6010000109672546, "principle_A_case_1": 1.0, "principle_A_case_2": 0.6729999780654907, "principle_A_domain_1": 0.9610000252723694, "principle_A_domain_2": 0.628000020980835, "principle_A_domain_3": 0.45500001311302185, "principle_A_reconstruction": 0.4650000035762787, "regular_plural_subject_verb_agreement_1": 0.699999988079071, "regular_plural_subject_verb_agreement_2": 0.7369999885559082, "sentential_negation_npi_licensor_present": 0.9940000176429749, "sentential_negation_npi_scope": 0.5109999775886536, "sentential_subject_island": 0.4440000057220459, "superlative_quantifiers_1": 0.7269999980926514, "superlative_quantifiers_2": 0.7730000019073486, "tough_vs_raising_1": 0.3930000066757202, "tough_vs_raising_2": 0.6499999761581421, "transitive": 0.6949999928474426, "wh_island": 0.3580000102519989, "wh_questions_object_gap": 0.5979999899864197, "wh_questions_subject_gap": 0.9100000262260437, "wh_questions_subject_gap_long_distance": 0.9559999704360962, "wh_vs_that_no_gap": 0.9509999752044678, "wh_vs_that_no_gap_long_distance": 0.9549999833106995, "wh_vs_that_with_gap": 0.13600000739097595, "wh_vs_that_with_gap_long_distance": 0.09700000286102295}, "by_phenomenon": {"island_effects": 0.5204999968409538, "anaphor_agreement": 0.6199999898672104, "s-selection": 0.6814999878406525, "argument_structure": 0.6362857094832829, "determiner_noun_agreement": 0.8008749932050705, "subject_verb_agreement": 0.5518333340684572, "ellipsis": 0.5499999821186066, "control_raising": 0.6278000116348267, "quantifiers": 0.6614999920129776, "irregular_forms": 0.7600000202655792, "npi_licensing": 0.415000000170299, "binding": 0.6832857217107501, "filler_gap_dependency": 0.6575714222022465}}, "paloma": 228.9931396836603}