{"blimp": {"by_uid": {"adjunct_island": 0.734000027179718, "anaphor_gender_agreement": 0.49900001287460327, "anaphor_number_agreement": 0.7369999885559082, "animate_subject_passive": 0.6959999799728394, "animate_subject_trans": 0.6690000295639038, "causative": 0.47600001096725464, "complex_NP_island": 0.4830000102519989, "coordinate_structure_constraint_complex_left_branch": 0.44999998807907104, "coordinate_structure_constraint_object_extraction": 0.625, "determiner_noun_agreement_1": 0.8840000033378601, "determiner_noun_agreement_2": 0.8640000224113464, "determiner_noun_agreement_irregular_1": 0.7239999771118164, "determiner_noun_agreement_irregular_2": 0.8479999899864197, "determiner_noun_agreement_with_adj_2": 0.8090000152587891, "determiner_noun_agreement_with_adj_irregular_1": 0.6859999895095825, "determiner_noun_agreement_with_adj_irregular_2": 0.7509999871253967, "determiner_noun_agreement_with_adjective_1": 0.8460000157356262, "distractor_agreement_relational_noun": 0.2150000035762787, "distractor_agreement_relative_clause": 0.22599999606609344, "drop_argument": 0.6980000138282776, "ellipsis_n_bar_1": 0.49399998784065247, "ellipsis_n_bar_2": 0.5870000123977661, "existential_there_object_raising": 0.7419999837875366, "existential_there_quantifiers_1": 0.7760000228881836, "existential_there_quantifiers_2": 0.35899999737739563, "existential_there_subject_raising": 0.6399999856948853, "expletive_it_object_raising": 0.6990000009536743, "inchoative": 0.39100000262260437, "intransitive": 0.5479999780654907, "irregular_past_participle_adjectives": 0.7860000133514404, "irregular_past_participle_verbs": 0.7080000042915344, "irregular_plural_subject_verb_agreement_1": 0.671999990940094, "irregular_plural_subject_verb_agreement_2": 0.777999997138977, "left_branch_island_echo_question": 0.531000018119812, "left_branch_island_simple_question": 0.5249999761581421, "matrix_question_npi_licensor_present": 0.20100000500679016, "npi_present_1": 0.2370000034570694, "npi_present_2": 0.30300000309944153, "only_npi_licensor_present": 0.15800000727176666, "only_npi_scope": 0.5590000152587891, "passive_1": 0.8119999766349792, "passive_2": 0.8460000157356262, "principle_A_c_command": 0.5989999771118164, "principle_A_case_1": 0.9990000128746033, "principle_A_case_2": 0.6759999990463257, "principle_A_domain_1": 0.953000009059906, "principle_A_domain_2": 0.6169999837875366, "principle_A_domain_3": 0.460999995470047, "principle_A_reconstruction": 0.44699999690055847, "regular_plural_subject_verb_agreement_1": 0.6930000185966492, "regular_plural_subject_verb_agreement_2": 0.7200000286102295, "sentential_negation_npi_licensor_present": 0.9890000224113464, "sentential_negation_npi_scope": 0.5040000081062317, "sentential_subject_island": 0.41600000858306885, "superlative_quantifiers_1": 0.8220000267028809, "superlative_quantifiers_2": 0.8289999961853027, "tough_vs_raising_1": 0.4090000092983246, "tough_vs_raising_2": 0.621999979019165, "transitive": 0.6949999928474426, "wh_island": 0.41999998688697815, "wh_questions_object_gap": 0.5960000157356262, "wh_questions_subject_gap": 0.8989999890327454, "wh_questions_subject_gap_long_distance": 0.9520000219345093, "wh_vs_that_no_gap": 0.953000009059906, "wh_vs_that_no_gap_long_distance": 0.9549999833106995, "wh_vs_that_with_gap": 0.1340000033378601, "wh_vs_that_with_gap_long_distance": 0.09300000220537186}, "by_phenomenon": {"island_effects": 0.5230000019073486, "anaphor_agreement": 0.6180000007152557, "s-selection": 0.6825000047683716, "argument_structure": 0.6379999986716679, "determiner_noun_agreement": 0.8015000000596046, "subject_verb_agreement": 0.5506666724880537, "ellipsis": 0.5405000001192093, "control_raising": 0.6223999917507171, "quantifiers": 0.6965000107884407, "irregular_forms": 0.7470000088214874, "npi_licensing": 0.4215714378016336, "binding": 0.6788571391786847, "filler_gap_dependency": 0.6545714320881026}}, "paloma": 239.08319460307266}