{"blimp": {"by_uid": {"adjunct_island": 0.5400000214576721, "anaphor_gender_agreement": 0.328000009059906, "anaphor_number_agreement": 0.44999998807907104, "animate_subject_passive": 0.6520000100135803, "animate_subject_trans": 0.5899999737739563, "causative": 0.4099999964237213, "complex_NP_island": 0.4230000078678131, "coordinate_structure_constraint_complex_left_branch": 0.367000013589859, "coordinate_structure_constraint_object_extraction": 0.4129999876022339, "determiner_noun_agreement_1": 0.550000011920929, "determiner_noun_agreement_2": 0.5429999828338623, "determiner_noun_agreement_irregular_1": 0.5350000262260437, "determiner_noun_agreement_irregular_2": 0.5569999814033508, "determiner_noun_agreement_with_adj_2": 0.4830000102519989, "determiner_noun_agreement_with_adj_irregular_1": 0.4440000057220459, "determiner_noun_agreement_with_adj_irregular_2": 0.5059999823570251, "determiner_noun_agreement_with_adjective_1": 0.492000013589859, "distractor_agreement_relational_noun": 0.421999990940094, "distractor_agreement_relative_clause": 0.4359999895095825, "drop_argument": 0.718999981880188, "ellipsis_n_bar_1": 0.2680000066757202, "ellipsis_n_bar_2": 0.335999995470047, "existential_there_object_raising": 0.753000020980835, "existential_there_quantifiers_1": 0.8140000104904175, "existential_there_quantifiers_2": 0.5289999842643738, "existential_there_subject_raising": 0.45399999618530273, "expletive_it_object_raising": 0.6909999847412109, "inchoative": 0.3709999918937683, "intransitive": 0.5559999942779541, "irregular_past_participle_adjectives": 0.7570000290870667, "irregular_past_participle_verbs": 0.6460000276565552, "irregular_plural_subject_verb_agreement_1": 0.460999995470047, "irregular_plural_subject_verb_agreement_2": 0.5299999713897705, "left_branch_island_echo_question": 0.546999990940094, "left_branch_island_simple_question": 0.34599998593330383, "matrix_question_npi_licensor_present": 0.17800000309944153, "npi_present_1": 0.47999998927116394, "npi_present_2": 0.5389999747276306, "only_npi_licensor_present": 0.1550000011920929, "only_npi_scope": 0.257999986410141, "passive_1": 0.7200000286102295, "passive_2": 0.7149999737739563, "principle_A_c_command": 0.6610000133514404, "principle_A_case_1": 1.0, "principle_A_case_2": 0.4390000104904175, "principle_A_domain_1": 0.9179999828338623, "principle_A_domain_2": 0.5690000057220459, "principle_A_domain_3": 0.41600000858306885, "principle_A_reconstruction": 0.2529999911785126, "regular_plural_subject_verb_agreement_1": 0.5360000133514404, "regular_plural_subject_verb_agreement_2": 0.5, "sentential_negation_npi_licensor_present": 0.9269999861717224, "sentential_negation_npi_scope": 0.5419999957084656, "sentential_subject_island": 0.5709999799728394, "superlative_quantifiers_1": 0.382999986410141, "superlative_quantifiers_2": 0.703000009059906, "tough_vs_raising_1": 0.44200000166893005, "tough_vs_raising_2": 0.5950000286102295, "transitive": 0.6119999885559082, "wh_island": 0.6510000228881836, "wh_questions_object_gap": 0.6420000195503235, "wh_questions_subject_gap": 0.9279999732971191, "wh_questions_subject_gap_long_distance": 0.9330000281333923, "wh_vs_that_no_gap": 0.9700000286102295, "wh_vs_that_no_gap_long_distance": 0.9850000143051147, "wh_vs_that_with_gap": 0.023000000044703484, "wh_vs_that_with_gap_long_distance": 0.014000000432133675}, "by_phenomenon": {"island_effects": 0.48225000128149986, "anaphor_agreement": 0.3889999985694885, "s-selection": 0.6209999918937683, "argument_structure": 0.5861428507736751, "determiner_noun_agreement": 0.5137500017881393, "subject_verb_agreement": 0.4808333267768224, "ellipsis": 0.3020000010728836, "control_raising": 0.5870000064373017, "quantifiers": 0.6072499975562096, "irregular_forms": 0.7015000283718109, "npi_licensing": 0.43985713379723684, "binding": 0.6080000017370496, "filler_gap_dependency": 0.6421428663390023}}, "paloma": 1084.8206608788892}