{"blimp": {"by_uid": {"adjunct_island": 0.5080000162124634, "anaphor_gender_agreement": 0.4580000042915344, "anaphor_number_agreement": 0.5019999742507935, "animate_subject_passive": 0.5199999809265137, "animate_subject_trans": 0.5809999704360962, "causative": 0.4320000112056732, "complex_NP_island": 0.5220000147819519, "coordinate_structure_constraint_complex_left_branch": 0.5649999976158142, "coordinate_structure_constraint_object_extraction": 0.5720000267028809, "determiner_noun_agreement_1": 0.49000000953674316, "determiner_noun_agreement_2": 0.5170000195503235, "determiner_noun_agreement_irregular_1": 0.5049999952316284, "determiner_noun_agreement_irregular_2": 0.47200000286102295, "determiner_noun_agreement_with_adj_2": 0.5120000243186951, "determiner_noun_agreement_with_adj_irregular_1": 0.4740000069141388, "determiner_noun_agreement_with_adj_irregular_2": 0.48399999737739563, "determiner_noun_agreement_with_adjective_1": 0.5139999985694885, "distractor_agreement_relational_noun": 0.49300000071525574, "distractor_agreement_relative_clause": 0.4869999885559082, "drop_argument": 0.6930000185966492, "ellipsis_n_bar_1": 0.5590000152587891, "ellipsis_n_bar_2": 0.3400000035762787, "existential_there_object_raising": 0.5899999737739563, "existential_there_quantifiers_1": 0.22100000083446503, "existential_there_quantifiers_2": 0.28299999237060547, "existential_there_subject_raising": 0.4970000088214874, "expletive_it_object_raising": 0.5789999961853027, "inchoative": 0.42500001192092896, "intransitive": 0.5860000252723694, "irregular_past_participle_adjectives": 0.5559999942779541, "irregular_past_participle_verbs": 0.48399999737739563, "irregular_plural_subject_verb_agreement_1": 0.4749999940395355, "irregular_plural_subject_verb_agreement_2": 0.5509999990463257, "left_branch_island_echo_question": 0.4230000078678131, "left_branch_island_simple_question": 0.5070000290870667, "matrix_question_npi_licensor_present": 0.6230000257492065, "npi_present_1": 0.49399998784065247, "npi_present_2": 0.4429999887943268, "only_npi_licensor_present": 0.32100000977516174, "only_npi_scope": 0.5350000262260437, "passive_1": 0.5669999718666077, "passive_2": 0.6209999918937683, "principle_A_c_command": 0.5260000228881836, "principle_A_case_1": 0.5329999923706055, "principle_A_case_2": 0.4659999907016754, "principle_A_domain_1": 0.3700000047683716, "principle_A_domain_2": 0.5090000033378601, "principle_A_domain_3": 0.4569999873638153, "principle_A_reconstruction": 0.5059999823570251, "regular_plural_subject_verb_agreement_1": 0.5400000214576721, "regular_plural_subject_verb_agreement_2": 0.4790000021457672, "sentential_negation_npi_licensor_present": 0.8289999961853027, "sentential_negation_npi_scope": 0.550000011920929, "sentential_subject_island": 0.4880000054836273, "superlative_quantifiers_1": 0.38499999046325684, "superlative_quantifiers_2": 0.46399998664855957, "tough_vs_raising_1": 0.4189999997615814, "tough_vs_raising_2": 0.6069999933242798, "transitive": 0.5120000243186951, "wh_island": 0.36000001430511475, "wh_questions_object_gap": 0.45899999141693115, "wh_questions_subject_gap": 0.41499999165534973, "wh_questions_subject_gap_long_distance": 0.3700000047683716, "wh_vs_that_no_gap": 0.35499998927116394, "wh_vs_that_no_gap_long_distance": 0.35600000619888306, "wh_vs_that_with_gap": 0.6050000190734863, "wh_vs_that_with_gap_long_distance": 0.6710000038146973}, "by_phenomenon": {"island_effects": 0.4931250140070915, "anaphor_agreement": 0.47999998927116394, "s-selection": 0.5504999756813049, "argument_structure": 0.5480000078678131, "determiner_noun_agreement": 0.4960000067949295, "subject_verb_agreement": 0.5041666676600774, "ellipsis": 0.4495000094175339, "control_raising": 0.5383999943733215, "quantifiers": 0.3382499925792217, "irregular_forms": 0.5199999958276749, "npi_licensing": 0.5421428637845176, "binding": 0.4809999976839338, "filler_gap_dependency": 0.4615714294569833}}, "paloma": 53473.703168554006}