{"blimp": {"by_uid": {"adjunct_island": 0.7070000171661377, "anaphor_gender_agreement": 0.5120000243186951, "anaphor_number_agreement": 0.7039999961853027, "animate_subject_passive": 0.6830000281333923, "animate_subject_trans": 0.6830000281333923, "causative": 0.49399998784065247, "complex_NP_island": 0.4970000088214874, "coordinate_structure_constraint_complex_left_branch": 0.3970000147819519, "coordinate_structure_constraint_object_extraction": 0.5789999961853027, "determiner_noun_agreement_1": 0.8849999904632568, "determiner_noun_agreement_2": 0.8460000157356262, "determiner_noun_agreement_irregular_1": 0.7210000157356262, "determiner_noun_agreement_irregular_2": 0.8149999976158142, "determiner_noun_agreement_with_adj_2": 0.8080000281333923, "determiner_noun_agreement_with_adj_irregular_1": 0.6539999842643738, "determiner_noun_agreement_with_adj_irregular_2": 0.7630000114440918, "determiner_noun_agreement_with_adjective_1": 0.8220000267028809, "distractor_agreement_relational_noun": 0.21199999749660492, "distractor_agreement_relative_clause": 0.25200000405311584, "drop_argument": 0.6899999976158142, "ellipsis_n_bar_1": 0.47200000286102295, "ellipsis_n_bar_2": 0.5709999799728394, "existential_there_object_raising": 0.7279999852180481, "existential_there_quantifiers_1": 0.8019999861717224, "existential_there_quantifiers_2": 0.32600000500679016, "existential_there_subject_raising": 0.5839999914169312, "expletive_it_object_raising": 0.6880000233650208, "inchoative": 0.37400001287460327, "intransitive": 0.5450000166893005, "irregular_past_participle_adjectives": 0.8090000152587891, "irregular_past_participle_verbs": 0.7279999852180481, "irregular_plural_subject_verb_agreement_1": 0.6679999828338623, "irregular_plural_subject_verb_agreement_2": 0.7059999704360962, "left_branch_island_echo_question": 0.46700000762939453, "left_branch_island_simple_question": 0.5149999856948853, "matrix_question_npi_licensor_present": 0.2199999988079071, "npi_present_1": 0.24500000476837158, "npi_present_2": 0.27799999713897705, "only_npi_licensor_present": 0.0860000029206276, "only_npi_scope": 0.39399999380111694, "passive_1": 0.8159999847412109, "passive_2": 0.828000009059906, "principle_A_c_command": 0.6019999980926514, "principle_A_case_1": 1.0, "principle_A_case_2": 0.6669999957084656, "principle_A_domain_1": 0.9350000023841858, "principle_A_domain_2": 0.6119999885559082, "principle_A_domain_3": 0.4449999928474426, "principle_A_reconstruction": 0.47200000286102295, "regular_plural_subject_verb_agreement_1": 0.6470000147819519, "regular_plural_subject_verb_agreement_2": 0.6439999938011169, "sentential_negation_npi_licensor_present": 0.9800000190734863, "sentential_negation_npi_scope": 0.47699999809265137, "sentential_subject_island": 0.4650000035762787, "superlative_quantifiers_1": 0.6330000162124634, "superlative_quantifiers_2": 0.6010000109672546, "tough_vs_raising_1": 0.35100001096725464, "tough_vs_raising_2": 0.6729999780654907, "transitive": 0.6840000152587891, "wh_island": 0.27300000190734863, "wh_questions_object_gap": 0.5889999866485596, "wh_questions_subject_gap": 0.8849999904632568, "wh_questions_subject_gap_long_distance": 0.9520000219345093, "wh_vs_that_no_gap": 0.949999988079071, "wh_vs_that_no_gap_long_distance": 0.9599999785423279, "wh_vs_that_with_gap": 0.11699999868869781, "wh_vs_that_with_gap_long_distance": 0.0560000017285347}, "by_phenomenon": {"island_effects": 0.48750000447034836, "anaphor_agreement": 0.6080000102519989, "s-selection": 0.6830000281333923, "argument_structure": 0.6330000034400395, "determiner_noun_agreement": 0.7892500087618828, "subject_verb_agreement": 0.521499993900458, "ellipsis": 0.5214999914169312, "control_raising": 0.604799997806549, "quantifiers": 0.5905000045895576, "irregular_forms": 0.7685000002384186, "npi_licensing": 0.3828571449433054, "binding": 0.6761428543499538, "filler_gap_dependency": 0.6441428522978511}}, "paloma": 273.9908108661399}