{"blimp": {"by_uid": {"adjunct_island": 0.7149999737739563, "anaphor_gender_agreement": 0.5180000066757202, "anaphor_number_agreement": 0.7559999823570251, "animate_subject_passive": 0.6909999847412109, "animate_subject_trans": 0.6859999895095825, "causative": 0.48100000619888306, "complex_NP_island": 0.48100000619888306, "coordinate_structure_constraint_complex_left_branch": 0.5149999856948853, "coordinate_structure_constraint_object_extraction": 0.6010000109672546, "determiner_noun_agreement_1": 0.8809999823570251, "determiner_noun_agreement_2": 0.8640000224113464, "determiner_noun_agreement_irregular_1": 0.7279999852180481, "determiner_noun_agreement_irregular_2": 0.8539999723434448, "determiner_noun_agreement_with_adj_2": 0.8069999814033508, "determiner_noun_agreement_with_adj_irregular_1": 0.6869999766349792, "determiner_noun_agreement_with_adj_irregular_2": 0.7419999837875366, "determiner_noun_agreement_with_adjective_1": 0.8270000219345093, "distractor_agreement_relational_noun": 0.23800000548362732, "distractor_agreement_relative_clause": 0.24699999392032623, "drop_argument": 0.6880000233650208, "ellipsis_n_bar_1": 0.5220000147819519, "ellipsis_n_bar_2": 0.6010000109672546, "existential_there_object_raising": 0.7490000128746033, "existential_there_quantifiers_1": 0.8019999861717224, "existential_there_quantifiers_2": 0.3409999907016754, "existential_there_subject_raising": 0.6669999957084656, "expletive_it_object_raising": 0.7020000219345093, "inchoative": 0.39500001072883606, "intransitive": 0.5379999876022339, "irregular_past_participle_adjectives": 0.8410000205039978, "irregular_past_participle_verbs": 0.734000027179718, "irregular_plural_subject_verb_agreement_1": 0.6869999766349792, "irregular_plural_subject_verb_agreement_2": 0.7889999747276306, "left_branch_island_echo_question": 0.5210000276565552, "left_branch_island_simple_question": 0.5130000114440918, "matrix_question_npi_licensor_present": 0.21699999272823334, "npi_present_1": 0.24799999594688416, "npi_present_2": 0.3059999942779541, "only_npi_licensor_present": 0.06800000369548798, "only_npi_scope": 0.593999981880188, "passive_1": 0.8159999847412109, "passive_2": 0.8460000157356262, "principle_A_c_command": 0.6019999980926514, "principle_A_case_1": 1.0, "principle_A_case_2": 0.6830000281333923, "principle_A_domain_1": 0.9639999866485596, "principle_A_domain_2": 0.6520000100135803, "principle_A_domain_3": 0.4569999873638153, "principle_A_reconstruction": 0.47099998593330383, "regular_plural_subject_verb_agreement_1": 0.6949999928474426, "regular_plural_subject_verb_agreement_2": 0.7369999885559082, "sentential_negation_npi_licensor_present": 0.9950000047683716, "sentential_negation_npi_scope": 0.45899999141693115, "sentential_subject_island": 0.42800000309944153, "superlative_quantifiers_1": 0.5249999761581421, "superlative_quantifiers_2": 0.7149999737739563, "tough_vs_raising_1": 0.40799999237060547, "tough_vs_raising_2": 0.6449999809265137, "transitive": 0.6970000267028809, "wh_island": 0.4059999883174896, "wh_questions_object_gap": 0.5910000205039978, "wh_questions_subject_gap": 0.9049999713897705, "wh_questions_subject_gap_long_distance": 0.949999988079071, "wh_vs_that_no_gap": 0.9459999799728394, "wh_vs_that_no_gap_long_distance": 0.9599999785423279, "wh_vs_that_with_gap": 0.12099999934434891, "wh_vs_that_with_gap_long_distance": 0.07199999690055847}, "by_phenomenon": {"island_effects": 0.5225000008940697, "anaphor_agreement": 0.6369999945163727, "s-selection": 0.6884999871253967, "argument_structure": 0.6372857221535274, "determiner_noun_agreement": 0.7987499907612801, "subject_verb_agreement": 0.5654999886949857, "ellipsis": 0.5615000128746033, "control_raising": 0.6342000007629395, "quantifiers": 0.595749981701374, "irregular_forms": 0.7875000238418579, "npi_licensing": 0.41242856638772146, "binding": 0.6898571423121861, "filler_gap_dependency": 0.6492857049618449}}, "paloma": 219.76860208012917}