{"blimp": {"by_uid": {"adjunct_island": 0.7179999947547913, "anaphor_gender_agreement": 0.492000013589859, "anaphor_number_agreement": 0.6600000262260437, "animate_subject_passive": 0.6940000057220459, "animate_subject_trans": 0.6890000104904175, "causative": 0.4869999885559082, "complex_NP_island": 0.49300000071525574, "coordinate_structure_constraint_complex_left_branch": 0.35100001096725464, "coordinate_structure_constraint_object_extraction": 0.503000020980835, "determiner_noun_agreement_1": 0.8650000095367432, "determiner_noun_agreement_2": 0.8370000123977661, "determiner_noun_agreement_irregular_1": 0.7360000014305115, "determiner_noun_agreement_irregular_2": 0.8349999785423279, "determiner_noun_agreement_with_adj_2": 0.7860000133514404, "determiner_noun_agreement_with_adj_irregular_1": 0.6349999904632568, "determiner_noun_agreement_with_adj_irregular_2": 0.7670000195503235, "determiner_noun_agreement_with_adjective_1": 0.8080000281333923, "distractor_agreement_relational_noun": 0.20999999344348907, "distractor_agreement_relative_clause": 0.24699999392032623, "drop_argument": 0.7039999961853027, "ellipsis_n_bar_1": 0.4480000138282776, "ellipsis_n_bar_2": 0.5509999990463257, "existential_there_object_raising": 0.7229999899864197, "existential_there_quantifiers_1": 0.7910000085830688, "existential_there_quantifiers_2": 0.3319999873638153, "existential_there_subject_raising": 0.5659999847412109, "expletive_it_object_raising": 0.6779999732971191, "inchoative": 0.37299999594688416, "intransitive": 0.5600000023841858, "irregular_past_participle_adjectives": 0.8230000138282776, "irregular_past_participle_verbs": 0.7400000095367432, "irregular_plural_subject_verb_agreement_1": 0.6539999842643738, "irregular_plural_subject_verb_agreement_2": 0.6859999895095825, "left_branch_island_echo_question": 0.5059999823570251, "left_branch_island_simple_question": 0.5109999775886536, "matrix_question_npi_licensor_present": 0.22599999606609344, "npi_present_1": 0.2280000001192093, "npi_present_2": 0.2809999883174896, "only_npi_licensor_present": 0.08500000089406967, "only_npi_scope": 0.43799999356269836, "passive_1": 0.8209999799728394, "passive_2": 0.8240000009536743, "principle_A_c_command": 0.6000000238418579, "principle_A_case_1": 1.0, "principle_A_case_2": 0.6480000019073486, "principle_A_domain_1": 0.9509999752044678, "principle_A_domain_2": 0.609000027179718, "principle_A_domain_3": 0.43700000643730164, "principle_A_reconstruction": 0.414000004529953, "regular_plural_subject_verb_agreement_1": 0.6190000176429749, "regular_plural_subject_verb_agreement_2": 0.6069999933242798, "sentential_negation_npi_licensor_present": 0.9819999933242798, "sentential_negation_npi_scope": 0.4620000123977661, "sentential_subject_island": 0.4449999928474426, "superlative_quantifiers_1": 0.6470000147819519, "superlative_quantifiers_2": 0.5419999957084656, "tough_vs_raising_1": 0.37400001287460327, "tough_vs_raising_2": 0.6620000004768372, "transitive": 0.6809999942779541, "wh_island": 0.20000000298023224, "wh_questions_object_gap": 0.5649999976158142, "wh_questions_subject_gap": 0.8899999856948853, "wh_questions_subject_gap_long_distance": 0.9509999752044678, "wh_vs_that_no_gap": 0.9470000267028809, "wh_vs_that_no_gap_long_distance": 0.9539999961853027, "wh_vs_that_with_gap": 0.10499999672174454, "wh_vs_that_with_gap_long_distance": 0.06499999761581421}, "by_phenomenon": {"island_effects": 0.46587499789893627, "anaphor_agreement": 0.5760000199079514, "s-selection": 0.6915000081062317, "argument_structure": 0.6357142797538212, "determiner_noun_agreement": 0.7836250066757202, "subject_verb_agreement": 0.5038333286841711, "ellipsis": 0.49950000643730164, "control_raising": 0.6005999922752381, "quantifiers": 0.5780000016093254, "irregular_forms": 0.7815000116825104, "npi_licensing": 0.38599999781165806, "binding": 0.6655714341572353, "filler_gap_dependency": 0.6395714251058442}}, "paloma": 304.3528920416217}