{"blimp": {"by_uid": {"adjunct_island": 0.4880000054836273, "anaphor_gender_agreement": 0.33799999952316284, "anaphor_number_agreement": 0.49399998784065247, "animate_subject_passive": 0.6389999985694885, "animate_subject_trans": 0.5199999809265137, "causative": 0.44699999690055847, "complex_NP_island": 0.5180000066757202, "coordinate_structure_constraint_complex_left_branch": 0.5690000057220459, "coordinate_structure_constraint_object_extraction": 0.4959999918937683, "determiner_noun_agreement_1": 0.4970000088214874, "determiner_noun_agreement_2": 0.48399999737739563, "determiner_noun_agreement_irregular_1": 0.5019999742507935, "determiner_noun_agreement_irregular_2": 0.5270000100135803, "determiner_noun_agreement_with_adj_2": 0.47099998593330383, "determiner_noun_agreement_with_adj_irregular_1": 0.44999998807907104, "determiner_noun_agreement_with_adj_irregular_2": 0.5260000228881836, "determiner_noun_agreement_with_adjective_1": 0.503000020980835, "distractor_agreement_relational_noun": 0.47200000286102295, "distractor_agreement_relative_clause": 0.47200000286102295, "drop_argument": 0.7009999752044678, "ellipsis_n_bar_1": 0.41999998688697815, "ellipsis_n_bar_2": 0.29899999499320984, "existential_there_object_raising": 0.7049999833106995, "existential_there_quantifiers_1": 0.6840000152587891, "existential_there_quantifiers_2": 0.05700000002980232, "existential_there_subject_raising": 0.5509999990463257, "expletive_it_object_raising": 0.6110000014305115, "inchoative": 0.382999986410141, "intransitive": 0.5389999747276306, "irregular_past_participle_adjectives": 0.6179999709129333, "irregular_past_participle_verbs": 0.35899999737739563, "irregular_plural_subject_verb_agreement_1": 0.45500001311302185, "irregular_plural_subject_verb_agreement_2": 0.5080000162124634, "left_branch_island_echo_question": 0.47200000286102295, "left_branch_island_simple_question": 0.5740000009536743, "matrix_question_npi_licensor_present": 0.4970000088214874, "npi_present_1": 0.5640000104904175, "npi_present_2": 0.5, "only_npi_licensor_present": 0.0, "only_npi_scope": 0.20100000500679016, "passive_1": 0.609000027179718, "passive_2": 0.6480000019073486, "principle_A_c_command": 0.6460000276565552, "principle_A_case_1": 0.9890000224113464, "principle_A_case_2": 0.4650000035762787, "principle_A_domain_1": 0.828000009059906, "principle_A_domain_2": 0.5440000295639038, "principle_A_domain_3": 0.4740000069141388, "principle_A_reconstruction": 0.5450000166893005, "regular_plural_subject_verb_agreement_1": 0.5270000100135803, "regular_plural_subject_verb_agreement_2": 0.4830000102519989, "sentential_negation_npi_licensor_present": 0.6499999761581421, "sentential_negation_npi_scope": 0.7200000286102295, "sentential_subject_island": 0.527999997138977, "superlative_quantifiers_1": 0.032999999821186066, "superlative_quantifiers_2": 0.2540000081062317, "tough_vs_raising_1": 0.3619999885559082, "tough_vs_raising_2": 0.6769999861717224, "transitive": 0.5419999957084656, "wh_island": 0.39899998903274536, "wh_questions_object_gap": 0.7020000219345093, "wh_questions_subject_gap": 0.7409999966621399, "wh_questions_subject_gap_long_distance": 0.6909999847412109, "wh_vs_that_no_gap": 0.9079999923706055, "wh_vs_that_no_gap_long_distance": 0.9150000214576721, "wh_vs_that_with_gap": 0.07800000160932541, "wh_vs_that_with_gap_long_distance": 0.08900000154972076}, "by_phenomenon": {"island_effects": 0.5054999999701977, "anaphor_agreement": 0.41599999368190765, "s-selection": 0.5794999897480011, "argument_structure": 0.5527142797197614, "determiner_noun_agreement": 0.4950000010430813, "subject_verb_agreement": 0.4861666758855184, "ellipsis": 0.359499990940094, "control_raising": 0.5811999917030335, "quantifiers": 0.2570000058040023, "irregular_forms": 0.4884999841451645, "npi_licensing": 0.4474285755838667, "binding": 0.6415714451244899, "filler_gap_dependency": 0.5891428600464549}}, "paloma": 2724.1072296674242}