{"blimp": {"by_uid": {"adjunct_island": 0.7419999837875366, "anaphor_gender_agreement": 0.4620000123977661, "anaphor_number_agreement": 0.6480000019073486, "animate_subject_passive": 0.7049999833106995, "animate_subject_trans": 0.6880000233650208, "causative": 0.48399999737739563, "complex_NP_island": 0.492000013589859, "coordinate_structure_constraint_complex_left_branch": 0.32199999690055847, "coordinate_structure_constraint_object_extraction": 0.4620000123977661, "determiner_noun_agreement_1": 0.8399999737739563, "determiner_noun_agreement_2": 0.8109999895095825, "determiner_noun_agreement_irregular_1": 0.7319999933242798, "determiner_noun_agreement_irregular_2": 0.8240000009536743, "determiner_noun_agreement_with_adj_2": 0.7689999938011169, "determiner_noun_agreement_with_adj_irregular_1": 0.6069999933242798, "determiner_noun_agreement_with_adj_irregular_2": 0.75, "determiner_noun_agreement_with_adjective_1": 0.781000018119812, "distractor_agreement_relational_noun": 0.21799999475479126, "distractor_agreement_relative_clause": 0.24699999392032623, "drop_argument": 0.6919999718666077, "ellipsis_n_bar_1": 0.4230000078678131, "ellipsis_n_bar_2": 0.531000018119812, "existential_there_object_raising": 0.7179999947547913, "existential_there_quantifiers_1": 0.7300000190734863, "existential_there_quantifiers_2": 0.37599998712539673, "existential_there_subject_raising": 0.5320000052452087, "expletive_it_object_raising": 0.6919999718666077, "inchoative": 0.3709999918937683, "intransitive": 0.5630000233650208, "irregular_past_participle_adjectives": 0.8140000104904175, "irregular_past_participle_verbs": 0.7310000061988831, "irregular_plural_subject_verb_agreement_1": 0.6370000243186951, "irregular_plural_subject_verb_agreement_2": 0.6859999895095825, "left_branch_island_echo_question": 0.4869999885559082, "left_branch_island_simple_question": 0.46299999952316284, "matrix_question_npi_licensor_present": 0.22300000488758087, "npi_present_1": 0.2150000035762787, "npi_present_2": 0.27900001406669617, "only_npi_licensor_present": 0.07199999690055847, "only_npi_scope": 0.42500001192092896, "passive_1": 0.824999988079071, "passive_2": 0.8230000138282776, "principle_A_c_command": 0.6119999885559082, "principle_A_case_1": 1.0, "principle_A_case_2": 0.6449999809265137, "principle_A_domain_1": 0.9419999718666077, "principle_A_domain_2": 0.6039999723434448, "principle_A_domain_3": 0.4300000071525574, "principle_A_reconstruction": 0.382999986410141, "regular_plural_subject_verb_agreement_1": 0.6159999966621399, "regular_plural_subject_verb_agreement_2": 0.5690000057220459, "sentential_negation_npi_licensor_present": 0.9800000190734863, "sentential_negation_npi_scope": 0.4749999940395355, "sentential_subject_island": 0.43700000643730164, "superlative_quantifiers_1": 0.6700000166893005, "superlative_quantifiers_2": 0.5929999947547913, "tough_vs_raising_1": 0.41499999165534973, "tough_vs_raising_2": 0.628000020980835, "transitive": 0.6830000281333923, "wh_island": 0.23399999737739563, "wh_questions_object_gap": 0.5509999990463257, "wh_questions_subject_gap": 0.8740000128746033, "wh_questions_subject_gap_long_distance": 0.9490000009536743, "wh_vs_that_no_gap": 0.9449999928474426, "wh_vs_that_no_gap_long_distance": 0.9620000123977661, "wh_vs_that_with_gap": 0.09799999743700027, "wh_vs_that_with_gap_long_distance": 0.05900000035762787}, "by_phenomenon": {"island_effects": 0.45487499982118607, "anaphor_agreement": 0.5550000071525574, "s-selection": 0.6965000033378601, "argument_structure": 0.6344285735062191, "determiner_noun_agreement": 0.7642499953508377, "subject_verb_agreement": 0.49550000081459683, "ellipsis": 0.47700001299381256, "control_raising": 0.5969999969005585, "quantifiers": 0.5922500044107437, "irregular_forms": 0.7725000083446503, "npi_licensing": 0.3812857206378664, "binding": 0.6594285581793103, "filler_gap_dependency": 0.6340000022734914}}, "paloma": 333.4384485636854}