{"blimp": {"by_uid": {"adjunct_island": 0.7080000042915344, "anaphor_gender_agreement": 0.46799999475479126, "anaphor_number_agreement": 0.6489999890327454, "animate_subject_passive": 0.6819999814033508, "animate_subject_trans": 0.6370000243186951, "causative": 0.45899999141693115, "complex_NP_island": 0.531000018119812, "coordinate_structure_constraint_complex_left_branch": 0.421999990940094, "coordinate_structure_constraint_object_extraction": 0.49799999594688416, "determiner_noun_agreement_1": 0.8059999942779541, "determiner_noun_agreement_2": 0.7820000052452087, "determiner_noun_agreement_irregular_1": 0.7070000171661377, "determiner_noun_agreement_irregular_2": 0.7699999809265137, "determiner_noun_agreement_with_adj_2": 0.6639999747276306, "determiner_noun_agreement_with_adj_irregular_1": 0.6079999804496765, "determiner_noun_agreement_with_adj_irregular_2": 0.6930000185966492, "determiner_noun_agreement_with_adjective_1": 0.703000009059906, "distractor_agreement_relational_noun": 0.2809999883174896, "distractor_agreement_relative_clause": 0.2529999911785126, "drop_argument": 0.7089999914169312, "ellipsis_n_bar_1": 0.3790000081062317, "ellipsis_n_bar_2": 0.4490000009536743, "existential_there_object_raising": 0.7039999961853027, "existential_there_quantifiers_1": 0.7749999761581421, "existential_there_quantifiers_2": 0.2980000078678131, "existential_there_subject_raising": 0.5139999985694885, "expletive_it_object_raising": 0.6800000071525574, "inchoative": 0.3630000054836273, "intransitive": 0.5870000123977661, "irregular_past_participle_adjectives": 0.800000011920929, "irregular_past_participle_verbs": 0.7120000123977661, "irregular_plural_subject_verb_agreement_1": 0.6039999723434448, "irregular_plural_subject_verb_agreement_2": 0.6119999885559082, "left_branch_island_echo_question": 0.6019999980926514, "left_branch_island_simple_question": 0.5339999794960022, "matrix_question_npi_licensor_present": 0.22699999809265137, "npi_present_1": 0.23399999737739563, "npi_present_2": 0.33399999141693115, "only_npi_licensor_present": 0.2720000147819519, "only_npi_scope": 0.6299999952316284, "passive_1": 0.7910000085830688, "passive_2": 0.7689999938011169, "principle_A_c_command": 0.5619999766349792, "principle_A_case_1": 1.0, "principle_A_case_2": 0.5249999761581421, "principle_A_domain_1": 0.8740000128746033, "principle_A_domain_2": 0.5870000123977661, "principle_A_domain_3": 0.4300000071525574, "principle_A_reconstruction": 0.32199999690055847, "regular_plural_subject_verb_agreement_1": 0.6259999871253967, "regular_plural_subject_verb_agreement_2": 0.5690000057220459, "sentential_negation_npi_licensor_present": 0.9739999771118164, "sentential_negation_npi_scope": 0.4309999942779541, "sentential_subject_island": 0.39800000190734863, "superlative_quantifiers_1": 0.44200000166893005, "superlative_quantifiers_2": 0.7310000061988831, "tough_vs_raising_1": 0.4659999907016754, "tough_vs_raising_2": 0.5920000076293945, "transitive": 0.6460000276565552, "wh_island": 0.527999997138977, "wh_questions_object_gap": 0.4790000021457672, "wh_questions_subject_gap": 0.8050000071525574, "wh_questions_subject_gap_long_distance": 0.8809999823570251, "wh_vs_that_no_gap": 0.9409999847412109, "wh_vs_that_no_gap_long_distance": 0.9539999961853027, "wh_vs_that_with_gap": 0.0949999988079071, "wh_vs_that_with_gap_long_distance": 0.0560000017285347}, "by_phenomenon": {"island_effects": 0.527624998241663, "anaphor_agreement": 0.5584999918937683, "s-selection": 0.659500002861023, "argument_structure": 0.6177142901079995, "determiner_noun_agreement": 0.7166249975562096, "subject_verb_agreement": 0.490833322207133, "ellipsis": 0.414000004529953, "control_raising": 0.5912000000476837, "quantifiers": 0.5614999979734421, "irregular_forms": 0.7560000121593475, "npi_licensing": 0.44314285261290415, "binding": 0.6142857117312295, "filler_gap_dependency": 0.6015714247311864}}, "paloma": 471.08644315207874}