{"blimp": {"by_uid": {"adjunct_island": 0.7369999885559082, "anaphor_gender_agreement": 0.5040000081062317, "anaphor_number_agreement": 0.7409999966621399, "animate_subject_passive": 0.7039999961853027, "animate_subject_trans": 0.6769999861717224, "causative": 0.47999998927116394, "complex_NP_island": 0.48399999737739563, "coordinate_structure_constraint_complex_left_branch": 0.4429999887943268, "coordinate_structure_constraint_object_extraction": 0.6230000257492065, "determiner_noun_agreement_1": 0.8849999904632568, "determiner_noun_agreement_2": 0.8690000176429749, "determiner_noun_agreement_irregular_1": 0.7229999899864197, "determiner_noun_agreement_irregular_2": 0.8410000205039978, "determiner_noun_agreement_with_adj_2": 0.8169999718666077, "determiner_noun_agreement_with_adj_irregular_1": 0.6830000281333923, "determiner_noun_agreement_with_adj_irregular_2": 0.7509999871253967, "determiner_noun_agreement_with_adjective_1": 0.8479999899864197, "distractor_agreement_relational_noun": 0.22200000286102295, "distractor_agreement_relative_clause": 0.22100000083446503, "drop_argument": 0.6919999718666077, "ellipsis_n_bar_1": 0.503000020980835, "ellipsis_n_bar_2": 0.5870000123977661, "existential_there_object_raising": 0.7360000014305115, "existential_there_quantifiers_1": 0.7820000052452087, "existential_there_quantifiers_2": 0.35100001096725464, "existential_there_subject_raising": 0.6430000066757202, "expletive_it_object_raising": 0.7039999961853027, "inchoative": 0.3889999985694885, "intransitive": 0.5569999814033508, "irregular_past_participle_adjectives": 0.765999972820282, "irregular_past_participle_verbs": 0.7039999961853027, "irregular_plural_subject_verb_agreement_1": 0.6769999861717224, "irregular_plural_subject_verb_agreement_2": 0.7730000019073486, "left_branch_island_echo_question": 0.531000018119812, "left_branch_island_simple_question": 0.5289999842643738, "matrix_question_npi_licensor_present": 0.2070000022649765, "npi_present_1": 0.24799999594688416, "npi_present_2": 0.32499998807907104, "only_npi_licensor_present": 0.14900000393390656, "only_npi_scope": 0.531000018119812, "passive_1": 0.8130000233650208, "passive_2": 0.8500000238418579, "principle_A_c_command": 0.6019999980926514, "principle_A_case_1": 0.9990000128746033, "principle_A_case_2": 0.6679999828338623, "principle_A_domain_1": 0.9620000123977661, "principle_A_domain_2": 0.6150000095367432, "principle_A_domain_3": 0.46399998664855957, "principle_A_reconstruction": 0.44600000977516174, "regular_plural_subject_verb_agreement_1": 0.6949999928474426, "regular_plural_subject_verb_agreement_2": 0.7289999723434448, "sentential_negation_npi_licensor_present": 0.9909999966621399, "sentential_negation_npi_scope": 0.5180000066757202, "sentential_subject_island": 0.42100000381469727, "superlative_quantifiers_1": 0.8080000281333923, "superlative_quantifiers_2": 0.8009999990463257, "tough_vs_raising_1": 0.39800000190734863, "tough_vs_raising_2": 0.6399999856948853, "transitive": 0.6859999895095825, "wh_island": 0.3869999945163727, "wh_questions_object_gap": 0.6060000061988831, "wh_questions_subject_gap": 0.9049999713897705, "wh_questions_subject_gap_long_distance": 0.953000009059906, "wh_vs_that_no_gap": 0.9490000009536743, "wh_vs_that_no_gap_long_distance": 0.949999988079071, "wh_vs_that_with_gap": 0.13600000739097595, "wh_vs_that_with_gap_long_distance": 0.0989999994635582}, "by_phenomenon": {"island_effects": 0.5193750001490116, "anaphor_agreement": 0.6225000023841858, "s-selection": 0.6904999911785126, "argument_structure": 0.638142853975296, "determiner_noun_agreement": 0.8021249994635582, "subject_verb_agreement": 0.5528333261609077, "ellipsis": 0.5450000166893005, "control_raising": 0.6241999983787536, "quantifiers": 0.6855000108480453, "irregular_forms": 0.7349999845027924, "npi_licensing": 0.4241428588117872, "binding": 0.6794285731656211, "filler_gap_dependency": 0.6568571403622627}}, "paloma": 236.7328422499866}