{"blimp": {"by_uid": {"adjunct_island": 0.5019999742507935, "anaphor_gender_agreement": 0.34700000286102295, "anaphor_number_agreement": 0.4869999885559082, "animate_subject_passive": 0.6349999904632568, "animate_subject_trans": 0.5199999809265137, "causative": 0.41499999165534973, "complex_NP_island": 0.49300000071525574, "coordinate_structure_constraint_complex_left_branch": 0.48100000619888306, "coordinate_structure_constraint_object_extraction": 0.5019999742507935, "determiner_noun_agreement_1": 0.5210000276565552, "determiner_noun_agreement_2": 0.48100000619888306, "determiner_noun_agreement_irregular_1": 0.5249999761581421, "determiner_noun_agreement_irregular_2": 0.5239999890327454, "determiner_noun_agreement_with_adj_2": 0.4740000069141388, "determiner_noun_agreement_with_adj_irregular_1": 0.44999998807907104, "determiner_noun_agreement_with_adj_irregular_2": 0.5260000228881836, "determiner_noun_agreement_with_adjective_1": 0.4869999885559082, "distractor_agreement_relational_noun": 0.4449999928474426, "distractor_agreement_relative_clause": 0.4690000116825104, "drop_argument": 0.6970000267028809, "ellipsis_n_bar_1": 0.34200000762939453, "ellipsis_n_bar_2": 0.32199999690055847, "existential_there_object_raising": 0.7229999899864197, "existential_there_quantifiers_1": 0.7710000276565552, "existential_there_quantifiers_2": 0.15600000321865082, "existential_there_subject_raising": 0.47600001096725464, "expletive_it_object_raising": 0.6380000114440918, "inchoative": 0.3840000033378601, "intransitive": 0.5550000071525574, "irregular_past_participle_adjectives": 0.5479999780654907, "irregular_past_participle_verbs": 0.40299999713897705, "irregular_plural_subject_verb_agreement_1": 0.45899999141693115, "irregular_plural_subject_verb_agreement_2": 0.5009999871253967, "left_branch_island_echo_question": 0.48500001430511475, "left_branch_island_simple_question": 0.49900001287460327, "matrix_question_npi_licensor_present": 0.4339999854564667, "npi_present_1": 0.546999990940094, "npi_present_2": 0.5199999809265137, "only_npi_licensor_present": 0.0010000000474974513, "only_npi_scope": 0.19699999690055847, "passive_1": 0.640999972820282, "passive_2": 0.6610000133514404, "principle_A_c_command": 0.6690000295639038, "principle_A_case_1": 0.9950000047683716, "principle_A_case_2": 0.4729999899864197, "principle_A_domain_1": 0.8849999904632568, "principle_A_domain_2": 0.5519999861717224, "principle_A_domain_3": 0.4659999907016754, "principle_A_reconstruction": 0.43799999356269836, "regular_plural_subject_verb_agreement_1": 0.5180000066757202, "regular_plural_subject_verb_agreement_2": 0.4819999933242798, "sentential_negation_npi_licensor_present": 0.6940000057220459, "sentential_negation_npi_scope": 0.6660000085830688, "sentential_subject_island": 0.5379999876022339, "superlative_quantifiers_1": 0.16599999368190765, "superlative_quantifiers_2": 0.38100001215934753, "tough_vs_raising_1": 0.41600000858306885, "tough_vs_raising_2": 0.625, "transitive": 0.5619999766349792, "wh_island": 0.574999988079071, "wh_questions_object_gap": 0.6710000038146973, "wh_questions_subject_gap": 0.7940000295639038, "wh_questions_subject_gap_long_distance": 0.7620000243186951, "wh_vs_that_no_gap": 0.9259999990463257, "wh_vs_that_no_gap_long_distance": 0.9419999718666077, "wh_vs_that_with_gap": 0.04899999871850014, "wh_vs_that_with_gap_long_distance": 0.0560000017285347}, "by_phenomenon": {"island_effects": 0.5093749947845936, "anaphor_agreement": 0.4169999957084656, "s-selection": 0.5774999856948853, "argument_structure": 0.5592857130936214, "determiner_noun_agreement": 0.4985000006854534, "subject_verb_agreement": 0.4789999971787135, "ellipsis": 0.3320000022649765, "control_raising": 0.575600004196167, "quantifiers": 0.3685000091791153, "irregular_forms": 0.4754999876022339, "npi_licensing": 0.43699999551089214, "binding": 0.6397142836025783, "filler_gap_dependency": 0.6000000041510377}}, "paloma": 1677.8727237927374}