{"blimp": {"by_uid": {"adjunct_island": 0.4860000014305115, "anaphor_gender_agreement": 0.335999995470047, "anaphor_number_agreement": 0.49799999594688416, "animate_subject_passive": 0.6349999904632568, "animate_subject_trans": 0.5230000019073486, "causative": 0.4359999895095825, "complex_NP_island": 0.5040000081062317, "coordinate_structure_constraint_complex_left_branch": 0.5529999732971191, "coordinate_structure_constraint_object_extraction": 0.47999998927116394, "determiner_noun_agreement_1": 0.5049999952316284, "determiner_noun_agreement_2": 0.47699999809265137, "determiner_noun_agreement_irregular_1": 0.5059999823570251, "determiner_noun_agreement_irregular_2": 0.5260000228881836, "determiner_noun_agreement_with_adj_2": 0.4740000069141388, "determiner_noun_agreement_with_adj_irregular_1": 0.44600000977516174, "determiner_noun_agreement_with_adj_irregular_2": 0.527999997138977, "determiner_noun_agreement_with_adjective_1": 0.4950000047683716, "distractor_agreement_relational_noun": 0.4790000021457672, "distractor_agreement_relative_clause": 0.4729999899864197, "drop_argument": 0.699999988079071, "ellipsis_n_bar_1": 0.39800000190734863, "ellipsis_n_bar_2": 0.30399999022483826, "existential_there_object_raising": 0.7080000042915344, "existential_there_quantifiers_1": 0.722000002861023, "existential_there_quantifiers_2": 0.0949999988079071, "existential_there_subject_raising": 0.5189999938011169, "expletive_it_object_raising": 0.6240000128746033, "inchoative": 0.3840000033378601, "intransitive": 0.5339999794960022, "irregular_past_participle_adjectives": 0.6150000095367432, "irregular_past_participle_verbs": 0.36500000953674316, "irregular_plural_subject_verb_agreement_1": 0.4440000057220459, "irregular_plural_subject_verb_agreement_2": 0.5080000162124634, "left_branch_island_echo_question": 0.4729999899864197, "left_branch_island_simple_question": 0.5600000023841858, "matrix_question_npi_licensor_present": 0.4790000021457672, "npi_present_1": 0.5820000171661377, "npi_present_2": 0.5220000147819519, "only_npi_licensor_present": 0.0, "only_npi_scope": 0.20000000298023224, "passive_1": 0.6240000128746033, "passive_2": 0.6570000052452087, "principle_A_c_command": 0.6549999713897705, "principle_A_case_1": 0.9940000176429749, "principle_A_case_2": 0.4740000069141388, "principle_A_domain_1": 0.8600000143051147, "principle_A_domain_2": 0.546999990940094, "principle_A_domain_3": 0.4749999940395355, "principle_A_reconstruction": 0.5130000114440918, "regular_plural_subject_verb_agreement_1": 0.5199999809265137, "regular_plural_subject_verb_agreement_2": 0.4830000102519989, "sentential_negation_npi_licensor_present": 0.6959999799728394, "sentential_negation_npi_scope": 0.7250000238418579, "sentential_subject_island": 0.531000018119812, "superlative_quantifiers_1": 0.06800000369548798, "superlative_quantifiers_2": 0.30799999833106995, "tough_vs_raising_1": 0.37400001287460327, "tough_vs_raising_2": 0.6740000247955322, "transitive": 0.5519999861717224, "wh_island": 0.4650000035762787, "wh_questions_object_gap": 0.7059999704360962, "wh_questions_subject_gap": 0.7559999823570251, "wh_questions_subject_gap_long_distance": 0.7289999723434448, "wh_vs_that_no_gap": 0.9229999780654907, "wh_vs_that_no_gap_long_distance": 0.9319999814033508, "wh_vs_that_with_gap": 0.057999998331069946, "wh_vs_that_with_gap_long_distance": 0.061000000685453415}, "by_phenomenon": {"island_effects": 0.5064999982714653, "anaphor_agreement": 0.4169999957084656, "s-selection": 0.5789999961853027, "argument_structure": 0.5552857092448643, "determiner_noun_agreement": 0.4946250021457672, "subject_verb_agreement": 0.4845000008742015, "ellipsis": 0.35099999606609344, "control_raising": 0.579800009727478, "quantifiers": 0.298250000923872, "irregular_forms": 0.49000000953674316, "npi_licensing": 0.4577142915555409, "binding": 0.6454285723822457, "filler_gap_dependency": 0.5949999833745616}}, "paloma": 2242.7173841948293}