{"blimp": {"by_uid": {"adjunct_island": 0.7319999933242798, "anaphor_gender_agreement": 0.5199999809265137, "anaphor_number_agreement": 0.7279999852180481, "animate_subject_passive": 0.6990000009536743, "animate_subject_trans": 0.6819999814033508, "causative": 0.492000013589859, "complex_NP_island": 0.48399999737739563, "coordinate_structure_constraint_complex_left_branch": 0.41600000858306885, "coordinate_structure_constraint_object_extraction": 0.6190000176429749, "determiner_noun_agreement_1": 0.878000020980835, "determiner_noun_agreement_2": 0.8489999771118164, "determiner_noun_agreement_irregular_1": 0.7250000238418579, "determiner_noun_agreement_irregular_2": 0.8330000042915344, "determiner_noun_agreement_with_adj_2": 0.8159999847412109, "determiner_noun_agreement_with_adj_irregular_1": 0.6740000247955322, "determiner_noun_agreement_with_adj_irregular_2": 0.7519999742507935, "determiner_noun_agreement_with_adjective_1": 0.8450000286102295, "distractor_agreement_relational_noun": 0.21299999952316284, "distractor_agreement_relative_clause": 0.23399999737739563, "drop_argument": 0.6880000233650208, "ellipsis_n_bar_1": 0.48899999260902405, "ellipsis_n_bar_2": 0.5910000205039978, "existential_there_object_raising": 0.7229999899864197, "existential_there_quantifiers_1": 0.7889999747276306, "existential_there_quantifiers_2": 0.33500000834465027, "existential_there_subject_raising": 0.6100000143051147, "expletive_it_object_raising": 0.6859999895095825, "inchoative": 0.39100000262260437, "intransitive": 0.5429999828338623, "irregular_past_participle_adjectives": 0.8040000200271606, "irregular_past_participle_verbs": 0.7099999785423279, "irregular_plural_subject_verb_agreement_1": 0.6809999942779541, "irregular_plural_subject_verb_agreement_2": 0.765999972820282, "left_branch_island_echo_question": 0.48899999260902405, "left_branch_island_simple_question": 0.492000013589859, "matrix_question_npi_licensor_present": 0.20000000298023224, "npi_present_1": 0.23100000619888306, "npi_present_2": 0.3149999976158142, "only_npi_licensor_present": 0.21199999749660492, "only_npi_scope": 0.5090000033378601, "passive_1": 0.8209999799728394, "passive_2": 0.8479999899864197, "principle_A_c_command": 0.6060000061988831, "principle_A_case_1": 0.9990000128746033, "principle_A_case_2": 0.6650000214576721, "principle_A_domain_1": 0.9599999785423279, "principle_A_domain_2": 0.6110000014305115, "principle_A_domain_3": 0.46399998664855957, "principle_A_reconstruction": 0.44600000977516174, "regular_plural_subject_verb_agreement_1": 0.6700000166893005, "regular_plural_subject_verb_agreement_2": 0.7099999785423279, "sentential_negation_npi_licensor_present": 0.9819999933242798, "sentential_negation_npi_scope": 0.4970000088214874, "sentential_subject_island": 0.4339999854564667, "superlative_quantifiers_1": 0.7910000085830688, "superlative_quantifiers_2": 0.800000011920929, "tough_vs_raising_1": 0.39500001072883606, "tough_vs_raising_2": 0.6299999952316284, "transitive": 0.6899999976158142, "wh_island": 0.35499998927116394, "wh_questions_object_gap": 0.5799999833106995, "wh_questions_subject_gap": 0.8939999938011169, "wh_questions_subject_gap_long_distance": 0.9570000171661377, "wh_vs_that_no_gap": 0.9440000057220459, "wh_vs_that_no_gap_long_distance": 0.9570000171661377, "wh_vs_that_with_gap": 0.13099999725818634, "wh_vs_that_with_gap_long_distance": 0.07400000095367432}, "by_phenomenon": {"island_effects": 0.5026249997317791, "anaphor_agreement": 0.6239999830722809, "s-selection": 0.6904999911785126, "argument_structure": 0.6389999985694885, "determiner_noun_agreement": 0.7965000048279762, "subject_verb_agreement": 0.5456666598717371, "ellipsis": 0.5400000065565109, "control_raising": 0.6087999999523163, "quantifiers": 0.6787500008940697, "irregular_forms": 0.7569999992847443, "npi_licensing": 0.42085714425359455, "binding": 0.6787142881325313, "filler_gap_dependency": 0.648142859339714}}, "paloma": 252.79701004692902}