{"blimp": {"by_uid": {"adjunct_island": 0.492000013589859, "anaphor_gender_agreement": 0.45500001311302185, "anaphor_number_agreement": 0.5, "animate_subject_passive": 0.5389999747276306, "animate_subject_trans": 0.5609999895095825, "causative": 0.43700000643730164, "complex_NP_island": 0.5509999990463257, "coordinate_structure_constraint_complex_left_branch": 0.5580000281333923, "coordinate_structure_constraint_object_extraction": 0.5929999947547913, "determiner_noun_agreement_1": 0.5059999823570251, "determiner_noun_agreement_2": 0.5170000195503235, "determiner_noun_agreement_irregular_1": 0.5339999794960022, "determiner_noun_agreement_irregular_2": 0.4729999899864197, "determiner_noun_agreement_with_adj_2": 0.49799999594688416, "determiner_noun_agreement_with_adj_irregular_1": 0.48500001430511475, "determiner_noun_agreement_with_adj_irregular_2": 0.4880000054836273, "determiner_noun_agreement_with_adjective_1": 0.503000020980835, "distractor_agreement_relational_noun": 0.4860000014305115, "distractor_agreement_relative_clause": 0.4790000021457672, "drop_argument": 0.6869999766349792, "ellipsis_n_bar_1": 0.5049999952316284, "ellipsis_n_bar_2": 0.3610000014305115, "existential_there_object_raising": 0.6119999885559082, "existential_there_quantifiers_1": 0.2529999911785126, "existential_there_quantifiers_2": 0.07100000232458115, "existential_there_subject_raising": 0.5139999985694885, "expletive_it_object_raising": 0.5809999704360962, "inchoative": 0.4320000112056732, "intransitive": 0.5759999752044678, "irregular_past_participle_adjectives": 0.5640000104904175, "irregular_past_participle_verbs": 0.4560000002384186, "irregular_plural_subject_verb_agreement_1": 0.46299999952316284, "irregular_plural_subject_verb_agreement_2": 0.5289999842643738, "left_branch_island_echo_question": 0.4399999976158142, "left_branch_island_simple_question": 0.5130000114440918, "matrix_question_npi_licensor_present": 0.6320000290870667, "npi_present_1": 0.5270000100135803, "npi_present_2": 0.4699999988079071, "only_npi_licensor_present": 0.061000000685453415, "only_npi_scope": 0.34700000286102295, "passive_1": 0.5619999766349792, "passive_2": 0.6079999804496765, "principle_A_c_command": 0.578000009059906, "principle_A_case_1": 0.6970000267028809, "principle_A_case_2": 0.4699999988079071, "principle_A_domain_1": 0.41600000858306885, "principle_A_domain_2": 0.5070000290870667, "principle_A_domain_3": 0.4749999940395355, "principle_A_reconstruction": 0.5070000290870667, "regular_plural_subject_verb_agreement_1": 0.5460000038146973, "regular_plural_subject_verb_agreement_2": 0.4779999852180481, "sentential_negation_npi_licensor_present": 0.6320000290870667, "sentential_negation_npi_scope": 0.5860000252723694, "sentential_subject_island": 0.5040000081062317, "superlative_quantifiers_1": 0.29499998688697815, "superlative_quantifiers_2": 0.25600001215934753, "tough_vs_raising_1": 0.3779999911785126, "tough_vs_raising_2": 0.6579999923706055, "transitive": 0.5139999985694885, "wh_island": 0.33799999952316284, "wh_questions_object_gap": 0.48899999260902405, "wh_questions_subject_gap": 0.49900001287460327, "wh_questions_subject_gap_long_distance": 0.41600000858306885, "wh_vs_that_no_gap": 0.503000020980835, "wh_vs_that_no_gap_long_distance": 0.5410000085830688, "wh_vs_that_with_gap": 0.42899999022483826, "wh_vs_that_with_gap_long_distance": 0.49399998784065247}, "by_phenomenon": {"island_effects": 0.4986250065267086, "anaphor_agreement": 0.4775000065565109, "s-selection": 0.5499999821186066, "argument_structure": 0.5451428464480809, "determiner_noun_agreement": 0.500500001013279, "subject_verb_agreement": 0.49683332939942676, "ellipsis": 0.43299999833106995, "control_raising": 0.5485999882221222, "quantifiers": 0.21874999813735485, "irregular_forms": 0.510000005364418, "npi_licensing": 0.46500001368778093, "binding": 0.5214285850524902, "filler_gap_dependency": 0.4815714316708701}}, "paloma": 35085.523014209495}