{"blimp": {"by_uid": {"adjunct_island": 0.722000002861023, "anaphor_gender_agreement": 0.5180000066757202, "anaphor_number_agreement": 0.7480000257492065, "animate_subject_passive": 0.7039999961853027, "animate_subject_trans": 0.6729999780654907, "causative": 0.4819999933242798, "complex_NP_island": 0.47600001096725464, "coordinate_structure_constraint_complex_left_branch": 0.4909999966621399, "coordinate_structure_constraint_object_extraction": 0.6050000190734863, "determiner_noun_agreement_1": 0.878000020980835, "determiner_noun_agreement_2": 0.8669999837875366, "determiner_noun_agreement_irregular_1": 0.7289999723434448, "determiner_noun_agreement_irregular_2": 0.8489999771118164, "determiner_noun_agreement_with_adj_2": 0.8140000104904175, "determiner_noun_agreement_with_adj_irregular_1": 0.6909999847412109, "determiner_noun_agreement_with_adj_irregular_2": 0.7480000257492065, "determiner_noun_agreement_with_adjective_1": 0.8370000123977661, "distractor_agreement_relational_noun": 0.2290000021457672, "distractor_agreement_relative_clause": 0.22599999606609344, "drop_argument": 0.6880000233650208, "ellipsis_n_bar_1": 0.5260000228881836, "ellipsis_n_bar_2": 0.6029999852180481, "existential_there_object_raising": 0.7450000047683716, "existential_there_quantifiers_1": 0.7879999876022339, "existential_there_quantifiers_2": 0.36500000953674316, "existential_there_subject_raising": 0.652999997138977, "expletive_it_object_raising": 0.703000009059906, "inchoative": 0.3880000114440918, "intransitive": 0.5429999828338623, "irregular_past_participle_adjectives": 0.8270000219345093, "irregular_past_participle_verbs": 0.7379999756813049, "irregular_plural_subject_verb_agreement_1": 0.6740000247955322, "irregular_plural_subject_verb_agreement_2": 0.7950000166893005, "left_branch_island_echo_question": 0.5270000100135803, "left_branch_island_simple_question": 0.5180000066757202, "matrix_question_npi_licensor_present": 0.2240000069141388, "npi_present_1": 0.2540000081062317, "npi_present_2": 0.3100000023841858, "only_npi_licensor_present": 0.09200000017881393, "only_npi_scope": 0.5630000233650208, "passive_1": 0.8270000219345093, "passive_2": 0.8479999899864197, "principle_A_c_command": 0.578000009059906, "principle_A_case_1": 1.0, "principle_A_case_2": 0.6800000071525574, "principle_A_domain_1": 0.9559999704360962, "principle_A_domain_2": 0.6420000195503235, "principle_A_domain_3": 0.453000009059906, "principle_A_reconstruction": 0.46700000762939453, "regular_plural_subject_verb_agreement_1": 0.6919999718666077, "regular_plural_subject_verb_agreement_2": 0.7369999885559082, "sentential_negation_npi_licensor_present": 0.9940000176429749, "sentential_negation_npi_scope": 0.49799999594688416, "sentential_subject_island": 0.4320000112056732, "superlative_quantifiers_1": 0.6570000052452087, "superlative_quantifiers_2": 0.7369999885559082, "tough_vs_raising_1": 0.4090000092983246, "tough_vs_raising_2": 0.6480000019073486, "transitive": 0.7009999752044678, "wh_island": 0.3720000088214874, "wh_questions_object_gap": 0.6140000224113464, "wh_questions_subject_gap": 0.9160000085830688, "wh_questions_subject_gap_long_distance": 0.9490000009536743, "wh_vs_that_no_gap": 0.9449999928474426, "wh_vs_that_no_gap_long_distance": 0.9520000219345093, "wh_vs_that_with_gap": 0.13300000131130219, "wh_vs_that_with_gap_long_distance": 0.09099999815225601}, "by_phenomenon": {"island_effects": 0.5178750082850456, "anaphor_agreement": 0.6330000162124634, "s-selection": 0.6884999871253967, "argument_structure": 0.6395714282989502, "determiner_noun_agreement": 0.8016249984502792, "subject_verb_agreement": 0.5588333333532015, "ellipsis": 0.5645000040531158, "control_raising": 0.6316000044345855, "quantifiers": 0.6367499977350235, "irregular_forms": 0.7824999988079071, "npi_licensing": 0.41928572207689285, "binding": 0.6822857175554548, "filler_gap_dependency": 0.6571428637419429}}, "paloma": 225.45779471812764}