{"blimp": {"by_uid": {"adjunct_island": 0.7419999837875366, "anaphor_gender_agreement": 0.48399999737739563, "anaphor_number_agreement": 0.7350000143051147, "animate_subject_passive": 0.6990000009536743, "animate_subject_trans": 0.6679999828338623, "causative": 0.4860000014305115, "complex_NP_island": 0.48899999260902405, "coordinate_structure_constraint_complex_left_branch": 0.453000009059906, "coordinate_structure_constraint_object_extraction": 0.6349999904632568, "determiner_noun_agreement_1": 0.8889999985694885, "determiner_noun_agreement_2": 0.8669999837875366, "determiner_noun_agreement_irregular_1": 0.7250000238418579, "determiner_noun_agreement_irregular_2": 0.8429999947547913, "determiner_noun_agreement_with_adj_2": 0.8209999799728394, "determiner_noun_agreement_with_adj_irregular_1": 0.6930000185966492, "determiner_noun_agreement_with_adj_irregular_2": 0.7509999871253967, "determiner_noun_agreement_with_adjective_1": 0.8460000157356262, "distractor_agreement_relational_noun": 0.2160000056028366, "distractor_agreement_relative_clause": 0.22100000083446503, "drop_argument": 0.6959999799728394, "ellipsis_n_bar_1": 0.49799999594688416, "ellipsis_n_bar_2": 0.597000002861023, "existential_there_object_raising": 0.7369999885559082, "existential_there_quantifiers_1": 0.7850000262260437, "existential_there_quantifiers_2": 0.3610000014305115, "existential_there_subject_raising": 0.6470000147819519, "expletive_it_object_raising": 0.6970000267028809, "inchoative": 0.3919999897480011, "intransitive": 0.5550000071525574, "irregular_past_participle_adjectives": 0.7580000162124634, "irregular_past_participle_verbs": 0.7049999833106995, "irregular_plural_subject_verb_agreement_1": 0.6759999990463257, "irregular_plural_subject_verb_agreement_2": 0.7900000214576721, "left_branch_island_echo_question": 0.5320000052452087, "left_branch_island_simple_question": 0.5249999761581421, "matrix_question_npi_licensor_present": 0.19599999487400055, "npi_present_1": 0.23600000143051147, "npi_present_2": 0.31200000643730164, "only_npi_licensor_present": 0.14800000190734863, "only_npi_scope": 0.5410000085830688, "passive_1": 0.8109999895095825, "passive_2": 0.847000002861023, "principle_A_c_command": 0.5989999771118164, "principle_A_case_1": 0.9990000128746033, "principle_A_case_2": 0.6729999780654907, "principle_A_domain_1": 0.9620000123977661, "principle_A_domain_2": 0.6209999918937683, "principle_A_domain_3": 0.45399999618530273, "principle_A_reconstruction": 0.4440000057220459, "regular_plural_subject_verb_agreement_1": 0.6940000057220459, "regular_plural_subject_verb_agreement_2": 0.7310000061988831, "sentential_negation_npi_licensor_present": 0.9909999966621399, "sentential_negation_npi_scope": 0.5139999985694885, "sentential_subject_island": 0.42500001192092896, "superlative_quantifiers_1": 0.7940000295639038, "superlative_quantifiers_2": 0.8059999942779541, "tough_vs_raising_1": 0.4020000100135803, "tough_vs_raising_2": 0.6370000243186951, "transitive": 0.6970000267028809, "wh_island": 0.36899998784065247, "wh_questions_object_gap": 0.593999981880188, "wh_questions_subject_gap": 0.9010000228881836, "wh_questions_subject_gap_long_distance": 0.9440000057220459, "wh_vs_that_no_gap": 0.9470000267028809, "wh_vs_that_no_gap_long_distance": 0.9430000185966492, "wh_vs_that_with_gap": 0.1379999965429306, "wh_vs_that_with_gap_long_distance": 0.1080000028014183}, "by_phenomenon": {"island_effects": 0.521249994635582, "anaphor_agreement": 0.6095000058412552, "s-selection": 0.6834999918937683, "argument_structure": 0.6405714281967708, "determiner_noun_agreement": 0.8043750002980232, "subject_verb_agreement": 0.5546666731437048, "ellipsis": 0.5474999994039536, "control_raising": 0.6240000128746033, "quantifiers": 0.6865000128746033, "irregular_forms": 0.7314999997615814, "npi_licensing": 0.4197142869234085, "binding": 0.6788571391786847, "filler_gap_dependency": 0.6535714364477566}}, "paloma": 235.60918472768537}