{"blimp": {"by_uid": {"adjunct_island": 0.7170000076293945, "anaphor_gender_agreement": 0.5040000081062317, "anaphor_number_agreement": 0.7490000128746033, "animate_subject_passive": 0.6899999976158142, "animate_subject_trans": 0.6769999861717224, "causative": 0.48500001430511475, "complex_NP_island": 0.48100000619888306, "coordinate_structure_constraint_complex_left_branch": 0.49399998784065247, "coordinate_structure_constraint_object_extraction": 0.621999979019165, "determiner_noun_agreement_1": 0.8820000290870667, "determiner_noun_agreement_2": 0.8730000257492065, "determiner_noun_agreement_irregular_1": 0.7289999723434448, "determiner_noun_agreement_irregular_2": 0.8460000157356262, "determiner_noun_agreement_with_adj_2": 0.8080000281333923, "determiner_noun_agreement_with_adj_irregular_1": 0.6959999799728394, "determiner_noun_agreement_with_adj_irregular_2": 0.7450000047683716, "determiner_noun_agreement_with_adjective_1": 0.8389999866485596, "distractor_agreement_relational_noun": 0.23199999332427979, "distractor_agreement_relative_clause": 0.23399999737739563, "drop_argument": 0.6899999976158142, "ellipsis_n_bar_1": 0.5249999761581421, "ellipsis_n_bar_2": 0.6029999852180481, "existential_there_object_raising": 0.7400000095367432, "existential_there_quantifiers_1": 0.7910000085830688, "existential_there_quantifiers_2": 0.34200000762939453, "existential_there_subject_raising": 0.6570000052452087, "expletive_it_object_raising": 0.7020000219345093, "inchoative": 0.3880000114440918, "intransitive": 0.5429999828338623, "irregular_past_participle_adjectives": 0.8389999866485596, "irregular_past_participle_verbs": 0.7279999852180481, "irregular_plural_subject_verb_agreement_1": 0.6830000281333923, "irregular_plural_subject_verb_agreement_2": 0.7870000004768372, "left_branch_island_echo_question": 0.5249999761581421, "left_branch_island_simple_question": 0.5189999938011169, "matrix_question_npi_licensor_present": 0.22300000488758087, "npi_present_1": 0.2460000067949295, "npi_present_2": 0.3109999895095825, "only_npi_licensor_present": 0.0820000022649765, "only_npi_scope": 0.5740000009536743, "passive_1": 0.8180000185966492, "passive_2": 0.843999981880188, "principle_A_c_command": 0.5889999866485596, "principle_A_case_1": 1.0, "principle_A_case_2": 0.6830000281333923, "principle_A_domain_1": 0.9670000076293945, "principle_A_domain_2": 0.6470000147819519, "principle_A_domain_3": 0.4569999873638153, "principle_A_reconstruction": 0.46700000762939453, "regular_plural_subject_verb_agreement_1": 0.6970000267028809, "regular_plural_subject_verb_agreement_2": 0.7450000047683716, "sentential_negation_npi_licensor_present": 0.9950000047683716, "sentential_negation_npi_scope": 0.5170000195503235, "sentential_subject_island": 0.4519999921321869, "superlative_quantifiers_1": 0.6100000143051147, "superlative_quantifiers_2": 0.7289999723434448, "tough_vs_raising_1": 0.41999998688697815, "tough_vs_raising_2": 0.6340000033378601, "transitive": 0.6980000138282776, "wh_island": 0.37400001287460327, "wh_questions_object_gap": 0.6209999918937683, "wh_questions_subject_gap": 0.9070000052452087, "wh_questions_subject_gap_long_distance": 0.9490000009536743, "wh_vs_that_no_gap": 0.9459999799728394, "wh_vs_that_no_gap_long_distance": 0.953000009059906, "wh_vs_that_with_gap": 0.1289999932050705, "wh_vs_that_with_gap_long_distance": 0.09600000083446503}, "by_phenomenon": {"island_effects": 0.522999994456768, "anaphor_agreement": 0.6265000104904175, "s-selection": 0.6834999918937683, "argument_structure": 0.6380000029291425, "determiner_noun_agreement": 0.8022500053048134, "subject_verb_agreement": 0.5630000084638596, "ellipsis": 0.5639999806880951, "control_raising": 0.6306000053882599, "quantifiers": 0.6180000007152557, "irregular_forms": 0.7834999859333038, "npi_licensing": 0.4211428612470627, "binding": 0.6871428617409298, "filler_gap_dependency": 0.6572857115949903}}, "paloma": 225.09778863627736}