{"blimp": {"by_uid": {"adjunct_island": 0.7360000014305115, "anaphor_gender_agreement": 0.5090000033378601, "anaphor_number_agreement": 0.7390000224113464, "animate_subject_passive": 0.7009999752044678, "animate_subject_trans": 0.6729999780654907, "causative": 0.4860000014305115, "complex_NP_island": 0.4880000054836273, "coordinate_structure_constraint_complex_left_branch": 0.4560000002384186, "coordinate_structure_constraint_object_extraction": 0.6230000257492065, "determiner_noun_agreement_1": 0.8840000033378601, "determiner_noun_agreement_2": 0.8650000095367432, "determiner_noun_agreement_irregular_1": 0.7260000109672546, "determiner_noun_agreement_irregular_2": 0.8460000157356262, "determiner_noun_agreement_with_adj_2": 0.8149999976158142, "determiner_noun_agreement_with_adj_irregular_1": 0.6880000233650208, "determiner_noun_agreement_with_adj_irregular_2": 0.7509999871253967, "determiner_noun_agreement_with_adjective_1": 0.8479999899864197, "distractor_agreement_relational_noun": 0.20399999618530273, "distractor_agreement_relative_clause": 0.2240000069141388, "drop_argument": 0.6880000233650208, "ellipsis_n_bar_1": 0.5049999952316284, "ellipsis_n_bar_2": 0.5960000157356262, "existential_there_object_raising": 0.7360000014305115, "existential_there_quantifiers_1": 0.7820000052452087, "existential_there_quantifiers_2": 0.35199999809265137, "existential_there_subject_raising": 0.6380000114440918, "expletive_it_object_raising": 0.6959999799728394, "inchoative": 0.39100000262260437, "intransitive": 0.5429999828338623, "irregular_past_participle_adjectives": 0.7490000128746033, "irregular_past_participle_verbs": 0.7210000157356262, "irregular_plural_subject_verb_agreement_1": 0.671999990940094, "irregular_plural_subject_verb_agreement_2": 0.7820000052452087, "left_branch_island_echo_question": 0.5320000052452087, "left_branch_island_simple_question": 0.5239999890327454, "matrix_question_npi_licensor_present": 0.2029999941587448, "npi_present_1": 0.24199999868869781, "npi_present_2": 0.3140000104904175, "only_npi_licensor_present": 0.16300000250339508, "only_npi_scope": 0.5320000052452087, "passive_1": 0.8140000104904175, "passive_2": 0.847000002861023, "principle_A_c_command": 0.5910000205039978, "principle_A_case_1": 0.9990000128746033, "principle_A_case_2": 0.6570000052452087, "principle_A_domain_1": 0.953000009059906, "principle_A_domain_2": 0.6150000095367432, "principle_A_domain_3": 0.45399999618530273, "principle_A_reconstruction": 0.4429999887943268, "regular_plural_subject_verb_agreement_1": 0.6909999847412109, "regular_plural_subject_verb_agreement_2": 0.7409999966621399, "sentential_negation_npi_licensor_present": 0.9909999966621399, "sentential_negation_npi_scope": 0.5059999823570251, "sentential_subject_island": 0.4129999876022339, "superlative_quantifiers_1": 0.7549999952316284, "superlative_quantifiers_2": 0.796999990940094, "tough_vs_raising_1": 0.39800000190734863, "tough_vs_raising_2": 0.6439999938011169, "transitive": 0.6869999766349792, "wh_island": 0.3700000047683716, "wh_questions_object_gap": 0.6010000109672546, "wh_questions_subject_gap": 0.902999997138977, "wh_questions_subject_gap_long_distance": 0.949999988079071, "wh_vs_that_no_gap": 0.9520000219345093, "wh_vs_that_no_gap_long_distance": 0.9520000219345093, "wh_vs_that_with_gap": 0.12999999523162842, "wh_vs_that_with_gap_long_distance": 0.0949999988079071}, "by_phenomenon": {"island_effects": 0.5177500024437904, "anaphor_agreement": 0.6240000128746033, "s-selection": 0.6869999766349792, "argument_structure": 0.6365714286054883, "determiner_noun_agreement": 0.8028750047087669, "subject_verb_agreement": 0.5523333301146826, "ellipsis": 0.5505000054836273, "control_raising": 0.6223999977111816, "quantifiers": 0.6714999973773956, "irregular_forms": 0.7350000143051147, "npi_licensing": 0.421571427157947, "binding": 0.6731428631714412, "filler_gap_dependency": 0.6547142905848367}}, "paloma": 234.84535439188886}