{"blimp": {"by_uid": {"adjunct_island": 0.7310000061988831, "anaphor_gender_agreement": 0.5040000081062317, "anaphor_number_agreement": 0.7390000224113464, "animate_subject_passive": 0.6940000057220459, "animate_subject_trans": 0.6759999990463257, "causative": 0.48399999737739563, "complex_NP_island": 0.4779999852180481, "coordinate_structure_constraint_complex_left_branch": 0.4580000042915344, "coordinate_structure_constraint_object_extraction": 0.6269999742507935, "determiner_noun_agreement_1": 0.8920000195503235, "determiner_noun_agreement_2": 0.8650000095367432, "determiner_noun_agreement_irregular_1": 0.718999981880188, "determiner_noun_agreement_irregular_2": 0.8479999899864197, "determiner_noun_agreement_with_adj_2": 0.8130000233650208, "determiner_noun_agreement_with_adj_irregular_1": 0.6830000281333923, "determiner_noun_agreement_with_adj_irregular_2": 0.7519999742507935, "determiner_noun_agreement_with_adjective_1": 0.8489999771118164, "distractor_agreement_relational_noun": 0.2290000021457672, "distractor_agreement_relative_clause": 0.22200000286102295, "drop_argument": 0.6930000185966492, "ellipsis_n_bar_1": 0.4959999918937683, "ellipsis_n_bar_2": 0.5870000123977661, "existential_there_object_raising": 0.7319999933242798, "existential_there_quantifiers_1": 0.7799999713897705, "existential_there_quantifiers_2": 0.3700000047683716, "existential_there_subject_raising": 0.6470000147819519, "expletive_it_object_raising": 0.6940000057220459, "inchoative": 0.39500001072883606, "intransitive": 0.5509999990463257, "irregular_past_participle_adjectives": 0.7749999761581421, "irregular_past_participle_verbs": 0.7139999866485596, "irregular_plural_subject_verb_agreement_1": 0.6740000247955322, "irregular_plural_subject_verb_agreement_2": 0.7789999842643738, "left_branch_island_echo_question": 0.5260000228881836, "left_branch_island_simple_question": 0.5270000100135803, "matrix_question_npi_licensor_present": 0.19499999284744263, "npi_present_1": 0.25200000405311584, "npi_present_2": 0.3140000104904175, "only_npi_licensor_present": 0.14000000059604645, "only_npi_scope": 0.531000018119812, "passive_1": 0.8149999976158142, "passive_2": 0.8460000157356262, "principle_A_c_command": 0.5920000076293945, "principle_A_case_1": 0.9990000128746033, "principle_A_case_2": 0.6679999828338623, "principle_A_domain_1": 0.9580000042915344, "principle_A_domain_2": 0.621999979019165, "principle_A_domain_3": 0.4580000042915344, "principle_A_reconstruction": 0.45100000500679016, "regular_plural_subject_verb_agreement_1": 0.7020000219345093, "regular_plural_subject_verb_agreement_2": 0.7260000109672546, "sentential_negation_npi_licensor_present": 0.9909999966621399, "sentential_negation_npi_scope": 0.5170000195503235, "sentential_subject_island": 0.4300000071525574, "superlative_quantifiers_1": 0.7699999809265137, "superlative_quantifiers_2": 0.8069999814033508, "tough_vs_raising_1": 0.3919999897480011, "tough_vs_raising_2": 0.6480000019073486, "transitive": 0.6909999847412109, "wh_island": 0.38999998569488525, "wh_questions_object_gap": 0.597000002861023, "wh_questions_subject_gap": 0.8999999761581421, "wh_questions_subject_gap_long_distance": 0.953000009059906, "wh_vs_that_no_gap": 0.9520000219345093, "wh_vs_that_no_gap_long_distance": 0.9549999833106995, "wh_vs_that_with_gap": 0.13199999928474426, "wh_vs_that_with_gap_long_distance": 0.0949999988079071}, "by_phenomenon": {"island_effects": 0.5208749994635582, "anaphor_agreement": 0.6215000152587891, "s-selection": 0.6850000023841858, "argument_structure": 0.639285717691694, "determiner_noun_agreement": 0.8026250004768372, "subject_verb_agreement": 0.55533334116141, "ellipsis": 0.5415000021457672, "control_raising": 0.6226000010967254, "quantifiers": 0.6817499846220016, "irregular_forms": 0.7444999814033508, "npi_licensing": 0.420000006045614, "binding": 0.6782857137066978, "filler_gap_dependency": 0.6548571416309902}}, "paloma": 235.7454395952125}