{"blimp": {"by_uid": {"adjunct_island": 0.7329999804496765, "anaphor_gender_agreement": 0.5230000019073486, "anaphor_number_agreement": 0.7459999918937683, "animate_subject_passive": 0.703000009059906, "animate_subject_trans": 0.6629999876022339, "causative": 0.4860000014305115, "complex_NP_island": 0.492000013589859, "coordinate_structure_constraint_complex_left_branch": 0.4749999940395355, "coordinate_structure_constraint_object_extraction": 0.6230000257492065, "determiner_noun_agreement_1": 0.8790000081062317, "determiner_noun_agreement_2": 0.8690000176429749, "determiner_noun_agreement_irregular_1": 0.7300000190734863, "determiner_noun_agreement_irregular_2": 0.8460000157356262, "determiner_noun_agreement_with_adj_2": 0.8100000023841858, "determiner_noun_agreement_with_adj_irregular_1": 0.6970000267028809, "determiner_noun_agreement_with_adj_irregular_2": 0.7519999742507935, "determiner_noun_agreement_with_adjective_1": 0.8479999899864197, "distractor_agreement_relational_noun": 0.2160000056028366, "distractor_agreement_relative_clause": 0.2240000069141388, "drop_argument": 0.6940000057220459, "ellipsis_n_bar_1": 0.5360000133514404, "ellipsis_n_bar_2": 0.6050000190734863, "existential_there_object_raising": 0.7440000176429749, "existential_there_quantifiers_1": 0.7919999957084656, "existential_there_quantifiers_2": 0.3659999966621399, "existential_there_subject_raising": 0.6470000147819519, "expletive_it_object_raising": 0.7059999704360962, "inchoative": 0.3889999985694885, "intransitive": 0.5490000247955322, "irregular_past_participle_adjectives": 0.800000011920929, "irregular_past_participle_verbs": 0.7289999723434448, "irregular_plural_subject_verb_agreement_1": 0.6740000247955322, "irregular_plural_subject_verb_agreement_2": 0.7850000262260437, "left_branch_island_echo_question": 0.5299999713897705, "left_branch_island_simple_question": 0.5149999856948853, "matrix_question_npi_licensor_present": 0.2150000035762787, "npi_present_1": 0.24199999868869781, "npi_present_2": 0.32499998807907104, "only_npi_licensor_present": 0.11100000143051147, "only_npi_scope": 0.5699999928474426, "passive_1": 0.8190000057220459, "passive_2": 0.8450000286102295, "principle_A_c_command": 0.5910000205039978, "principle_A_case_1": 1.0, "principle_A_case_2": 0.6840000152587891, "principle_A_domain_1": 0.9589999914169312, "principle_A_domain_2": 0.621999979019165, "principle_A_domain_3": 0.4569999873638153, "principle_A_reconstruction": 0.4620000123977661, "regular_plural_subject_verb_agreement_1": 0.6919999718666077, "regular_plural_subject_verb_agreement_2": 0.7329999804496765, "sentential_negation_npi_licensor_present": 0.9950000047683716, "sentential_negation_npi_scope": 0.5099999904632568, "sentential_subject_island": 0.4339999854564667, "superlative_quantifiers_1": 0.7300000190734863, "superlative_quantifiers_2": 0.7789999842643738, "tough_vs_raising_1": 0.3919999897480011, "tough_vs_raising_2": 0.6510000228881836, "transitive": 0.6980000138282776, "wh_island": 0.367000013589859, "wh_questions_object_gap": 0.6000000238418579, "wh_questions_subject_gap": 0.9089999794960022, "wh_questions_subject_gap_long_distance": 0.9539999961853027, "wh_vs_that_no_gap": 0.9520000219345093, "wh_vs_that_no_gap_long_distance": 0.9520000219345093, "wh_vs_that_with_gap": 0.1340000033378601, "wh_vs_that_with_gap_long_distance": 0.09099999815225601}, "by_phenomenon": {"island_effects": 0.5211249962449074, "anaphor_agreement": 0.6344999969005585, "s-selection": 0.68299999833107, "argument_structure": 0.640000011239733, "determiner_noun_agreement": 0.8038750067353249, "subject_verb_agreement": 0.5540000026424726, "ellipsis": 0.5705000162124634, "control_raising": 0.6280000030994415, "quantifiers": 0.6667499989271164, "irregular_forms": 0.7644999921321869, "npi_licensing": 0.42399999712194714, "binding": 0.682142857994352, "filler_gap_dependency": 0.6560000064117568}}, "paloma": 229.3075495135078}