{"blimp": {"by_uid": {"adjunct_island": 0.7059999704360962, "anaphor_gender_agreement": 0.4950000047683716, "anaphor_number_agreement": 0.6909999847412109, "animate_subject_passive": 0.6949999928474426, "animate_subject_trans": 0.6980000138282776, "causative": 0.48500001430511475, "complex_NP_island": 0.48500001430511475, "coordinate_structure_constraint_complex_left_branch": 0.3970000147819519, "coordinate_structure_constraint_object_extraction": 0.5870000123977661, "determiner_noun_agreement_1": 0.878000020980835, "determiner_noun_agreement_2": 0.847000002861023, "determiner_noun_agreement_irregular_1": 0.7170000076293945, "determiner_noun_agreement_irregular_2": 0.8220000267028809, "determiner_noun_agreement_with_adj_2": 0.8019999861717224, "determiner_noun_agreement_with_adj_irregular_1": 0.6489999890327454, "determiner_noun_agreement_with_adj_irregular_2": 0.7570000290870667, "determiner_noun_agreement_with_adjective_1": 0.8230000138282776, "distractor_agreement_relational_noun": 0.20800000429153442, "distractor_agreement_relative_clause": 0.24699999392032623, "drop_argument": 0.6850000023841858, "ellipsis_n_bar_1": 0.46000000834465027, "ellipsis_n_bar_2": 0.5740000009536743, "existential_there_object_raising": 0.7269999980926514, "existential_there_quantifiers_1": 0.8090000152587891, "existential_there_quantifiers_2": 0.32499998807907104, "existential_there_subject_raising": 0.5839999914169312, "expletive_it_object_raising": 0.6859999895095825, "inchoative": 0.37599998712539673, "intransitive": 0.5519999861717224, "irregular_past_participle_adjectives": 0.8050000071525574, "irregular_past_participle_verbs": 0.7139999866485596, "irregular_plural_subject_verb_agreement_1": 0.6679999828338623, "irregular_plural_subject_verb_agreement_2": 0.718999981880188, "left_branch_island_echo_question": 0.4699999988079071, "left_branch_island_simple_question": 0.4950000047683716, "matrix_question_npi_licensor_present": 0.22100000083446503, "npi_present_1": 0.24300000071525574, "npi_present_2": 0.289000004529953, "only_npi_licensor_present": 0.08900000154972076, "only_npi_scope": 0.4309999942779541, "passive_1": 0.8199999928474426, "passive_2": 0.8339999914169312, "principle_A_c_command": 0.6169999837875366, "principle_A_case_1": 1.0, "principle_A_case_2": 0.671999990940094, "principle_A_domain_1": 0.9490000009536743, "principle_A_domain_2": 0.6159999966621399, "principle_A_domain_3": 0.44999998807907104, "principle_A_reconstruction": 0.46799999475479126, "regular_plural_subject_verb_agreement_1": 0.6570000052452087, "regular_plural_subject_verb_agreement_2": 0.6600000262260437, "sentential_negation_npi_licensor_present": 0.9860000014305115, "sentential_negation_npi_scope": 0.4970000088214874, "sentential_subject_island": 0.4569999873638153, "superlative_quantifiers_1": 0.6949999928474426, "superlative_quantifiers_2": 0.6679999828338623, "tough_vs_raising_1": 0.36000001430511475, "tough_vs_raising_2": 0.6610000133514404, "transitive": 0.6840000152587891, "wh_island": 0.31200000643730164, "wh_questions_object_gap": 0.5899999737739563, "wh_questions_subject_gap": 0.890999972820282, "wh_questions_subject_gap_long_distance": 0.9599999785423279, "wh_vs_that_no_gap": 0.9470000267028809, "wh_vs_that_no_gap_long_distance": 0.9610000252723694, "wh_vs_that_with_gap": 0.12099999934434891, "wh_vs_that_with_gap_long_distance": 0.05999999865889549}, "by_phenomenon": {"island_effects": 0.4886250011622906, "anaphor_agreement": 0.5929999947547913, "s-selection": 0.6965000033378601, "argument_structure": 0.6337142842156547, "determiner_noun_agreement": 0.7868750095367432, "subject_verb_agreement": 0.5264999990661939, "ellipsis": 0.5170000046491623, "control_raising": 0.603600001335144, "quantifiers": 0.6242499947547913, "irregular_forms": 0.7594999969005585, "npi_licensing": 0.39371428745133535, "binding": 0.6817142793110439, "filler_gap_dependency": 0.6471428535878658}}, "paloma": 275.8752189091274}