{"blimp": {"by_uid": {"adjunct_island": 0.7329999804496765, "anaphor_gender_agreement": 0.5139999985694885, "anaphor_number_agreement": 0.7049999833106995, "animate_subject_passive": 0.7049999833106995, "animate_subject_trans": 0.6940000057220459, "causative": 0.49000000953674316, "complex_NP_island": 0.49399998784065247, "coordinate_structure_constraint_complex_left_branch": 0.40700000524520874, "coordinate_structure_constraint_object_extraction": 0.6100000143051147, "determiner_noun_agreement_1": 0.8889999985694885, "determiner_noun_agreement_2": 0.8460000157356262, "determiner_noun_agreement_irregular_1": 0.7239999771118164, "determiner_noun_agreement_irregular_2": 0.824999988079071, "determiner_noun_agreement_with_adj_2": 0.8029999732971191, "determiner_noun_agreement_with_adj_irregular_1": 0.6740000247955322, "determiner_noun_agreement_with_adj_irregular_2": 0.7509999871253967, "determiner_noun_agreement_with_adjective_1": 0.8450000286102295, "distractor_agreement_relational_noun": 0.20000000298023224, "distractor_agreement_relative_clause": 0.2409999966621399, "drop_argument": 0.6909999847412109, "ellipsis_n_bar_1": 0.4909999966621399, "ellipsis_n_bar_2": 0.5899999737739563, "existential_there_object_raising": 0.7279999852180481, "existential_there_quantifiers_1": 0.8199999928474426, "existential_there_quantifiers_2": 0.2980000078678131, "existential_there_subject_raising": 0.6019999980926514, "expletive_it_object_raising": 0.6869999766349792, "inchoative": 0.3709999918937683, "intransitive": 0.5410000085830688, "irregular_past_participle_adjectives": 0.8190000057220459, "irregular_past_participle_verbs": 0.7089999914169312, "irregular_plural_subject_verb_agreement_1": 0.675000011920929, "irregular_plural_subject_verb_agreement_2": 0.7390000224113464, "left_branch_island_echo_question": 0.46000000834465027, "left_branch_island_simple_question": 0.4860000014305115, "matrix_question_npi_licensor_present": 0.1940000057220459, "npi_present_1": 0.24699999392032623, "npi_present_2": 0.3149999976158142, "only_npi_licensor_present": 0.14100000262260437, "only_npi_scope": 0.4690000116825104, "passive_1": 0.8190000057220459, "passive_2": 0.843999981880188, "principle_A_c_command": 0.609000027179718, "principle_A_case_1": 1.0, "principle_A_case_2": 0.6769999861717224, "principle_A_domain_1": 0.9459999799728394, "principle_A_domain_2": 0.609000027179718, "principle_A_domain_3": 0.4580000042915344, "principle_A_reconstruction": 0.4580000042915344, "regular_plural_subject_verb_agreement_1": 0.6710000038146973, "regular_plural_subject_verb_agreement_2": 0.6909999847412109, "sentential_negation_npi_licensor_present": 0.9850000143051147, "sentential_negation_npi_scope": 0.49900001287460327, "sentential_subject_island": 0.4410000145435333, "superlative_quantifiers_1": 0.7649999856948853, "superlative_quantifiers_2": 0.753000020980835, "tough_vs_raising_1": 0.38600000739097595, "tough_vs_raising_2": 0.6470000147819519, "transitive": 0.6919999718666077, "wh_island": 0.32199999690055847, "wh_questions_object_gap": 0.5879999995231628, "wh_questions_subject_gap": 0.890999972820282, "wh_questions_subject_gap_long_distance": 0.9599999785423279, "wh_vs_that_no_gap": 0.9449999928474426, "wh_vs_that_no_gap_long_distance": 0.9509999752044678, "wh_vs_that_with_gap": 0.13600000739097595, "wh_vs_that_with_gap_long_distance": 0.06400000303983688}, "by_phenomenon": {"island_effects": 0.49412500113248825, "anaphor_agreement": 0.609499990940094, "s-selection": 0.6994999945163727, "argument_structure": 0.6354285648890904, "determiner_noun_agreement": 0.794624999165535, "subject_verb_agreement": 0.5361666704217593, "ellipsis": 0.5404999852180481, "control_raising": 0.6099999964237213, "quantifiers": 0.659000001847744, "irregular_forms": 0.7639999985694885, "npi_licensing": 0.40714286267757416, "binding": 0.6795714327267238, "filler_gap_dependency": 0.647857132766928}}, "paloma": 268.2847255919453}