{"blimp": {"by_uid": {"adjunct_island": 0.722000002861023, "anaphor_gender_agreement": 0.49900001287460327, "anaphor_number_agreement": 0.7229999899864197, "animate_subject_passive": 0.6940000057220459, "animate_subject_trans": 0.6899999976158142, "causative": 0.49900001287460327, "complex_NP_island": 0.48100000619888306, "coordinate_structure_constraint_complex_left_branch": 0.4090000092983246, "coordinate_structure_constraint_object_extraction": 0.6209999918937683, "determiner_noun_agreement_1": 0.8840000033378601, "determiner_noun_agreement_2": 0.8500000238418579, "determiner_noun_agreement_irregular_1": 0.7269999980926514, "determiner_noun_agreement_irregular_2": 0.828000009059906, "determiner_noun_agreement_with_adj_2": 0.8080000281333923, "determiner_noun_agreement_with_adj_irregular_1": 0.6710000038146973, "determiner_noun_agreement_with_adj_irregular_2": 0.7519999742507935, "determiner_noun_agreement_with_adjective_1": 0.8420000076293945, "distractor_agreement_relational_noun": 0.20900000631809235, "distractor_agreement_relative_clause": 0.2409999966621399, "drop_argument": 0.6980000138282776, "ellipsis_n_bar_1": 0.47999998927116394, "ellipsis_n_bar_2": 0.5879999995231628, "existential_there_object_raising": 0.7260000109672546, "existential_there_quantifiers_1": 0.8169999718666077, "existential_there_quantifiers_2": 0.3230000138282776, "existential_there_subject_raising": 0.6119999885559082, "expletive_it_object_raising": 0.6800000071525574, "inchoative": 0.38199999928474426, "intransitive": 0.546999990940094, "irregular_past_participle_adjectives": 0.8040000200271606, "irregular_past_participle_verbs": 0.6980000138282776, "irregular_plural_subject_verb_agreement_1": 0.6840000152587891, "irregular_plural_subject_verb_agreement_2": 0.75, "left_branch_island_echo_question": 0.46000000834465027, "left_branch_island_simple_question": 0.4869999885559082, "matrix_question_npi_licensor_present": 0.1979999989271164, "npi_present_1": 0.257999986410141, "npi_present_2": 0.3059999942779541, "only_npi_licensor_present": 0.15700000524520874, "only_npi_scope": 0.46799999475479126, "passive_1": 0.824999988079071, "passive_2": 0.843999981880188, "principle_A_c_command": 0.5870000123977661, "principle_A_case_1": 0.9990000128746033, "principle_A_case_2": 0.6769999861717224, "principle_A_domain_1": 0.9430000185966492, "principle_A_domain_2": 0.6230000257492065, "principle_A_domain_3": 0.4560000002384186, "principle_A_reconstruction": 0.4620000123977661, "regular_plural_subject_verb_agreement_1": 0.6629999876022339, "regular_plural_subject_verb_agreement_2": 0.6990000009536743, "sentential_negation_npi_licensor_present": 0.9850000143051147, "sentential_negation_npi_scope": 0.49399998784065247, "sentential_subject_island": 0.44999998807907104, "superlative_quantifiers_1": 0.7429999709129333, "superlative_quantifiers_2": 0.7599999904632568, "tough_vs_raising_1": 0.3869999945163727, "tough_vs_raising_2": 0.6449999809265137, "transitive": 0.699999988079071, "wh_island": 0.33500000834465027, "wh_questions_object_gap": 0.5799999833106995, "wh_questions_subject_gap": 0.8870000243186951, "wh_questions_subject_gap_long_distance": 0.953000009059906, "wh_vs_that_no_gap": 0.9430000185966492, "wh_vs_that_no_gap_long_distance": 0.9509999752044678, "wh_vs_that_with_gap": 0.13899999856948853, "wh_vs_that_with_gap_long_distance": 0.06800000369548798}, "by_phenomenon": {"island_effects": 0.49562500044703484, "anaphor_agreement": 0.6110000014305115, "s-selection": 0.69200000166893, "argument_structure": 0.6421428535665784, "determiner_noun_agreement": 0.7952500060200691, "subject_verb_agreement": 0.5410000011324883, "ellipsis": 0.5339999943971634, "control_raising": 0.6099999964237213, "quantifiers": 0.6607499867677689, "irregular_forms": 0.7510000169277191, "npi_licensing": 0.40942856882299694, "binding": 0.6781428669180188, "filler_gap_dependency": 0.645857144679342}}, "paloma": 262.05533386257054}