{"blimp": {"by_uid": {"adjunct_island": 0.7429999709129333, "anaphor_gender_agreement": 0.5080000162124634, "anaphor_number_agreement": 0.7329999804496765, "animate_subject_passive": 0.6909999847412109, "animate_subject_trans": 0.6679999828338623, "causative": 0.4880000054836273, "complex_NP_island": 0.5, "coordinate_structure_constraint_complex_left_branch": 0.4830000102519989, "coordinate_structure_constraint_object_extraction": 0.6150000095367432, "determiner_noun_agreement_1": 0.8700000047683716, "determiner_noun_agreement_2": 0.8679999709129333, "determiner_noun_agreement_irregular_1": 0.7239999771118164, "determiner_noun_agreement_irregular_2": 0.8389999866485596, "determiner_noun_agreement_with_adj_2": 0.8130000233650208, "determiner_noun_agreement_with_adj_irregular_1": 0.6869999766349792, "determiner_noun_agreement_with_adj_irregular_2": 0.7509999871253967, "determiner_noun_agreement_with_adjective_1": 0.8410000205039978, "distractor_agreement_relational_noun": 0.22300000488758087, "distractor_agreement_relative_clause": 0.2280000001192093, "drop_argument": 0.6940000057220459, "ellipsis_n_bar_1": 0.5149999856948853, "ellipsis_n_bar_2": 0.593999981880188, "existential_there_object_raising": 0.7459999918937683, "existential_there_quantifiers_1": 0.7860000133514404, "existential_there_quantifiers_2": 0.3700000047683716, "existential_there_subject_raising": 0.6570000052452087, "expletive_it_object_raising": 0.7110000252723694, "inchoative": 0.3919999897480011, "intransitive": 0.5429999828338623, "irregular_past_participle_adjectives": 0.7549999952316284, "irregular_past_participle_verbs": 0.7149999737739563, "irregular_plural_subject_verb_agreement_1": 0.675000011920929, "irregular_plural_subject_verb_agreement_2": 0.7860000133514404, "left_branch_island_echo_question": 0.5189999938011169, "left_branch_island_simple_question": 0.5199999809265137, "matrix_question_npi_licensor_present": 0.20999999344348907, "npi_present_1": 0.24400000274181366, "npi_present_2": 0.3160000145435333, "only_npi_licensor_present": 0.10100000351667404, "only_npi_scope": 0.5400000214576721, "passive_1": 0.8180000185966492, "passive_2": 0.8420000076293945, "principle_A_c_command": 0.597000002861023, "principle_A_case_1": 0.9990000128746033, "principle_A_case_2": 0.6769999861717224, "principle_A_domain_1": 0.9639999866485596, "principle_A_domain_2": 0.6150000095367432, "principle_A_domain_3": 0.4569999873638153, "principle_A_reconstruction": 0.4690000116825104, "regular_plural_subject_verb_agreement_1": 0.6990000009536743, "regular_plural_subject_verb_agreement_2": 0.7300000190734863, "sentential_negation_npi_licensor_present": 0.9950000047683716, "sentential_negation_npi_scope": 0.5080000162124634, "sentential_subject_island": 0.43299999833106995, "superlative_quantifiers_1": 0.718999981880188, "superlative_quantifiers_2": 0.7789999842643738, "tough_vs_raising_1": 0.38999998569488525, "tough_vs_raising_2": 0.6430000066757202, "transitive": 0.6869999766349792, "wh_island": 0.38100001215934753, "wh_questions_object_gap": 0.6029999852180481, "wh_questions_subject_gap": 0.9049999713897705, "wh_questions_subject_gap_long_distance": 0.9549999833106995, "wh_vs_that_no_gap": 0.9520000219345093, "wh_vs_that_no_gap_long_distance": 0.953000009059906, "wh_vs_that_with_gap": 0.13600000739097595, "wh_vs_that_with_gap_long_distance": 0.0989999994635582}, "by_phenomenon": {"island_effects": 0.5242499969899654, "anaphor_agreement": 0.62049999833107, "s-selection": 0.6794999837875366, "argument_structure": 0.6377142838069371, "determiner_noun_agreement": 0.7991249933838844, "subject_verb_agreement": 0.55683334171772, "ellipsis": 0.5544999837875366, "control_raising": 0.6294000029563904, "quantifiers": 0.6634999960660934, "irregular_forms": 0.7349999845027924, "npi_licensing": 0.41628572238343103, "binding": 0.682571428162711, "filler_gap_dependency": 0.6575714253953525}}, "paloma": 230.63711340103416}