{"blimp": {"by_uid": {"adjunct_island": 0.722000002861023, "anaphor_gender_agreement": 0.4970000088214874, "anaphor_number_agreement": 0.6660000085830688, "animate_subject_passive": 0.6859999895095825, "animate_subject_trans": 0.6890000104904175, "causative": 0.49000000953674316, "complex_NP_island": 0.4970000088214874, "coordinate_structure_constraint_complex_left_branch": 0.34200000762939453, "coordinate_structure_constraint_object_extraction": 0.48899999260902405, "determiner_noun_agreement_1": 0.8550000190734863, "determiner_noun_agreement_2": 0.8370000123977661, "determiner_noun_agreement_irregular_1": 0.7319999933242798, "determiner_noun_agreement_irregular_2": 0.8360000252723694, "determiner_noun_agreement_with_adj_2": 0.7879999876022339, "determiner_noun_agreement_with_adj_irregular_1": 0.621999979019165, "determiner_noun_agreement_with_adj_irregular_2": 0.7699999809265137, "determiner_noun_agreement_with_adjective_1": 0.8130000233650208, "distractor_agreement_relational_noun": 0.20499999821186066, "distractor_agreement_relative_clause": 0.24799999594688416, "drop_argument": 0.703000009059906, "ellipsis_n_bar_1": 0.43700000643730164, "ellipsis_n_bar_2": 0.5479999780654907, "existential_there_object_raising": 0.7160000205039978, "existential_there_quantifiers_1": 0.7649999856948853, "existential_there_quantifiers_2": 0.3449999988079071, "existential_there_subject_raising": 0.5550000071525574, "expletive_it_object_raising": 0.6769999861717224, "inchoative": 0.3779999911785126, "intransitive": 0.550000011920929, "irregular_past_participle_adjectives": 0.8230000138282776, "irregular_past_participle_verbs": 0.7390000224113464, "irregular_plural_subject_verb_agreement_1": 0.6579999923706055, "irregular_plural_subject_verb_agreement_2": 0.6779999732971191, "left_branch_island_echo_question": 0.5009999871253967, "left_branch_island_simple_question": 0.49799999594688416, "matrix_question_npi_licensor_present": 0.22100000083446503, "npi_present_1": 0.2329999953508377, "npi_present_2": 0.26600000262260437, "only_npi_licensor_present": 0.07999999821186066, "only_npi_scope": 0.4410000145435333, "passive_1": 0.8240000009536743, "passive_2": 0.8259999752044678, "principle_A_c_command": 0.6019999980926514, "principle_A_case_1": 1.0, "principle_A_case_2": 0.6470000147819519, "principle_A_domain_1": 0.9390000104904175, "principle_A_domain_2": 0.609000027179718, "principle_A_domain_3": 0.4339999854564667, "principle_A_reconstruction": 0.40799999237060547, "regular_plural_subject_verb_agreement_1": 0.6150000095367432, "regular_plural_subject_verb_agreement_2": 0.6039999723434448, "sentential_negation_npi_licensor_present": 0.9779999852180481, "sentential_negation_npi_scope": 0.46799999475479126, "sentential_subject_island": 0.4699999988079071, "superlative_quantifiers_1": 0.621999979019165, "superlative_quantifiers_2": 0.5529999732971191, "tough_vs_raising_1": 0.38199999928474426, "tough_vs_raising_2": 0.6549999713897705, "transitive": 0.6759999990463257, "wh_island": 0.20600000023841858, "wh_questions_object_gap": 0.5659999847412109, "wh_questions_subject_gap": 0.8809999823570251, "wh_questions_subject_gap_long_distance": 0.9509999752044678, "wh_vs_that_no_gap": 0.9459999799728394, "wh_vs_that_no_gap_long_distance": 0.9580000042915344, "wh_vs_that_with_gap": 0.10400000214576721, "wh_vs_that_with_gap_long_distance": 0.061000000685453415}, "by_phenomenon": {"island_effects": 0.46562499925494194, "anaphor_agreement": 0.5815000087022781, "s-selection": 0.6875, "argument_structure": 0.635285713842937, "determiner_noun_agreement": 0.7816250026226044, "subject_verb_agreement": 0.5013333236177763, "ellipsis": 0.4924999922513962, "control_raising": 0.5969999969005585, "quantifiers": 0.5712499842047691, "irregular_forms": 0.781000018119812, "npi_licensing": 0.38385714164802004, "binding": 0.6627142897674015, "filler_gap_dependency": 0.6381428470568997}}, "paloma": 322.2787470887347}