{"blimp": {"by_uid": {"adjunct_island": 0.718999981880188, "anaphor_gender_agreement": 0.4300000071525574, "anaphor_number_agreement": 0.5950000286102295, "animate_subject_passive": 0.6620000004768372, "animate_subject_trans": 0.5979999899864197, "causative": 0.453000009059906, "complex_NP_island": 0.5550000071525574, "coordinate_structure_constraint_complex_left_branch": 0.4259999990463257, "coordinate_structure_constraint_object_extraction": 0.48100000619888306, "determiner_noun_agreement_1": 0.7580000162124634, "determiner_noun_agreement_2": 0.7390000224113464, "determiner_noun_agreement_irregular_1": 0.6819999814033508, "determiner_noun_agreement_irregular_2": 0.7289999723434448, "determiner_noun_agreement_with_adj_2": 0.5600000023841858, "determiner_noun_agreement_with_adj_irregular_1": 0.5699999928474426, "determiner_noun_agreement_with_adj_irregular_2": 0.6000000238418579, "determiner_noun_agreement_with_adjective_1": 0.597000002861023, "distractor_agreement_relational_noun": 0.328000009059906, "distractor_agreement_relative_clause": 0.289000004529953, "drop_argument": 0.7129999995231628, "ellipsis_n_bar_1": 0.29499998688697815, "ellipsis_n_bar_2": 0.3619999885559082, "existential_there_object_raising": 0.699999988079071, "existential_there_quantifiers_1": 0.7879999876022339, "existential_there_quantifiers_2": 0.2930000126361847, "existential_there_subject_raising": 0.46700000762939453, "expletive_it_object_raising": 0.6759999990463257, "inchoative": 0.3840000033378601, "intransitive": 0.597000002861023, "irregular_past_participle_adjectives": 0.753000020980835, "irregular_past_participle_verbs": 0.6990000009536743, "irregular_plural_subject_verb_agreement_1": 0.5619999766349792, "irregular_plural_subject_verb_agreement_2": 0.5440000295639038, "left_branch_island_echo_question": 0.6370000243186951, "left_branch_island_simple_question": 0.5130000114440918, "matrix_question_npi_licensor_present": 0.1720000058412552, "npi_present_1": 0.1979999989271164, "npi_present_2": 0.33899998664855957, "only_npi_licensor_present": 0.4320000112056732, "only_npi_scope": 0.6269999742507935, "passive_1": 0.7839999794960022, "passive_2": 0.7559999823570251, "principle_A_c_command": 0.578000009059906, "principle_A_case_1": 1.0, "principle_A_case_2": 0.5260000228881836, "principle_A_domain_1": 0.9160000085830688, "principle_A_domain_2": 0.5830000042915344, "principle_A_domain_3": 0.4300000071525574, "principle_A_reconstruction": 0.3179999887943268, "regular_plural_subject_verb_agreement_1": 0.6299999952316284, "regular_plural_subject_verb_agreement_2": 0.5370000004768372, "sentential_negation_npi_licensor_present": 0.9760000109672546, "sentential_negation_npi_scope": 0.4429999887943268, "sentential_subject_island": 0.46299999952316284, "superlative_quantifiers_1": 0.5220000147819519, "superlative_quantifiers_2": 0.9279999732971191, "tough_vs_raising_1": 0.47999998927116394, "tough_vs_raising_2": 0.5669999718666077, "transitive": 0.6489999890327454, "wh_island": 0.6069999933242798, "wh_questions_object_gap": 0.5130000114440918, "wh_questions_subject_gap": 0.8019999861717224, "wh_questions_subject_gap_long_distance": 0.871999979019165, "wh_vs_that_no_gap": 0.9440000057220459, "wh_vs_that_no_gap_long_distance": 0.9309999942779541, "wh_vs_that_with_gap": 0.06800000369548798, "wh_vs_that_with_gap_long_distance": 0.04699999839067459}, "by_phenomenon": {"island_effects": 0.550125002861023, "anaphor_agreement": 0.5125000178813934, "s-selection": 0.6299999952316284, "argument_structure": 0.6194285665239606, "determiner_noun_agreement": 0.6543750017881393, "subject_verb_agreement": 0.4816666692495346, "ellipsis": 0.3284999877214432, "control_raising": 0.5779999911785125, "quantifiers": 0.6327499970793724, "irregular_forms": 0.7260000109672546, "npi_licensing": 0.4552857109478542, "binding": 0.6215714343956539, "filler_gap_dependency": 0.5967142826744488}}, "paloma": 540.0412957633414}