{"blimp": {"by_uid": {"adjunct_island": 0.48899999260902405, "anaphor_gender_agreement": 0.3370000123977661, "anaphor_number_agreement": 0.49300000071525574, "animate_subject_passive": 0.6380000114440918, "animate_subject_trans": 0.5180000066757202, "causative": 0.4449999928474426, "complex_NP_island": 0.5139999985694885, "coordinate_structure_constraint_complex_left_branch": 0.5690000057220459, "coordinate_structure_constraint_object_extraction": 0.49300000071525574, "determiner_noun_agreement_1": 0.4970000088214874, "determiner_noun_agreement_2": 0.48500001430511475, "determiner_noun_agreement_irregular_1": 0.5059999823570251, "determiner_noun_agreement_irregular_2": 0.5299999713897705, "determiner_noun_agreement_with_adj_2": 0.4699999988079071, "determiner_noun_agreement_with_adj_irregular_1": 0.4490000009536743, "determiner_noun_agreement_with_adj_irregular_2": 0.5260000228881836, "determiner_noun_agreement_with_adjective_1": 0.5049999952316284, "distractor_agreement_relational_noun": 0.4729999899864197, "distractor_agreement_relative_clause": 0.46700000762939453, "drop_argument": 0.7009999752044678, "ellipsis_n_bar_1": 0.4230000078678131, "ellipsis_n_bar_2": 0.2980000078678131, "existential_there_object_raising": 0.7059999704360962, "existential_there_quantifiers_1": 0.6919999718666077, "existential_there_quantifiers_2": 0.0689999982714653, "existential_there_subject_raising": 0.5419999957084656, "expletive_it_object_raising": 0.6129999756813049, "inchoative": 0.382999986410141, "intransitive": 0.5379999876022339, "irregular_past_participle_adjectives": 0.6150000095367432, "irregular_past_participle_verbs": 0.3619999885559082, "irregular_plural_subject_verb_agreement_1": 0.45500001311302185, "irregular_plural_subject_verb_agreement_2": 0.5070000290870667, "left_branch_island_echo_question": 0.4699999988079071, "left_branch_island_simple_question": 0.5730000138282776, "matrix_question_npi_licensor_present": 0.492000013589859, "npi_present_1": 0.5740000009536743, "npi_present_2": 0.5049999952316284, "only_npi_licensor_present": 0.0, "only_npi_scope": 0.20399999618530273, "passive_1": 0.6110000014305115, "passive_2": 0.6470000147819519, "principle_A_c_command": 0.6480000019073486, "principle_A_case_1": 0.9909999966621399, "principle_A_case_2": 0.46399998664855957, "principle_A_domain_1": 0.8309999704360962, "principle_A_domain_2": 0.5450000166893005, "principle_A_domain_3": 0.4740000069141388, "principle_A_reconstruction": 0.5400000214576721, "regular_plural_subject_verb_agreement_1": 0.5270000100135803, "regular_plural_subject_verb_agreement_2": 0.4819999933242798, "sentential_negation_npi_licensor_present": 0.6629999876022339, "sentential_negation_npi_scope": 0.7310000061988831, "sentential_subject_island": 0.5230000019073486, "superlative_quantifiers_1": 0.03099999949336052, "superlative_quantifiers_2": 0.2630000114440918, "tough_vs_raising_1": 0.3659999966621399, "tough_vs_raising_2": 0.6769999861717224, "transitive": 0.5429999828338623, "wh_island": 0.4180000126361847, "wh_questions_object_gap": 0.7049999833106995, "wh_questions_subject_gap": 0.7459999918937683, "wh_questions_subject_gap_long_distance": 0.6970000267028809, "wh_vs_that_no_gap": 0.9120000004768372, "wh_vs_that_no_gap_long_distance": 0.9179999828338623, "wh_vs_that_with_gap": 0.07199999690055847, "wh_vs_that_with_gap_long_distance": 0.07800000160932541}, "by_phenomenon": {"island_effects": 0.5061250030994415, "anaphor_agreement": 0.4150000065565109, "s-selection": 0.578000009059906, "argument_structure": 0.5525714201586587, "determiner_noun_agreement": 0.4959999993443489, "subject_verb_agreement": 0.48516667385896045, "ellipsis": 0.3605000078678131, "control_raising": 0.5807999849319458, "quantifiers": 0.2637499952688813, "irregular_forms": 0.4884999990463257, "npi_licensing": 0.4527142856802259, "binding": 0.6418571429593223, "filler_gap_dependency": 0.5897142833897046}}, "paloma": 2621.9480672058744}