{"blimp": {"by_uid": {"adjunct_island": 0.722000002861023, "anaphor_gender_agreement": 0.5090000033378601, "anaphor_number_agreement": 0.7049999833106995, "animate_subject_passive": 0.6930000185966492, "animate_subject_trans": 0.6909999847412109, "causative": 0.4970000088214874, "complex_NP_island": 0.47999998927116394, "coordinate_structure_constraint_complex_left_branch": 0.3919999897480011, "coordinate_structure_constraint_object_extraction": 0.5879999995231628, "determiner_noun_agreement_1": 0.8769999742507935, "determiner_noun_agreement_2": 0.8550000190734863, "determiner_noun_agreement_irregular_1": 0.7269999980926514, "determiner_noun_agreement_irregular_2": 0.8220000267028809, "determiner_noun_agreement_with_adj_2": 0.8080000281333923, "determiner_noun_agreement_with_adj_irregular_1": 0.6700000166893005, "determiner_noun_agreement_with_adj_irregular_2": 0.7620000243186951, "determiner_noun_agreement_with_adjective_1": 0.8349999785423279, "distractor_agreement_relational_noun": 0.22200000286102295, "distractor_agreement_relative_clause": 0.2460000067949295, "drop_argument": 0.6949999928474426, "ellipsis_n_bar_1": 0.48500001430511475, "ellipsis_n_bar_2": 0.5799999833106995, "existential_there_object_raising": 0.7229999899864197, "existential_there_quantifiers_1": 0.8100000023841858, "existential_there_quantifiers_2": 0.34599998593330383, "existential_there_subject_raising": 0.5830000042915344, "expletive_it_object_raising": 0.6830000281333923, "inchoative": 0.37400001287460327, "intransitive": 0.5400000214576721, "irregular_past_participle_adjectives": 0.8339999914169312, "irregular_past_participle_verbs": 0.7049999833106995, "irregular_plural_subject_verb_agreement_1": 0.6729999780654907, "irregular_plural_subject_verb_agreement_2": 0.7120000123977661, "left_branch_island_echo_question": 0.4429999887943268, "left_branch_island_simple_question": 0.4880000054836273, "matrix_question_npi_licensor_present": 0.20600000023841858, "npi_present_1": 0.23499999940395355, "npi_present_2": 0.3089999854564667, "only_npi_licensor_present": 0.10499999672174454, "only_npi_scope": 0.46299999952316284, "passive_1": 0.8169999718666077, "passive_2": 0.8389999866485596, "principle_A_c_command": 0.6060000061988831, "principle_A_case_1": 1.0, "principle_A_case_2": 0.6759999990463257, "principle_A_domain_1": 0.9359999895095825, "principle_A_domain_2": 0.6129999756813049, "principle_A_domain_3": 0.4620000123977661, "principle_A_reconstruction": 0.4790000021457672, "regular_plural_subject_verb_agreement_1": 0.6660000085830688, "regular_plural_subject_verb_agreement_2": 0.671999990940094, "sentential_negation_npi_licensor_present": 0.9760000109672546, "sentential_negation_npi_scope": 0.46000000834465027, "sentential_subject_island": 0.4620000123977661, "superlative_quantifiers_1": 0.7009999752044678, "superlative_quantifiers_2": 0.6980000138282776, "tough_vs_raising_1": 0.367000013589859, "tough_vs_raising_2": 0.6539999842643738, "transitive": 0.6830000281333923, "wh_island": 0.3319999873638153, "wh_questions_object_gap": 0.5830000042915344, "wh_questions_subject_gap": 0.8799999952316284, "wh_questions_subject_gap_long_distance": 0.9549999833106995, "wh_vs_that_no_gap": 0.9409999847412109, "wh_vs_that_no_gap_long_distance": 0.9490000009536743, "wh_vs_that_with_gap": 0.12800000607967377, "wh_vs_that_with_gap_long_distance": 0.06400000303983688}, "by_phenomenon": {"island_effects": 0.4883749969303608, "anaphor_agreement": 0.6069999933242798, "s-selection": 0.69200000166893, "argument_structure": 0.6350000032356807, "determiner_noun_agreement": 0.794500008225441, "subject_verb_agreement": 0.5318333332737287, "ellipsis": 0.5324999988079071, "control_raising": 0.6020000040531158, "quantifiers": 0.6387499943375587, "irregular_forms": 0.7694999873638153, "npi_licensing": 0.39342857152223587, "binding": 0.6817142835685185, "filler_gap_dependency": 0.6428571396640369}}, "paloma": 267.48878177018116}