{"blimp": {"by_uid": {"adjunct_island": 0.75, "anaphor_gender_agreement": 0.5, "anaphor_number_agreement": 0.7379999756813049, "animate_subject_passive": 0.7089999914169312, "animate_subject_trans": 0.6679999828338623, "causative": 0.4909999966621399, "complex_NP_island": 0.4790000021457672, "coordinate_structure_constraint_complex_left_branch": 0.4320000112056732, "coordinate_structure_constraint_object_extraction": 0.6100000143051147, "determiner_noun_agreement_1": 0.8870000243186951, "determiner_noun_agreement_2": 0.8539999723434448, "determiner_noun_agreement_irregular_1": 0.7250000238418579, "determiner_noun_agreement_irregular_2": 0.8389999866485596, "determiner_noun_agreement_with_adj_2": 0.8130000233650208, "determiner_noun_agreement_with_adj_irregular_1": 0.6769999861717224, "determiner_noun_agreement_with_adj_irregular_2": 0.7540000081062317, "determiner_noun_agreement_with_adjective_1": 0.8410000205039978, "distractor_agreement_relational_noun": 0.21899999678134918, "distractor_agreement_relative_clause": 0.23000000417232513, "drop_argument": 0.6819999814033508, "ellipsis_n_bar_1": 0.4869999885559082, "ellipsis_n_bar_2": 0.5889999866485596, "existential_there_object_raising": 0.7310000061988831, "existential_there_quantifiers_1": 0.7889999747276306, "existential_there_quantifiers_2": 0.34299999475479126, "existential_there_subject_raising": 0.6259999871253967, "expletive_it_object_raising": 0.6930000185966492, "inchoative": 0.38499999046325684, "intransitive": 0.5429999828338623, "irregular_past_participle_adjectives": 0.7710000276565552, "irregular_past_participle_verbs": 0.7059999704360962, "irregular_plural_subject_verb_agreement_1": 0.6779999732971191, "irregular_plural_subject_verb_agreement_2": 0.7720000147819519, "left_branch_island_echo_question": 0.5139999985694885, "left_branch_island_simple_question": 0.5099999904632568, "matrix_question_npi_licensor_present": 0.19099999964237213, "npi_present_1": 0.26600000262260437, "npi_present_2": 0.32600000500679016, "only_npi_licensor_present": 0.17499999701976776, "only_npi_scope": 0.5210000276565552, "passive_1": 0.8050000071525574, "passive_2": 0.8450000286102295, "principle_A_c_command": 0.6140000224113464, "principle_A_case_1": 0.9990000128746033, "principle_A_case_2": 0.671999990940094, "principle_A_domain_1": 0.9649999737739563, "principle_A_domain_2": 0.609000027179718, "principle_A_domain_3": 0.46700000762939453, "principle_A_reconstruction": 0.4740000069141388, "regular_plural_subject_verb_agreement_1": 0.6840000152587891, "regular_plural_subject_verb_agreement_2": 0.7239999771118164, "sentential_negation_npi_licensor_present": 0.9860000014305115, "sentential_negation_npi_scope": 0.5019999742507935, "sentential_subject_island": 0.4259999990463257, "superlative_quantifiers_1": 0.8130000233650208, "superlative_quantifiers_2": 0.8159999847412109, "tough_vs_raising_1": 0.3880000114440918, "tough_vs_raising_2": 0.6359999775886536, "transitive": 0.7020000219345093, "wh_island": 0.3700000047683716, "wh_questions_object_gap": 0.597000002861023, "wh_questions_subject_gap": 0.8930000066757202, "wh_questions_subject_gap_long_distance": 0.9539999961853027, "wh_vs_that_no_gap": 0.9459999799728394, "wh_vs_that_no_gap_long_distance": 0.9490000009536743, "wh_vs_that_with_gap": 0.14100000262260437, "wh_vs_that_with_gap_long_distance": 0.0820000022649765}, "by_phenomenon": {"island_effects": 0.5113750025629997, "anaphor_agreement": 0.6189999878406525, "s-selection": 0.6884999871253967, "argument_structure": 0.6361428584371295, "determiner_noun_agreement": 0.7987500056624413, "subject_verb_agreement": 0.5511666635672251, "ellipsis": 0.5379999876022339, "control_raising": 0.6148000001907349, "quantifiers": 0.6902499943971634, "irregular_forms": 0.7384999990463257, "npi_licensing": 0.42385714394705637, "binding": 0.6857142916747502, "filler_gap_dependency": 0.6517142845051629}}, "paloma": 245.13163422175816}