{"blimp": {"by_uid": {"adjunct_island": 0.4869999885559082, "anaphor_gender_agreement": 0.335999995470047, "anaphor_number_agreement": 0.4909999966621399, "animate_subject_passive": 0.6349999904632568, "animate_subject_trans": 0.5189999938011169, "causative": 0.4230000078678131, "complex_NP_island": 0.49900001287460327, "coordinate_structure_constraint_complex_left_branch": 0.5210000276565552, "coordinate_structure_constraint_object_extraction": 0.4860000014305115, "determiner_noun_agreement_1": 0.5080000162124634, "determiner_noun_agreement_2": 0.47999998927116394, "determiner_noun_agreement_irregular_1": 0.5199999809265137, "determiner_noun_agreement_irregular_2": 0.5239999890327454, "determiner_noun_agreement_with_adj_2": 0.47099998593330383, "determiner_noun_agreement_with_adj_irregular_1": 0.453000009059906, "determiner_noun_agreement_with_adj_irregular_2": 0.527999997138977, "determiner_noun_agreement_with_adjective_1": 0.49900001287460327, "distractor_agreement_relational_noun": 0.4690000116825104, "distractor_agreement_relative_clause": 0.4729999899864197, "drop_argument": 0.6959999799728394, "ellipsis_n_bar_1": 0.37599998712539673, "ellipsis_n_bar_2": 0.31200000643730164, "existential_there_object_raising": 0.7200000286102295, "existential_there_quantifiers_1": 0.7400000095367432, "existential_there_quantifiers_2": 0.12300000339746475, "existential_there_subject_raising": 0.5, "expletive_it_object_raising": 0.6330000162124634, "inchoative": 0.38199999928474426, "intransitive": 0.5379999876022339, "irregular_past_participle_adjectives": 0.5950000286102295, "irregular_past_participle_verbs": 0.38499999046325684, "irregular_plural_subject_verb_agreement_1": 0.44699999690055847, "irregular_plural_subject_verb_agreement_2": 0.5109999775886536, "left_branch_island_echo_question": 0.4740000069141388, "left_branch_island_simple_question": 0.5419999957084656, "matrix_question_npi_licensor_present": 0.4560000002384186, "npi_present_1": 0.5619999766349792, "npi_present_2": 0.5260000228881836, "only_npi_licensor_present": 0.0, "only_npi_scope": 0.20200000703334808, "passive_1": 0.6320000290870667, "passive_2": 0.6620000004768372, "principle_A_c_command": 0.656000018119812, "principle_A_case_1": 0.9950000047683716, "principle_A_case_2": 0.47200000286102295, "principle_A_domain_1": 0.871999979019165, "principle_A_domain_2": 0.5509999990463257, "principle_A_domain_3": 0.4749999940395355, "principle_A_reconstruction": 0.49399998784065247, "regular_plural_subject_verb_agreement_1": 0.5099999904632568, "regular_plural_subject_verb_agreement_2": 0.4830000102519989, "sentential_negation_npi_licensor_present": 0.699999988079071, "sentential_negation_npi_scope": 0.7020000219345093, "sentential_subject_island": 0.5419999957084656, "superlative_quantifiers_1": 0.13099999725818634, "superlative_quantifiers_2": 0.3400000035762787, "tough_vs_raising_1": 0.3930000066757202, "tough_vs_raising_2": 0.6610000133514404, "transitive": 0.5580000281333923, "wh_island": 0.5149999856948853, "wh_questions_object_gap": 0.703000009059906, "wh_questions_subject_gap": 0.7739999890327454, "wh_questions_subject_gap_long_distance": 0.7429999709129333, "wh_vs_that_no_gap": 0.9240000247955322, "wh_vs_that_no_gap_long_distance": 0.9430000185966492, "wh_vs_that_with_gap": 0.05400000140070915, "wh_vs_that_with_gap_long_distance": 0.054999999701976776}, "by_phenomenon": {"island_effects": 0.5082500018179417, "anaphor_agreement": 0.41349999606609344, "s-selection": 0.5769999921321869, "argument_structure": 0.5558571474892753, "determiner_noun_agreement": 0.49787499755620956, "subject_verb_agreement": 0.48216666281223297, "ellipsis": 0.3439999967813492, "control_raising": 0.5814000129699707, "quantifiers": 0.33350000344216824, "irregular_forms": 0.49000000953674316, "npi_licensing": 0.4497142881155014, "binding": 0.6449999979564122, "filler_gap_dependency": 0.5994285733572075}}, "paloma": 1974.4261594553027}