{"blimp": {"by_uid": {"adjunct_island": 0.7360000014305115, "anaphor_gender_agreement": 0.5270000100135803, "anaphor_number_agreement": 0.7480000257492065, "animate_subject_passive": 0.7020000219345093, "animate_subject_trans": 0.6759999990463257, "causative": 0.49900001287460327, "complex_NP_island": 0.4909999966621399, "coordinate_structure_constraint_complex_left_branch": 0.42399999499320984, "coordinate_structure_constraint_object_extraction": 0.6190000176429749, "determiner_noun_agreement_1": 0.8809999823570251, "determiner_noun_agreement_2": 0.8579999804496765, "determiner_noun_agreement_irregular_1": 0.7260000109672546, "determiner_noun_agreement_irregular_2": 0.8429999947547913, "determiner_noun_agreement_with_adj_2": 0.8159999847412109, "determiner_noun_agreement_with_adj_irregular_1": 0.671999990940094, "determiner_noun_agreement_with_adj_irregular_2": 0.7570000290870667, "determiner_noun_agreement_with_adjective_1": 0.8460000157356262, "distractor_agreement_relational_noun": 0.21799999475479126, "distractor_agreement_relative_clause": 0.2290000021457672, "drop_argument": 0.6970000267028809, "ellipsis_n_bar_1": 0.4880000054836273, "ellipsis_n_bar_2": 0.5879999995231628, "existential_there_object_raising": 0.7279999852180481, "existential_there_quantifiers_1": 0.7929999828338623, "existential_there_quantifiers_2": 0.3319999873638153, "existential_there_subject_raising": 0.6150000095367432, "expletive_it_object_raising": 0.6919999718666077, "inchoative": 0.3790000081062317, "intransitive": 0.5440000295639038, "irregular_past_participle_adjectives": 0.7879999876022339, "irregular_past_participle_verbs": 0.6970000267028809, "irregular_plural_subject_verb_agreement_1": 0.6759999990463257, "irregular_plural_subject_verb_agreement_2": 0.7730000019073486, "left_branch_island_echo_question": 0.5109999775886536, "left_branch_island_simple_question": 0.5, "matrix_question_npi_licensor_present": 0.19599999487400055, "npi_present_1": 0.2709999978542328, "npi_present_2": 0.328000009059906, "only_npi_licensor_present": 0.16899999976158142, "only_npi_scope": 0.5189999938011169, "passive_1": 0.8069999814033508, "passive_2": 0.847000002861023, "principle_A_c_command": 0.6010000109672546, "principle_A_case_1": 0.9990000128746033, "principle_A_case_2": 0.6679999828338623, "principle_A_domain_1": 0.949999988079071, "principle_A_domain_2": 0.6129999756813049, "principle_A_domain_3": 0.46299999952316284, "principle_A_reconstruction": 0.4480000138282776, "regular_plural_subject_verb_agreement_1": 0.6809999942779541, "regular_plural_subject_verb_agreement_2": 0.7260000109672546, "sentential_negation_npi_licensor_present": 0.9879999756813049, "sentential_negation_npi_scope": 0.4869999885559082, "sentential_subject_island": 0.42100000381469727, "superlative_quantifiers_1": 0.796999990940094, "superlative_quantifiers_2": 0.8080000281333923, "tough_vs_raising_1": 0.3880000114440918, "tough_vs_raising_2": 0.6389999985694885, "transitive": 0.703000009059906, "wh_island": 0.3659999966621399, "wh_questions_object_gap": 0.5920000076293945, "wh_questions_subject_gap": 0.8949999809265137, "wh_questions_subject_gap_long_distance": 0.9549999833106995, "wh_vs_that_no_gap": 0.9520000219345093, "wh_vs_that_no_gap_long_distance": 0.9580000042915344, "wh_vs_that_with_gap": 0.12700000405311584, "wh_vs_that_with_gap_long_distance": 0.07500000298023224}, "by_phenomenon": {"island_effects": 0.5084999985992908, "anaphor_agreement": 0.6375000178813934, "s-selection": 0.6890000104904175, "argument_structure": 0.6394285815102714, "determiner_noun_agreement": 0.7998749986290932, "subject_verb_agreement": 0.5505000005165736, "ellipsis": 0.5380000025033951, "control_raising": 0.6123999953269958, "quantifiers": 0.682499997317791, "irregular_forms": 0.7425000071525574, "npi_licensing": 0.42257142279829296, "binding": 0.6774285691125053, "filler_gap_dependency": 0.6505714293037143}}, "paloma": 244.81916182049474}