{"blimp": {"by_uid": {"adjunct_island": 0.7120000123977661, "anaphor_gender_agreement": 0.4909999966621399, "anaphor_number_agreement": 0.6850000023841858, "animate_subject_passive": 0.6899999976158142, "animate_subject_trans": 0.6949999928474426, "causative": 0.48899999260902405, "complex_NP_island": 0.5, "coordinate_structure_constraint_complex_left_branch": 0.3790000081062317, "coordinate_structure_constraint_object_extraction": 0.5720000267028809, "determiner_noun_agreement_1": 0.8830000162124634, "determiner_noun_agreement_2": 0.8399999737739563, "determiner_noun_agreement_irregular_1": 0.7139999866485596, "determiner_noun_agreement_irregular_2": 0.8209999799728394, "determiner_noun_agreement_with_adj_2": 0.8009999990463257, "determiner_noun_agreement_with_adj_irregular_1": 0.6489999890327454, "determiner_noun_agreement_with_adj_irregular_2": 0.7649999856948853, "determiner_noun_agreement_with_adjective_1": 0.8259999752044678, "distractor_agreement_relational_noun": 0.21199999749660492, "distractor_agreement_relative_clause": 0.2529999911785126, "drop_argument": 0.699999988079071, "ellipsis_n_bar_1": 0.47699999809265137, "ellipsis_n_bar_2": 0.5839999914169312, "existential_there_object_raising": 0.7210000157356262, "existential_there_quantifiers_1": 0.8199999928474426, "existential_there_quantifiers_2": 0.30000001192092896, "existential_there_subject_raising": 0.5899999737739563, "expletive_it_object_raising": 0.6840000152587891, "inchoative": 0.3779999911785126, "intransitive": 0.5540000200271606, "irregular_past_participle_adjectives": 0.8299999833106995, "irregular_past_participle_verbs": 0.7260000109672546, "irregular_plural_subject_verb_agreement_1": 0.6660000085830688, "irregular_plural_subject_verb_agreement_2": 0.7009999752044678, "left_branch_island_echo_question": 0.46700000762939453, "left_branch_island_simple_question": 0.49300000071525574, "matrix_question_npi_licensor_present": 0.2160000056028366, "npi_present_1": 0.2680000066757202, "npi_present_2": 0.3059999942779541, "only_npi_licensor_present": 0.08399999886751175, "only_npi_scope": 0.3959999978542328, "passive_1": 0.8169999718666077, "passive_2": 0.824999988079071, "principle_A_c_command": 0.6169999837875366, "principle_A_case_1": 1.0, "principle_A_case_2": 0.6690000295639038, "principle_A_domain_1": 0.9509999752044678, "principle_A_domain_2": 0.6029999852180481, "principle_A_domain_3": 0.45100000500679016, "principle_A_reconstruction": 0.4699999988079071, "regular_plural_subject_verb_agreement_1": 0.6489999890327454, "regular_plural_subject_verb_agreement_2": 0.6470000147819519, "sentential_negation_npi_licensor_present": 0.9829999804496765, "sentential_negation_npi_scope": 0.4880000054836273, "sentential_subject_island": 0.46299999952316284, "superlative_quantifiers_1": 0.675000011920929, "superlative_quantifiers_2": 0.621999979019165, "tough_vs_raising_1": 0.3499999940395355, "tough_vs_raising_2": 0.6639999747276306, "transitive": 0.6819999814033508, "wh_island": 0.3140000104904175, "wh_questions_object_gap": 0.5649999976158142, "wh_questions_subject_gap": 0.8870000243186951, "wh_questions_subject_gap_long_distance": 0.9459999799728394, "wh_vs_that_no_gap": 0.9459999799728394, "wh_vs_that_no_gap_long_distance": 0.9539999961853027, "wh_vs_that_with_gap": 0.11999999731779099, "wh_vs_that_with_gap_long_distance": 0.07000000029802322}, "by_phenomenon": {"island_effects": 0.48750000819563866, "anaphor_agreement": 0.5879999995231628, "s-selection": 0.6924999952316284, "argument_structure": 0.6349999904632568, "determiner_noun_agreement": 0.7873749881982803, "subject_verb_agreement": 0.5213333293795586, "ellipsis": 0.5304999947547913, "control_raising": 0.6017999947071075, "quantifiers": 0.6042499989271164, "irregular_forms": 0.777999997138977, "npi_licensing": 0.39157142703022274, "binding": 0.6801428539412362, "filler_gap_dependency": 0.6411428536687579}}, "paloma": 275.9832873999034}