{"blimp": {"by_uid": {"adjunct_island": 0.7129999995231628, "anaphor_gender_agreement": 0.5040000081062317, "anaphor_number_agreement": 0.6690000295639038, "animate_subject_passive": 0.6769999861717224, "animate_subject_trans": 0.6949999928474426, "causative": 0.492000013589859, "complex_NP_island": 0.5049999952316284, "coordinate_structure_constraint_complex_left_branch": 0.3370000123977661, "coordinate_structure_constraint_object_extraction": 0.5389999747276306, "determiner_noun_agreement_1": 0.8640000224113464, "determiner_noun_agreement_2": 0.8309999704360962, "determiner_noun_agreement_irregular_1": 0.7250000238418579, "determiner_noun_agreement_irregular_2": 0.8339999914169312, "determiner_noun_agreement_with_adj_2": 0.7829999923706055, "determiner_noun_agreement_with_adj_irregular_1": 0.6359999775886536, "determiner_noun_agreement_with_adj_irregular_2": 0.765999972820282, "determiner_noun_agreement_with_adjective_1": 0.8119999766349792, "distractor_agreement_relational_noun": 0.21400000154972076, "distractor_agreement_relative_clause": 0.2540000081062317, "drop_argument": 0.6970000267028809, "ellipsis_n_bar_1": 0.44200000166893005, "ellipsis_n_bar_2": 0.5490000247955322, "existential_there_object_raising": 0.7300000190734863, "existential_there_quantifiers_1": 0.7990000247955322, "existential_there_quantifiers_2": 0.3190000057220459, "existential_there_subject_raising": 0.5600000023841858, "expletive_it_object_raising": 0.6800000071525574, "inchoative": 0.3790000081062317, "intransitive": 0.5590000152587891, "irregular_past_participle_adjectives": 0.8140000104904175, "irregular_past_participle_verbs": 0.722000002861023, "irregular_plural_subject_verb_agreement_1": 0.6600000262260437, "irregular_plural_subject_verb_agreement_2": 0.6869999766349792, "left_branch_island_echo_question": 0.492000013589859, "left_branch_island_simple_question": 0.4860000014305115, "matrix_question_npi_licensor_present": 0.2199999988079071, "npi_present_1": 0.23399999737739563, "npi_present_2": 0.2770000100135803, "only_npi_licensor_present": 0.09399999678134918, "only_npi_scope": 0.42899999022483826, "passive_1": 0.8159999847412109, "passive_2": 0.8299999833106995, "principle_A_c_command": 0.6039999723434448, "principle_A_case_1": 1.0, "principle_A_case_2": 0.6510000228881836, "principle_A_domain_1": 0.9449999928474426, "principle_A_domain_2": 0.6079999804496765, "principle_A_domain_3": 0.43799999356269836, "principle_A_reconstruction": 0.42800000309944153, "regular_plural_subject_verb_agreement_1": 0.6200000047683716, "regular_plural_subject_verb_agreement_2": 0.6200000047683716, "sentential_negation_npi_licensor_present": 0.9860000014305115, "sentential_negation_npi_scope": 0.45399999618530273, "sentential_subject_island": 0.45899999141693115, "superlative_quantifiers_1": 0.6150000095367432, "superlative_quantifiers_2": 0.5230000019073486, "tough_vs_raising_1": 0.36800000071525574, "tough_vs_raising_2": 0.6710000038146973, "transitive": 0.6890000104904175, "wh_island": 0.24199999868869781, "wh_questions_object_gap": 0.5600000023841858, "wh_questions_subject_gap": 0.8849999904632568, "wh_questions_subject_gap_long_distance": 0.9580000042915344, "wh_vs_that_no_gap": 0.9459999799728394, "wh_vs_that_no_gap_long_distance": 0.9570000171661377, "wh_vs_that_with_gap": 0.10700000077486038, "wh_vs_that_with_gap_long_distance": 0.06199999898672104}, "by_phenomenon": {"island_effects": 0.47162499837577343, "anaphor_agreement": 0.5865000188350677, "s-selection": 0.6859999895095825, "argument_structure": 0.6374285774571555, "determiner_noun_agreement": 0.781374990940094, "subject_verb_agreement": 0.5091666703422865, "ellipsis": 0.49550001323223114, "control_raising": 0.6018000066280365, "quantifiers": 0.5640000104904175, "irregular_forms": 0.7680000066757202, "npi_licensing": 0.38485714154584066, "binding": 0.6677142807415554, "filler_gap_dependency": 0.6392857134342194}}, "paloma": 287.77271948624985}