{"blimp": {"by_uid": {"adjunct_island": 0.49799999594688416, "anaphor_gender_agreement": 0.3449999988079071, "anaphor_number_agreement": 0.492000013589859, "animate_subject_passive": 0.6380000114440918, "animate_subject_trans": 0.5199999809265137, "causative": 0.4189999997615814, "complex_NP_island": 0.49399998784065247, "coordinate_structure_constraint_complex_left_branch": 0.49000000953674316, "coordinate_structure_constraint_object_extraction": 0.4970000088214874, "determiner_noun_agreement_1": 0.5220000147819519, "determiner_noun_agreement_2": 0.48100000619888306, "determiner_noun_agreement_irregular_1": 0.5230000019073486, "determiner_noun_agreement_irregular_2": 0.5260000228881836, "determiner_noun_agreement_with_adj_2": 0.47200000286102295, "determiner_noun_agreement_with_adj_irregular_1": 0.453000009059906, "determiner_noun_agreement_with_adj_irregular_2": 0.5230000019073486, "determiner_noun_agreement_with_adjective_1": 0.4880000054836273, "distractor_agreement_relational_noun": 0.453000009059906, "distractor_agreement_relative_clause": 0.47200000286102295, "drop_argument": 0.6970000267028809, "ellipsis_n_bar_1": 0.3490000069141388, "ellipsis_n_bar_2": 0.3179999887943268, "existential_there_object_raising": 0.7229999899864197, "existential_there_quantifiers_1": 0.7649999856948853, "existential_there_quantifiers_2": 0.14499999582767487, "existential_there_subject_raising": 0.48100000619888306, "expletive_it_object_raising": 0.6389999985694885, "inchoative": 0.38199999928474426, "intransitive": 0.5519999861717224, "irregular_past_participle_adjectives": 0.5590000152587891, "irregular_past_participle_verbs": 0.39899998903274536, "irregular_plural_subject_verb_agreement_1": 0.45899999141693115, "irregular_plural_subject_verb_agreement_2": 0.503000020980835, "left_branch_island_echo_question": 0.4779999852180481, "left_branch_island_simple_question": 0.5049999952316284, "matrix_question_npi_licensor_present": 0.43799999356269836, "npi_present_1": 0.550000011920929, "npi_present_2": 0.5239999890327454, "only_npi_licensor_present": 0.0010000000474974513, "only_npi_scope": 0.19900000095367432, "passive_1": 0.6389999985694885, "passive_2": 0.6629999876022339, "principle_A_c_command": 0.6679999828338623, "principle_A_case_1": 0.9950000047683716, "principle_A_case_2": 0.4699999988079071, "principle_A_domain_1": 0.8830000162124634, "principle_A_domain_2": 0.550000011920929, "principle_A_domain_3": 0.46700000762939453, "principle_A_reconstruction": 0.4449999928474426, "regular_plural_subject_verb_agreement_1": 0.5139999985694885, "regular_plural_subject_verb_agreement_2": 0.47999998927116394, "sentential_negation_npi_licensor_present": 0.6990000009536743, "sentential_negation_npi_scope": 0.6679999828338623, "sentential_subject_island": 0.5389999747276306, "superlative_quantifiers_1": 0.16099999845027924, "superlative_quantifiers_2": 0.3700000047683716, "tough_vs_raising_1": 0.4090000092983246, "tough_vs_raising_2": 0.6349999904632568, "transitive": 0.5609999895095825, "wh_island": 0.5630000233650208, "wh_questions_object_gap": 0.6790000200271606, "wh_questions_subject_gap": 0.7879999876022339, "wh_questions_subject_gap_long_distance": 0.7559999823570251, "wh_vs_that_no_gap": 0.9279999732971191, "wh_vs_that_no_gap_long_distance": 0.9419999718666077, "wh_vs_that_with_gap": 0.04800000041723251, "wh_vs_that_with_gap_long_distance": 0.05400000140070915}, "by_phenomenon": {"island_effects": 0.5079999975860119, "anaphor_agreement": 0.41850000619888306, "s-selection": 0.5789999961853027, "argument_structure": 0.5589999982288906, "determiner_noun_agreement": 0.498500008136034, "subject_verb_agreement": 0.4801666686932246, "ellipsis": 0.3334999978542328, "control_raising": 0.5773999989032745, "quantifiers": 0.36024999618530273, "irregular_forms": 0.4790000021457672, "npi_licensing": 0.4398571399007259, "binding": 0.6397142878600529, "filler_gap_dependency": 0.5992857052811554}}, "paloma": 1736.2671466255852}