{"blimp": {"by_uid": {"adjunct_island": 0.4740000069141388, "anaphor_gender_agreement": 0.4180000126361847, "anaphor_number_agreement": 0.49799999594688416, "animate_subject_passive": 0.5720000267028809, "animate_subject_trans": 0.5590000152587891, "causative": 0.44200000166893005, "complex_NP_island": 0.5389999747276306, "coordinate_structure_constraint_complex_left_branch": 0.5630000233650208, "coordinate_structure_constraint_object_extraction": 0.5870000123977661, "determiner_noun_agreement_1": 0.515999972820282, "determiner_noun_agreement_2": 0.5, "determiner_noun_agreement_irregular_1": 0.5289999842643738, "determiner_noun_agreement_irregular_2": 0.4869999885559082, "determiner_noun_agreement_with_adj_2": 0.4880000054836273, "determiner_noun_agreement_with_adj_irregular_1": 0.4819999933242798, "determiner_noun_agreement_with_adj_irregular_2": 0.48500001430511475, "determiner_noun_agreement_with_adjective_1": 0.5090000033378601, "distractor_agreement_relational_noun": 0.47699999809265137, "distractor_agreement_relative_clause": 0.4740000069141388, "drop_argument": 0.6930000185966492, "ellipsis_n_bar_1": 0.4620000123977661, "ellipsis_n_bar_2": 0.3630000054836273, "existential_there_object_raising": 0.6320000290870667, "existential_there_quantifiers_1": 0.29100000858306885, "existential_there_quantifiers_2": 0.02199999988079071, "existential_there_subject_raising": 0.5230000019073486, "expletive_it_object_raising": 0.5789999961853027, "inchoative": 0.4230000078678131, "intransitive": 0.5730000138282776, "irregular_past_participle_adjectives": 0.5809999704360962, "irregular_past_participle_verbs": 0.43700000643730164, "irregular_plural_subject_verb_agreement_1": 0.4580000042915344, "irregular_plural_subject_verb_agreement_2": 0.515999972820282, "left_branch_island_echo_question": 0.44699999690055847, "left_branch_island_simple_question": 0.5230000019073486, "matrix_question_npi_licensor_present": 0.6299999952316284, "npi_present_1": 0.5210000276565552, "npi_present_2": 0.48399999737739563, "only_npi_licensor_present": 0.02199999988079071, "only_npi_scope": 0.32600000500679016, "passive_1": 0.574999988079071, "passive_2": 0.6140000224113464, "principle_A_c_command": 0.6179999709129333, "principle_A_case_1": 0.8029999732971191, "principle_A_case_2": 0.47099998593330383, "principle_A_domain_1": 0.4909999966621399, "principle_A_domain_2": 0.5149999856948853, "principle_A_domain_3": 0.4690000116825104, "principle_A_reconstruction": 0.5099999904632568, "regular_plural_subject_verb_agreement_1": 0.546999990940094, "regular_plural_subject_verb_agreement_2": 0.4690000116825104, "sentential_negation_npi_licensor_present": 0.5220000147819519, "sentential_negation_npi_scope": 0.6069999933242798, "sentential_subject_island": 0.5180000066757202, "superlative_quantifiers_1": 0.24199999868869781, "superlative_quantifiers_2": 0.2070000022649765, "tough_vs_raising_1": 0.3709999918937683, "tough_vs_raising_2": 0.6710000038146973, "transitive": 0.5170000195503235, "wh_island": 0.32499998807907104, "wh_questions_object_gap": 0.5090000033378601, "wh_questions_subject_gap": 0.5450000166893005, "wh_questions_subject_gap_long_distance": 0.4320000112056732, "wh_vs_that_no_gap": 0.5960000157356262, "wh_vs_that_no_gap_long_distance": 0.6230000257492065, "wh_vs_that_with_gap": 0.3580000102519989, "wh_vs_that_with_gap_long_distance": 0.3930000066757202}, "by_phenomenon": {"island_effects": 0.49700000137090683, "anaphor_agreement": 0.4580000042915344, "s-selection": 0.565500020980835, "argument_structure": 0.5481428674289158, "determiner_noun_agreement": 0.49949999526143074, "subject_verb_agreement": 0.49016666412353516, "ellipsis": 0.4125000089406967, "control_raising": 0.5552000045776367, "quantifiers": 0.19050000235438347, "irregular_forms": 0.5089999884366989, "npi_licensing": 0.44457143332277027, "binding": 0.5538571306637355, "filler_gap_dependency": 0.49371429852076937}}, "paloma": 24140.43063888284}