{"blimp": {"by_uid": {"adjunct_island": 0.7319999933242798, "anaphor_gender_agreement": 0.5220000147819519, "anaphor_number_agreement": 0.75, "animate_subject_passive": 0.6949999928474426, "animate_subject_trans": 0.6759999990463257, "causative": 0.4819999933242798, "complex_NP_island": 0.47699999809265137, "coordinate_structure_constraint_complex_left_branch": 0.44600000977516174, "coordinate_structure_constraint_object_extraction": 0.6370000243186951, "determiner_noun_agreement_1": 0.8759999871253967, "determiner_noun_agreement_2": 0.8679999709129333, "determiner_noun_agreement_irregular_1": 0.7139999866485596, "determiner_noun_agreement_irregular_2": 0.8450000286102295, "determiner_noun_agreement_with_adj_2": 0.8119999766349792, "determiner_noun_agreement_with_adj_irregular_1": 0.6859999895095825, "determiner_noun_agreement_with_adj_irregular_2": 0.7519999742507935, "determiner_noun_agreement_with_adjective_1": 0.8450000286102295, "distractor_agreement_relational_noun": 0.22100000083446503, "distractor_agreement_relative_clause": 0.21799999475479126, "drop_argument": 0.6990000009536743, "ellipsis_n_bar_1": 0.49000000953674316, "ellipsis_n_bar_2": 0.5870000123977661, "existential_there_object_raising": 0.7440000176429749, "existential_there_quantifiers_1": 0.7789999842643738, "existential_there_quantifiers_2": 0.3490000069141388, "existential_there_subject_raising": 0.6430000066757202, "expletive_it_object_raising": 0.6970000267028809, "inchoative": 0.38999998569488525, "intransitive": 0.5540000200271606, "irregular_past_participle_adjectives": 0.7839999794960022, "irregular_past_participle_verbs": 0.699999988079071, "irregular_plural_subject_verb_agreement_1": 0.671999990940094, "irregular_plural_subject_verb_agreement_2": 0.7720000147819519, "left_branch_island_echo_question": 0.5350000262260437, "left_branch_island_simple_question": 0.5170000195503235, "matrix_question_npi_licensor_present": 0.2029999941587448, "npi_present_1": 0.22699999809265137, "npi_present_2": 0.3019999861717224, "only_npi_licensor_present": 0.15600000321865082, "only_npi_scope": 0.5239999890327454, "passive_1": 0.8069999814033508, "passive_2": 0.8389999866485596, "principle_A_c_command": 0.5720000267028809, "principle_A_case_1": 0.9990000128746033, "principle_A_case_2": 0.6710000038146973, "principle_A_domain_1": 0.9599999785423279, "principle_A_domain_2": 0.628000020980835, "principle_A_domain_3": 0.46399998664855957, "principle_A_reconstruction": 0.44200000166893005, "regular_plural_subject_verb_agreement_1": 0.6830000281333923, "regular_plural_subject_verb_agreement_2": 0.734000027179718, "sentential_negation_npi_licensor_present": 0.9909999966621399, "sentential_negation_npi_scope": 0.49900001287460327, "sentential_subject_island": 0.42399999499320984, "superlative_quantifiers_1": 0.8080000281333923, "superlative_quantifiers_2": 0.8140000104904175, "tough_vs_raising_1": 0.39100000262260437, "tough_vs_raising_2": 0.6489999890327454, "transitive": 0.6959999799728394, "wh_island": 0.40400001406669617, "wh_questions_object_gap": 0.5920000076293945, "wh_questions_subject_gap": 0.9070000052452087, "wh_questions_subject_gap_long_distance": 0.9520000219345093, "wh_vs_that_no_gap": 0.953000009059906, "wh_vs_that_no_gap_long_distance": 0.949999988079071, "wh_vs_that_with_gap": 0.13199999928474426, "wh_vs_that_with_gap_long_distance": 0.09300000220537186}, "by_phenomenon": {"island_effects": 0.5215000100433826, "anaphor_agreement": 0.636000007390976, "s-selection": 0.6854999959468842, "argument_structure": 0.6381428497178214, "determiner_noun_agreement": 0.799749992787838, "subject_verb_agreement": 0.5500000094374021, "ellipsis": 0.5385000109672546, "control_raising": 0.6248000085353851, "quantifiers": 0.6875000074505806, "irregular_forms": 0.7419999837875366, "npi_licensing": 0.4145714257444654, "binding": 0.676571433033262, "filler_gap_dependency": 0.6541428619197437}}, "paloma": 238.0331097865354}