{"blimp": {"by_uid": {"adjunct_island": 0.7170000076293945, "anaphor_gender_agreement": 0.4869999885559082, "anaphor_number_agreement": 0.6629999876022339, "animate_subject_passive": 0.6859999895095825, "animate_subject_trans": 0.6899999976158142, "causative": 0.48899999260902405, "complex_NP_island": 0.5019999742507935, "coordinate_structure_constraint_complex_left_branch": 0.3409999907016754, "coordinate_structure_constraint_object_extraction": 0.5270000100135803, "determiner_noun_agreement_1": 0.8679999709129333, "determiner_noun_agreement_2": 0.8389999866485596, "determiner_noun_agreement_irregular_1": 0.7260000109672546, "determiner_noun_agreement_irregular_2": 0.8320000171661377, "determiner_noun_agreement_with_adj_2": 0.7910000085830688, "determiner_noun_agreement_with_adj_irregular_1": 0.6499999761581421, "determiner_noun_agreement_with_adj_irregular_2": 0.7699999809265137, "determiner_noun_agreement_with_adjective_1": 0.8149999976158142, "distractor_agreement_relational_noun": 0.20200000703334808, "distractor_agreement_relative_clause": 0.24799999594688416, "drop_argument": 0.6930000185966492, "ellipsis_n_bar_1": 0.4429999887943268, "ellipsis_n_bar_2": 0.5640000104904175, "existential_there_object_raising": 0.7239999771118164, "existential_there_quantifiers_1": 0.7850000262260437, "existential_there_quantifiers_2": 0.31700000166893005, "existential_there_subject_raising": 0.5720000267028809, "expletive_it_object_raising": 0.6809999942779541, "inchoative": 0.3779999911785126, "intransitive": 0.5580000281333923, "irregular_past_participle_adjectives": 0.8399999737739563, "irregular_past_participle_verbs": 0.7360000014305115, "irregular_plural_subject_verb_agreement_1": 0.656000018119812, "irregular_plural_subject_verb_agreement_2": 0.6830000281333923, "left_branch_island_echo_question": 0.5009999871253967, "left_branch_island_simple_question": 0.49399998784065247, "matrix_question_npi_licensor_present": 0.23000000417232513, "npi_present_1": 0.2370000034570694, "npi_present_2": 0.27399998903274536, "only_npi_licensor_present": 0.08900000154972076, "only_npi_scope": 0.4099999964237213, "passive_1": 0.8090000152587891, "passive_2": 0.8220000267028809, "principle_A_c_command": 0.6060000061988831, "principle_A_case_1": 1.0, "principle_A_case_2": 0.6520000100135803, "principle_A_domain_1": 0.9409999847412109, "principle_A_domain_2": 0.6060000061988831, "principle_A_domain_3": 0.4399999976158142, "principle_A_reconstruction": 0.4440000057220459, "regular_plural_subject_verb_agreement_1": 0.6330000162124634, "regular_plural_subject_verb_agreement_2": 0.6110000014305115, "sentential_negation_npi_licensor_present": 0.9869999885559082, "sentential_negation_npi_scope": 0.4480000138282776, "sentential_subject_island": 0.4620000123977661, "superlative_quantifiers_1": 0.6399999856948853, "superlative_quantifiers_2": 0.5509999990463257, "tough_vs_raising_1": 0.36399999260902405, "tough_vs_raising_2": 0.6669999957084656, "transitive": 0.6840000152587891, "wh_island": 0.22100000083446503, "wh_questions_object_gap": 0.5540000200271606, "wh_questions_subject_gap": 0.8830000162124634, "wh_questions_subject_gap_long_distance": 0.9549999833106995, "wh_vs_that_no_gap": 0.9409999847412109, "wh_vs_that_no_gap_long_distance": 0.9570000171661377, "wh_vs_that_with_gap": 0.1080000028014183, "wh_vs_that_with_gap_long_distance": 0.05900000035762787}, "by_phenomenon": {"island_effects": 0.4706249963492155, "anaphor_agreement": 0.574999988079071, "s-selection": 0.6879999935626984, "argument_structure": 0.6332857268197196, "determiner_noun_agreement": 0.786374993622303, "subject_verb_agreement": 0.5055000111460686, "ellipsis": 0.5034999996423721, "control_raising": 0.6015999972820282, "quantifiers": 0.5732500031590462, "irregular_forms": 0.7879999876022339, "npi_licensing": 0.3821428567171097, "binding": 0.6698571443557739, "filler_gap_dependency": 0.6367142892309597}}, "paloma": 297.3807922702218}