{"blimp": {"by_uid": {"adjunct_island": 0.7139999866485596, "anaphor_gender_agreement": 0.45500001311302185, "anaphor_number_agreement": 0.5759999752044678, "animate_subject_passive": 0.6639999747276306, "animate_subject_trans": 0.5910000205039978, "causative": 0.43299999833106995, "complex_NP_island": 0.5090000033378601, "coordinate_structure_constraint_complex_left_branch": 0.3630000054836273, "coordinate_structure_constraint_object_extraction": 0.40400001406669617, "determiner_noun_agreement_1": 0.6949999928474426, "determiner_noun_agreement_2": 0.6629999876022339, "determiner_noun_agreement_irregular_1": 0.6320000290870667, "determiner_noun_agreement_irregular_2": 0.6959999799728394, "determiner_noun_agreement_with_adj_2": 0.48500001430511475, "determiner_noun_agreement_with_adj_irregular_1": 0.48399999737739563, "determiner_noun_agreement_with_adj_irregular_2": 0.527999997138977, "determiner_noun_agreement_with_adjective_1": 0.5, "distractor_agreement_relational_noun": 0.4000000059604645, "distractor_agreement_relative_clause": 0.34299999475479126, "drop_argument": 0.6980000138282776, "ellipsis_n_bar_1": 0.2750000059604645, "ellipsis_n_bar_2": 0.3089999854564667, "existential_there_object_raising": 0.7269999980926514, "existential_there_quantifiers_1": 0.7960000038146973, "existential_there_quantifiers_2": 0.2150000035762787, "existential_there_subject_raising": 0.4620000123977661, "expletive_it_object_raising": 0.6779999732971191, "inchoative": 0.3799999952316284, "intransitive": 0.5929999947547913, "irregular_past_participle_adjectives": 0.5870000123977661, "irregular_past_participle_verbs": 0.7120000123977661, "irregular_plural_subject_verb_agreement_1": 0.531000018119812, "irregular_plural_subject_verb_agreement_2": 0.5619999766349792, "left_branch_island_echo_question": 0.6309999823570251, "left_branch_island_simple_question": 0.4059999883174896, "matrix_question_npi_licensor_present": 0.1340000033378601, "npi_present_1": 0.20900000631809235, "npi_present_2": 0.3880000114440918, "only_npi_licensor_present": 0.3499999940395355, "only_npi_scope": 0.5410000085830688, "passive_1": 0.7390000224113464, "passive_2": 0.7329999804496765, "principle_A_c_command": 0.5960000157356262, "principle_A_case_1": 1.0, "principle_A_case_2": 0.5690000057220459, "principle_A_domain_1": 0.9110000133514404, "principle_A_domain_2": 0.5479999780654907, "principle_A_domain_3": 0.44200000166893005, "principle_A_reconstruction": 0.29600000381469727, "regular_plural_subject_verb_agreement_1": 0.6359999775886536, "regular_plural_subject_verb_agreement_2": 0.5170000195503235, "sentential_negation_npi_licensor_present": 0.9649999737739563, "sentential_negation_npi_scope": 0.4819999933242798, "sentential_subject_island": 0.5350000262260437, "superlative_quantifiers_1": 0.5839999914169312, "superlative_quantifiers_2": 0.9779999852180481, "tough_vs_raising_1": 0.45500001311302185, "tough_vs_raising_2": 0.5989999771118164, "transitive": 0.6129999756813049, "wh_island": 0.5320000052452087, "wh_questions_object_gap": 0.5400000214576721, "wh_questions_subject_gap": 0.8149999976158142, "wh_questions_subject_gap_long_distance": 0.8889999985694885, "wh_vs_that_no_gap": 0.953000009059906, "wh_vs_that_no_gap_long_distance": 0.9169999957084656, "wh_vs_that_with_gap": 0.0560000017285347, "wh_vs_that_with_gap_long_distance": 0.06400000303983688}, "by_phenomenon": {"island_effects": 0.5117500014603138, "anaphor_agreement": 0.5154999941587448, "s-selection": 0.6274999976158142, "argument_structure": 0.5984285686697278, "determiner_noun_agreement": 0.5853749997913837, "subject_verb_agreement": 0.49816666543483734, "ellipsis": 0.2919999957084656, "control_raising": 0.584199994802475, "quantifiers": 0.6432499960064888, "irregular_forms": 0.6495000123977661, "npi_licensing": 0.43842857011726927, "binding": 0.6231428597654615, "filler_gap_dependency": 0.6048571467399597}}, "paloma": 630.2699623639576}