{"blimp": {"by_uid": {"adjunct_island": 0.7419999837875366, "anaphor_gender_agreement": 0.5, "anaphor_number_agreement": 0.671999990940094, "animate_subject_passive": 0.6940000057220459, "animate_subject_trans": 0.6539999842643738, "causative": 0.460999995470047, "complex_NP_island": 0.5360000133514404, "coordinate_structure_constraint_complex_left_branch": 0.3779999911785126, "coordinate_structure_constraint_object_extraction": 0.48399999737739563, "determiner_noun_agreement_1": 0.8140000104904175, "determiner_noun_agreement_2": 0.7910000085830688, "determiner_noun_agreement_irregular_1": 0.7129999995231628, "determiner_noun_agreement_irregular_2": 0.7870000004768372, "determiner_noun_agreement_with_adj_2": 0.6759999990463257, "determiner_noun_agreement_with_adj_irregular_1": 0.6050000190734863, "determiner_noun_agreement_with_adj_irregular_2": 0.7059999704360962, "determiner_noun_agreement_with_adjective_1": 0.7229999899864197, "distractor_agreement_relational_noun": 0.24400000274181366, "distractor_agreement_relative_clause": 0.2540000081062317, "drop_argument": 0.7009999752044678, "ellipsis_n_bar_1": 0.4099999964237213, "ellipsis_n_bar_2": 0.47600001096725464, "existential_there_object_raising": 0.7239999771118164, "existential_there_quantifiers_1": 0.734000027179718, "existential_there_quantifiers_2": 0.3529999852180481, "existential_there_subject_raising": 0.5080000162124634, "expletive_it_object_raising": 0.6800000071525574, "inchoative": 0.36500000953674316, "intransitive": 0.5950000286102295, "irregular_past_participle_adjectives": 0.7200000286102295, "irregular_past_participle_verbs": 0.7139999866485596, "irregular_plural_subject_verb_agreement_1": 0.6169999837875366, "irregular_plural_subject_verb_agreement_2": 0.6320000290870667, "left_branch_island_echo_question": 0.5740000009536743, "left_branch_island_simple_question": 0.49799999594688416, "matrix_question_npi_licensor_present": 0.20900000631809235, "npi_present_1": 0.2029999941587448, "npi_present_2": 0.3070000112056732, "only_npi_licensor_present": 0.1589999943971634, "only_npi_scope": 0.5339999794960022, "passive_1": 0.7960000038146973, "passive_2": 0.7900000214576721, "principle_A_c_command": 0.5870000123977661, "principle_A_case_1": 1.0, "principle_A_case_2": 0.546999990940094, "principle_A_domain_1": 0.8949999809265137, "principle_A_domain_2": 0.5809999704360962, "principle_A_domain_3": 0.41999998688697815, "principle_A_reconstruction": 0.2980000078678131, "regular_plural_subject_verb_agreement_1": 0.6129999756813049, "regular_plural_subject_verb_agreement_2": 0.5669999718666077, "sentential_negation_npi_licensor_present": 0.9660000205039978, "sentential_negation_npi_scope": 0.46299999952316284, "sentential_subject_island": 0.41499999165534973, "superlative_quantifiers_1": 0.5669999718666077, "superlative_quantifiers_2": 0.7070000171661377, "tough_vs_raising_1": 0.45100000500679016, "tough_vs_raising_2": 0.6029999852180481, "transitive": 0.652999997138977, "wh_island": 0.3970000147819519, "wh_questions_object_gap": 0.4950000047683716, "wh_questions_subject_gap": 0.8330000042915344, "wh_questions_subject_gap_long_distance": 0.9160000085830688, "wh_vs_that_no_gap": 0.9359999895095825, "wh_vs_that_no_gap_long_distance": 0.9620000123977661, "wh_vs_that_with_gap": 0.0989999994635582, "wh_vs_that_with_gap_long_distance": 0.050999999046325684}, "by_phenomenon": {"island_effects": 0.5029999986290932, "anaphor_agreement": 0.585999995470047, "s-selection": 0.6739999949932098, "argument_structure": 0.6230000044618335, "determiner_noun_agreement": 0.7268749997019768, "subject_verb_agreement": 0.48783332854509354, "ellipsis": 0.443000003695488, "control_raising": 0.5931999981403351, "quantifiers": 0.5902500003576279, "irregular_forms": 0.7170000076293945, "npi_licensing": 0.4058571436575481, "binding": 0.6182857070650373, "filler_gap_dependency": 0.6131428597228867}}, "paloma": 417.1116592420518}