{"blimp": {"by_uid": {"adjunct_island": 0.5099999904632568, "anaphor_gender_agreement": 0.3479999899864197, "anaphor_number_agreement": 0.48399999737739563, "animate_subject_passive": 0.6340000033378601, "animate_subject_trans": 0.5180000066757202, "causative": 0.4180000126361847, "complex_NP_island": 0.4909999966621399, "coordinate_structure_constraint_complex_left_branch": 0.46799999475479126, "coordinate_structure_constraint_object_extraction": 0.5040000081062317, "determiner_noun_agreement_1": 0.5230000019073486, "determiner_noun_agreement_2": 0.4790000021457672, "determiner_noun_agreement_irregular_1": 0.5230000019073486, "determiner_noun_agreement_irregular_2": 0.5220000147819519, "determiner_noun_agreement_with_adj_2": 0.4729999899864197, "determiner_noun_agreement_with_adj_irregular_1": 0.45500001311302185, "determiner_noun_agreement_with_adj_irregular_2": 0.5239999890327454, "determiner_noun_agreement_with_adjective_1": 0.47999998927116394, "distractor_agreement_relational_noun": 0.43799999356269836, "distractor_agreement_relative_clause": 0.47099998593330383, "drop_argument": 0.699999988079071, "ellipsis_n_bar_1": 0.33799999952316284, "ellipsis_n_bar_2": 0.3240000009536743, "existential_there_object_raising": 0.7239999771118164, "existential_there_quantifiers_1": 0.777999997138977, "existential_there_quantifiers_2": 0.16300000250339508, "existential_there_subject_raising": 0.4729999899864197, "expletive_it_object_raising": 0.6389999985694885, "inchoative": 0.38199999928474426, "intransitive": 0.5590000152587891, "irregular_past_participle_adjectives": 0.5370000004768372, "irregular_past_participle_verbs": 0.41600000858306885, "irregular_plural_subject_verb_agreement_1": 0.460999995470047, "irregular_plural_subject_verb_agreement_2": 0.49900001287460327, "left_branch_island_echo_question": 0.4869999885559082, "left_branch_island_simple_question": 0.49399998784065247, "matrix_question_npi_licensor_present": 0.4269999861717224, "npi_present_1": 0.5400000214576721, "npi_present_2": 0.5210000276565552, "only_npi_licensor_present": 0.0010000000474974513, "only_npi_scope": 0.19699999690055847, "passive_1": 0.6420000195503235, "passive_2": 0.6650000214576721, "principle_A_c_command": 0.6629999876022339, "principle_A_case_1": 0.9929999709129333, "principle_A_case_2": 0.4699999988079071, "principle_A_domain_1": 0.8759999871253967, "principle_A_domain_2": 0.5550000071525574, "principle_A_domain_3": 0.47099998593330383, "principle_A_reconstruction": 0.42899999022483826, "regular_plural_subject_verb_agreement_1": 0.5130000114440918, "regular_plural_subject_verb_agreement_2": 0.48500001430511475, "sentential_negation_npi_licensor_present": 0.6940000057220459, "sentential_negation_npi_scope": 0.6520000100135803, "sentential_subject_island": 0.5339999794960022, "superlative_quantifiers_1": 0.17000000178813934, "superlative_quantifiers_2": 0.39100000262260437, "tough_vs_raising_1": 0.4230000078678131, "tough_vs_raising_2": 0.6200000047683716, "transitive": 0.5649999976158142, "wh_island": 0.5849999785423279, "wh_questions_object_gap": 0.6600000262260437, "wh_questions_subject_gap": 0.8040000200271606, "wh_questions_subject_gap_long_distance": 0.7649999856948853, "wh_vs_that_no_gap": 0.925000011920929, "wh_vs_that_no_gap_long_distance": 0.9369999766349792, "wh_vs_that_with_gap": 0.05299999937415123, "wh_vs_that_with_gap_long_distance": 0.05900000035762787}, "by_phenomenon": {"island_effects": 0.5091249905526638, "anaphor_agreement": 0.41599999368190765, "s-selection": 0.5760000050067902, "argument_structure": 0.5615714362689427, "determiner_noun_agreement": 0.4973750002682209, "subject_verb_agreement": 0.4778333355983098, "ellipsis": 0.3310000002384186, "control_raising": 0.5757999956607819, "quantifiers": 0.37550000101327896, "irregular_forms": 0.476500004529953, "npi_licensing": 0.4331428639956617, "binding": 0.6367142753941673, "filler_gap_dependency": 0.6004285743193967}}, "paloma": 1623.4844045818475}