{"blimp": {"by_uid": {"adjunct_island": 0.5109999775886536, "anaphor_gender_agreement": 0.4569999873638153, "anaphor_number_agreement": 0.49799999594688416, "animate_subject_passive": 0.5230000019073486, "animate_subject_trans": 0.5809999704360962, "causative": 0.43299999833106995, "complex_NP_island": 0.5329999923706055, "coordinate_structure_constraint_complex_left_branch": 0.5699999928474426, "coordinate_structure_constraint_object_extraction": 0.5600000023841858, "determiner_noun_agreement_1": 0.492000013589859, "determiner_noun_agreement_2": 0.5189999938011169, "determiner_noun_agreement_irregular_1": 0.5040000081062317, "determiner_noun_agreement_irregular_2": 0.47099998593330383, "determiner_noun_agreement_with_adj_2": 0.5130000114440918, "determiner_noun_agreement_with_adj_irregular_1": 0.47600001096725464, "determiner_noun_agreement_with_adj_irregular_2": 0.48500001430511475, "determiner_noun_agreement_with_adjective_1": 0.5139999985694885, "distractor_agreement_relational_noun": 0.492000013589859, "distractor_agreement_relative_clause": 0.4880000054836273, "drop_argument": 0.6930000185966492, "ellipsis_n_bar_1": 0.5600000023841858, "ellipsis_n_bar_2": 0.33799999952316284, "existential_there_object_raising": 0.597000002861023, "existential_there_quantifiers_1": 0.21400000154972076, "existential_there_quantifiers_2": 0.3499999940395355, "existential_there_subject_raising": 0.4790000021457672, "expletive_it_object_raising": 0.5759999752044678, "inchoative": 0.4230000078678131, "intransitive": 0.5889999866485596, "irregular_past_participle_adjectives": 0.5590000152587891, "irregular_past_participle_verbs": 0.48500001430511475, "irregular_plural_subject_verb_agreement_1": 0.4729999899864197, "irregular_plural_subject_verb_agreement_2": 0.5479999780654907, "left_branch_island_echo_question": 0.414000004529953, "left_branch_island_simple_question": 0.5070000290870667, "matrix_question_npi_licensor_present": 0.6140000224113464, "npi_present_1": 0.4880000054836273, "npi_present_2": 0.4359999895095825, "only_npi_licensor_present": 0.421999990940094, "only_npi_scope": 0.6069999933242798, "passive_1": 0.5690000057220459, "passive_2": 0.6200000047683716, "principle_A_c_command": 0.49799999594688416, "principle_A_case_1": 0.5090000033378601, "principle_A_case_2": 0.4569999873638153, "principle_A_domain_1": 0.3720000088214874, "principle_A_domain_2": 0.5149999856948853, "principle_A_domain_3": 0.45500001311302185, "principle_A_reconstruction": 0.5, "regular_plural_subject_verb_agreement_1": 0.5350000262260437, "regular_plural_subject_verb_agreement_2": 0.47699999809265137, "sentential_negation_npi_licensor_present": 0.847000002861023, "sentential_negation_npi_scope": 0.5440000295639038, "sentential_subject_island": 0.4880000054836273, "superlative_quantifiers_1": 0.4050000011920929, "superlative_quantifiers_2": 0.527999997138977, "tough_vs_raising_1": 0.4269999861717224, "tough_vs_raising_2": 0.5979999899864197, "transitive": 0.5180000066757202, "wh_island": 0.3529999852180481, "wh_questions_object_gap": 0.4429999887943268, "wh_questions_subject_gap": 0.39399999380111694, "wh_questions_subject_gap_long_distance": 0.3569999933242798, "wh_vs_that_no_gap": 0.3269999921321869, "wh_vs_that_no_gap_long_distance": 0.3199999928474426, "wh_vs_that_with_gap": 0.6499999761581421, "wh_vs_that_with_gap_long_distance": 0.7089999914169312}, "by_phenomenon": {"island_effects": 0.4919999986886978, "anaphor_agreement": 0.47749999165534973, "s-selection": 0.5519999861717224, "argument_structure": 0.54928571837289, "determiner_noun_agreement": 0.49675000458955765, "subject_verb_agreement": 0.5021666685740153, "ellipsis": 0.4490000009536743, "control_raising": 0.53539999127388, "quantifiers": 0.37424999848008156, "irregular_forms": 0.5220000147819519, "npi_licensing": 0.5654285762991224, "binding": 0.47228571346827913, "filler_gap_dependency": 0.457142846924918}}, "paloma": 57364.68803081446}