{"blimp": {"by_uid": {"adjunct_island": 0.7319999933242798, "anaphor_gender_agreement": 0.5080000162124634, "anaphor_number_agreement": 0.7200000286102295, "animate_subject_passive": 0.7049999833106995, "animate_subject_trans": 0.6850000023841858, "causative": 0.4830000102519989, "complex_NP_island": 0.48399999737739563, "coordinate_structure_constraint_complex_left_branch": 0.4180000126361847, "coordinate_structure_constraint_object_extraction": 0.6399999856948853, "determiner_noun_agreement_1": 0.871999979019165, "determiner_noun_agreement_2": 0.8529999852180481, "determiner_noun_agreement_irregular_1": 0.7229999899864197, "determiner_noun_agreement_irregular_2": 0.8349999785423279, "determiner_noun_agreement_with_adj_2": 0.8119999766349792, "determiner_noun_agreement_with_adj_irregular_1": 0.6690000295639038, "determiner_noun_agreement_with_adj_irregular_2": 0.7559999823570251, "determiner_noun_agreement_with_adjective_1": 0.8410000205039978, "distractor_agreement_relational_noun": 0.22300000488758087, "distractor_agreement_relative_clause": 0.25, "drop_argument": 0.6930000185966492, "ellipsis_n_bar_1": 0.4819999933242798, "ellipsis_n_bar_2": 0.5849999785423279, "existential_there_object_raising": 0.7329999804496765, "existential_there_quantifiers_1": 0.8100000023841858, "existential_there_quantifiers_2": 0.3199999928474426, "existential_there_subject_raising": 0.6029999852180481, "expletive_it_object_raising": 0.6880000233650208, "inchoative": 0.3790000081062317, "intransitive": 0.5389999747276306, "irregular_past_participle_adjectives": 0.781000018119812, "irregular_past_participle_verbs": 0.7039999961853027, "irregular_plural_subject_verb_agreement_1": 0.6729999780654907, "irregular_plural_subject_verb_agreement_2": 0.7620000243186951, "left_branch_island_echo_question": 0.47600001096725464, "left_branch_island_simple_question": 0.4740000069141388, "matrix_question_npi_licensor_present": 0.18299999833106995, "npi_present_1": 0.23100000619888306, "npi_present_2": 0.31299999356269836, "only_npi_licensor_present": 0.12700000405311584, "only_npi_scope": 0.5080000162124634, "passive_1": 0.8259999752044678, "passive_2": 0.8460000157356262, "principle_A_c_command": 0.5830000042915344, "principle_A_case_1": 0.9990000128746033, "principle_A_case_2": 0.6850000023841858, "principle_A_domain_1": 0.9610000252723694, "principle_A_domain_2": 0.6159999966621399, "principle_A_domain_3": 0.46399998664855957, "principle_A_reconstruction": 0.45500001311302185, "regular_plural_subject_verb_agreement_1": 0.6620000004768372, "regular_plural_subject_verb_agreement_2": 0.7120000123977661, "sentential_negation_npi_licensor_present": 0.9710000157356262, "sentential_negation_npi_scope": 0.47099998593330383, "sentential_subject_island": 0.41999998688697815, "superlative_quantifiers_1": 0.8009999990463257, "superlative_quantifiers_2": 0.8130000233650208, "tough_vs_raising_1": 0.39100000262260437, "tough_vs_raising_2": 0.6399999856948853, "transitive": 0.6980000138282776, "wh_island": 0.37700000405311584, "wh_questions_object_gap": 0.5910000205039978, "wh_questions_subject_gap": 0.8899999856948853, "wh_questions_subject_gap_long_distance": 0.9490000009536743, "wh_vs_that_no_gap": 0.9470000267028809, "wh_vs_that_no_gap_long_distance": 0.949999988079071, "wh_vs_that_with_gap": 0.13099999725818634, "wh_vs_that_with_gap_long_distance": 0.07000000029802322}, "by_phenomenon": {"island_effects": 0.5026249997317791, "anaphor_agreement": 0.6140000224113464, "s-selection": 0.6949999928474426, "argument_structure": 0.6377142880644117, "determiner_noun_agreement": 0.7951249927282333, "subject_verb_agreement": 0.5470000033577284, "ellipsis": 0.5334999859333038, "control_raising": 0.610999995470047, "quantifiers": 0.6860000044107437, "irregular_forms": 0.7425000071525574, "npi_licensing": 0.4005714314324515, "binding": 0.6804285773209163, "filler_gap_dependency": 0.6468571456415313}}, "paloma": 260.31690329309123}