{"blimp": {"by_uid": {"adjunct_island": 0.7089999914169312, "anaphor_gender_agreement": 0.5049999952316284, "anaphor_number_agreement": 0.6690000295639038, "animate_subject_passive": 0.6779999732971191, "animate_subject_trans": 0.6940000057220459, "causative": 0.4959999918937683, "complex_NP_island": 0.492000013589859, "coordinate_structure_constraint_complex_left_branch": 0.35600000619888306, "coordinate_structure_constraint_object_extraction": 0.5389999747276306, "determiner_noun_agreement_1": 0.8740000128746033, "determiner_noun_agreement_2": 0.8460000157356262, "determiner_noun_agreement_irregular_1": 0.7200000286102295, "determiner_noun_agreement_irregular_2": 0.8360000252723694, "determiner_noun_agreement_with_adj_2": 0.8050000071525574, "determiner_noun_agreement_with_adj_irregular_1": 0.6520000100135803, "determiner_noun_agreement_with_adj_irregular_2": 0.7630000114440918, "determiner_noun_agreement_with_adjective_1": 0.8209999799728394, "distractor_agreement_relational_noun": 0.2199999988079071, "distractor_agreement_relative_clause": 0.24899999797344208, "drop_argument": 0.7020000219345093, "ellipsis_n_bar_1": 0.453000009059906, "ellipsis_n_bar_2": 0.5640000104904175, "existential_there_object_raising": 0.722000002861023, "existential_there_quantifiers_1": 0.8069999814033508, "existential_there_quantifiers_2": 0.3499999940395355, "existential_there_subject_raising": 0.5619999766349792, "expletive_it_object_raising": 0.6800000071525574, "inchoative": 0.36899998784065247, "intransitive": 0.5550000071525574, "irregular_past_participle_adjectives": 0.8140000104904175, "irregular_past_participle_verbs": 0.7360000014305115, "irregular_plural_subject_verb_agreement_1": 0.6499999761581421, "irregular_plural_subject_verb_agreement_2": 0.6919999718666077, "left_branch_island_echo_question": 0.49900001287460327, "left_branch_island_simple_question": 0.5080000162124634, "matrix_question_npi_licensor_present": 0.2329999953508377, "npi_present_1": 0.23800000548362732, "npi_present_2": 0.2759999930858612, "only_npi_licensor_present": 0.0989999994635582, "only_npi_scope": 0.42899999022483826, "passive_1": 0.8159999847412109, "passive_2": 0.8240000009536743, "principle_A_c_command": 0.6150000095367432, "principle_A_case_1": 1.0, "principle_A_case_2": 0.6570000052452087, "principle_A_domain_1": 0.9399999976158142, "principle_A_domain_2": 0.6019999980926514, "principle_A_domain_3": 0.43700000643730164, "principle_A_reconstruction": 0.4830000102519989, "regular_plural_subject_verb_agreement_1": 0.6430000066757202, "regular_plural_subject_verb_agreement_2": 0.628000020980835, "sentential_negation_npi_licensor_present": 0.9800000190734863, "sentential_negation_npi_scope": 0.4580000042915344, "sentential_subject_island": 0.47999998927116394, "superlative_quantifiers_1": 0.6629999876022339, "superlative_quantifiers_2": 0.5699999928474426, "tough_vs_raising_1": 0.35899999737739563, "tough_vs_raising_2": 0.6669999957084656, "transitive": 0.6759999990463257, "wh_island": 0.24400000274181366, "wh_questions_object_gap": 0.5659999847412109, "wh_questions_subject_gap": 0.871999979019165, "wh_questions_subject_gap_long_distance": 0.9580000042915344, "wh_vs_that_no_gap": 0.9480000138282776, "wh_vs_that_no_gap_long_distance": 0.9580000042915344, "wh_vs_that_with_gap": 0.10599999874830246, "wh_vs_that_with_gap_long_distance": 0.057999998331069946}, "by_phenomenon": {"island_effects": 0.4783750008791685, "anaphor_agreement": 0.5870000123977661, "s-selection": 0.6859999895095825, "argument_structure": 0.6339999990803855, "determiner_noun_agreement": 0.7896250113844872, "subject_verb_agreement": 0.513666662077109, "ellipsis": 0.5085000097751617, "control_raising": 0.5979999959468841, "quantifiers": 0.5974999889731407, "irregular_forms": 0.7750000059604645, "npi_licensing": 0.38757142956767765, "binding": 0.6762857181685311, "filler_gap_dependency": 0.6379999976072993}}, "paloma": 285.6075746542901}