{"blimp": {"by_uid": {"adjunct_island": 0.7200000286102295, "anaphor_gender_agreement": 0.5199999809265137, "anaphor_number_agreement": 0.7070000171661377, "animate_subject_passive": 0.6940000057220459, "animate_subject_trans": 0.703000009059906, "causative": 0.48899999260902405, "complex_NP_island": 0.49000000953674316, "coordinate_structure_constraint_complex_left_branch": 0.39500001072883606, "coordinate_structure_constraint_object_extraction": 0.6119999885559082, "determiner_noun_agreement_1": 0.878000020980835, "determiner_noun_agreement_2": 0.8420000076293945, "determiner_noun_agreement_irregular_1": 0.7260000109672546, "determiner_noun_agreement_irregular_2": 0.8119999766349792, "determiner_noun_agreement_with_adj_2": 0.7929999828338623, "determiner_noun_agreement_with_adj_irregular_1": 0.6650000214576721, "determiner_noun_agreement_with_adj_irregular_2": 0.7599999904632568, "determiner_noun_agreement_with_adjective_1": 0.8379999995231628, "distractor_agreement_relational_noun": 0.21799999475479126, "distractor_agreement_relative_clause": 0.23899999260902405, "drop_argument": 0.6930000185966492, "ellipsis_n_bar_1": 0.49000000953674316, "ellipsis_n_bar_2": 0.5830000042915344, "existential_there_object_raising": 0.7239999771118164, "existential_there_quantifiers_1": 0.7990000247955322, "existential_there_quantifiers_2": 0.3140000104904175, "existential_there_subject_raising": 0.5860000252723694, "expletive_it_object_raising": 0.6869999766349792, "inchoative": 0.38100001215934753, "intransitive": 0.5429999828338623, "irregular_past_participle_adjectives": 0.8209999799728394, "irregular_past_participle_verbs": 0.7139999866485596, "irregular_plural_subject_verb_agreement_1": 0.6669999957084656, "irregular_plural_subject_verb_agreement_2": 0.722000002861023, "left_branch_island_echo_question": 0.4440000057220459, "left_branch_island_simple_question": 0.48500001430511475, "matrix_question_npi_licensor_present": 0.21799999475479126, "npi_present_1": 0.2370000034570694, "npi_present_2": 0.3140000104904175, "only_npi_licensor_present": 0.1120000034570694, "only_npi_scope": 0.4390000104904175, "passive_1": 0.8230000138282776, "passive_2": 0.843999981880188, "principle_A_c_command": 0.6119999885559082, "principle_A_case_1": 0.9990000128746033, "principle_A_case_2": 0.6690000295639038, "principle_A_domain_1": 0.9419999718666077, "principle_A_domain_2": 0.6010000109672546, "principle_A_domain_3": 0.45899999141693115, "principle_A_reconstruction": 0.47099998593330383, "regular_plural_subject_verb_agreement_1": 0.6690000295639038, "regular_plural_subject_verb_agreement_2": 0.6710000038146973, "sentential_negation_npi_licensor_present": 0.9750000238418579, "sentential_negation_npi_scope": 0.46700000762939453, "sentential_subject_island": 0.4620000123977661, "superlative_quantifiers_1": 0.7229999899864197, "superlative_quantifiers_2": 0.6970000267028809, "tough_vs_raising_1": 0.37700000405311584, "tough_vs_raising_2": 0.6420000195503235, "transitive": 0.6890000104904175, "wh_island": 0.34200000762939453, "wh_questions_object_gap": 0.593999981880188, "wh_questions_subject_gap": 0.8880000114440918, "wh_questions_subject_gap_long_distance": 0.9559999704360962, "wh_vs_that_no_gap": 0.9490000009536743, "wh_vs_that_no_gap_long_distance": 0.9580000042915344, "wh_vs_that_with_gap": 0.11599999666213989, "wh_vs_that_with_gap_long_distance": 0.057999998331069946}, "by_phenomenon": {"island_effects": 0.4937500096857548, "anaphor_agreement": 0.6134999990463257, "s-selection": 0.698500007390976, "argument_structure": 0.6374285731996808, "determiner_noun_agreement": 0.7892500013113022, "subject_verb_agreement": 0.5310000032186508, "ellipsis": 0.5365000069141388, "control_raising": 0.6032000005245208, "quantifiers": 0.6332500129938126, "irregular_forms": 0.7674999833106995, "npi_licensing": 0.3945714363030025, "binding": 0.6789999987397876, "filler_gap_dependency": 0.6455714234283992}}, "paloma": 266.6285840576119}