{"blimp": {"by_uid": {"adjunct_island": 0.48100000619888306, "anaphor_gender_agreement": 0.3409999907016754, "anaphor_number_agreement": 0.4909999966621399, "animate_subject_passive": 0.6340000033378601, "animate_subject_trans": 0.5220000147819519, "causative": 0.44999998807907104, "complex_NP_island": 0.5260000228881836, "coordinate_structure_constraint_complex_left_branch": 0.5619999766349792, "coordinate_structure_constraint_object_extraction": 0.5180000066757202, "determiner_noun_agreement_1": 0.5049999952316284, "determiner_noun_agreement_2": 0.4819999933242798, "determiner_noun_agreement_irregular_1": 0.49399998784065247, "determiner_noun_agreement_irregular_2": 0.5289999842643738, "determiner_noun_agreement_with_adj_2": 0.4699999988079071, "determiner_noun_agreement_with_adj_irregular_1": 0.45500001311302185, "determiner_noun_agreement_with_adj_irregular_2": 0.5210000276565552, "determiner_noun_agreement_with_adjective_1": 0.5070000290870667, "distractor_agreement_relational_noun": 0.46799999475479126, "distractor_agreement_relative_clause": 0.47699999809265137, "drop_argument": 0.6980000138282776, "ellipsis_n_bar_1": 0.41200000047683716, "ellipsis_n_bar_2": 0.31200000643730164, "existential_there_object_raising": 0.6930000185966492, "existential_there_quantifiers_1": 0.656000018119812, "existential_there_quantifiers_2": 0.029999999329447746, "existential_there_subject_raising": 0.5529999732971191, "expletive_it_object_raising": 0.6029999852180481, "inchoative": 0.38999998569488525, "intransitive": 0.5400000214576721, "irregular_past_participle_adjectives": 0.6190000176429749, "irregular_past_participle_verbs": 0.36399999260902405, "irregular_plural_subject_verb_agreement_1": 0.44999998807907104, "irregular_plural_subject_verb_agreement_2": 0.5080000162124634, "left_branch_island_echo_question": 0.46799999475479126, "left_branch_island_simple_question": 0.5609999895095825, "matrix_question_npi_licensor_present": 0.5199999809265137, "npi_present_1": 0.5609999895095825, "npi_present_2": 0.49799999594688416, "only_npi_licensor_present": 0.0, "only_npi_scope": 0.2070000022649765, "passive_1": 0.597000002861023, "passive_2": 0.6349999904632568, "principle_A_c_command": 0.6480000019073486, "principle_A_case_1": 0.984000027179718, "principle_A_case_2": 0.47200000286102295, "principle_A_domain_1": 0.8059999942779541, "principle_A_domain_2": 0.5419999957084656, "principle_A_domain_3": 0.46799999475479126, "principle_A_reconstruction": 0.5440000295639038, "regular_plural_subject_verb_agreement_1": 0.5299999713897705, "regular_plural_subject_verb_agreement_2": 0.48399999737739563, "sentential_negation_npi_licensor_present": 0.6330000162124634, "sentential_negation_npi_scope": 0.7260000109672546, "sentential_subject_island": 0.5270000100135803, "superlative_quantifiers_1": 0.03700000047683716, "superlative_quantifiers_2": 0.2240000069141388, "tough_vs_raising_1": 0.3610000014305115, "tough_vs_raising_2": 0.675000011920929, "transitive": 0.5350000262260437, "wh_island": 0.3619999885559082, "wh_questions_object_gap": 0.6859999895095825, "wh_questions_subject_gap": 0.7329999804496765, "wh_questions_subject_gap_long_distance": 0.6600000262260437, "wh_vs_that_no_gap": 0.8939999938011169, "wh_vs_that_no_gap_long_distance": 0.8989999890327454, "wh_vs_that_with_gap": 0.09099999815225601, "wh_vs_that_with_gap_long_distance": 0.10400000214576721}, "by_phenomenon": {"island_effects": 0.5006249994039536, "anaphor_agreement": 0.41599999368190765, "s-selection": 0.578000009059906, "argument_structure": 0.54928571837289, "determiner_noun_agreement": 0.49537500366568565, "subject_verb_agreement": 0.4861666609843572, "ellipsis": 0.3620000034570694, "control_raising": 0.5769999980926513, "quantifiers": 0.23675000621005893, "irregular_forms": 0.49150000512599945, "npi_licensing": 0.44928571368966785, "binding": 0.6377142923218864, "filler_gap_dependency": 0.5809999970453126}}, "paloma": 3117.1501425713195}