{"blimp": {"by_uid": {"adjunct_island": 0.5479999780654907, "anaphor_gender_agreement": 0.3630000054836273, "anaphor_number_agreement": 0.46000000834465027, "animate_subject_passive": 0.6549999713897705, "animate_subject_trans": 0.5960000157356262, "causative": 0.4050000011920929, "complex_NP_island": 0.4099999964237213, "coordinate_structure_constraint_complex_left_branch": 0.32499998807907104, "coordinate_structure_constraint_object_extraction": 0.3779999911785126, "determiner_noun_agreement_1": 0.5699999928474426, "determiner_noun_agreement_2": 0.5519999861717224, "determiner_noun_agreement_irregular_1": 0.5360000133514404, "determiner_noun_agreement_irregular_2": 0.5630000233650208, "determiner_noun_agreement_with_adj_2": 0.4860000014305115, "determiner_noun_agreement_with_adj_irregular_1": 0.4429999887943268, "determiner_noun_agreement_with_adj_irregular_2": 0.49799999594688416, "determiner_noun_agreement_with_adjective_1": 0.5009999871253967, "distractor_agreement_relational_noun": 0.414000004529953, "distractor_agreement_relative_clause": 0.4399999976158142, "drop_argument": 0.7170000076293945, "ellipsis_n_bar_1": 0.26100000739097595, "ellipsis_n_bar_2": 0.3370000123977661, "existential_there_object_raising": 0.7540000081062317, "existential_there_quantifiers_1": 0.8230000138282776, "existential_there_quantifiers_2": 0.4569999873638153, "existential_there_subject_raising": 0.45399999618530273, "expletive_it_object_raising": 0.6970000267028809, "inchoative": 0.3659999966621399, "intransitive": 0.5630000233650208, "irregular_past_participle_adjectives": 0.847000002861023, "irregular_past_participle_verbs": 0.6629999876022339, "irregular_plural_subject_verb_agreement_1": 0.4880000054836273, "irregular_plural_subject_verb_agreement_2": 0.5619999766349792, "left_branch_island_echo_question": 0.5619999766349792, "left_branch_island_simple_question": 0.3319999873638153, "matrix_question_npi_licensor_present": 0.13699999451637268, "npi_present_1": 0.4729999899864197, "npi_present_2": 0.5350000262260437, "only_npi_licensor_present": 0.24300000071525574, "only_npi_scope": 0.28700000047683716, "passive_1": 0.7350000143051147, "passive_2": 0.722000002861023, "principle_A_c_command": 0.6729999780654907, "principle_A_case_1": 1.0, "principle_A_case_2": 0.47699999809265137, "principle_A_domain_1": 0.9359999895095825, "principle_A_domain_2": 0.5619999766349792, "principle_A_domain_3": 0.4309999942779541, "principle_A_reconstruction": 0.23499999940395355, "regular_plural_subject_verb_agreement_1": 0.5360000133514404, "regular_plural_subject_verb_agreement_2": 0.49799999594688416, "sentential_negation_npi_licensor_present": 0.9330000281333923, "sentential_negation_npi_scope": 0.5239999890327454, "sentential_subject_island": 0.5770000219345093, "superlative_quantifiers_1": 0.42500001192092896, "superlative_quantifiers_2": 0.7960000038146973, "tough_vs_raising_1": 0.421999990940094, "tough_vs_raising_2": 0.6119999885559082, "transitive": 0.621999979019165, "wh_island": 0.5849999785423279, "wh_questions_object_gap": 0.609000027179718, "wh_questions_subject_gap": 0.9309999942779541, "wh_questions_subject_gap_long_distance": 0.9440000057220459, "wh_vs_that_no_gap": 0.9710000157356262, "wh_vs_that_no_gap_long_distance": 0.9819999933242798, "wh_vs_that_with_gap": 0.03400000184774399, "wh_vs_that_with_gap_long_distance": 0.020999999716877937}, "by_phenomenon": {"island_effects": 0.4646249897778034, "anaphor_agreement": 0.4115000069141388, "s-selection": 0.6254999935626984, "argument_structure": 0.5900000035762787, "determiner_noun_agreement": 0.5186249986290932, "subject_verb_agreement": 0.4896666655937831, "ellipsis": 0.29900000989437103, "control_raising": 0.5878000020980835, "quantifiers": 0.6252500042319298, "irregular_forms": 0.7549999952316284, "npi_licensing": 0.4474285755838667, "binding": 0.6162857051406588, "filler_gap_dependency": 0.6417142911148923}}, "paloma": 995.8520085298226}