{"blimp": {"by_uid": {"adjunct_island": 0.7129999995231628, "anaphor_gender_agreement": 0.5090000033378601, "anaphor_number_agreement": 0.7049999833106995, "animate_subject_passive": 0.6899999976158142, "animate_subject_trans": 0.703000009059906, "causative": 0.4830000102519989, "complex_NP_island": 0.492000013589859, "coordinate_structure_constraint_complex_left_branch": 0.39899998903274536, "coordinate_structure_constraint_object_extraction": 0.5809999704360962, "determiner_noun_agreement_1": 0.8769999742507935, "determiner_noun_agreement_2": 0.843999981880188, "determiner_noun_agreement_irregular_1": 0.7160000205039978, "determiner_noun_agreement_irregular_2": 0.8230000138282776, "determiner_noun_agreement_with_adj_2": 0.7929999828338623, "determiner_noun_agreement_with_adj_irregular_1": 0.6489999890327454, "determiner_noun_agreement_with_adj_irregular_2": 0.7599999904632568, "determiner_noun_agreement_with_adjective_1": 0.8270000219345093, "distractor_agreement_relational_noun": 0.20200000703334808, "distractor_agreement_relative_clause": 0.24699999392032623, "drop_argument": 0.6919999718666077, "ellipsis_n_bar_1": 0.46399998664855957, "ellipsis_n_bar_2": 0.578000009059906, "existential_there_object_raising": 0.7239999771118164, "existential_there_quantifiers_1": 0.8100000023841858, "existential_there_quantifiers_2": 0.3050000071525574, "existential_there_subject_raising": 0.5870000123977661, "expletive_it_object_raising": 0.6850000023841858, "inchoative": 0.3720000088214874, "intransitive": 0.5440000295639038, "irregular_past_participle_adjectives": 0.8190000057220459, "irregular_past_participle_verbs": 0.7059999704360962, "irregular_plural_subject_verb_agreement_1": 0.6620000004768372, "irregular_plural_subject_verb_agreement_2": 0.7170000076293945, "left_branch_island_echo_question": 0.46700000762939453, "left_branch_island_simple_question": 0.4950000047683716, "matrix_question_npi_licensor_present": 0.2160000056028366, "npi_present_1": 0.2669999897480011, "npi_present_2": 0.30399999022483826, "only_npi_licensor_present": 0.08500000089406967, "only_npi_scope": 0.41999998688697815, "passive_1": 0.8209999799728394, "passive_2": 0.8349999785423279, "principle_A_c_command": 0.6029999852180481, "principle_A_case_1": 1.0, "principle_A_case_2": 0.6600000262260437, "principle_A_domain_1": 0.9409999847412109, "principle_A_domain_2": 0.6169999837875366, "principle_A_domain_3": 0.4519999921321869, "principle_A_reconstruction": 0.46700000762939453, "regular_plural_subject_verb_agreement_1": 0.6600000262260437, "regular_plural_subject_verb_agreement_2": 0.6549999713897705, "sentential_negation_npi_licensor_present": 0.9769999980926514, "sentential_negation_npi_scope": 0.49000000953674316, "sentential_subject_island": 0.45500001311302185, "superlative_quantifiers_1": 0.6449999809265137, "superlative_quantifiers_2": 0.6460000276565552, "tough_vs_raising_1": 0.35899999737739563, "tough_vs_raising_2": 0.6610000133514404, "transitive": 0.6850000023841858, "wh_island": 0.30399999022483826, "wh_questions_object_gap": 0.5809999704360962, "wh_questions_subject_gap": 0.890999972820282, "wh_questions_subject_gap_long_distance": 0.953000009059906, "wh_vs_that_no_gap": 0.9449999928474426, "wh_vs_that_no_gap_long_distance": 0.9549999833106995, "wh_vs_that_with_gap": 0.12600000202655792, "wh_vs_that_with_gap_long_distance": 0.06599999964237213}, "by_phenomenon": {"island_effects": 0.4882499985396862, "anaphor_agreement": 0.6069999933242798, "s-selection": 0.6965000033378601, "argument_structure": 0.633142854486193, "determiner_noun_agreement": 0.7861249968409538, "subject_verb_agreement": 0.5238333344459534, "ellipsis": 0.5209999978542328, "control_raising": 0.6032000005245208, "quantifiers": 0.601500004529953, "irregular_forms": 0.762499988079071, "npi_licensing": 0.3941428544265883, "binding": 0.6771428542477744, "filler_gap_dependency": 0.6452857043061938}}, "paloma": 278.3167828184387}