{"blimp": {"by_uid": {"adjunct_island": 0.7310000061988831, "anaphor_gender_agreement": 0.5260000228881836, "anaphor_number_agreement": 0.7620000243186951, "animate_subject_passive": 0.6850000023841858, "animate_subject_trans": 0.6769999861717224, "causative": 0.47999998927116394, "complex_NP_island": 0.4790000021457672, "coordinate_structure_constraint_complex_left_branch": 0.49799999594688416, "coordinate_structure_constraint_object_extraction": 0.6230000257492065, "determiner_noun_agreement_1": 0.8769999742507935, "determiner_noun_agreement_2": 0.8799999952316284, "determiner_noun_agreement_irregular_1": 0.7279999852180481, "determiner_noun_agreement_irregular_2": 0.8519999980926514, "determiner_noun_agreement_with_adj_2": 0.8119999766349792, "determiner_noun_agreement_with_adj_irregular_1": 0.6930000185966492, "determiner_noun_agreement_with_adj_irregular_2": 0.75, "determiner_noun_agreement_with_adjective_1": 0.8450000286102295, "distractor_agreement_relational_noun": 0.23100000619888306, "distractor_agreement_relative_clause": 0.2329999953508377, "drop_argument": 0.6930000185966492, "ellipsis_n_bar_1": 0.5289999842643738, "ellipsis_n_bar_2": 0.6019999980926514, "existential_there_object_raising": 0.7419999837875366, "existential_there_quantifiers_1": 0.7850000262260437, "existential_there_quantifiers_2": 0.3490000069141388, "existential_there_subject_raising": 0.6539999842643738, "expletive_it_object_raising": 0.6970000267028809, "inchoative": 0.3869999945163727, "intransitive": 0.5379999876022339, "irregular_past_participle_adjectives": 0.8190000057220459, "irregular_past_participle_verbs": 0.7360000014305115, "irregular_plural_subject_verb_agreement_1": 0.6779999732971191, "irregular_plural_subject_verb_agreement_2": 0.796999990940094, "left_branch_island_echo_question": 0.5249999761581421, "left_branch_island_simple_question": 0.5350000262260437, "matrix_question_npi_licensor_present": 0.2240000069141388, "npi_present_1": 0.25200000405311584, "npi_present_2": 0.3160000145435333, "only_npi_licensor_present": 0.09000000357627869, "only_npi_scope": 0.5799999833106995, "passive_1": 0.8220000267028809, "passive_2": 0.8450000286102295, "principle_A_c_command": 0.5770000219345093, "principle_A_case_1": 1.0, "principle_A_case_2": 0.6809999942779541, "principle_A_domain_1": 0.9649999737739563, "principle_A_domain_2": 0.6399999856948853, "principle_A_domain_3": 0.4560000002384186, "principle_A_reconstruction": 0.4690000116825104, "regular_plural_subject_verb_agreement_1": 0.6930000185966492, "regular_plural_subject_verb_agreement_2": 0.7480000257492065, "sentential_negation_npi_licensor_present": 0.9950000047683716, "sentential_negation_npi_scope": 0.49799999594688416, "sentential_subject_island": 0.43799999356269836, "superlative_quantifiers_1": 0.6660000085830688, "superlative_quantifiers_2": 0.7450000047683716, "tough_vs_raising_1": 0.4090000092983246, "tough_vs_raising_2": 0.6520000100135803, "transitive": 0.6959999799728394, "wh_island": 0.38499999046325684, "wh_questions_object_gap": 0.6079999804496765, "wh_questions_subject_gap": 0.9100000262260437, "wh_questions_subject_gap_long_distance": 0.9520000219345093, "wh_vs_that_no_gap": 0.9470000267028809, "wh_vs_that_no_gap_long_distance": 0.9539999961853027, "wh_vs_that_with_gap": 0.12800000607967377, "wh_vs_that_with_gap_long_distance": 0.09399999678134918}, "by_phenomenon": {"island_effects": 0.5267500020563602, "anaphor_agreement": 0.6440000236034393, "s-selection": 0.6809999942779541, "argument_structure": 0.6372857178960528, "determiner_noun_agreement": 0.8046249970793724, "subject_verb_agreement": 0.5633333350221316, "ellipsis": 0.5654999911785126, "control_raising": 0.6308000028133393, "quantifiers": 0.6362500116229057, "irregular_forms": 0.7775000035762787, "npi_licensing": 0.42214285901614595, "binding": 0.6839999982288906, "filler_gap_dependency": 0.6561428649084908}}, "paloma": 225.69745270233952}