{"blimp": {"by_uid": {"adjunct_island": 0.7319999933242798, "anaphor_gender_agreement": 0.4580000042915344, "anaphor_number_agreement": 0.6600000262260437, "animate_subject_passive": 0.6980000138282776, "animate_subject_trans": 0.6779999732971191, "causative": 0.47699999809265137, "complex_NP_island": 0.49799999594688416, "coordinate_structure_constraint_complex_left_branch": 0.33500000834465027, "coordinate_structure_constraint_object_extraction": 0.46399998664855957, "determiner_noun_agreement_1": 0.8270000219345093, "determiner_noun_agreement_2": 0.8029999732971191, "determiner_noun_agreement_irregular_1": 0.7239999771118164, "determiner_noun_agreement_irregular_2": 0.8109999895095825, "determiner_noun_agreement_with_adj_2": 0.7680000066757202, "determiner_noun_agreement_with_adj_irregular_1": 0.625, "determiner_noun_agreement_with_adj_irregular_2": 0.7490000128746033, "determiner_noun_agreement_with_adjective_1": 0.7689999938011169, "distractor_agreement_relational_noun": 0.22499999403953552, "distractor_agreement_relative_clause": 0.24899999797344208, "drop_argument": 0.7039999961853027, "ellipsis_n_bar_1": 0.4320000112056732, "ellipsis_n_bar_2": 0.5130000114440918, "existential_there_object_raising": 0.7300000190734863, "existential_there_quantifiers_1": 0.7070000171661377, "existential_there_quantifiers_2": 0.3959999978542328, "existential_there_subject_raising": 0.49000000953674316, "expletive_it_object_raising": 0.6990000009536743, "inchoative": 0.36500000953674316, "intransitive": 0.5799999833106995, "irregular_past_participle_adjectives": 0.7409999966621399, "irregular_past_participle_verbs": 0.7390000224113464, "irregular_plural_subject_verb_agreement_1": 0.628000020980835, "irregular_plural_subject_verb_agreement_2": 0.6549999713897705, "left_branch_island_echo_question": 0.49799999594688416, "left_branch_island_simple_question": 0.4729999899864197, "matrix_question_npi_licensor_present": 0.23100000619888306, "npi_present_1": 0.23199999332427979, "npi_present_2": 0.29899999499320984, "only_npi_licensor_present": 0.1080000028014183, "only_npi_scope": 0.47200000286102295, "passive_1": 0.8230000138282776, "passive_2": 0.8050000071525574, "principle_A_c_command": 0.6179999709129333, "principle_A_case_1": 1.0, "principle_A_case_2": 0.6119999885559082, "principle_A_domain_1": 0.9259999990463257, "principle_A_domain_2": 0.6039999723434448, "principle_A_domain_3": 0.43299999833106995, "principle_A_reconstruction": 0.3529999852180481, "regular_plural_subject_verb_agreement_1": 0.6200000047683716, "regular_plural_subject_verb_agreement_2": 0.5479999780654907, "sentential_negation_npi_licensor_present": 0.9660000205039978, "sentential_negation_npi_scope": 0.44200000166893005, "sentential_subject_island": 0.4399999976158142, "superlative_quantifiers_1": 0.6110000014305115, "superlative_quantifiers_2": 0.6179999709129333, "tough_vs_raising_1": 0.4320000112056732, "tough_vs_raising_2": 0.6190000176429749, "transitive": 0.6700000166893005, "wh_island": 0.31299999356269836, "wh_questions_object_gap": 0.5419999957084656, "wh_questions_subject_gap": 0.8519999980926514, "wh_questions_subject_gap_long_distance": 0.9539999961853027, "wh_vs_that_no_gap": 0.9409999847412109, "wh_vs_that_no_gap_long_distance": 0.968999981880188, "wh_vs_that_with_gap": 0.08699999749660492, "wh_vs_that_with_gap_long_distance": 0.041999999433755875}, "by_phenomenon": {"island_effects": 0.4691249951720238, "anaphor_agreement": 0.5590000152587891, "s-selection": 0.6879999935626984, "argument_structure": 0.6320000035422189, "determiner_noun_agreement": 0.7594999969005585, "subject_verb_agreement": 0.4874999945362409, "ellipsis": 0.4725000113248825, "control_raising": 0.5940000116825104, "quantifiers": 0.5829999968409538, "irregular_forms": 0.7400000095367432, "npi_licensing": 0.39285714605024885, "binding": 0.6494285592011043, "filler_gap_dependency": 0.6267142790768828}}, "paloma": 406.66721606171507}