{"blimp": {"by_uid": {"adjunct_island": 0.7319999933242798, "anaphor_gender_agreement": 0.47099998593330383, "anaphor_number_agreement": 0.6620000004768372, "animate_subject_passive": 0.6930000185966492, "animate_subject_trans": 0.6620000004768372, "causative": 0.46299999952316284, "complex_NP_island": 0.5059999823570251, "coordinate_structure_constraint_complex_left_branch": 0.3619999885559082, "coordinate_structure_constraint_object_extraction": 0.4650000035762787, "determiner_noun_agreement_1": 0.8169999718666077, "determiner_noun_agreement_2": 0.796999990940094, "determiner_noun_agreement_irregular_1": 0.7099999785423279, "determiner_noun_agreement_irregular_2": 0.8019999861717224, "determiner_noun_agreement_with_adj_2": 0.718999981880188, "determiner_noun_agreement_with_adj_irregular_1": 0.6029999852180481, "determiner_noun_agreement_with_adj_irregular_2": 0.718999981880188, "determiner_noun_agreement_with_adjective_1": 0.7440000176429749, "distractor_agreement_relational_noun": 0.24199999868869781, "distractor_agreement_relative_clause": 0.23800000548362732, "drop_argument": 0.6980000138282776, "ellipsis_n_bar_1": 0.3959999978542328, "ellipsis_n_bar_2": 0.49300000071525574, "existential_there_object_raising": 0.7239999771118164, "existential_there_quantifiers_1": 0.7210000157356262, "existential_there_quantifiers_2": 0.3919999897480011, "existential_there_subject_raising": 0.4880000054836273, "expletive_it_object_raising": 0.6850000023841858, "inchoative": 0.35600000619888306, "intransitive": 0.5849999785423279, "irregular_past_participle_adjectives": 0.722000002861023, "irregular_past_participle_verbs": 0.7229999899864197, "irregular_plural_subject_verb_agreement_1": 0.6179999709129333, "irregular_plural_subject_verb_agreement_2": 0.6349999904632568, "left_branch_island_echo_question": 0.5519999861717224, "left_branch_island_simple_question": 0.492000013589859, "matrix_question_npi_licensor_present": 0.20999999344348907, "npi_present_1": 0.20900000631809235, "npi_present_2": 0.3019999861717224, "only_npi_licensor_present": 0.1379999965429306, "only_npi_scope": 0.5189999938011169, "passive_1": 0.8169999718666077, "passive_2": 0.7960000038146973, "principle_A_c_command": 0.6209999918937683, "principle_A_case_1": 1.0, "principle_A_case_2": 0.5770000219345093, "principle_A_domain_1": 0.9039999842643738, "principle_A_domain_2": 0.5899999737739563, "principle_A_domain_3": 0.4259999990463257, "principle_A_reconstruction": 0.34200000762939453, "regular_plural_subject_verb_agreement_1": 0.6079999804496765, "regular_plural_subject_verb_agreement_2": 0.5569999814033508, "sentential_negation_npi_licensor_present": 0.9729999899864197, "sentential_negation_npi_scope": 0.4819999933242798, "sentential_subject_island": 0.4180000126361847, "superlative_quantifiers_1": 0.6010000109672546, "superlative_quantifiers_2": 0.6729999780654907, "tough_vs_raising_1": 0.46399998664855957, "tough_vs_raising_2": 0.5879999995231628, "transitive": 0.6499999761581421, "wh_island": 0.34700000286102295, "wh_questions_object_gap": 0.5149999856948853, "wh_questions_subject_gap": 0.8330000042915344, "wh_questions_subject_gap_long_distance": 0.9380000233650208, "wh_vs_that_no_gap": 0.9430000185966492, "wh_vs_that_no_gap_long_distance": 0.9629999995231628, "wh_vs_that_with_gap": 0.0949999988079071, "wh_vs_that_with_gap_long_distance": 0.05700000002980232}, "by_phenomenon": {"island_effects": 0.4842499978840351, "anaphor_agreement": 0.5664999932050705, "s-selection": 0.6775000095367432, "argument_structure": 0.6235714214188712, "determiner_noun_agreement": 0.7388749867677689, "subject_verb_agreement": 0.4829999879002571, "ellipsis": 0.44449999928474426, "control_raising": 0.5897999942302704, "quantifiers": 0.5967499986290932, "irregular_forms": 0.7224999964237213, "npi_licensing": 0.4047142799411501, "binding": 0.6371428540774754, "filler_gap_dependency": 0.6205714329012803}}, "paloma": 403.30172646286593}