{"blimp": {"by_uid": {"adjunct_island": 0.7409999966621399, "anaphor_gender_agreement": 0.5090000033378601, "anaphor_number_agreement": 0.7369999885559082, "animate_subject_passive": 0.6980000138282776, "animate_subject_trans": 0.6669999957084656, "causative": 0.48399999737739563, "complex_NP_island": 0.5009999871253967, "coordinate_structure_constraint_complex_left_branch": 0.48500001430511475, "coordinate_structure_constraint_object_extraction": 0.6209999918937683, "determiner_noun_agreement_1": 0.8740000128746033, "determiner_noun_agreement_2": 0.8769999742507935, "determiner_noun_agreement_irregular_1": 0.7200000286102295, "determiner_noun_agreement_irregular_2": 0.847000002861023, "determiner_noun_agreement_with_adj_2": 0.8180000185966492, "determiner_noun_agreement_with_adj_irregular_1": 0.6919999718666077, "determiner_noun_agreement_with_adj_irregular_2": 0.7519999742507935, "determiner_noun_agreement_with_adjective_1": 0.8420000076293945, "distractor_agreement_relational_noun": 0.21400000154972076, "distractor_agreement_relative_clause": 0.22699999809265137, "drop_argument": 0.6899999976158142, "ellipsis_n_bar_1": 0.5080000162124634, "ellipsis_n_bar_2": 0.597000002861023, "existential_there_object_raising": 0.7480000257492065, "existential_there_quantifiers_1": 0.7870000004768372, "existential_there_quantifiers_2": 0.36000001430511475, "existential_there_subject_raising": 0.656000018119812, "expletive_it_object_raising": 0.7020000219345093, "inchoative": 0.3889999985694885, "intransitive": 0.5379999876022339, "irregular_past_participle_adjectives": 0.75, "irregular_past_participle_verbs": 0.722000002861023, "irregular_plural_subject_verb_agreement_1": 0.6769999861717224, "irregular_plural_subject_verb_agreement_2": 0.781000018119812, "left_branch_island_echo_question": 0.515999972820282, "left_branch_island_simple_question": 0.5149999856948853, "matrix_question_npi_licensor_present": 0.21199999749660492, "npi_present_1": 0.257999986410141, "npi_present_2": 0.33899998664855957, "only_npi_licensor_present": 0.11400000005960464, "only_npi_scope": 0.550000011920929, "passive_1": 0.8159999847412109, "passive_2": 0.8399999737739563, "principle_A_c_command": 0.5889999866485596, "principle_A_case_1": 0.9990000128746033, "principle_A_case_2": 0.6700000166893005, "principle_A_domain_1": 0.9620000123977661, "principle_A_domain_2": 0.621999979019165, "principle_A_domain_3": 0.45500001311302185, "principle_A_reconstruction": 0.4659999907016754, "regular_plural_subject_verb_agreement_1": 0.6919999718666077, "regular_plural_subject_verb_agreement_2": 0.7419999837875366, "sentential_negation_npi_licensor_present": 0.9929999709129333, "sentential_negation_npi_scope": 0.5070000290870667, "sentential_subject_island": 0.4309999942779541, "superlative_quantifiers_1": 0.753000020980835, "superlative_quantifiers_2": 0.777999997138977, "tough_vs_raising_1": 0.4009999930858612, "tough_vs_raising_2": 0.6430000066757202, "transitive": 0.6880000233650208, "wh_island": 0.37400001287460327, "wh_questions_object_gap": 0.6010000109672546, "wh_questions_subject_gap": 0.9120000004768372, "wh_questions_subject_gap_long_distance": 0.9559999704360962, "wh_vs_that_no_gap": 0.9509999752044678, "wh_vs_that_no_gap_long_distance": 0.953000009059906, "wh_vs_that_with_gap": 0.1420000046491623, "wh_vs_that_with_gap_long_distance": 0.10700000077486038}, "by_phenomenon": {"island_effects": 0.522999994456768, "anaphor_agreement": 0.6229999959468842, "s-selection": 0.6825000047683716, "argument_structure": 0.6349999947207314, "determiner_noun_agreement": 0.8027499988675117, "subject_verb_agreement": 0.5554999932646751, "ellipsis": 0.5525000095367432, "control_raising": 0.6300000131130219, "quantifiers": 0.669500008225441, "irregular_forms": 0.7360000014305115, "npi_licensing": 0.4247142832194056, "binding": 0.6804285730634417, "filler_gap_dependency": 0.6602857102240834}}, "paloma": 230.52742837281178}