{"blimp": {"by_uid": {"adjunct_island": 0.7160000205039978, "anaphor_gender_agreement": 0.4959999918937683, "anaphor_number_agreement": 0.6959999799728394, "animate_subject_passive": 0.6930000185966492, "animate_subject_trans": 0.6930000185966492, "causative": 0.49799999594688416, "complex_NP_island": 0.47999998927116394, "coordinate_structure_constraint_complex_left_branch": 0.4050000011920929, "coordinate_structure_constraint_object_extraction": 0.625, "determiner_noun_agreement_1": 0.871999979019165, "determiner_noun_agreement_2": 0.8429999947547913, "determiner_noun_agreement_irregular_1": 0.7229999899864197, "determiner_noun_agreement_irregular_2": 0.8220000267028809, "determiner_noun_agreement_with_adj_2": 0.7979999780654907, "determiner_noun_agreement_with_adj_irregular_1": 0.6620000004768372, "determiner_noun_agreement_with_adj_irregular_2": 0.7540000081062317, "determiner_noun_agreement_with_adjective_1": 0.8370000123977661, "distractor_agreement_relational_noun": 0.21899999678134918, "distractor_agreement_relative_clause": 0.2549999952316284, "drop_argument": 0.6880000233650208, "ellipsis_n_bar_1": 0.48500001430511475, "ellipsis_n_bar_2": 0.5849999785423279, "existential_there_object_raising": 0.7210000157356262, "existential_there_quantifiers_1": 0.8059999942779541, "existential_there_quantifiers_2": 0.31200000643730164, "existential_there_subject_raising": 0.5830000042915344, "expletive_it_object_raising": 0.6869999766349792, "inchoative": 0.3700000047683716, "intransitive": 0.5410000085830688, "irregular_past_participle_adjectives": 0.8109999895095825, "irregular_past_participle_verbs": 0.718999981880188, "irregular_plural_subject_verb_agreement_1": 0.6639999747276306, "irregular_plural_subject_verb_agreement_2": 0.7279999852180481, "left_branch_island_echo_question": 0.4429999887943268, "left_branch_island_simple_question": 0.48500001430511475, "matrix_question_npi_licensor_present": 0.20600000023841858, "npi_present_1": 0.24899999797344208, "npi_present_2": 0.30399999022483826, "only_npi_licensor_present": 0.12200000137090683, "only_npi_scope": 0.47600001096725464, "passive_1": 0.8220000267028809, "passive_2": 0.8429999947547913, "principle_A_c_command": 0.6050000190734863, "principle_A_case_1": 1.0, "principle_A_case_2": 0.6869999766349792, "principle_A_domain_1": 0.9480000138282776, "principle_A_domain_2": 0.6140000224113464, "principle_A_domain_3": 0.4569999873638153, "principle_A_reconstruction": 0.4659999907016754, "regular_plural_subject_verb_agreement_1": 0.6679999828338623, "regular_plural_subject_verb_agreement_2": 0.6639999747276306, "sentential_negation_npi_licensor_present": 0.9810000061988831, "sentential_negation_npi_scope": 0.47600001096725464, "sentential_subject_island": 0.4569999873638153, "superlative_quantifiers_1": 0.7300000190734863, "superlative_quantifiers_2": 0.6970000267028809, "tough_vs_raising_1": 0.375, "tough_vs_raising_2": 0.6499999761581421, "transitive": 0.6850000023841858, "wh_island": 0.3190000057220459, "wh_questions_object_gap": 0.5889999866485596, "wh_questions_subject_gap": 0.8840000033378601, "wh_questions_subject_gap_long_distance": 0.9539999961853027, "wh_vs_that_no_gap": 0.9440000057220459, "wh_vs_that_no_gap_long_distance": 0.953000009059906, "wh_vs_that_with_gap": 0.12600000202655792, "wh_vs_that_with_gap_long_distance": 0.06599999964237213}, "by_phenomenon": {"island_effects": 0.49125000089406967, "anaphor_agreement": 0.5959999859333038, "s-selection": 0.6930000185966492, "argument_structure": 0.6352857223578862, "determiner_noun_agreement": 0.7888749986886978, "subject_verb_agreement": 0.5329999849200249, "ellipsis": 0.5349999964237213, "control_raising": 0.6031999945640564, "quantifiers": 0.6362500116229057, "irregular_forms": 0.7649999856948853, "npi_licensing": 0.4020000025629997, "binding": 0.6824285728590829, "filler_gap_dependency": 0.6451428575175149}}, "paloma": 269.86654327339414}