{"blimp": {"by_uid": {"adjunct_island": 0.7390000224113464, "anaphor_gender_agreement": 0.5249999761581421, "anaphor_number_agreement": 0.7419999837875366, "animate_subject_passive": 0.7059999704360962, "animate_subject_trans": 0.6759999990463257, "causative": 0.48500001430511475, "complex_NP_island": 0.48899999260902405, "coordinate_structure_constraint_complex_left_branch": 0.46000000834465027, "coordinate_structure_constraint_object_extraction": 0.6269999742507935, "determiner_noun_agreement_1": 0.8799999952316284, "determiner_noun_agreement_2": 0.8600000143051147, "determiner_noun_agreement_irregular_1": 0.7319999933242798, "determiner_noun_agreement_irregular_2": 0.847000002861023, "determiner_noun_agreement_with_adj_2": 0.8119999766349792, "determiner_noun_agreement_with_adj_irregular_1": 0.6980000138282776, "determiner_noun_agreement_with_adj_irregular_2": 0.7459999918937683, "determiner_noun_agreement_with_adjective_1": 0.8399999737739563, "distractor_agreement_relational_noun": 0.21199999749660492, "distractor_agreement_relative_clause": 0.22499999403953552, "drop_argument": 0.699999988079071, "ellipsis_n_bar_1": 0.5059999823570251, "ellipsis_n_bar_2": 0.597000002861023, "existential_there_object_raising": 0.7360000014305115, "existential_there_quantifiers_1": 0.7799999713897705, "existential_there_quantifiers_2": 0.3490000069141388, "existential_there_subject_raising": 0.6510000228881836, "expletive_it_object_raising": 0.6980000138282776, "inchoative": 0.39100000262260437, "intransitive": 0.5659999847412109, "irregular_past_participle_adjectives": 0.7459999918937683, "irregular_past_participle_verbs": 0.7269999980926514, "irregular_plural_subject_verb_agreement_1": 0.6690000295639038, "irregular_plural_subject_verb_agreement_2": 0.7820000052452087, "left_branch_island_echo_question": 0.5379999876022339, "left_branch_island_simple_question": 0.5170000195503235, "matrix_question_npi_licensor_present": 0.20100000500679016, "npi_present_1": 0.23999999463558197, "npi_present_2": 0.31299999356269836, "only_npi_licensor_present": 0.14800000190734863, "only_npi_scope": 0.546999990940094, "passive_1": 0.8119999766349792, "passive_2": 0.8399999737739563, "principle_A_c_command": 0.5889999866485596, "principle_A_case_1": 0.9990000128746033, "principle_A_case_2": 0.6740000247955322, "principle_A_domain_1": 0.9599999785423279, "principle_A_domain_2": 0.621999979019165, "principle_A_domain_3": 0.45500001311302185, "principle_A_reconstruction": 0.46299999952316284, "regular_plural_subject_verb_agreement_1": 0.6990000009536743, "regular_plural_subject_verb_agreement_2": 0.7360000014305115, "sentential_negation_npi_licensor_present": 0.9909999966621399, "sentential_negation_npi_scope": 0.5130000114440918, "sentential_subject_island": 0.42800000309944153, "superlative_quantifiers_1": 0.7889999747276306, "superlative_quantifiers_2": 0.8090000152587891, "tough_vs_raising_1": 0.3869999945163727, "tough_vs_raising_2": 0.652999997138977, "transitive": 0.6909999847412109, "wh_island": 0.3790000081062317, "wh_questions_object_gap": 0.5950000286102295, "wh_questions_subject_gap": 0.9010000228881836, "wh_questions_subject_gap_long_distance": 0.9520000219345093, "wh_vs_that_no_gap": 0.953000009059906, "wh_vs_that_no_gap_long_distance": 0.9549999833106995, "wh_vs_that_with_gap": 0.12600000202655792, "wh_vs_that_with_gap_long_distance": 0.0949999988079071}, "by_phenomenon": {"island_effects": 0.5221250019967556, "anaphor_agreement": 0.6334999799728394, "s-selection": 0.6909999847412109, "argument_structure": 0.6407142749854496, "determiner_noun_agreement": 0.8018749952316284, "subject_verb_agreement": 0.5538333381215731, "ellipsis": 0.551499992609024, "control_raising": 0.6250000059604645, "quantifiers": 0.6817499920725822, "irregular_forms": 0.7364999949932098, "npi_licensing": 0.4218571420226778, "binding": 0.6802857135023389, "filler_gap_dependency": 0.6538571523768562}}, "paloma": 233.94567808024973}