{"blimp": {"by_uid": {"adjunct_island": 0.7149999737739563, "anaphor_gender_agreement": 0.5120000243186951, "anaphor_number_agreement": 0.6970000267028809, "animate_subject_passive": 0.6890000104904175, "animate_subject_trans": 0.7070000171661377, "causative": 0.4869999885559082, "complex_NP_island": 0.492000013589859, "coordinate_structure_constraint_complex_left_branch": 0.38600000739097595, "coordinate_structure_constraint_object_extraction": 0.5740000009536743, "determiner_noun_agreement_1": 0.8799999952316284, "determiner_noun_agreement_2": 0.8500000238418579, "determiner_noun_agreement_irregular_1": 0.7200000286102295, "determiner_noun_agreement_irregular_2": 0.8180000185966492, "determiner_noun_agreement_with_adj_2": 0.8029999732971191, "determiner_noun_agreement_with_adj_irregular_1": 0.656000018119812, "determiner_noun_agreement_with_adj_irregular_2": 0.7680000066757202, "determiner_noun_agreement_with_adjective_1": 0.8349999785423279, "distractor_agreement_relational_noun": 0.20800000429153442, "distractor_agreement_relative_clause": 0.24699999392032623, "drop_argument": 0.6880000233650208, "ellipsis_n_bar_1": 0.46299999952316284, "ellipsis_n_bar_2": 0.574999988079071, "existential_there_object_raising": 0.7289999723434448, "existential_there_quantifiers_1": 0.8090000152587891, "existential_there_quantifiers_2": 0.296999990940094, "existential_there_subject_raising": 0.5860000252723694, "expletive_it_object_raising": 0.6899999976158142, "inchoative": 0.3880000114440918, "intransitive": 0.5540000200271606, "irregular_past_participle_adjectives": 0.800000011920929, "irregular_past_participle_verbs": 0.7260000109672546, "irregular_plural_subject_verb_agreement_1": 0.6729999780654907, "irregular_plural_subject_verb_agreement_2": 0.7139999866485596, "left_branch_island_echo_question": 0.44600000977516174, "left_branch_island_simple_question": 0.47600001096725464, "matrix_question_npi_licensor_present": 0.2160000056028366, "npi_present_1": 0.24500000476837158, "npi_present_2": 0.30399999022483826, "only_npi_licensor_present": 0.09399999678134918, "only_npi_scope": 0.4269999861717224, "passive_1": 0.828000009059906, "passive_2": 0.8330000042915344, "principle_A_c_command": 0.6140000224113464, "principle_A_case_1": 1.0, "principle_A_case_2": 0.6759999990463257, "principle_A_domain_1": 0.9399999976158142, "principle_A_domain_2": 0.6110000014305115, "principle_A_domain_3": 0.4560000002384186, "principle_A_reconstruction": 0.4729999899864197, "regular_plural_subject_verb_agreement_1": 0.6549999713897705, "regular_plural_subject_verb_agreement_2": 0.652999997138977, "sentential_negation_npi_licensor_present": 0.9819999933242798, "sentential_negation_npi_scope": 0.47099998593330383, "sentential_subject_island": 0.4740000069141388, "superlative_quantifiers_1": 0.7059999704360962, "superlative_quantifiers_2": 0.6449999809265137, "tough_vs_raising_1": 0.3569999933242798, "tough_vs_raising_2": 0.6650000214576721, "transitive": 0.6869999766349792, "wh_island": 0.3109999895095825, "wh_questions_object_gap": 0.574999988079071, "wh_questions_subject_gap": 0.8830000162124634, "wh_questions_subject_gap_long_distance": 0.9520000219345093, "wh_vs_that_no_gap": 0.9440000057220459, "wh_vs_that_no_gap_long_distance": 0.9570000171661377, "wh_vs_that_with_gap": 0.125, "wh_vs_that_with_gap_long_distance": 0.05999999865889549}, "by_phenomenon": {"island_effects": 0.4842500016093254, "anaphor_agreement": 0.604500025510788, "s-selection": 0.6980000138282776, "argument_structure": 0.6378571476255145, "determiner_noun_agreement": 0.791250005364418, "subject_verb_agreement": 0.5249999885757765, "ellipsis": 0.5189999938011169, "control_raising": 0.605400002002716, "quantifiers": 0.6142499893903732, "irregular_forms": 0.7630000114440918, "npi_licensing": 0.39128570897238596, "binding": 0.6814285729612622, "filler_gap_dependency": 0.6422857211104461}}, "paloma": 272.4797627120068}