{"blimp": {"by_uid": {"adjunct_island": 0.4959999918937683, "anaphor_gender_agreement": 0.46000000834465027, "anaphor_number_agreement": 0.4909999966621399, "animate_subject_passive": 0.5339999794960022, "animate_subject_trans": 0.5659999847412109, "causative": 0.4410000145435333, "complex_NP_island": 0.550000011920929, "coordinate_structure_constraint_complex_left_branch": 0.5540000200271606, "coordinate_structure_constraint_object_extraction": 0.597000002861023, "determiner_noun_agreement_1": 0.49900001287460327, "determiner_noun_agreement_2": 0.5249999761581421, "determiner_noun_agreement_irregular_1": 0.5299999713897705, "determiner_noun_agreement_irregular_2": 0.4699999988079071, "determiner_noun_agreement_with_adj_2": 0.5040000081062317, "determiner_noun_agreement_with_adj_irregular_1": 0.48500001430511475, "determiner_noun_agreement_with_adj_irregular_2": 0.492000013589859, "determiner_noun_agreement_with_adjective_1": 0.5, "distractor_agreement_relational_noun": 0.4860000014305115, "distractor_agreement_relative_clause": 0.4790000021457672, "drop_argument": 0.6919999718666077, "ellipsis_n_bar_1": 0.515999972820282, "ellipsis_n_bar_2": 0.3580000102519989, "existential_there_object_raising": 0.6029999852180481, "existential_there_quantifiers_1": 0.25200000405311584, "existential_there_quantifiers_2": 0.10100000351667404, "existential_there_subject_raising": 0.5149999856948853, "expletive_it_object_raising": 0.5820000171661377, "inchoative": 0.4300000071525574, "intransitive": 0.5809999704360962, "irregular_past_participle_adjectives": 0.5559999942779541, "irregular_past_participle_verbs": 0.45899999141693115, "irregular_plural_subject_verb_agreement_1": 0.4620000123977661, "irregular_plural_subject_verb_agreement_2": 0.5299999713897705, "left_branch_island_echo_question": 0.43799999356269836, "left_branch_island_simple_question": 0.5090000033378601, "matrix_question_npi_licensor_present": 0.6290000081062317, "npi_present_1": 0.5189999938011169, "npi_present_2": 0.46299999952316284, "only_npi_licensor_present": 0.10000000149011612, "only_npi_scope": 0.36800000071525574, "passive_1": 0.5630000233650208, "passive_2": 0.6129999756813049, "principle_A_c_command": 0.5690000057220459, "principle_A_case_1": 0.6549999713897705, "principle_A_case_2": 0.46399998664855957, "principle_A_domain_1": 0.39800000190734863, "principle_A_domain_2": 0.5, "principle_A_domain_3": 0.4749999940395355, "principle_A_reconstruction": 0.5070000290870667, "regular_plural_subject_verb_agreement_1": 0.5429999828338623, "regular_plural_subject_verb_agreement_2": 0.4740000069141388, "sentential_negation_npi_licensor_present": 0.6940000057220459, "sentential_negation_npi_scope": 0.578000009059906, "sentential_subject_island": 0.4950000047683716, "superlative_quantifiers_1": 0.3240000009536743, "superlative_quantifiers_2": 0.2980000078678131, "tough_vs_raising_1": 0.3880000114440918, "tough_vs_raising_2": 0.6620000004768372, "transitive": 0.5109999775886536, "wh_island": 0.3449999988079071, "wh_questions_object_gap": 0.4869999885559082, "wh_questions_subject_gap": 0.48100000619888306, "wh_questions_subject_gap_long_distance": 0.4099999964237213, "wh_vs_that_no_gap": 0.4650000035762787, "wh_vs_that_no_gap_long_distance": 0.49399998784065247, "wh_vs_that_with_gap": 0.47099998593330383, "wh_vs_that_with_gap_long_distance": 0.5350000262260437}, "by_phenomenon": {"island_effects": 0.49800000339746475, "anaphor_agreement": 0.4755000025033951, "s-selection": 0.5499999821186066, "argument_structure": 0.5472857058048248, "determiner_noun_agreement": 0.5006249994039536, "subject_verb_agreement": 0.4956666628519694, "ellipsis": 0.43699999153614044, "control_raising": 0.55, "quantifiers": 0.24375000409781933, "irregular_forms": 0.5074999928474426, "npi_licensing": 0.478714288345405, "binding": 0.5097142841134753, "filler_gap_dependency": 0.47757142782211304}}, "paloma": 39966.36783808798}