{"blimp": {"by_uid": {"adjunct_island": 0.7179999947547913, "anaphor_gender_agreement": 0.48100000619888306, "anaphor_number_agreement": 0.6600000262260437, "animate_subject_passive": 0.6909999847412109, "animate_subject_trans": 0.6850000023841858, "causative": 0.4819999933242798, "complex_NP_island": 0.49799999594688416, "coordinate_structure_constraint_complex_left_branch": 0.33500000834465027, "coordinate_structure_constraint_object_extraction": 0.49900001287460327, "determiner_noun_agreement_1": 0.8610000014305115, "determiner_noun_agreement_2": 0.8289999961853027, "determiner_noun_agreement_irregular_1": 0.7350000143051147, "determiner_noun_agreement_irregular_2": 0.8389999866485596, "determiner_noun_agreement_with_adj_2": 0.7870000004768372, "determiner_noun_agreement_with_adj_irregular_1": 0.6179999709129333, "determiner_noun_agreement_with_adj_irregular_2": 0.7639999985694885, "determiner_noun_agreement_with_adjective_1": 0.8080000281333923, "distractor_agreement_relational_noun": 0.21199999749660492, "distractor_agreement_relative_clause": 0.2549999952316284, "drop_argument": 0.699999988079071, "ellipsis_n_bar_1": 0.44600000977516174, "ellipsis_n_bar_2": 0.5360000133514404, "existential_there_object_raising": 0.7179999947547913, "existential_there_quantifiers_1": 0.7540000081062317, "existential_there_quantifiers_2": 0.34200000762939453, "existential_there_subject_raising": 0.5529999732971191, "expletive_it_object_raising": 0.6830000281333923, "inchoative": 0.3720000088214874, "intransitive": 0.5559999942779541, "irregular_past_participle_adjectives": 0.8560000061988831, "irregular_past_participle_verbs": 0.7149999737739563, "irregular_plural_subject_verb_agreement_1": 0.6430000066757202, "irregular_plural_subject_verb_agreement_2": 0.6909999847412109, "left_branch_island_echo_question": 0.5040000081062317, "left_branch_island_simple_question": 0.4880000054836273, "matrix_question_npi_licensor_present": 0.22599999606609344, "npi_present_1": 0.2370000034570694, "npi_present_2": 0.27900001406669617, "only_npi_licensor_present": 0.08100000023841858, "only_npi_scope": 0.42100000381469727, "passive_1": 0.8169999718666077, "passive_2": 0.8240000009536743, "principle_A_c_command": 0.6079999804496765, "principle_A_case_1": 1.0, "principle_A_case_2": 0.6579999923706055, "principle_A_domain_1": 0.9399999976158142, "principle_A_domain_2": 0.6010000109672546, "principle_A_domain_3": 0.4390000104904175, "principle_A_reconstruction": 0.4090000092983246, "regular_plural_subject_verb_agreement_1": 0.6140000224113464, "regular_plural_subject_verb_agreement_2": 0.5989999771118164, "sentential_negation_npi_licensor_present": 0.9760000109672546, "sentential_negation_npi_scope": 0.5080000162124634, "sentential_subject_island": 0.44999998807907104, "superlative_quantifiers_1": 0.671999990940094, "superlative_quantifiers_2": 0.5519999861717224, "tough_vs_raising_1": 0.3840000033378601, "tough_vs_raising_2": 0.656000018119812, "transitive": 0.675000011920929, "wh_island": 0.19099999964237213, "wh_questions_object_gap": 0.5799999833106995, "wh_questions_subject_gap": 0.8870000243186951, "wh_questions_subject_gap_long_distance": 0.953000009059906, "wh_vs_that_no_gap": 0.9449999928474426, "wh_vs_that_no_gap_long_distance": 0.9599999785423279, "wh_vs_that_with_gap": 0.10400000214576721, "wh_vs_that_with_gap_long_distance": 0.05700000002980232}, "by_phenomenon": {"island_effects": 0.4603750016540289, "anaphor_agreement": 0.5705000162124634, "s-selection": 0.6879999935626984, "argument_structure": 0.6322857098920005, "determiner_noun_agreement": 0.7801249995827675, "subject_verb_agreement": 0.5023333306113879, "ellipsis": 0.4910000115633011, "control_raising": 0.598800003528595, "quantifiers": 0.5799999982118607, "irregular_forms": 0.7854999899864197, "npi_licensing": 0.38971429211752756, "binding": 0.665000000170299, "filler_gap_dependency": 0.6408571414649487}}, "paloma": 313.5399935825361}