{"blimp": {"by_uid": {"adjunct_island": 0.5099999904632568, "anaphor_gender_agreement": 0.4580000042915344, "anaphor_number_agreement": 0.49799999594688416, "animate_subject_passive": 0.5199999809265137, "animate_subject_trans": 0.5820000171661377, "causative": 0.4359999895095825, "complex_NP_island": 0.5299999713897705, "coordinate_structure_constraint_complex_left_branch": 0.5730000138282776, "coordinate_structure_constraint_object_extraction": 0.5609999895095825, "determiner_noun_agreement_1": 0.49799999594688416, "determiner_noun_agreement_2": 0.5170000195503235, "determiner_noun_agreement_irregular_1": 0.503000020980835, "determiner_noun_agreement_irregular_2": 0.47099998593330383, "determiner_noun_agreement_with_adj_2": 0.5130000114440918, "determiner_noun_agreement_with_adj_irregular_1": 0.47099998593330383, "determiner_noun_agreement_with_adj_irregular_2": 0.48500001430511475, "determiner_noun_agreement_with_adjective_1": 0.5130000114440918, "distractor_agreement_relational_noun": 0.49000000953674316, "distractor_agreement_relative_clause": 0.4880000054836273, "drop_argument": 0.6970000267028809, "ellipsis_n_bar_1": 0.5619999766349792, "ellipsis_n_bar_2": 0.3370000123977661, "existential_there_object_raising": 0.597000002861023, "existential_there_quantifiers_1": 0.21299999952316284, "existential_there_quantifiers_2": 0.3709999918937683, "existential_there_subject_raising": 0.4830000102519989, "expletive_it_object_raising": 0.5759999752044678, "inchoative": 0.421999990940094, "intransitive": 0.5889999866485596, "irregular_past_participle_adjectives": 0.5559999942779541, "irregular_past_participle_verbs": 0.4860000014305115, "irregular_plural_subject_verb_agreement_1": 0.4729999899864197, "irregular_plural_subject_verb_agreement_2": 0.5519999861717224, "left_branch_island_echo_question": 0.414000004529953, "left_branch_island_simple_question": 0.5109999775886536, "matrix_question_npi_licensor_present": 0.6110000014305115, "npi_present_1": 0.48399999737739563, "npi_present_2": 0.4359999895095825, "only_npi_licensor_present": 0.45100000500679016, "only_npi_scope": 0.628000020980835, "passive_1": 0.5669999718666077, "passive_2": 0.6190000176429749, "principle_A_c_command": 0.49000000953674316, "principle_A_case_1": 0.4970000088214874, "principle_A_case_2": 0.45399999618530273, "principle_A_domain_1": 0.3700000047683716, "principle_A_domain_2": 0.5149999856948853, "principle_A_domain_3": 0.45399999618530273, "principle_A_reconstruction": 0.4970000088214874, "regular_plural_subject_verb_agreement_1": 0.5299999713897705, "regular_plural_subject_verb_agreement_2": 0.47999998927116394, "sentential_negation_npi_licensor_present": 0.8500000238418579, "sentential_negation_npi_scope": 0.5429999828338623, "sentential_subject_island": 0.49000000953674316, "superlative_quantifiers_1": 0.4099999964237213, "superlative_quantifiers_2": 0.5429999828338623, "tough_vs_raising_1": 0.4309999942779541, "tough_vs_raising_2": 0.5920000076293945, "transitive": 0.5170000195503235, "wh_island": 0.3540000021457672, "wh_questions_object_gap": 0.4359999895095825, "wh_questions_subject_gap": 0.3919999897480011, "wh_questions_subject_gap_long_distance": 0.35199999809265137, "wh_vs_that_no_gap": 0.32199999690055847, "wh_vs_that_no_gap_long_distance": 0.3019999861717224, "wh_vs_that_with_gap": 0.6650000214576721, "wh_vs_that_with_gap_long_distance": 0.7170000076293945}, "by_phenomenon": {"island_effects": 0.49287499487400055, "anaphor_agreement": 0.4780000001192093, "s-selection": 0.5509999990463257, "argument_structure": 0.5495714289801461, "determiner_noun_agreement": 0.4963750056922436, "subject_verb_agreement": 0.5021666586399078, "ellipsis": 0.4494999945163727, "control_raising": 0.5357999980449677, "quantifiers": 0.3842499926686287, "irregular_forms": 0.5209999978542328, "npi_licensing": 0.571857145854405, "binding": 0.4681428585733686, "filler_gap_dependency": 0.4551428556442261}}, "paloma": 58497.370930422476}