{"blimp": {"by_uid": {"adjunct_island": 0.7200000286102295, "anaphor_gender_agreement": 0.4909999966621399, "anaphor_number_agreement": 0.6570000052452087, "animate_subject_passive": 0.6940000057220459, "animate_subject_trans": 0.6539999842643738, "causative": 0.45899999141693115, "complex_NP_island": 0.5360000133514404, "coordinate_structure_constraint_complex_left_branch": 0.4090000092983246, "coordinate_structure_constraint_object_extraction": 0.4950000047683716, "determiner_noun_agreement_1": 0.8100000023841858, "determiner_noun_agreement_2": 0.7870000004768372, "determiner_noun_agreement_irregular_1": 0.7129999995231628, "determiner_noun_agreement_irregular_2": 0.7799999713897705, "determiner_noun_agreement_with_adj_2": 0.6650000214576721, "determiner_noun_agreement_with_adj_irregular_1": 0.6069999933242798, "determiner_noun_agreement_with_adj_irregular_2": 0.7009999752044678, "determiner_noun_agreement_with_adjective_1": 0.7110000252723694, "distractor_agreement_relational_noun": 0.25600001215934753, "distractor_agreement_relative_clause": 0.2529999911785126, "drop_argument": 0.7009999752044678, "ellipsis_n_bar_1": 0.38999998569488525, "ellipsis_n_bar_2": 0.46299999952316284, "existential_there_object_raising": 0.7110000252723694, "existential_there_quantifiers_1": 0.7580000162124634, "existential_there_quantifiers_2": 0.3370000123977661, "existential_there_subject_raising": 0.5170000195503235, "expletive_it_object_raising": 0.6869999766349792, "inchoative": 0.3610000014305115, "intransitive": 0.593999981880188, "irregular_past_participle_adjectives": 0.7409999966621399, "irregular_past_participle_verbs": 0.7120000123977661, "irregular_plural_subject_verb_agreement_1": 0.6039999723434448, "irregular_plural_subject_verb_agreement_2": 0.6230000257492065, "left_branch_island_echo_question": 0.6010000109672546, "left_branch_island_simple_question": 0.5350000262260437, "matrix_question_npi_licensor_present": 0.21199999749660492, "npi_present_1": 0.2160000056028366, "npi_present_2": 0.32600000500679016, "only_npi_licensor_present": 0.28600001335144043, "only_npi_scope": 0.6069999933242798, "passive_1": 0.8019999861717224, "passive_2": 0.7770000100135803, "principle_A_c_command": 0.5619999766349792, "principle_A_case_1": 1.0, "principle_A_case_2": 0.531000018119812, "principle_A_domain_1": 0.8399999737739563, "principle_A_domain_2": 0.5879999995231628, "principle_A_domain_3": 0.4269999861717224, "principle_A_reconstruction": 0.29899999499320984, "regular_plural_subject_verb_agreement_1": 0.6039999723434448, "regular_plural_subject_verb_agreement_2": 0.5720000267028809, "sentential_negation_npi_licensor_present": 0.972000002861023, "sentential_negation_npi_scope": 0.4129999876022339, "sentential_subject_island": 0.39800000190734863, "superlative_quantifiers_1": 0.46000000834465027, "superlative_quantifiers_2": 0.7329999804496765, "tough_vs_raising_1": 0.46700000762939453, "tough_vs_raising_2": 0.6069999933242798, "transitive": 0.6520000100135803, "wh_island": 0.4950000047683716, "wh_questions_object_gap": 0.48500001430511475, "wh_questions_subject_gap": 0.7950000166893005, "wh_questions_subject_gap_long_distance": 0.8920000195503235, "wh_vs_that_no_gap": 0.9319999814033508, "wh_vs_that_no_gap_long_distance": 0.9480000138282776, "wh_vs_that_with_gap": 0.10199999809265137, "wh_vs_that_with_gap_long_distance": 0.05400000140070915}, "by_phenomenon": {"island_effects": 0.5236250124871731, "anaphor_agreement": 0.5740000009536743, "s-selection": 0.6739999949932098, "argument_structure": 0.6208571365901402, "determiner_noun_agreement": 0.7217499986290932, "subject_verb_agreement": 0.4853333334128062, "ellipsis": 0.42649999260902405, "control_raising": 0.5978000044822693, "quantifiers": 0.5720000043511391, "irregular_forms": 0.726500004529953, "npi_licensing": 0.43314285789217266, "binding": 0.606714278459549, "filler_gap_dependency": 0.601142863609961}}, "paloma": 450.0772785107018}