{"blimp": {"by_uid": {"adjunct_island": 0.7360000014305115, "anaphor_gender_agreement": 0.5329999923706055, "anaphor_number_agreement": 0.746999979019165, "animate_subject_passive": 0.6970000267028809, "animate_subject_trans": 0.6710000038146973, "causative": 0.48899999260902405, "complex_NP_island": 0.48399999737739563, "coordinate_structure_constraint_complex_left_branch": 0.48100000619888306, "coordinate_structure_constraint_object_extraction": 0.621999979019165, "determiner_noun_agreement_1": 0.875, "determiner_noun_agreement_2": 0.8679999709129333, "determiner_noun_agreement_irregular_1": 0.7279999852180481, "determiner_noun_agreement_irregular_2": 0.847000002861023, "determiner_noun_agreement_with_adj_2": 0.8090000152587891, "determiner_noun_agreement_with_adj_irregular_1": 0.6990000009536743, "determiner_noun_agreement_with_adj_irregular_2": 0.7570000290870667, "determiner_noun_agreement_with_adjective_1": 0.8460000157356262, "distractor_agreement_relational_noun": 0.210999995470047, "distractor_agreement_relative_clause": 0.2240000069141388, "drop_argument": 0.6869999766349792, "ellipsis_n_bar_1": 0.5270000100135803, "ellipsis_n_bar_2": 0.6010000109672546, "existential_there_object_raising": 0.7419999837875366, "existential_there_quantifiers_1": 0.7870000004768372, "existential_there_quantifiers_2": 0.3529999852180481, "existential_there_subject_raising": 0.6520000100135803, "expletive_it_object_raising": 0.7059999704360962, "inchoative": 0.38999998569488525, "intransitive": 0.5419999957084656, "irregular_past_participle_adjectives": 0.8029999732971191, "irregular_past_participle_verbs": 0.718999981880188, "irregular_plural_subject_verb_agreement_1": 0.6729999780654907, "irregular_plural_subject_verb_agreement_2": 0.7870000004768372, "left_branch_island_echo_question": 0.5260000228881836, "left_branch_island_simple_question": 0.5170000195503235, "matrix_question_npi_licensor_present": 0.2150000035762787, "npi_present_1": 0.25099998712539673, "npi_present_2": 0.31299999356269836, "only_npi_licensor_present": 0.10300000011920929, "only_npi_scope": 0.5529999732971191, "passive_1": 0.8180000185966492, "passive_2": 0.8529999852180481, "principle_A_c_command": 0.5889999866485596, "principle_A_case_1": 1.0, "principle_A_case_2": 0.671999990940094, "principle_A_domain_1": 0.9620000123977661, "principle_A_domain_2": 0.6359999775886536, "principle_A_domain_3": 0.4519999921321869, "principle_A_reconstruction": 0.47600001096725464, "regular_plural_subject_verb_agreement_1": 0.6940000057220459, "regular_plural_subject_verb_agreement_2": 0.7300000190734863, "sentential_negation_npi_licensor_present": 0.9950000047683716, "sentential_negation_npi_scope": 0.5289999842643738, "sentential_subject_island": 0.4350000023841858, "superlative_quantifiers_1": 0.7080000042915344, "superlative_quantifiers_2": 0.75, "tough_vs_raising_1": 0.4129999876022339, "tough_vs_raising_2": 0.6290000081062317, "transitive": 0.6899999976158142, "wh_island": 0.37299999594688416, "wh_questions_object_gap": 0.5950000286102295, "wh_questions_subject_gap": 0.9110000133514404, "wh_questions_subject_gap_long_distance": 0.9520000219345093, "wh_vs_that_no_gap": 0.9470000267028809, "wh_vs_that_no_gap_long_distance": 0.9430000185966492, "wh_vs_that_with_gap": 0.14000000059604645, "wh_vs_that_with_gap_long_distance": 0.10499999672174454}, "by_phenomenon": {"island_effects": 0.5217500030994415, "anaphor_agreement": 0.6399999856948853, "s-selection": 0.6840000152587891, "argument_structure": 0.6384285645825523, "determiner_noun_agreement": 0.8036250025033951, "subject_verb_agreement": 0.553166667620341, "ellipsis": 0.5640000104904175, "control_raising": 0.6283999919891358, "quantifiers": 0.6494999974966049, "irregular_forms": 0.7609999775886536, "npi_licensing": 0.4227142781019211, "binding": 0.6838571386677879, "filler_gap_dependency": 0.6561428723590714}}, "paloma": 229.03659280816854}