{"blimp": {"by_uid": {"adjunct_island": 0.7039999961853027, "anaphor_gender_agreement": 0.49900001287460327, "anaphor_number_agreement": 0.6890000104904175, "animate_subject_passive": 0.6880000233650208, "animate_subject_trans": 0.6859999895095825, "causative": 0.48899999260902405, "complex_NP_island": 0.49399998784065247, "coordinate_structure_constraint_complex_left_branch": 0.3540000021457672, "coordinate_structure_constraint_object_extraction": 0.5809999704360962, "determiner_noun_agreement_1": 0.8790000081062317, "determiner_noun_agreement_2": 0.8429999947547913, "determiner_noun_agreement_irregular_1": 0.7179999947547913, "determiner_noun_agreement_irregular_2": 0.8180000185966492, "determiner_noun_agreement_with_adj_2": 0.796999990940094, "determiner_noun_agreement_with_adj_irregular_1": 0.6439999938011169, "determiner_noun_agreement_with_adj_irregular_2": 0.7630000114440918, "determiner_noun_agreement_with_adjective_1": 0.8230000138282776, "distractor_agreement_relational_noun": 0.21899999678134918, "distractor_agreement_relative_clause": 0.2540000081062317, "drop_argument": 0.6990000009536743, "ellipsis_n_bar_1": 0.47099998593330383, "ellipsis_n_bar_2": 0.5770000219345093, "existential_there_object_raising": 0.7210000157356262, "existential_there_quantifiers_1": 0.8040000200271606, "existential_there_quantifiers_2": 0.28999999165534973, "existential_there_subject_raising": 0.5870000123977661, "expletive_it_object_raising": 0.6819999814033508, "inchoative": 0.37700000405311584, "intransitive": 0.5519999861717224, "irregular_past_participle_adjectives": 0.8339999914169312, "irregular_past_participle_verbs": 0.7269999980926514, "irregular_plural_subject_verb_agreement_1": 0.6660000085830688, "irregular_plural_subject_verb_agreement_2": 0.6899999976158142, "left_branch_island_echo_question": 0.4729999899864197, "left_branch_island_simple_question": 0.47600001096725464, "matrix_question_npi_licensor_present": 0.2199999988079071, "npi_present_1": 0.23399999737739563, "npi_present_2": 0.2630000114440918, "only_npi_licensor_present": 0.0949999988079071, "only_npi_scope": 0.4090000092983246, "passive_1": 0.8190000057220459, "passive_2": 0.828000009059906, "principle_A_c_command": 0.6110000014305115, "principle_A_case_1": 1.0, "principle_A_case_2": 0.6710000038146973, "principle_A_domain_1": 0.9259999990463257, "principle_A_domain_2": 0.6119999885559082, "principle_A_domain_3": 0.4410000145435333, "principle_A_reconstruction": 0.48100000619888306, "regular_plural_subject_verb_agreement_1": 0.6439999938011169, "regular_plural_subject_verb_agreement_2": 0.621999979019165, "sentential_negation_npi_licensor_present": 0.984000027179718, "sentential_negation_npi_scope": 0.47200000286102295, "sentential_subject_island": 0.4560000002384186, "superlative_quantifiers_1": 0.6330000162124634, "superlative_quantifiers_2": 0.5740000009536743, "tough_vs_raising_1": 0.3619999885559082, "tough_vs_raising_2": 0.6639999747276306, "transitive": 0.6850000023841858, "wh_island": 0.25999999046325684, "wh_questions_object_gap": 0.5770000219345093, "wh_questions_subject_gap": 0.8849999904632568, "wh_questions_subject_gap_long_distance": 0.953000009059906, "wh_vs_that_no_gap": 0.9440000057220459, "wh_vs_that_no_gap_long_distance": 0.9610000252723694, "wh_vs_that_with_gap": 0.11100000143051147, "wh_vs_that_with_gap_long_distance": 0.0560000017285347}, "by_phenomenon": {"island_effects": 0.47474999353289604, "anaphor_agreement": 0.5940000116825104, "s-selection": 0.6870000064373016, "argument_structure": 0.6355714287076678, "determiner_noun_agreement": 0.7856250032782555, "subject_verb_agreement": 0.5158333306511244, "ellipsis": 0.5240000039339066, "control_raising": 0.6031999945640564, "quantifiers": 0.575250007212162, "irregular_forms": 0.7804999947547913, "npi_licensing": 0.38242857796805246, "binding": 0.6774285733699799, "filler_gap_dependency": 0.6410000079444477}}, "paloma": 283.80230252867375}