{"blimp": {"by_uid": {"adjunct_island": 0.7289999723434448, "anaphor_gender_agreement": 0.4490000009536743, "anaphor_number_agreement": 0.656000018119812, "animate_subject_passive": 0.6919999718666077, "animate_subject_trans": 0.6819999814033508, "causative": 0.4729999899864197, "complex_NP_island": 0.5009999871253967, "coordinate_structure_constraint_complex_left_branch": 0.31700000166893005, "coordinate_structure_constraint_object_extraction": 0.4830000102519989, "determiner_noun_agreement_1": 0.8289999961853027, "determiner_noun_agreement_2": 0.8019999861717224, "determiner_noun_agreement_irregular_1": 0.7250000238418579, "determiner_noun_agreement_irregular_2": 0.8230000138282776, "determiner_noun_agreement_with_adj_2": 0.7599999904632568, "determiner_noun_agreement_with_adj_irregular_1": 0.6209999918937683, "determiner_noun_agreement_with_adj_irregular_2": 0.7570000290870667, "determiner_noun_agreement_with_adjective_1": 0.7789999842643738, "distractor_agreement_relational_noun": 0.22599999606609344, "distractor_agreement_relative_clause": 0.24799999594688416, "drop_argument": 0.7009999752044678, "ellipsis_n_bar_1": 0.4259999990463257, "ellipsis_n_bar_2": 0.5080000162124634, "existential_there_object_raising": 0.7200000286102295, "existential_there_quantifiers_1": 0.7020000219345093, "existential_there_quantifiers_2": 0.3840000033378601, "existential_there_subject_raising": 0.5130000114440918, "expletive_it_object_raising": 0.6890000104904175, "inchoative": 0.3659999966621399, "intransitive": 0.5730000138282776, "irregular_past_participle_adjectives": 0.7760000228881836, "irregular_past_participle_verbs": 0.7350000143051147, "irregular_plural_subject_verb_agreement_1": 0.6240000128746033, "irregular_plural_subject_verb_agreement_2": 0.6819999814033508, "left_branch_island_echo_question": 0.4909999966621399, "left_branch_island_simple_question": 0.4659999907016754, "matrix_question_npi_licensor_present": 0.23600000143051147, "npi_present_1": 0.2240000069141388, "npi_present_2": 0.2849999964237213, "only_npi_licensor_present": 0.09600000083446503, "only_npi_scope": 0.44600000977516174, "passive_1": 0.8159999847412109, "passive_2": 0.8140000104904175, "principle_A_c_command": 0.6140000224113464, "principle_A_case_1": 1.0, "principle_A_case_2": 0.6349999904632568, "principle_A_domain_1": 0.9459999799728394, "principle_A_domain_2": 0.6039999723434448, "principle_A_domain_3": 0.4320000112056732, "principle_A_reconstruction": 0.33799999952316284, "regular_plural_subject_verb_agreement_1": 0.6200000047683716, "regular_plural_subject_verb_agreement_2": 0.5559999942779541, "sentential_negation_npi_licensor_present": 0.9779999852180481, "sentential_negation_npi_scope": 0.4659999907016754, "sentential_subject_island": 0.4339999854564667, "superlative_quantifiers_1": 0.6439999938011169, "superlative_quantifiers_2": 0.6150000095367432, "tough_vs_raising_1": 0.4230000078678131, "tough_vs_raising_2": 0.6290000081062317, "transitive": 0.6830000281333923, "wh_island": 0.2590000033378601, "wh_questions_object_gap": 0.5509999990463257, "wh_questions_subject_gap": 0.8809999823570251, "wh_questions_subject_gap_long_distance": 0.9570000171661377, "wh_vs_that_no_gap": 0.9459999799728394, "wh_vs_that_no_gap_long_distance": 0.9660000205039978, "wh_vs_that_with_gap": 0.0949999988079071, "wh_vs_that_with_gap_long_distance": 0.04100000113248825}, "by_phenomenon": {"island_effects": 0.4599999934434891, "anaphor_agreement": 0.5525000095367432, "s-selection": 0.6869999766349792, "argument_structure": 0.6322857141494751, "determiner_noun_agreement": 0.7620000019669533, "subject_verb_agreement": 0.49266666422287625, "ellipsis": 0.46700000762939453, "control_raising": 0.5948000133037568, "quantifiers": 0.5862500071525574, "irregular_forms": 0.7555000185966492, "npi_licensing": 0.39014285589967457, "binding": 0.6527142822742462, "filler_gap_dependency": 0.6338571427123887}}, "paloma": 372.1465980356994}