{"blimp": {"by_uid": {"adjunct_island": 0.7440000176429749, "anaphor_gender_agreement": 0.46299999952316284, "anaphor_number_agreement": 0.6499999761581421, "animate_subject_passive": 0.7039999961853027, "animate_subject_trans": 0.6840000152587891, "causative": 0.47200000286102295, "complex_NP_island": 0.49399998784065247, "coordinate_structure_constraint_complex_left_branch": 0.31299999356269836, "coordinate_structure_constraint_object_extraction": 0.45100000500679016, "determiner_noun_agreement_1": 0.8399999737739563, "determiner_noun_agreement_2": 0.8159999847412109, "determiner_noun_agreement_irregular_1": 0.7239999771118164, "determiner_noun_agreement_irregular_2": 0.8299999833106995, "determiner_noun_agreement_with_adj_2": 0.7739999890327454, "determiner_noun_agreement_with_adj_irregular_1": 0.6140000224113464, "determiner_noun_agreement_with_adj_irregular_2": 0.7639999985694885, "determiner_noun_agreement_with_adjective_1": 0.7829999923706055, "distractor_agreement_relational_noun": 0.2199999988079071, "distractor_agreement_relative_clause": 0.24500000476837158, "drop_argument": 0.6940000057220459, "ellipsis_n_bar_1": 0.4269999861717224, "ellipsis_n_bar_2": 0.5210000276565552, "existential_there_object_raising": 0.7200000286102295, "existential_there_quantifiers_1": 0.718999981880188, "existential_there_quantifiers_2": 0.3779999911785126, "existential_there_subject_raising": 0.5180000066757202, "expletive_it_object_raising": 0.6890000104904175, "inchoative": 0.3720000088214874, "intransitive": 0.5659999847412109, "irregular_past_participle_adjectives": 0.8040000200271606, "irregular_past_participle_verbs": 0.7360000014305115, "irregular_plural_subject_verb_agreement_1": 0.6389999985694885, "irregular_plural_subject_verb_agreement_2": 0.6690000295639038, "left_branch_island_echo_question": 0.5070000290870667, "left_branch_island_simple_question": 0.4650000035762787, "matrix_question_npi_licensor_present": 0.23399999737739563, "npi_present_1": 0.21899999678134918, "npi_present_2": 0.28200000524520874, "only_npi_licensor_present": 0.0860000029206276, "only_npi_scope": 0.43700000643730164, "passive_1": 0.8259999752044678, "passive_2": 0.8180000185966492, "principle_A_c_command": 0.6209999918937683, "principle_A_case_1": 1.0, "principle_A_case_2": 0.640999972820282, "principle_A_domain_1": 0.9470000267028809, "principle_A_domain_2": 0.5979999899864197, "principle_A_domain_3": 0.4309999942779541, "principle_A_reconstruction": 0.375, "regular_plural_subject_verb_agreement_1": 0.6159999966621399, "regular_plural_subject_verb_agreement_2": 0.5709999799728394, "sentential_negation_npi_licensor_present": 0.9819999933242798, "sentential_negation_npi_scope": 0.4830000102519989, "sentential_subject_island": 0.45500001311302185, "superlative_quantifiers_1": 0.6700000166893005, "superlative_quantifiers_2": 0.6140000224113464, "tough_vs_raising_1": 0.42100000381469727, "tough_vs_raising_2": 0.6190000176429749, "transitive": 0.6800000071525574, "wh_island": 0.2280000001192093, "wh_questions_object_gap": 0.5519999861717224, "wh_questions_subject_gap": 0.8730000257492065, "wh_questions_subject_gap_long_distance": 0.9509999752044678, "wh_vs_that_no_gap": 0.9459999799728394, "wh_vs_that_no_gap_long_distance": 0.9649999737739563, "wh_vs_that_with_gap": 0.09600000083446503, "wh_vs_that_with_gap_long_distance": 0.04699999839067459}, "by_phenomenon": {"island_effects": 0.45712500624358654, "anaphor_agreement": 0.5564999878406525, "s-selection": 0.6940000057220459, "argument_structure": 0.6325714290142059, "determiner_noun_agreement": 0.7681249901652336, "subject_verb_agreement": 0.4933333347241084, "ellipsis": 0.4740000069141388, "control_raising": 0.5934000134468078, "quantifiers": 0.5952500030398369, "irregular_forms": 0.7700000107288361, "npi_licensing": 0.38900000176259447, "binding": 0.6589999965259007, "filler_gap_dependency": 0.6328571342996189}}, "paloma": 343.6039567322681}