{"blimp": {"by_uid": {"adjunct_island": 0.7350000143051147, "anaphor_gender_agreement": 0.49399998784065247, "anaphor_number_agreement": 0.6610000133514404, "animate_subject_passive": 0.6919999718666077, "animate_subject_trans": 0.6499999761581421, "causative": 0.4560000002384186, "complex_NP_island": 0.5460000038146973, "coordinate_structure_constraint_complex_left_branch": 0.41600000858306885, "coordinate_structure_constraint_object_extraction": 0.5, "determiner_noun_agreement_1": 0.8149999976158142, "determiner_noun_agreement_2": 0.7879999876022339, "determiner_noun_agreement_irregular_1": 0.7110000252723694, "determiner_noun_agreement_irregular_2": 0.7829999923706055, "determiner_noun_agreement_with_adj_2": 0.671999990940094, "determiner_noun_agreement_with_adj_irregular_1": 0.6150000095367432, "determiner_noun_agreement_with_adj_irregular_2": 0.703000009059906, "determiner_noun_agreement_with_adjective_1": 0.7099999785423279, "distractor_agreement_relational_noun": 0.2529999911785126, "distractor_agreement_relative_clause": 0.25, "drop_argument": 0.703000009059906, "ellipsis_n_bar_1": 0.3930000066757202, "ellipsis_n_bar_2": 0.46000000834465027, "existential_there_object_raising": 0.7099999785423279, "existential_there_quantifiers_1": 0.7519999742507935, "existential_there_quantifiers_2": 0.33399999141693115, "existential_there_subject_raising": 0.5109999775886536, "expletive_it_object_raising": 0.6800000071525574, "inchoative": 0.3610000014305115, "intransitive": 0.5889999866485596, "irregular_past_participle_adjectives": 0.7269999980926514, "irregular_past_participle_verbs": 0.7170000076293945, "irregular_plural_subject_verb_agreement_1": 0.6050000190734863, "irregular_plural_subject_verb_agreement_2": 0.6179999709129333, "left_branch_island_echo_question": 0.6019999980926514, "left_branch_island_simple_question": 0.531000018119812, "matrix_question_npi_licensor_present": 0.22300000488758087, "npi_present_1": 0.20800000429153442, "npi_present_2": 0.3160000145435333, "only_npi_licensor_present": 0.2540000081062317, "only_npi_scope": 0.5950000286102295, "passive_1": 0.8019999861717224, "passive_2": 0.7739999890327454, "principle_A_c_command": 0.5609999895095825, "principle_A_case_1": 1.0, "principle_A_case_2": 0.5329999923706055, "principle_A_domain_1": 0.824999988079071, "principle_A_domain_2": 0.5860000252723694, "principle_A_domain_3": 0.4320000112056732, "principle_A_reconstruction": 0.3050000071525574, "regular_plural_subject_verb_agreement_1": 0.6129999756813049, "regular_plural_subject_verb_agreement_2": 0.5740000009536743, "sentential_negation_npi_licensor_present": 0.9679999947547913, "sentential_negation_npi_scope": 0.4309999942779541, "sentential_subject_island": 0.4099999964237213, "superlative_quantifiers_1": 0.5090000033378601, "superlative_quantifiers_2": 0.7239999771118164, "tough_vs_raising_1": 0.460999995470047, "tough_vs_raising_2": 0.609000027179718, "transitive": 0.6499999761581421, "wh_island": 0.47999998927116394, "wh_questions_object_gap": 0.4860000014305115, "wh_questions_subject_gap": 0.8080000281333923, "wh_questions_subject_gap_long_distance": 0.8999999761581421, "wh_vs_that_no_gap": 0.9319999814033508, "wh_vs_that_no_gap_long_distance": 0.953000009059906, "wh_vs_that_with_gap": 0.10199999809265137, "wh_vs_that_with_gap_long_distance": 0.0560000017285347}, "by_phenomenon": {"island_effects": 0.5275000035762787, "anaphor_agreement": 0.5775000005960464, "s-selection": 0.6709999740123749, "argument_structure": 0.6192857069628579, "determiner_noun_agreement": 0.7246249988675117, "subject_verb_agreement": 0.4854999929666519, "ellipsis": 0.42650000751018524, "control_raising": 0.5941999971866607, "quantifiers": 0.5797499865293503, "irregular_forms": 0.722000002861023, "npi_licensing": 0.42785714992455076, "binding": 0.6060000019414085, "filler_gap_dependency": 0.6052857137152127}}, "paloma": 441.49457519079334}