{"blimp": {"by_uid": {"adjunct_island": 0.7440000176429749, "anaphor_gender_agreement": 0.5350000262260437, "anaphor_number_agreement": 0.7450000047683716, "animate_subject_passive": 0.6980000138282776, "animate_subject_trans": 0.6790000200271606, "causative": 0.49000000953674316, "complex_NP_island": 0.4830000102519989, "coordinate_structure_constraint_complex_left_branch": 0.42399999499320984, "coordinate_structure_constraint_object_extraction": 0.6169999837875366, "determiner_noun_agreement_1": 0.8790000081062317, "determiner_noun_agreement_2": 0.8539999723434448, "determiner_noun_agreement_irregular_1": 0.7279999852180481, "determiner_noun_agreement_irregular_2": 0.8460000157356262, "determiner_noun_agreement_with_adj_2": 0.8190000057220459, "determiner_noun_agreement_with_adj_irregular_1": 0.6779999732971191, "determiner_noun_agreement_with_adj_irregular_2": 0.7620000243186951, "determiner_noun_agreement_with_adjective_1": 0.8389999866485596, "distractor_agreement_relational_noun": 0.20900000631809235, "distractor_agreement_relative_clause": 0.23000000417232513, "drop_argument": 0.6909999847412109, "ellipsis_n_bar_1": 0.5059999823570251, "ellipsis_n_bar_2": 0.5889999866485596, "existential_there_object_raising": 0.7300000190734863, "existential_there_quantifiers_1": 0.7910000085830688, "existential_there_quantifiers_2": 0.3440000116825104, "existential_there_subject_raising": 0.6290000081062317, "expletive_it_object_raising": 0.6949999928474426, "inchoative": 0.38499999046325684, "intransitive": 0.5559999942779541, "irregular_past_participle_adjectives": 0.7630000114440918, "irregular_past_participle_verbs": 0.7009999752044678, "irregular_plural_subject_verb_agreement_1": 0.6790000200271606, "irregular_plural_subject_verb_agreement_2": 0.7699999809265137, "left_branch_island_echo_question": 0.5099999904632568, "left_branch_island_simple_question": 0.5040000081062317, "matrix_question_npi_licensor_present": 0.19599999487400055, "npi_present_1": 0.2639999985694885, "npi_present_2": 0.3230000138282776, "only_npi_licensor_present": 0.164000004529953, "only_npi_scope": 0.5260000228881836, "passive_1": 0.8100000023841858, "passive_2": 0.8450000286102295, "principle_A_c_command": 0.5910000205039978, "principle_A_case_1": 0.9990000128746033, "principle_A_case_2": 0.6660000085830688, "principle_A_domain_1": 0.9440000057220459, "principle_A_domain_2": 0.6179999709129333, "principle_A_domain_3": 0.4650000035762787, "principle_A_reconstruction": 0.45399999618530273, "regular_plural_subject_verb_agreement_1": 0.6890000104904175, "regular_plural_subject_verb_agreement_2": 0.7289999723434448, "sentential_negation_npi_licensor_present": 0.9879999756813049, "sentential_negation_npi_scope": 0.49799999594688416, "sentential_subject_island": 0.40799999237060547, "superlative_quantifiers_1": 0.7839999794960022, "superlative_quantifiers_2": 0.8090000152587891, "tough_vs_raising_1": 0.3880000114440918, "tough_vs_raising_2": 0.6449999809265137, "transitive": 0.6930000185966492, "wh_island": 0.3630000054836273, "wh_questions_object_gap": 0.5929999947547913, "wh_questions_subject_gap": 0.8960000276565552, "wh_questions_subject_gap_long_distance": 0.949999988079071, "wh_vs_that_no_gap": 0.9480000138282776, "wh_vs_that_no_gap_long_distance": 0.9509999752044678, "wh_vs_that_with_gap": 0.13899999856948853, "wh_vs_that_with_gap_long_distance": 0.08699999749660492}, "by_phenomenon": {"island_effects": 0.5066250003874302, "anaphor_agreement": 0.6400000154972076, "s-selection": 0.6885000169277191, "argument_structure": 0.6385714326586042, "determiner_noun_agreement": 0.8006249964237213, "subject_verb_agreement": 0.5509999990463257, "ellipsis": 0.5474999845027924, "control_raising": 0.6174000024795532, "quantifiers": 0.6820000037550926, "irregular_forms": 0.7319999933242798, "npi_licensing": 0.4227142866168703, "binding": 0.6767142883368901, "filler_gap_dependency": 0.6519999993698937}}, "paloma": 242.03225484243254}