{"blimp": {"by_uid": {"adjunct_island": 0.7170000076293945, "anaphor_gender_agreement": 0.4189999997615814, "anaphor_number_agreement": 0.5830000042915344, "animate_subject_passive": 0.6629999876022339, "animate_subject_trans": 0.5889999866485596, "causative": 0.4429999887943268, "complex_NP_island": 0.5509999990463257, "coordinate_structure_constraint_complex_left_branch": 0.3919999897480011, "coordinate_structure_constraint_object_extraction": 0.43700000643730164, "determiner_noun_agreement_1": 0.7120000123977661, "determiner_noun_agreement_2": 0.699999988079071, "determiner_noun_agreement_irregular_1": 0.6499999761581421, "determiner_noun_agreement_irregular_2": 0.7170000076293945, "determiner_noun_agreement_with_adj_2": 0.5, "determiner_noun_agreement_with_adj_irregular_1": 0.5019999742507935, "determiner_noun_agreement_with_adj_irregular_2": 0.5600000023841858, "determiner_noun_agreement_with_adjective_1": 0.531000018119812, "distractor_agreement_relational_noun": 0.3720000088214874, "distractor_agreement_relative_clause": 0.3179999887943268, "drop_argument": 0.7099999785423279, "ellipsis_n_bar_1": 0.28200000524520874, "ellipsis_n_bar_2": 0.32899999618530273, "existential_there_object_raising": 0.7129999995231628, "existential_there_quantifiers_1": 0.7820000052452087, "existential_there_quantifiers_2": 0.2590000033378601, "existential_there_subject_raising": 0.47200000286102295, "expletive_it_object_raising": 0.6769999861717224, "inchoative": 0.375, "intransitive": 0.6029999852180481, "irregular_past_participle_adjectives": 0.6800000071525574, "irregular_past_participle_verbs": 0.7179999947547913, "irregular_plural_subject_verb_agreement_1": 0.5379999876022339, "irregular_plural_subject_verb_agreement_2": 0.5709999799728394, "left_branch_island_echo_question": 0.6230000257492065, "left_branch_island_simple_question": 0.44699999690055847, "matrix_question_npi_licensor_present": 0.15000000596046448, "npi_present_1": 0.18400000035762787, "npi_present_2": 0.3479999899864197, "only_npi_licensor_present": 0.40799999237060547, "only_npi_scope": 0.5609999895095825, "passive_1": 0.7639999985694885, "passive_2": 0.7590000033378601, "principle_A_c_command": 0.5979999899864197, "principle_A_case_1": 1.0, "principle_A_case_2": 0.5590000152587891, "principle_A_domain_1": 0.9269999861717224, "principle_A_domain_2": 0.5709999799728394, "principle_A_domain_3": 0.4399999976158142, "principle_A_reconstruction": 0.289000004529953, "regular_plural_subject_verb_agreement_1": 0.628000020980835, "regular_plural_subject_verb_agreement_2": 0.527999997138977, "sentential_negation_npi_licensor_present": 0.9769999980926514, "sentential_negation_npi_scope": 0.41600000858306885, "sentential_subject_island": 0.49300000071525574, "superlative_quantifiers_1": 0.5879999995231628, "superlative_quantifiers_2": 0.9670000076293945, "tough_vs_raising_1": 0.4729999899864197, "tough_vs_raising_2": 0.5899999737739563, "transitive": 0.6399999856948853, "wh_island": 0.5590000152587891, "wh_questions_object_gap": 0.515999972820282, "wh_questions_subject_gap": 0.8069999814033508, "wh_questions_subject_gap_long_distance": 0.8759999871253967, "wh_vs_that_no_gap": 0.9419999718666077, "wh_vs_that_no_gap_long_distance": 0.9210000038146973, "wh_vs_that_with_gap": 0.06400000303983688, "wh_vs_that_with_gap_long_distance": 0.052000001072883606}, "by_phenomenon": {"island_effects": 0.5273750051856041, "anaphor_agreement": 0.5010000020265579, "s-selection": 0.6259999871253967, "argument_structure": 0.6134285628795624, "determiner_noun_agreement": 0.6089999973773956, "subject_verb_agreement": 0.4924999972184499, "ellipsis": 0.30550000071525574, "control_raising": 0.5849999904632568, "quantifiers": 0.6490000039339066, "irregular_forms": 0.6990000009536743, "npi_licensing": 0.4348571406943457, "binding": 0.6262857105050769, "filler_gap_dependency": 0.596857131591865}}, "paloma": 582.27382983962}