{"blimp": {"by_uid": {"adjunct_island": 0.7409999966621399, "anaphor_gender_agreement": 0.44999998807907104, "anaphor_number_agreement": 0.6660000085830688, "animate_subject_passive": 0.6980000138282776, "animate_subject_trans": 0.6809999942779541, "causative": 0.47200000286102295, "complex_NP_island": 0.5049999952316284, "coordinate_structure_constraint_complex_left_branch": 0.3019999861717224, "coordinate_structure_constraint_object_extraction": 0.4620000123977661, "determiner_noun_agreement_1": 0.8370000123977661, "determiner_noun_agreement_2": 0.8130000233650208, "determiner_noun_agreement_irregular_1": 0.7210000157356262, "determiner_noun_agreement_irregular_2": 0.8270000219345093, "determiner_noun_agreement_with_adj_2": 0.7639999985694885, "determiner_noun_agreement_with_adj_irregular_1": 0.6230000257492065, "determiner_noun_agreement_with_adj_irregular_2": 0.7549999952316284, "determiner_noun_agreement_with_adjective_1": 0.7839999794960022, "distractor_agreement_relational_noun": 0.22300000488758087, "distractor_agreement_relative_clause": 0.24400000274181366, "drop_argument": 0.6949999928474426, "ellipsis_n_bar_1": 0.42100000381469727, "ellipsis_n_bar_2": 0.5199999809265137, "existential_there_object_raising": 0.7170000076293945, "existential_there_quantifiers_1": 0.7129999995231628, "existential_there_quantifiers_2": 0.37400001287460327, "existential_there_subject_raising": 0.5070000290870667, "expletive_it_object_raising": 0.6869999766349792, "inchoative": 0.3630000054836273, "intransitive": 0.5709999799728394, "irregular_past_participle_adjectives": 0.7889999747276306, "irregular_past_participle_verbs": 0.7369999885559082, "irregular_plural_subject_verb_agreement_1": 0.6320000290870667, "irregular_plural_subject_verb_agreement_2": 0.6610000133514404, "left_branch_island_echo_question": 0.4909999966621399, "left_branch_island_simple_question": 0.460999995470047, "matrix_question_npi_licensor_present": 0.23600000143051147, "npi_present_1": 0.21799999475479126, "npi_present_2": 0.2809999883174896, "only_npi_licensor_present": 0.07900000363588333, "only_npi_scope": 0.4320000112056732, "passive_1": 0.8240000009536743, "passive_2": 0.8169999718666077, "principle_A_c_command": 0.5950000286102295, "principle_A_case_1": 1.0, "principle_A_case_2": 0.6449999809265137, "principle_A_domain_1": 0.9430000185966492, "principle_A_domain_2": 0.6029999852180481, "principle_A_domain_3": 0.4339999854564667, "principle_A_reconstruction": 0.3709999918937683, "regular_plural_subject_verb_agreement_1": 0.6150000095367432, "regular_plural_subject_verb_agreement_2": 0.5550000071525574, "sentential_negation_npi_licensor_present": 0.9819999933242798, "sentential_negation_npi_scope": 0.4909999966621399, "sentential_subject_island": 0.44600000977516174, "superlative_quantifiers_1": 0.6430000066757202, "superlative_quantifiers_2": 0.6359999775886536, "tough_vs_raising_1": 0.42800000309944153, "tough_vs_raising_2": 0.6269999742507935, "transitive": 0.6759999990463257, "wh_island": 0.2590000033378601, "wh_questions_object_gap": 0.5559999942779541, "wh_questions_subject_gap": 0.8669999837875366, "wh_questions_subject_gap_long_distance": 0.9480000138282776, "wh_vs_that_no_gap": 0.9440000057220459, "wh_vs_that_no_gap_long_distance": 0.9639999866485596, "wh_vs_that_with_gap": 0.09600000083446503, "wh_vs_that_with_gap_long_distance": 0.050999999046325684}, "by_phenomenon": {"island_effects": 0.4583749994635582, "anaphor_agreement": 0.55799999833107, "s-selection": 0.6895000040531158, "argument_structure": 0.6311428504330772, "determiner_noun_agreement": 0.765500009059906, "subject_verb_agreement": 0.4883333444595337, "ellipsis": 0.47049999237060547, "control_raising": 0.5931999981403351, "quantifiers": 0.591499999165535, "irregular_forms": 0.7629999816417694, "npi_licensing": 0.3884285699043955, "binding": 0.6558571415288108, "filler_gap_dependency": 0.6322857120207378}}, "paloma": 347.7416077663674}