{"blimp": {"by_uid": {"adjunct_island": 0.7059999704360962, "anaphor_gender_agreement": 0.47600001096725464, "anaphor_number_agreement": 0.6370000243186951, "animate_subject_passive": 0.6830000281333923, "animate_subject_trans": 0.621999979019165, "causative": 0.4659999907016754, "complex_NP_island": 0.5450000166893005, "coordinate_structure_constraint_complex_left_branch": 0.44699999690055847, "coordinate_structure_constraint_object_extraction": 0.5049999952316284, "determiner_noun_agreement_1": 0.7879999876022339, "determiner_noun_agreement_2": 0.7680000066757202, "determiner_noun_agreement_irregular_1": 0.6840000152587891, "determiner_noun_agreement_irregular_2": 0.7559999823570251, "determiner_noun_agreement_with_adj_2": 0.6119999885559082, "determiner_noun_agreement_with_adj_irregular_1": 0.5910000205039978, "determiner_noun_agreement_with_adj_irregular_2": 0.6499999761581421, "determiner_noun_agreement_with_adjective_1": 0.6639999747276306, "distractor_agreement_relational_noun": 0.28700000047683716, "distractor_agreement_relative_clause": 0.26499998569488525, "drop_argument": 0.7039999961853027, "ellipsis_n_bar_1": 0.3400000035762787, "ellipsis_n_bar_2": 0.41200000047683716, "existential_there_object_raising": 0.7059999704360962, "existential_there_quantifiers_1": 0.7739999890327454, "existential_there_quantifiers_2": 0.2980000078678131, "existential_there_subject_raising": 0.49799999594688416, "expletive_it_object_raising": 0.6779999732971191, "inchoative": 0.37299999594688416, "intransitive": 0.597000002861023, "irregular_past_participle_adjectives": 0.765999972820282, "irregular_past_participle_verbs": 0.7300000190734863, "irregular_plural_subject_verb_agreement_1": 0.5680000185966492, "irregular_plural_subject_verb_agreement_2": 0.5609999895095825, "left_branch_island_echo_question": 0.6420000195503235, "left_branch_island_simple_question": 0.5329999923706055, "matrix_question_npi_licensor_present": 0.18299999833106995, "npi_present_1": 0.2199999988079071, "npi_present_2": 0.34599998593330383, "only_npi_licensor_present": 0.31299999356269836, "only_npi_scope": 0.6299999952316284, "passive_1": 0.7799999713897705, "passive_2": 0.7649999856948853, "principle_A_c_command": 0.5640000104904175, "principle_A_case_1": 1.0, "principle_A_case_2": 0.5339999794960022, "principle_A_domain_1": 0.8899999856948853, "principle_A_domain_2": 0.5830000042915344, "principle_A_domain_3": 0.43299999833106995, "principle_A_reconstruction": 0.32899999618530273, "regular_plural_subject_verb_agreement_1": 0.6299999952316284, "regular_plural_subject_verb_agreement_2": 0.5460000038146973, "sentential_negation_npi_licensor_present": 0.9729999899864197, "sentential_negation_npi_scope": 0.41600000858306885, "sentential_subject_island": 0.41999998688697815, "superlative_quantifiers_1": 0.49300000071525574, "superlative_quantifiers_2": 0.8460000157356262, "tough_vs_raising_1": 0.46799999475479126, "tough_vs_raising_2": 0.5759999752044678, "transitive": 0.6370000243186951, "wh_island": 0.5860000252723694, "wh_questions_object_gap": 0.5040000081062317, "wh_questions_subject_gap": 0.8209999799728394, "wh_questions_subject_gap_long_distance": 0.8820000290870667, "wh_vs_that_no_gap": 0.9430000185966492, "wh_vs_that_no_gap_long_distance": 0.949999988079071, "wh_vs_that_with_gap": 0.07199999690055847, "wh_vs_that_with_gap_long_distance": 0.0560000017285347}, "by_phenomenon": {"island_effects": 0.5480000004172325, "anaphor_agreement": 0.5565000176429749, "s-selection": 0.6525000035762787, "argument_structure": 0.6174285667283195, "determiner_noun_agreement": 0.6891249939799309, "subject_verb_agreement": 0.47616666555404663, "ellipsis": 0.3760000020265579, "control_raising": 0.5851999819278717, "quantifiers": 0.6027500033378601, "irregular_forms": 0.7479999959468842, "npi_licensing": 0.44014285291944233, "binding": 0.6189999963556018, "filler_gap_dependency": 0.6040000032101359}}, "paloma": 480.09672220476}