{"blimp": {"by_uid": {"adjunct_island": 0.7239999771118164, "anaphor_gender_agreement": 0.5230000019073486, "anaphor_number_agreement": 0.7310000061988831, "animate_subject_passive": 0.7070000171661377, "animate_subject_trans": 0.6819999814033508, "causative": 0.48399999737739563, "complex_NP_island": 0.4779999852180481, "coordinate_structure_constraint_complex_left_branch": 0.4309999942779541, "coordinate_structure_constraint_object_extraction": 0.6269999742507935, "determiner_noun_agreement_1": 0.8830000162124634, "determiner_noun_agreement_2": 0.859000027179718, "determiner_noun_agreement_irregular_1": 0.7250000238418579, "determiner_noun_agreement_irregular_2": 0.8379999995231628, "determiner_noun_agreement_with_adj_2": 0.8149999976158142, "determiner_noun_agreement_with_adj_irregular_1": 0.6729999780654907, "determiner_noun_agreement_with_adj_irregular_2": 0.7549999952316284, "determiner_noun_agreement_with_adjective_1": 0.8410000205039978, "distractor_agreement_relational_noun": 0.21899999678134918, "distractor_agreement_relative_clause": 0.22699999809265137, "drop_argument": 0.6850000023841858, "ellipsis_n_bar_1": 0.4830000102519989, "ellipsis_n_bar_2": 0.5830000042915344, "existential_there_object_raising": 0.7319999933242798, "existential_there_quantifiers_1": 0.7870000004768372, "existential_there_quantifiers_2": 0.3330000042915344, "existential_there_subject_raising": 0.6140000224113464, "expletive_it_object_raising": 0.6930000185966492, "inchoative": 0.382999986410141, "intransitive": 0.5429999828338623, "irregular_past_participle_adjectives": 0.7860000133514404, "irregular_past_participle_verbs": 0.6959999799728394, "irregular_plural_subject_verb_agreement_1": 0.6769999861717224, "irregular_plural_subject_verb_agreement_2": 0.765999972820282, "left_branch_island_echo_question": 0.49799999594688416, "left_branch_island_simple_question": 0.5070000290870667, "matrix_question_npi_licensor_present": 0.19499999284744263, "npi_present_1": 0.24300000071525574, "npi_present_2": 0.31299999356269836, "only_npi_licensor_present": 0.1860000044107437, "only_npi_scope": 0.5109999775886536, "passive_1": 0.8190000057220459, "passive_2": 0.8489999771118164, "principle_A_c_command": 0.5989999771118164, "principle_A_case_1": 0.9990000128746033, "principle_A_case_2": 0.6710000038146973, "principle_A_domain_1": 0.9599999785423279, "principle_A_domain_2": 0.6159999966621399, "principle_A_domain_3": 0.46399998664855957, "principle_A_reconstruction": 0.46700000762939453, "regular_plural_subject_verb_agreement_1": 0.6830000281333923, "regular_plural_subject_verb_agreement_2": 0.7200000286102295, "sentential_negation_npi_licensor_present": 0.984000027179718, "sentential_negation_npi_scope": 0.49399998784065247, "sentential_subject_island": 0.4449999928474426, "superlative_quantifiers_1": 0.8149999976158142, "superlative_quantifiers_2": 0.8090000152587891, "tough_vs_raising_1": 0.38499999046325684, "tough_vs_raising_2": 0.6470000147819519, "transitive": 0.6959999799728394, "wh_island": 0.38199999928474426, "wh_questions_object_gap": 0.5849999785423279, "wh_questions_subject_gap": 0.8889999985694885, "wh_questions_subject_gap_long_distance": 0.9480000138282776, "wh_vs_that_no_gap": 0.9440000057220459, "wh_vs_that_no_gap_long_distance": 0.9559999704360962, "wh_vs_that_with_gap": 0.13899999856948853, "wh_vs_that_with_gap_long_distance": 0.08399999886751175}, "by_phenomenon": {"island_effects": 0.5114999935030937, "anaphor_agreement": 0.6270000040531158, "s-selection": 0.6944999992847443, "argument_structure": 0.6369999902588981, "determiner_noun_agreement": 0.7986250072717667, "subject_verb_agreement": 0.5486666684349378, "ellipsis": 0.5330000072717667, "control_raising": 0.6142000079154968, "quantifiers": 0.6860000044107437, "irregular_forms": 0.7409999966621399, "npi_licensing": 0.4179999977350235, "binding": 0.6822857090405056, "filler_gap_dependency": 0.6492857092193195}}, "paloma": 247.45418917825413}