{"blimp": {"by_uid": {"adjunct_island": 0.5080000162124634, "anaphor_gender_agreement": 0.3490000069141388, "anaphor_number_agreement": 0.4830000102519989, "animate_subject_passive": 0.6340000033378601, "animate_subject_trans": 0.5170000195503235, "causative": 0.4189999997615814, "complex_NP_island": 0.4959999918937683, "coordinate_structure_constraint_complex_left_branch": 0.4650000035762787, "coordinate_structure_constraint_object_extraction": 0.5049999952316284, "determiner_noun_agreement_1": 0.5220000147819519, "determiner_noun_agreement_2": 0.48100000619888306, "determiner_noun_agreement_irregular_1": 0.5289999842643738, "determiner_noun_agreement_irregular_2": 0.5220000147819519, "determiner_noun_agreement_with_adj_2": 0.47999998927116394, "determiner_noun_agreement_with_adj_irregular_1": 0.4560000002384186, "determiner_noun_agreement_with_adj_irregular_2": 0.5249999761581421, "determiner_noun_agreement_with_adjective_1": 0.4779999852180481, "distractor_agreement_relational_noun": 0.43700000643730164, "distractor_agreement_relative_clause": 0.460999995470047, "drop_argument": 0.7020000219345093, "ellipsis_n_bar_1": 0.3330000042915344, "ellipsis_n_bar_2": 0.3310000002384186, "existential_there_object_raising": 0.7229999899864197, "existential_there_quantifiers_1": 0.7799999713897705, "existential_there_quantifiers_2": 0.16200000047683716, "existential_there_subject_raising": 0.46799999475479126, "expletive_it_object_raising": 0.640999972820282, "inchoative": 0.38199999928474426, "intransitive": 0.5630000233650208, "irregular_past_participle_adjectives": 0.5260000228881836, "irregular_past_participle_verbs": 0.42399999499320984, "irregular_plural_subject_verb_agreement_1": 0.46299999952316284, "irregular_plural_subject_verb_agreement_2": 0.4970000088214874, "left_branch_island_echo_question": 0.48899999260902405, "left_branch_island_simple_question": 0.4909999966621399, "matrix_question_npi_licensor_present": 0.421999990940094, "npi_present_1": 0.5370000004768372, "npi_present_2": 0.5239999890327454, "only_npi_licensor_present": 0.0010000000474974513, "only_npi_scope": 0.19499999284744263, "passive_1": 0.6470000147819519, "passive_2": 0.6650000214576721, "principle_A_c_command": 0.6779999732971191, "principle_A_case_1": 0.9929999709129333, "principle_A_case_2": 0.4740000069141388, "principle_A_domain_1": 0.8769999742507935, "principle_A_domain_2": 0.5509999990463257, "principle_A_domain_3": 0.47200000286102295, "principle_A_reconstruction": 0.4189999997615814, "regular_plural_subject_verb_agreement_1": 0.5109999775886536, "regular_plural_subject_verb_agreement_2": 0.4880000054836273, "sentential_negation_npi_licensor_present": 0.6930000185966492, "sentential_negation_npi_scope": 0.6430000066757202, "sentential_subject_island": 0.5339999794960022, "superlative_quantifiers_1": 0.1679999977350235, "superlative_quantifiers_2": 0.39899998903274536, "tough_vs_raising_1": 0.4269999861717224, "tough_vs_raising_2": 0.6169999837875366, "transitive": 0.5730000138282776, "wh_island": 0.5989999771118164, "wh_questions_object_gap": 0.6510000228881836, "wh_questions_subject_gap": 0.8140000104904175, "wh_questions_subject_gap_long_distance": 0.765999972820282, "wh_vs_that_no_gap": 0.9240000247955322, "wh_vs_that_no_gap_long_distance": 0.9350000023841858, "wh_vs_that_with_gap": 0.0560000017285347, "wh_vs_that_with_gap_long_distance": 0.06400000303983688}, "by_phenomenon": {"island_effects": 0.5108749940991402, "anaphor_agreement": 0.41600000858306885, "s-selection": 0.5755000114440918, "argument_structure": 0.564428584916251, "determiner_noun_agreement": 0.49912499636411667, "subject_verb_agreement": 0.47616666555404663, "ellipsis": 0.3320000022649765, "control_raising": 0.5751999855041504, "quantifiers": 0.37724998965859413, "irregular_forms": 0.4750000089406967, "npi_licensing": 0.43071428551671226, "binding": 0.6377142752919879, "filler_gap_dependency": 0.601428576878139}}, "paloma": 1569.0976930624931}