{"blimp": {"by_uid": {"adjunct_island": 0.7110000252723694, "anaphor_gender_agreement": 0.47600001096725464, "anaphor_number_agreement": 0.6570000052452087, "animate_subject_passive": 0.6840000152587891, "animate_subject_trans": 0.640999972820282, "causative": 0.4580000042915344, "complex_NP_island": 0.5239999890327454, "coordinate_structure_constraint_complex_left_branch": 0.421999990940094, "coordinate_structure_constraint_object_extraction": 0.5059999823570251, "determiner_noun_agreement_1": 0.8090000152587891, "determiner_noun_agreement_2": 0.777999997138977, "determiner_noun_agreement_irregular_1": 0.7099999785423279, "determiner_noun_agreement_irregular_2": 0.7639999985694885, "determiner_noun_agreement_with_adj_2": 0.656000018119812, "determiner_noun_agreement_with_adj_irregular_1": 0.6119999885559082, "determiner_noun_agreement_with_adj_irregular_2": 0.6869999766349792, "determiner_noun_agreement_with_adjective_1": 0.7080000042915344, "distractor_agreement_relational_noun": 0.2590000033378601, "distractor_agreement_relative_clause": 0.2590000033378601, "drop_argument": 0.7049999833106995, "ellipsis_n_bar_1": 0.36800000071525574, "ellipsis_n_bar_2": 0.45100000500679016, "existential_there_object_raising": 0.7110000252723694, "existential_there_quantifiers_1": 0.7599999904632568, "existential_there_quantifiers_2": 0.3179999887943268, "existential_there_subject_raising": 0.5270000100135803, "expletive_it_object_raising": 0.6840000152587891, "inchoative": 0.3659999966621399, "intransitive": 0.5870000123977661, "irregular_past_participle_adjectives": 0.734000027179718, "irregular_past_participle_verbs": 0.7179999947547913, "irregular_plural_subject_verb_agreement_1": 0.5960000157356262, "irregular_plural_subject_verb_agreement_2": 0.6200000047683716, "left_branch_island_echo_question": 0.6010000109672546, "left_branch_island_simple_question": 0.5400000214576721, "matrix_question_npi_licensor_present": 0.21799999475479126, "npi_present_1": 0.210999995470047, "npi_present_2": 0.32600000500679016, "only_npi_licensor_present": 0.24400000274181366, "only_npi_scope": 0.5879999995231628, "passive_1": 0.8029999732971191, "passive_2": 0.7770000100135803, "principle_A_c_command": 0.5659999847412109, "principle_A_case_1": 1.0, "principle_A_case_2": 0.5320000052452087, "principle_A_domain_1": 0.8700000047683716, "principle_A_domain_2": 0.5870000123977661, "principle_A_domain_3": 0.42800000309944153, "principle_A_reconstruction": 0.3190000057220459, "regular_plural_subject_verb_agreement_1": 0.6050000190734863, "regular_plural_subject_verb_agreement_2": 0.5759999752044678, "sentential_negation_npi_licensor_present": 0.9710000157356262, "sentential_negation_npi_scope": 0.4050000011920929, "sentential_subject_island": 0.40400001406669617, "superlative_quantifiers_1": 0.4690000116825104, "superlative_quantifiers_2": 0.7549999952316284, "tough_vs_raising_1": 0.46299999952316284, "tough_vs_raising_2": 0.6000000238418579, "transitive": 0.6470000147819519, "wh_island": 0.5239999890327454, "wh_questions_object_gap": 0.4860000014305115, "wh_questions_subject_gap": 0.8209999799728394, "wh_questions_subject_gap_long_distance": 0.8939999938011169, "wh_vs_that_no_gap": 0.9399999976158142, "wh_vs_that_no_gap_long_distance": 0.9549999833106995, "wh_vs_that_with_gap": 0.0989999994635582, "wh_vs_that_with_gap_long_distance": 0.04899999871850014}, "by_phenomenon": {"island_effects": 0.5290000028908253, "anaphor_agreement": 0.5665000081062317, "s-selection": 0.6624999940395355, "argument_structure": 0.6204285706792559, "determiner_noun_agreement": 0.715499997138977, "subject_verb_agreement": 0.485833336909612, "ellipsis": 0.40950000286102295, "control_raising": 0.5970000147819519, "quantifiers": 0.5754999965429306, "irregular_forms": 0.7260000109672546, "npi_licensing": 0.423285716346332, "binding": 0.614571430853435, "filler_gap_dependency": 0.6062857077590057}}, "paloma": 454.15784681100877}