{"blimp": {"by_uid": {"adjunct_island": 0.7350000143051147, "anaphor_gender_agreement": 0.5210000276565552, "anaphor_number_agreement": 0.753000020980835, "animate_subject_passive": 0.6859999895095825, "animate_subject_trans": 0.6700000166893005, "causative": 0.49300000071525574, "complex_NP_island": 0.49300000071525574, "coordinate_structure_constraint_complex_left_branch": 0.47699999809265137, "coordinate_structure_constraint_object_extraction": 0.6140000224113464, "determiner_noun_agreement_1": 0.8730000257492065, "determiner_noun_agreement_2": 0.8669999837875366, "determiner_noun_agreement_irregular_1": 0.7360000014305115, "determiner_noun_agreement_irregular_2": 0.8410000205039978, "determiner_noun_agreement_with_adj_2": 0.8090000152587891, "determiner_noun_agreement_with_adj_irregular_1": 0.6940000057220459, "determiner_noun_agreement_with_adj_irregular_2": 0.7480000257492065, "determiner_noun_agreement_with_adjective_1": 0.8450000286102295, "distractor_agreement_relational_noun": 0.21799999475479126, "distractor_agreement_relative_clause": 0.2290000021457672, "drop_argument": 0.6949999928474426, "ellipsis_n_bar_1": 0.5220000147819519, "ellipsis_n_bar_2": 0.5910000205039978, "existential_there_object_raising": 0.7440000176429749, "existential_there_quantifiers_1": 0.7720000147819519, "existential_there_quantifiers_2": 0.367000013589859, "existential_there_subject_raising": 0.6600000262260437, "expletive_it_object_raising": 0.7049999833106995, "inchoative": 0.3930000066757202, "intransitive": 0.5379999876022339, "irregular_past_participle_adjectives": 0.7609999775886536, "irregular_past_participle_verbs": 0.7089999914169312, "irregular_plural_subject_verb_agreement_1": 0.6740000247955322, "irregular_plural_subject_verb_agreement_2": 0.7820000052452087, "left_branch_island_echo_question": 0.5320000052452087, "left_branch_island_simple_question": 0.5139999985694885, "matrix_question_npi_licensor_present": 0.20900000631809235, "npi_present_1": 0.2409999966621399, "npi_present_2": 0.3100000023841858, "only_npi_licensor_present": 0.09399999678134918, "only_npi_scope": 0.5339999794960022, "passive_1": 0.8149999976158142, "passive_2": 0.843999981880188, "principle_A_c_command": 0.5830000042915344, "principle_A_case_1": 0.9990000128746033, "principle_A_case_2": 0.6769999861717224, "principle_A_domain_1": 0.9589999914169312, "principle_A_domain_2": 0.625, "principle_A_domain_3": 0.44699999690055847, "principle_A_reconstruction": 0.46700000762939453, "regular_plural_subject_verb_agreement_1": 0.6930000185966492, "regular_plural_subject_verb_agreement_2": 0.7350000143051147, "sentential_negation_npi_licensor_present": 0.9919999837875366, "sentential_negation_npi_scope": 0.5019999742507935, "sentential_subject_island": 0.42899999022483826, "superlative_quantifiers_1": 0.7300000190734863, "superlative_quantifiers_2": 0.7850000262260437, "tough_vs_raising_1": 0.39800000190734863, "tough_vs_raising_2": 0.6439999938011169, "transitive": 0.6880000233650208, "wh_island": 0.3840000033378601, "wh_questions_object_gap": 0.6129999756813049, "wh_questions_subject_gap": 0.9070000052452087, "wh_questions_subject_gap_long_distance": 0.9559999704360962, "wh_vs_that_no_gap": 0.9539999961853027, "wh_vs_that_no_gap_long_distance": 0.9570000171661377, "wh_vs_that_with_gap": 0.1289999932050705, "wh_vs_that_with_gap_long_distance": 0.09399999678134918}, "by_phenomenon": {"island_effects": 0.5222500041127205, "anaphor_agreement": 0.6370000243186951, "s-selection": 0.6780000030994415, "argument_structure": 0.6379999986716679, "determiner_noun_agreement": 0.8016250133514404, "subject_verb_agreement": 0.5551666766405106, "ellipsis": 0.5565000176429749, "control_raising": 0.6302000045776367, "quantifiers": 0.6635000184178352, "irregular_forms": 0.7349999845027924, "npi_licensing": 0.4117142770971571, "binding": 0.6795714284692492, "filler_gap_dependency": 0.6585714221000671}}, "paloma": 231.23415797396405}