{"blimp": {"by_uid": {"adjunct_island": 0.47999998927116394, "anaphor_gender_agreement": 0.43700000643730164, "anaphor_number_agreement": 0.4970000088214874, "animate_subject_passive": 0.5559999942779541, "animate_subject_trans": 0.5580000281333923, "causative": 0.4390000104904175, "complex_NP_island": 0.5440000295639038, "coordinate_structure_constraint_complex_left_branch": 0.5609999895095825, "coordinate_structure_constraint_object_extraction": 0.5870000123977661, "determiner_noun_agreement_1": 0.5109999775886536, "determiner_noun_agreement_2": 0.5090000033378601, "determiner_noun_agreement_irregular_1": 0.5320000052452087, "determiner_noun_agreement_irregular_2": 0.4699999988079071, "determiner_noun_agreement_with_adj_2": 0.49799999594688416, "determiner_noun_agreement_with_adj_irregular_1": 0.4819999933242798, "determiner_noun_agreement_with_adj_irregular_2": 0.4860000014305115, "determiner_noun_agreement_with_adjective_1": 0.5080000162124634, "distractor_agreement_relational_noun": 0.48500001430511475, "distractor_agreement_relative_clause": 0.4749999940395355, "drop_argument": 0.6899999976158142, "ellipsis_n_bar_1": 0.48399999737739563, "ellipsis_n_bar_2": 0.3630000054836273, "existential_there_object_raising": 0.6230000257492065, "existential_there_quantifiers_1": 0.2750000059604645, "existential_there_quantifiers_2": 0.04100000113248825, "existential_there_subject_raising": 0.5149999856948853, "expletive_it_object_raising": 0.578000009059906, "inchoative": 0.42399999499320984, "intransitive": 0.574999988079071, "irregular_past_participle_adjectives": 0.5709999799728394, "irregular_past_participle_verbs": 0.44999998807907104, "irregular_plural_subject_verb_agreement_1": 0.46000000834465027, "irregular_plural_subject_verb_agreement_2": 0.5210000276565552, "left_branch_island_echo_question": 0.4440000057220459, "left_branch_island_simple_question": 0.515999972820282, "matrix_question_npi_licensor_present": 0.6359999775886536, "npi_present_1": 0.5239999890327454, "npi_present_2": 0.47600001096725464, "only_npi_licensor_present": 0.03799999877810478, "only_npi_scope": 0.335999995470047, "passive_1": 0.5690000057220459, "passive_2": 0.6100000143051147, "principle_A_c_command": 0.597000002861023, "principle_A_case_1": 0.7490000128746033, "principle_A_case_2": 0.47200000286102295, "principle_A_domain_1": 0.45899999141693115, "principle_A_domain_2": 0.5080000162124634, "principle_A_domain_3": 0.4690000116825104, "principle_A_reconstruction": 0.5070000290870667, "regular_plural_subject_verb_agreement_1": 0.5450000166893005, "regular_plural_subject_verb_agreement_2": 0.47600001096725464, "sentential_negation_npi_licensor_present": 0.5709999799728394, "sentential_negation_npi_scope": 0.593999981880188, "sentential_subject_island": 0.5130000114440918, "superlative_quantifiers_1": 0.2669999897480011, "superlative_quantifiers_2": 0.22499999403953552, "tough_vs_raising_1": 0.3709999918937683, "tough_vs_raising_2": 0.6740000247955322, "transitive": 0.5139999985694885, "wh_island": 0.3330000042915344, "wh_questions_object_gap": 0.503000020980835, "wh_questions_subject_gap": 0.5260000228881836, "wh_questions_subject_gap_long_distance": 0.4230000078678131, "wh_vs_that_no_gap": 0.5440000295639038, "wh_vs_that_no_gap_long_distance": 0.5889999866485596, "wh_vs_that_with_gap": 0.3959999978542328, "wh_vs_that_with_gap_long_distance": 0.44600000977516174}, "by_phenomenon": {"island_effects": 0.4972500018775463, "anaphor_agreement": 0.46700000762939453, "s-selection": 0.5570000112056732, "argument_structure": 0.5458571442535946, "determiner_noun_agreement": 0.49949999898672104, "subject_verb_agreement": 0.4936666786670685, "ellipsis": 0.4235000014305115, "control_raising": 0.5522000074386597, "quantifiers": 0.20199999772012234, "irregular_forms": 0.5104999840259552, "npi_licensing": 0.45357141909854753, "binding": 0.5372857238565173, "filler_gap_dependency": 0.4895714393683842}}, "paloma": 29714.32623720601}