{"blimp": {"by_uid": {"adjunct_island": 0.7289999723434448, "anaphor_gender_agreement": 0.5019999742507935, "anaphor_number_agreement": 0.7400000095367432, "animate_subject_passive": 0.6980000138282776, "animate_subject_trans": 0.675000011920929, "causative": 0.4779999852180481, "complex_NP_island": 0.4819999933242798, "coordinate_structure_constraint_complex_left_branch": 0.4350000023841858, "coordinate_structure_constraint_object_extraction": 0.6269999742507935, "determiner_noun_agreement_1": 0.8830000162124634, "determiner_noun_agreement_2": 0.8629999756813049, "determiner_noun_agreement_irregular_1": 0.7200000286102295, "determiner_noun_agreement_irregular_2": 0.8479999899864197, "determiner_noun_agreement_with_adj_2": 0.8069999814033508, "determiner_noun_agreement_with_adj_irregular_1": 0.6959999799728394, "determiner_noun_agreement_with_adj_irregular_2": 0.75, "determiner_noun_agreement_with_adjective_1": 0.8489999771118164, "distractor_agreement_relational_noun": 0.2199999988079071, "distractor_agreement_relative_clause": 0.21899999678134918, "drop_argument": 0.6970000267028809, "ellipsis_n_bar_1": 0.48899999260902405, "ellipsis_n_bar_2": 0.5849999785423279, "existential_there_object_raising": 0.7400000095367432, "existential_there_quantifiers_1": 0.7749999761581421, "existential_there_quantifiers_2": 0.36800000071525574, "existential_there_subject_raising": 0.6380000114440918, "expletive_it_object_raising": 0.6990000009536743, "inchoative": 0.3889999985694885, "intransitive": 0.5450000166893005, "irregular_past_participle_adjectives": 0.7540000081062317, "irregular_past_participle_verbs": 0.7179999947547913, "irregular_plural_subject_verb_agreement_1": 0.6679999828338623, "irregular_plural_subject_verb_agreement_2": 0.7749999761581421, "left_branch_island_echo_question": 0.5389999747276306, "left_branch_island_simple_question": 0.5099999904632568, "matrix_question_npi_licensor_present": 0.19699999690055847, "npi_present_1": 0.23100000619888306, "npi_present_2": 0.3109999895095825, "only_npi_licensor_present": 0.16599999368190765, "only_npi_scope": 0.5360000133514404, "passive_1": 0.8130000233650208, "passive_2": 0.8420000076293945, "principle_A_c_command": 0.5740000009536743, "principle_A_case_1": 0.9990000128746033, "principle_A_case_2": 0.671999990940094, "principle_A_domain_1": 0.9430000185966492, "principle_A_domain_2": 0.6119999885559082, "principle_A_domain_3": 0.46000000834465027, "principle_A_reconstruction": 0.4429999887943268, "regular_plural_subject_verb_agreement_1": 0.6919999718666077, "regular_plural_subject_verb_agreement_2": 0.7300000190734863, "sentential_negation_npi_licensor_present": 0.9900000095367432, "sentential_negation_npi_scope": 0.49900001287460327, "sentential_subject_island": 0.4180000126361847, "superlative_quantifiers_1": 0.8040000200271606, "superlative_quantifiers_2": 0.8309999704360962, "tough_vs_raising_1": 0.39500001072883606, "tough_vs_raising_2": 0.6380000114440918, "transitive": 0.6949999928474426, "wh_island": 0.41600000858306885, "wh_questions_object_gap": 0.5950000286102295, "wh_questions_subject_gap": 0.9070000052452087, "wh_questions_subject_gap_long_distance": 0.9520000219345093, "wh_vs_that_no_gap": 0.9509999752044678, "wh_vs_that_no_gap_long_distance": 0.9549999833106995, "wh_vs_that_with_gap": 0.13600000739097595, "wh_vs_that_with_gap_long_distance": 0.08900000154972076}, "by_phenomenon": {"island_effects": 0.5194999910891056, "anaphor_agreement": 0.6209999918937683, "s-selection": 0.6865000128746033, "argument_structure": 0.6370000072887966, "determiner_noun_agreement": 0.801999993622303, "subject_verb_agreement": 0.5506666575868925, "ellipsis": 0.536999985575676, "control_raising": 0.6220000088214874, "quantifiers": 0.6944999918341637, "irregular_forms": 0.7360000014305115, "npi_licensing": 0.4185714317219598, "binding": 0.6718571441514152, "filler_gap_dependency": 0.6550000033208302}}, "paloma": 237.42013494843806}