{"blimp": {"by_uid": {"adjunct_island": 0.7409999966621399, "anaphor_gender_agreement": 0.4830000102519989, "anaphor_number_agreement": 0.6570000052452087, "animate_subject_passive": 0.6890000104904175, "animate_subject_trans": 0.6449999809265137, "causative": 0.46299999952316284, "complex_NP_island": 0.5410000085830688, "coordinate_structure_constraint_complex_left_branch": 0.3840000033378601, "coordinate_structure_constraint_object_extraction": 0.49399998784065247, "determiner_noun_agreement_1": 0.8159999847412109, "determiner_noun_agreement_2": 0.7889999747276306, "determiner_noun_agreement_irregular_1": 0.7129999995231628, "determiner_noun_agreement_irregular_2": 0.7789999842643738, "determiner_noun_agreement_with_adj_2": 0.6759999990463257, "determiner_noun_agreement_with_adj_irregular_1": 0.6029999852180481, "determiner_noun_agreement_with_adj_irregular_2": 0.7070000171661377, "determiner_noun_agreement_with_adjective_1": 0.7160000205039978, "distractor_agreement_relational_noun": 0.25200000405311584, "distractor_agreement_relative_clause": 0.26100000739097595, "drop_argument": 0.7009999752044678, "ellipsis_n_bar_1": 0.39100000262260437, "ellipsis_n_bar_2": 0.46799999475479126, "existential_there_object_raising": 0.7170000076293945, "existential_there_quantifiers_1": 0.7540000081062317, "existential_there_quantifiers_2": 0.335999995470047, "existential_there_subject_raising": 0.515999972820282, "expletive_it_object_raising": 0.6830000281333923, "inchoative": 0.3610000014305115, "intransitive": 0.5929999947547913, "irregular_past_participle_adjectives": 0.7440000176429749, "irregular_past_participle_verbs": 0.7110000252723694, "irregular_plural_subject_verb_agreement_1": 0.6069999933242798, "irregular_plural_subject_verb_agreement_2": 0.6069999933242798, "left_branch_island_echo_question": 0.5849999785423279, "left_branch_island_simple_question": 0.5180000066757202, "matrix_question_npi_licensor_present": 0.2199999988079071, "npi_present_1": 0.19699999690055847, "npi_present_2": 0.3190000057220459, "only_npi_licensor_present": 0.23800000548362732, "only_npi_scope": 0.5600000023841858, "passive_1": 0.8080000281333923, "passive_2": 0.7860000133514404, "principle_A_c_command": 0.5699999928474426, "principle_A_case_1": 1.0, "principle_A_case_2": 0.5289999842643738, "principle_A_domain_1": 0.8769999742507935, "principle_A_domain_2": 0.5870000123977661, "principle_A_domain_3": 0.42899999022483826, "principle_A_reconstruction": 0.30799999833106995, "regular_plural_subject_verb_agreement_1": 0.609000027179718, "regular_plural_subject_verb_agreement_2": 0.5569999814033508, "sentential_negation_npi_licensor_present": 0.9700000286102295, "sentential_negation_npi_scope": 0.43700000643730164, "sentential_subject_island": 0.41100001335144043, "superlative_quantifiers_1": 0.531000018119812, "superlative_quantifiers_2": 0.7329999804496765, "tough_vs_raising_1": 0.46399998664855957, "tough_vs_raising_2": 0.6010000109672546, "transitive": 0.6549999713897705, "wh_island": 0.44999998807907104, "wh_questions_object_gap": 0.4950000047683716, "wh_questions_subject_gap": 0.8220000267028809, "wh_questions_subject_gap_long_distance": 0.9039999842643738, "wh_vs_that_no_gap": 0.9340000152587891, "wh_vs_that_no_gap_long_distance": 0.9549999833106995, "wh_vs_that_with_gap": 0.09600000083446503, "wh_vs_that_with_gap_long_distance": 0.05400000140070915}, "by_phenomenon": {"island_effects": 0.5154999978840351, "anaphor_agreement": 0.5700000077486038, "s-selection": 0.6669999957084656, "argument_structure": 0.6238571405410767, "determiner_noun_agreement": 0.7248749956488609, "subject_verb_agreement": 0.4821666677792867, "ellipsis": 0.4294999986886978, "control_raising": 0.5962000012397766, "quantifiers": 0.5885000005364418, "irregular_forms": 0.7275000214576721, "npi_licensing": 0.4201428634779794, "binding": 0.6142857074737549, "filler_gap_dependency": 0.608571430934327}}, "paloma": 429.6374134821344}