{"blimp": {"by_uid": {"adjunct_island": 0.718999981880188, "anaphor_gender_agreement": 0.5049999952316284, "anaphor_number_agreement": 0.7580000162124634, "animate_subject_passive": 0.6869999766349792, "animate_subject_trans": 0.6729999780654907, "causative": 0.4830000102519989, "complex_NP_island": 0.4959999918937683, "coordinate_structure_constraint_complex_left_branch": 0.5019999742507935, "coordinate_structure_constraint_object_extraction": 0.6019999980926514, "determiner_noun_agreement_1": 0.8840000033378601, "determiner_noun_agreement_2": 0.871999979019165, "determiner_noun_agreement_irregular_1": 0.7279999852180481, "determiner_noun_agreement_irregular_2": 0.8550000190734863, "determiner_noun_agreement_with_adj_2": 0.8029999732971191, "determiner_noun_agreement_with_adj_irregular_1": 0.6890000104904175, "determiner_noun_agreement_with_adj_irregular_2": 0.7409999966621399, "determiner_noun_agreement_with_adjective_1": 0.8320000171661377, "distractor_agreement_relational_noun": 0.23999999463558197, "distractor_agreement_relative_clause": 0.23999999463558197, "drop_argument": 0.6949999928474426, "ellipsis_n_bar_1": 0.5360000133514404, "ellipsis_n_bar_2": 0.6029999852180481, "existential_there_object_raising": 0.7379999756813049, "existential_there_quantifiers_1": 0.7960000038146973, "existential_there_quantifiers_2": 0.3240000009536743, "existential_there_subject_raising": 0.6589999794960022, "expletive_it_object_raising": 0.7009999752044678, "inchoative": 0.3930000066757202, "intransitive": 0.5440000295639038, "irregular_past_participle_adjectives": 0.8389999866485596, "irregular_past_participle_verbs": 0.7490000128746033, "irregular_plural_subject_verb_agreement_1": 0.6809999942779541, "irregular_plural_subject_verb_agreement_2": 0.7870000004768372, "left_branch_island_echo_question": 0.527999997138977, "left_branch_island_simple_question": 0.5170000195503235, "matrix_question_npi_licensor_present": 0.22300000488758087, "npi_present_1": 0.2669999897480011, "npi_present_2": 0.32199999690055847, "only_npi_licensor_present": 0.05700000002980232, "only_npi_scope": 0.6039999723434448, "passive_1": 0.8169999718666077, "passive_2": 0.8460000157356262, "principle_A_c_command": 0.5920000076293945, "principle_A_case_1": 1.0, "principle_A_case_2": 0.6809999942779541, "principle_A_domain_1": 0.9629999995231628, "principle_A_domain_2": 0.6439999938011169, "principle_A_domain_3": 0.4569999873638153, "principle_A_reconstruction": 0.47099998593330383, "regular_plural_subject_verb_agreement_1": 0.6990000009536743, "regular_plural_subject_verb_agreement_2": 0.7450000047683716, "sentential_negation_npi_licensor_present": 0.9929999709129333, "sentential_negation_npi_scope": 0.46700000762939453, "sentential_subject_island": 0.4189999997615814, "superlative_quantifiers_1": 0.5759999752044678, "superlative_quantifiers_2": 0.7239999771118164, "tough_vs_raising_1": 0.4189999997615814, "tough_vs_raising_2": 0.6449999809265137, "transitive": 0.703000009059906, "wh_island": 0.41499999165534973, "wh_questions_object_gap": 0.6190000176429749, "wh_questions_subject_gap": 0.9070000052452087, "wh_questions_subject_gap_long_distance": 0.953000009059906, "wh_vs_that_no_gap": 0.9509999752044678, "wh_vs_that_no_gap_long_distance": 0.9620000123977661, "wh_vs_that_with_gap": 0.11400000005960464, "wh_vs_that_with_gap_long_distance": 0.06400000303983688}, "by_phenomenon": {"island_effects": 0.5247499942779541, "anaphor_agreement": 0.6315000057220459, "s-selection": 0.679999977350235, "argument_structure": 0.6401428622858865, "determiner_noun_agreement": 0.8004999980330467, "subject_verb_agreement": 0.5653333316246668, "ellipsis": 0.5694999992847443, "control_raising": 0.632399982213974, "quantifiers": 0.6049999892711639, "irregular_forms": 0.7939999997615814, "npi_licensing": 0.41899999177881647, "binding": 0.6868571383612496, "filler_gap_dependency": 0.6528571460928235}}, "paloma": 221.22797443210456}