{"blimp": {"by_uid": {"adjunct_island": 0.7329999804496765, "anaphor_gender_agreement": 0.531000018119812, "anaphor_number_agreement": 0.753000020980835, "animate_subject_passive": 0.6959999799728394, "animate_subject_trans": 0.6759999990463257, "causative": 0.48500001430511475, "complex_NP_island": 0.48500001430511475, "coordinate_structure_constraint_complex_left_branch": 0.48100000619888306, "coordinate_structure_constraint_object_extraction": 0.6119999885559082, "determiner_noun_agreement_1": 0.8769999742507935, "determiner_noun_agreement_2": 0.8679999709129333, "determiner_noun_agreement_irregular_1": 0.7300000190734863, "determiner_noun_agreement_irregular_2": 0.8379999995231628, "determiner_noun_agreement_with_adj_2": 0.8080000281333923, "determiner_noun_agreement_with_adj_irregular_1": 0.6949999928474426, "determiner_noun_agreement_with_adj_irregular_2": 0.7490000128746033, "determiner_noun_agreement_with_adjective_1": 0.8460000157356262, "distractor_agreement_relational_noun": 0.2150000035762787, "distractor_agreement_relative_clause": 0.2329999953508377, "drop_argument": 0.6899999976158142, "ellipsis_n_bar_1": 0.531000018119812, "ellipsis_n_bar_2": 0.6019999980926514, "existential_there_object_raising": 0.7390000224113464, "existential_there_quantifiers_1": 0.7850000262260437, "existential_there_quantifiers_2": 0.3659999966621399, "existential_there_subject_raising": 0.6499999761581421, "expletive_it_object_raising": 0.7059999704360962, "inchoative": 0.3919999897480011, "intransitive": 0.550000011920929, "irregular_past_participle_adjectives": 0.8180000185966492, "irregular_past_participle_verbs": 0.7239999771118164, "irregular_plural_subject_verb_agreement_1": 0.6779999732971191, "irregular_plural_subject_verb_agreement_2": 0.7820000052452087, "left_branch_island_echo_question": 0.5249999761581421, "left_branch_island_simple_question": 0.5120000243186951, "matrix_question_npi_licensor_present": 0.22200000286102295, "npi_present_1": 0.2529999911785126, "npi_present_2": 0.3089999854564667, "only_npi_licensor_present": 0.10100000351667404, "only_npi_scope": 0.5450000166893005, "passive_1": 0.8190000057220459, "passive_2": 0.8510000109672546, "principle_A_c_command": 0.597000002861023, "principle_A_case_1": 1.0, "principle_A_case_2": 0.6700000166893005, "principle_A_domain_1": 0.9610000252723694, "principle_A_domain_2": 0.6349999904632568, "principle_A_domain_3": 0.45899999141693115, "principle_A_reconstruction": 0.4480000138282776, "regular_plural_subject_verb_agreement_1": 0.703000009059906, "regular_plural_subject_verb_agreement_2": 0.7400000095367432, "sentential_negation_npi_licensor_present": 0.9940000176429749, "sentential_negation_npi_scope": 0.5109999775886536, "sentential_subject_island": 0.43799999356269836, "superlative_quantifiers_1": 0.7170000076293945, "superlative_quantifiers_2": 0.746999979019165, "tough_vs_raising_1": 0.3970000147819519, "tough_vs_raising_2": 0.6449999809265137, "transitive": 0.6909999847412109, "wh_island": 0.3619999885559082, "wh_questions_object_gap": 0.6060000061988831, "wh_questions_subject_gap": 0.9160000085830688, "wh_questions_subject_gap_long_distance": 0.9559999704360962, "wh_vs_that_no_gap": 0.953000009059906, "wh_vs_that_no_gap_long_distance": 0.9559999704360962, "wh_vs_that_with_gap": 0.1289999932050705, "wh_vs_that_with_gap_long_distance": 0.09200000017881393}, "by_phenomenon": {"island_effects": 0.5184999965131283, "anaphor_agreement": 0.6420000195503235, "s-selection": 0.6859999895095825, "argument_structure": 0.6397142878600529, "determiner_noun_agreement": 0.80137500166893, "subject_verb_agreement": 0.5584999993443489, "ellipsis": 0.5665000081062317, "control_raising": 0.62739999294281, "quantifiers": 0.6537500023841858, "irregular_forms": 0.7709999978542328, "npi_licensing": 0.4192857135619436, "binding": 0.681428577218737, "filler_gap_dependency": 0.658285708299705}}, "paloma": 228.09463828914258}