{"blimp": {"by_uid": {"adjunct_island": 0.7080000042915344, "anaphor_gender_agreement": 0.5099999904632568, "anaphor_number_agreement": 0.6940000057220459, "animate_subject_passive": 0.6869999766349792, "animate_subject_trans": 0.6949999928474426, "causative": 0.4959999918937683, "complex_NP_island": 0.492000013589859, "coordinate_structure_constraint_complex_left_branch": 0.4009999930858612, "coordinate_structure_constraint_object_extraction": 0.6169999837875366, "determiner_noun_agreement_1": 0.875, "determiner_noun_agreement_2": 0.8519999980926514, "determiner_noun_agreement_irregular_1": 0.718999981880188, "determiner_noun_agreement_irregular_2": 0.8159999847412109, "determiner_noun_agreement_with_adj_2": 0.7940000295639038, "determiner_noun_agreement_with_adj_irregular_1": 0.6589999794960022, "determiner_noun_agreement_with_adj_irregular_2": 0.75, "determiner_noun_agreement_with_adjective_1": 0.8339999914169312, "distractor_agreement_relational_noun": 0.21299999952316284, "distractor_agreement_relative_clause": 0.24899999797344208, "drop_argument": 0.6909999847412109, "ellipsis_n_bar_1": 0.49000000953674316, "ellipsis_n_bar_2": 0.5830000042915344, "existential_there_object_raising": 0.7379999756813049, "existential_there_quantifiers_1": 0.8180000185966492, "existential_there_quantifiers_2": 0.29100000858306885, "existential_there_subject_raising": 0.5950000286102295, "expletive_it_object_raising": 0.6880000233650208, "inchoative": 0.36899998784065247, "intransitive": 0.5429999828338623, "irregular_past_participle_adjectives": 0.8299999833106995, "irregular_past_participle_verbs": 0.7200000286102295, "irregular_plural_subject_verb_agreement_1": 0.6690000295639038, "irregular_plural_subject_verb_agreement_2": 0.722000002861023, "left_branch_island_echo_question": 0.4519999921321869, "left_branch_island_simple_question": 0.49300000071525574, "matrix_question_npi_licensor_present": 0.21699999272823334, "npi_present_1": 0.25200000405311584, "npi_present_2": 0.3179999887943268, "only_npi_licensor_present": 0.10899999737739563, "only_npi_scope": 0.45899999141693115, "passive_1": 0.8190000057220459, "passive_2": 0.8399999737739563, "principle_A_c_command": 0.6190000176429749, "principle_A_case_1": 1.0, "principle_A_case_2": 0.6740000247955322, "principle_A_domain_1": 0.9539999961853027, "principle_A_domain_2": 0.6069999933242798, "principle_A_domain_3": 0.45899999141693115, "principle_A_reconstruction": 0.46799999475479126, "regular_plural_subject_verb_agreement_1": 0.6620000004768372, "regular_plural_subject_verb_agreement_2": 0.6679999828338623, "sentential_negation_npi_licensor_present": 0.9760000109672546, "sentential_negation_npi_scope": 0.47099998593330383, "sentential_subject_island": 0.4650000035762787, "superlative_quantifiers_1": 0.6830000281333923, "superlative_quantifiers_2": 0.6919999718666077, "tough_vs_raising_1": 0.3840000033378601, "tough_vs_raising_2": 0.6489999890327454, "transitive": 0.6890000104904175, "wh_island": 0.35199999809265137, "wh_questions_object_gap": 0.5950000286102295, "wh_questions_subject_gap": 0.8889999985694885, "wh_questions_subject_gap_long_distance": 0.9559999704360962, "wh_vs_that_no_gap": 0.9449999928474426, "wh_vs_that_no_gap_long_distance": 0.9570000171661377, "wh_vs_that_with_gap": 0.12200000137090683, "wh_vs_that_with_gap_long_distance": 0.061000000685453415}, "by_phenomenon": {"island_effects": 0.4974999986588955, "anaphor_agreement": 0.6019999980926514, "s-selection": 0.6909999847412109, "argument_structure": 0.6352857053279877, "determiner_noun_agreement": 0.7873749956488609, "subject_verb_agreement": 0.5305000022053719, "ellipsis": 0.5365000069141388, "control_raising": 0.6108000040054321, "quantifiers": 0.6210000067949295, "irregular_forms": 0.7750000059604645, "npi_licensing": 0.40028571018150877, "binding": 0.6830000025885445, "filler_gap_dependency": 0.6464285728122506}}, "paloma": 267.4898042924728}