{"blimp": {"by_uid": {"adjunct_island": 0.746999979019165, "anaphor_gender_agreement": 0.49900001287460327, "anaphor_number_agreement": 0.7429999709129333, "animate_subject_passive": 0.6990000009536743, "animate_subject_trans": 0.675000011920929, "causative": 0.4959999918937683, "complex_NP_island": 0.4779999852180481, "coordinate_structure_constraint_complex_left_branch": 0.42100000381469727, "coordinate_structure_constraint_object_extraction": 0.6169999837875366, "determiner_noun_agreement_1": 0.8820000290870667, "determiner_noun_agreement_2": 0.8500000238418579, "determiner_noun_agreement_irregular_1": 0.7210000157356262, "determiner_noun_agreement_irregular_2": 0.8410000205039978, "determiner_noun_agreement_with_adj_2": 0.8109999895095825, "determiner_noun_agreement_with_adj_irregular_1": 0.675000011920929, "determiner_noun_agreement_with_adj_irregular_2": 0.7540000081062317, "determiner_noun_agreement_with_adjective_1": 0.8420000076293945, "distractor_agreement_relational_noun": 0.2240000069141388, "distractor_agreement_relative_clause": 0.23999999463558197, "drop_argument": 0.6919999718666077, "ellipsis_n_bar_1": 0.49799999594688416, "ellipsis_n_bar_2": 0.5899999737739563, "existential_there_object_raising": 0.7289999723434448, "existential_there_quantifiers_1": 0.7839999794960022, "existential_there_quantifiers_2": 0.33799999952316284, "existential_there_subject_raising": 0.6290000081062317, "expletive_it_object_raising": 0.6940000057220459, "inchoative": 0.3799999952316284, "intransitive": 0.5479999780654907, "irregular_past_participle_adjectives": 0.7670000195503235, "irregular_past_participle_verbs": 0.6990000009536743, "irregular_plural_subject_verb_agreement_1": 0.6779999732971191, "irregular_plural_subject_verb_agreement_2": 0.7689999938011169, "left_branch_island_echo_question": 0.5090000033378601, "left_branch_island_simple_question": 0.4970000088214874, "matrix_question_npi_licensor_present": 0.19200000166893005, "npi_present_1": 0.2370000034570694, "npi_present_2": 0.29100000858306885, "only_npi_licensor_present": 0.17299999296665192, "only_npi_scope": 0.5329999923706055, "passive_1": 0.8080000281333923, "passive_2": 0.8410000205039978, "principle_A_c_command": 0.5860000252723694, "principle_A_case_1": 0.9990000128746033, "principle_A_case_2": 0.671999990940094, "principle_A_domain_1": 0.9509999752044678, "principle_A_domain_2": 0.609000027179718, "principle_A_domain_3": 0.46799999475479126, "principle_A_reconstruction": 0.4560000002384186, "regular_plural_subject_verb_agreement_1": 0.6890000104904175, "regular_plural_subject_verb_agreement_2": 0.7300000190734863, "sentential_negation_npi_licensor_present": 0.9879999756813049, "sentential_negation_npi_scope": 0.5120000243186951, "sentential_subject_island": 0.40700000524520874, "superlative_quantifiers_1": 0.7929999828338623, "superlative_quantifiers_2": 0.796999990940094, "tough_vs_raising_1": 0.3880000114440918, "tough_vs_raising_2": 0.6430000066757202, "transitive": 0.7020000219345093, "wh_island": 0.36800000071525574, "wh_questions_object_gap": 0.5849999785423279, "wh_questions_subject_gap": 0.8949999809265137, "wh_questions_subject_gap_long_distance": 0.9509999752044678, "wh_vs_that_no_gap": 0.9440000057220459, "wh_vs_that_no_gap_long_distance": 0.949999988079071, "wh_vs_that_with_gap": 0.14000000059604645, "wh_vs_that_with_gap_long_distance": 0.08699999749660492}, "by_phenomenon": {"island_effects": 0.5054999962449074, "anaphor_agreement": 0.6209999918937683, "s-selection": 0.6870000064373016, "argument_structure": 0.6381428582327706, "determiner_noun_agreement": 0.7970000132918358, "subject_verb_agreement": 0.5549999997019768, "ellipsis": 0.5439999848604202, "control_raising": 0.6166000008583069, "quantifiers": 0.6779999881982803, "irregular_forms": 0.7330000102519989, "npi_licensing": 0.4179999998637608, "binding": 0.6772857180663517, "filler_gap_dependency": 0.6502857037952968}}, "paloma": 243.6772523913234}