{"blimp": {"by_uid": {"adjunct_island": 0.7120000123977661, "anaphor_gender_agreement": 0.49399998784065247, "anaphor_number_agreement": 0.746999979019165, "animate_subject_passive": 0.6909999847412109, "animate_subject_trans": 0.6779999732971191, "causative": 0.4860000014305115, "complex_NP_island": 0.48100000619888306, "coordinate_structure_constraint_complex_left_branch": 0.5019999742507935, "coordinate_structure_constraint_object_extraction": 0.625, "determiner_noun_agreement_1": 0.8799999952316284, "determiner_noun_agreement_2": 0.8759999871253967, "determiner_noun_agreement_irregular_1": 0.734000027179718, "determiner_noun_agreement_irregular_2": 0.8560000061988831, "determiner_noun_agreement_with_adj_2": 0.8080000281333923, "determiner_noun_agreement_with_adj_irregular_1": 0.6990000009536743, "determiner_noun_agreement_with_adj_irregular_2": 0.7450000047683716, "determiner_noun_agreement_with_adjective_1": 0.843999981880188, "distractor_agreement_relational_noun": 0.2240000069141388, "distractor_agreement_relative_clause": 0.2280000001192093, "drop_argument": 0.6859999895095825, "ellipsis_n_bar_1": 0.5370000004768372, "ellipsis_n_bar_2": 0.6079999804496765, "existential_there_object_raising": 0.7440000176429749, "existential_there_quantifiers_1": 0.7829999923706055, "existential_there_quantifiers_2": 0.3440000116825104, "existential_there_subject_raising": 0.6589999794960022, "expletive_it_object_raising": 0.703000009059906, "inchoative": 0.3889999985694885, "intransitive": 0.5450000166893005, "irregular_past_participle_adjectives": 0.8420000076293945, "irregular_past_participle_verbs": 0.7400000095367432, "irregular_plural_subject_verb_agreement_1": 0.6769999861717224, "irregular_plural_subject_verb_agreement_2": 0.800000011920929, "left_branch_island_echo_question": 0.5379999876022339, "left_branch_island_simple_question": 0.527999997138977, "matrix_question_npi_licensor_present": 0.2160000056028366, "npi_present_1": 0.24799999594688416, "npi_present_2": 0.30799999833106995, "only_npi_licensor_present": 0.09200000017881393, "only_npi_scope": 0.597000002861023, "passive_1": 0.8209999799728394, "passive_2": 0.8429999947547913, "principle_A_c_command": 0.5920000076293945, "principle_A_case_1": 1.0, "principle_A_case_2": 0.6800000071525574, "principle_A_domain_1": 0.9580000042915344, "principle_A_domain_2": 0.6449999809265137, "principle_A_domain_3": 0.453000009059906, "principle_A_reconstruction": 0.4699999988079071, "regular_plural_subject_verb_agreement_1": 0.6899999976158142, "regular_plural_subject_verb_agreement_2": 0.753000020980835, "sentential_negation_npi_licensor_present": 0.9940000176429749, "sentential_negation_npi_scope": 0.5019999742507935, "sentential_subject_island": 0.42899999022483826, "superlative_quantifiers_1": 0.6779999732971191, "superlative_quantifiers_2": 0.7490000128746033, "tough_vs_raising_1": 0.4050000011920929, "tough_vs_raising_2": 0.6510000228881836, "transitive": 0.703000009059906, "wh_island": 0.3709999918937683, "wh_questions_object_gap": 0.6060000061988831, "wh_questions_subject_gap": 0.9070000052452087, "wh_questions_subject_gap_long_distance": 0.9520000219345093, "wh_vs_that_no_gap": 0.9459999799728394, "wh_vs_that_no_gap_long_distance": 0.9509999752044678, "wh_vs_that_with_gap": 0.12800000607967377, "wh_vs_that_with_gap_long_distance": 0.09000000357627869}, "by_phenomenon": {"island_effects": 0.5232499949634075, "anaphor_agreement": 0.6204999834299088, "s-selection": 0.684499979019165, "argument_structure": 0.6389999985694885, "determiner_noun_agreement": 0.8052500039339066, "subject_verb_agreement": 0.5620000039537748, "ellipsis": 0.5724999904632568, "control_raising": 0.6324000060558319, "quantifiers": 0.6384999975562096, "irregular_forms": 0.7910000085830688, "npi_licensing": 0.42242857068777084, "binding": 0.6854285725525447, "filler_gap_dependency": 0.6542857140302658}}, "paloma": 225.9568869886498}