{"blimp": {"by_uid": {"adjunct_island": 0.7350000143051147, "anaphor_gender_agreement": 0.503000020980835, "anaphor_number_agreement": 0.7390000224113464, "animate_subject_passive": 0.6930000185966492, "animate_subject_trans": 0.6790000200271606, "causative": 0.4830000102519989, "complex_NP_island": 0.47999998927116394, "coordinate_structure_constraint_complex_left_branch": 0.4560000002384186, "coordinate_structure_constraint_object_extraction": 0.6299999952316284, "determiner_noun_agreement_1": 0.8830000162124634, "determiner_noun_agreement_2": 0.8650000095367432, "determiner_noun_agreement_irregular_1": 0.7170000076293945, "determiner_noun_agreement_irregular_2": 0.8450000286102295, "determiner_noun_agreement_with_adj_2": 0.8109999895095825, "determiner_noun_agreement_with_adj_irregular_1": 0.6819999814033508, "determiner_noun_agreement_with_adj_irregular_2": 0.75, "determiner_noun_agreement_with_adjective_1": 0.8399999737739563, "distractor_agreement_relational_noun": 0.20999999344348907, "distractor_agreement_relative_clause": 0.2290000021457672, "drop_argument": 0.6949999928474426, "ellipsis_n_bar_1": 0.5009999871253967, "ellipsis_n_bar_2": 0.5960000157356262, "existential_there_object_raising": 0.7319999933242798, "existential_there_quantifiers_1": 0.7799999713897705, "existential_there_quantifiers_2": 0.3610000014305115, "existential_there_subject_raising": 0.6399999856948853, "expletive_it_object_raising": 0.6970000267028809, "inchoative": 0.3869999945163727, "intransitive": 0.546999990940094, "irregular_past_participle_adjectives": 0.75, "irregular_past_participle_verbs": 0.7139999866485596, "irregular_plural_subject_verb_agreement_1": 0.6729999780654907, "irregular_plural_subject_verb_agreement_2": 0.781000018119812, "left_branch_island_echo_question": 0.5260000228881836, "left_branch_island_simple_question": 0.5130000114440918, "matrix_question_npi_licensor_present": 0.20900000631809235, "npi_present_1": 0.22699999809265137, "npi_present_2": 0.296999990940094, "only_npi_licensor_present": 0.1420000046491623, "only_npi_scope": 0.5139999985694885, "passive_1": 0.8130000233650208, "passive_2": 0.8489999771118164, "principle_A_c_command": 0.5950000286102295, "principle_A_case_1": 0.9990000128746033, "principle_A_case_2": 0.6629999876022339, "principle_A_domain_1": 0.9570000171661377, "principle_A_domain_2": 0.6150000095367432, "principle_A_domain_3": 0.4560000002384186, "principle_A_reconstruction": 0.4480000138282776, "regular_plural_subject_verb_agreement_1": 0.699999988079071, "regular_plural_subject_verb_agreement_2": 0.7360000014305115, "sentential_negation_npi_licensor_present": 0.9909999966621399, "sentential_negation_npi_scope": 0.5019999742507935, "sentential_subject_island": 0.42899999022483826, "superlative_quantifiers_1": 0.7570000290870667, "superlative_quantifiers_2": 0.8059999942779541, "tough_vs_raising_1": 0.39500001072883606, "tough_vs_raising_2": 0.6439999938011169, "transitive": 0.6919999718666077, "wh_island": 0.375, "wh_questions_object_gap": 0.5899999737739563, "wh_questions_subject_gap": 0.9020000100135803, "wh_questions_subject_gap_long_distance": 0.9490000009536743, "wh_vs_that_no_gap": 0.9470000267028809, "wh_vs_that_no_gap_long_distance": 0.9490000009536743, "wh_vs_that_with_gap": 0.1340000033378601, "wh_vs_that_with_gap_long_distance": 0.10199999809265137}, "by_phenomenon": {"island_effects": 0.5180000029504299, "anaphor_agreement": 0.6210000216960907, "s-selection": 0.6860000193119049, "argument_structure": 0.6379999944141933, "determiner_noun_agreement": 0.799125000834465, "subject_verb_agreement": 0.5548333302140236, "ellipsis": 0.5485000014305115, "control_raising": 0.6216000020503998, "quantifiers": 0.6759999990463257, "irregular_forms": 0.7319999933242798, "npi_licensing": 0.4117142813546317, "binding": 0.6761428671223777, "filler_gap_dependency": 0.6532857162611825}}, "paloma": 233.5350854953407}