{"blimp": {"by_uid": {"adjunct_island": 0.734000027179718, "anaphor_gender_agreement": 0.4659999907016754, "anaphor_number_agreement": 0.6549999713897705, "animate_subject_passive": 0.6980000138282776, "animate_subject_trans": 0.6850000023841858, "causative": 0.4749999940395355, "complex_NP_island": 0.5009999871253967, "coordinate_structure_constraint_complex_left_branch": 0.3140000104904175, "coordinate_structure_constraint_object_extraction": 0.4650000035762787, "determiner_noun_agreement_1": 0.8399999737739563, "determiner_noun_agreement_2": 0.8119999766349792, "determiner_noun_agreement_irregular_1": 0.7239999771118164, "determiner_noun_agreement_irregular_2": 0.824999988079071, "determiner_noun_agreement_with_adj_2": 0.7699999809265137, "determiner_noun_agreement_with_adj_irregular_1": 0.6069999933242798, "determiner_noun_agreement_with_adj_irregular_2": 0.7519999742507935, "determiner_noun_agreement_with_adjective_1": 0.781000018119812, "distractor_agreement_relational_noun": 0.2199999988079071, "distractor_agreement_relative_clause": 0.24199999868869781, "drop_argument": 0.6959999799728394, "ellipsis_n_bar_1": 0.43799999356269836, "ellipsis_n_bar_2": 0.5180000066757202, "existential_there_object_raising": 0.7179999947547913, "existential_there_quantifiers_1": 0.7110000252723694, "existential_there_quantifiers_2": 0.37700000405311584, "existential_there_subject_raising": 0.5070000290870667, "expletive_it_object_raising": 0.6890000104904175, "inchoative": 0.36500000953674316, "intransitive": 0.5690000057220459, "irregular_past_participle_adjectives": 0.7940000295639038, "irregular_past_participle_verbs": 0.734000027179718, "irregular_plural_subject_verb_agreement_1": 0.6299999952316284, "irregular_plural_subject_verb_agreement_2": 0.6740000247955322, "left_branch_island_echo_question": 0.5040000081062317, "left_branch_island_simple_question": 0.4729999899864197, "matrix_question_npi_licensor_present": 0.23399999737739563, "npi_present_1": 0.22100000083446503, "npi_present_2": 0.27000001072883606, "only_npi_licensor_present": 0.08699999749660492, "only_npi_scope": 0.4480000138282776, "passive_1": 0.8199999928474426, "passive_2": 0.8199999928474426, "principle_A_c_command": 0.6200000047683716, "principle_A_case_1": 1.0, "principle_A_case_2": 0.6460000276565552, "principle_A_domain_1": 0.9309999942779541, "principle_A_domain_2": 0.5950000286102295, "principle_A_domain_3": 0.4300000071525574, "principle_A_reconstruction": 0.3529999852180481, "regular_plural_subject_verb_agreement_1": 0.6179999709129333, "regular_plural_subject_verb_agreement_2": 0.5649999976158142, "sentential_negation_npi_licensor_present": 0.9810000061988831, "sentential_negation_npi_scope": 0.49000000953674316, "sentential_subject_island": 0.4580000042915344, "superlative_quantifiers_1": 0.6650000214576721, "superlative_quantifiers_2": 0.640999972820282, "tough_vs_raising_1": 0.4189999997615814, "tough_vs_raising_2": 0.6349999904632568, "transitive": 0.6790000200271606, "wh_island": 0.22599999606609344, "wh_questions_object_gap": 0.5440000295639038, "wh_questions_subject_gap": 0.8700000047683716, "wh_questions_subject_gap_long_distance": 0.9520000219345093, "wh_vs_that_no_gap": 0.9399999976158142, "wh_vs_that_no_gap_long_distance": 0.9629999995231628, "wh_vs_that_with_gap": 0.10000000149011612, "wh_vs_that_with_gap_long_distance": 0.05299999937415123}, "by_phenomenon": {"island_effects": 0.45937500335276127, "anaphor_agreement": 0.560499981045723, "s-selection": 0.6915000081062317, "argument_structure": 0.6319999992847443, "determiner_noun_agreement": 0.7638749852776527, "subject_verb_agreement": 0.49149999767541885, "ellipsis": 0.4780000001192093, "control_raising": 0.5936000049114227, "quantifiers": 0.5985000059008598, "irregular_forms": 0.7640000283718109, "npi_licensing": 0.3901428622858865, "binding": 0.653571435383388, "filler_gap_dependency": 0.631714293467147}}, "paloma": 374.6329707846824}