{"blimp": {"by_uid": {"adjunct_island": 0.6800000071525574, "anaphor_gender_agreement": 0.4580000042915344, "anaphor_number_agreement": 0.5419999957084656, "animate_subject_passive": 0.6470000147819519, "animate_subject_trans": 0.5839999914169312, "causative": 0.4259999990463257, "complex_NP_island": 0.48100000619888306, "coordinate_structure_constraint_complex_left_branch": 0.34299999475479126, "coordinate_structure_constraint_object_extraction": 0.38100001215934753, "determiner_noun_agreement_1": 0.6639999747276306, "determiner_noun_agreement_2": 0.621999979019165, "determiner_noun_agreement_irregular_1": 0.6029999852180481, "determiner_noun_agreement_irregular_2": 0.6710000038146973, "determiner_noun_agreement_with_adj_2": 0.4790000021457672, "determiner_noun_agreement_with_adj_irregular_1": 0.4869999885559082, "determiner_noun_agreement_with_adj_irregular_2": 0.5210000276565552, "determiner_noun_agreement_with_adjective_1": 0.5070000290870667, "distractor_agreement_relational_noun": 0.40700000524520874, "distractor_agreement_relative_clause": 0.36000001430511475, "drop_argument": 0.7120000123977661, "ellipsis_n_bar_1": 0.2619999945163727, "ellipsis_n_bar_2": 0.31200000643730164, "existential_there_object_raising": 0.7310000061988831, "existential_there_quantifiers_1": 0.8109999895095825, "existential_there_quantifiers_2": 0.24199999868869781, "existential_there_subject_raising": 0.45100000500679016, "expletive_it_object_raising": 0.6919999718666077, "inchoative": 0.38100001215934753, "intransitive": 0.5830000042915344, "irregular_past_participle_adjectives": 0.5839999914169312, "irregular_past_participle_verbs": 0.6959999799728394, "irregular_plural_subject_verb_agreement_1": 0.5199999809265137, "irregular_plural_subject_verb_agreement_2": 0.5609999895095825, "left_branch_island_echo_question": 0.6029999852180481, "left_branch_island_simple_question": 0.3659999966621399, "matrix_question_npi_licensor_present": 0.12300000339746475, "npi_present_1": 0.3100000023841858, "npi_present_2": 0.45100000500679016, "only_npi_licensor_present": 0.2919999957084656, "only_npi_scope": 0.5070000290870667, "passive_1": 0.7350000143051147, "passive_2": 0.7260000109672546, "principle_A_c_command": 0.6119999885559082, "principle_A_case_1": 1.0, "principle_A_case_2": 0.5630000233650208, "principle_A_domain_1": 0.8999999761581421, "principle_A_domain_2": 0.5490000247955322, "principle_A_domain_3": 0.4309999942779541, "principle_A_reconstruction": 0.296999990940094, "regular_plural_subject_verb_agreement_1": 0.628000020980835, "regular_plural_subject_verb_agreement_2": 0.5009999871253967, "sentential_negation_npi_licensor_present": 0.9610000252723694, "sentential_negation_npi_scope": 0.5070000290870667, "sentential_subject_island": 0.5559999942779541, "superlative_quantifiers_1": 0.5860000252723694, "superlative_quantifiers_2": 0.9610000252723694, "tough_vs_raising_1": 0.4429999887943268, "tough_vs_raising_2": 0.6230000257492065, "transitive": 0.6209999918937683, "wh_island": 0.46700000762939453, "wh_questions_object_gap": 0.5699999928474426, "wh_questions_subject_gap": 0.8510000109672546, "wh_questions_subject_gap_long_distance": 0.902999997138977, "wh_vs_that_no_gap": 0.9660000205039978, "wh_vs_that_no_gap_long_distance": 0.9200000166893005, "wh_vs_that_with_gap": 0.03999999910593033, "wh_vs_that_with_gap_long_distance": 0.06499999761581421}, "by_phenomenon": {"island_effects": 0.4846250005066395, "anaphor_agreement": 0.5, "s-selection": 0.6155000030994415, "argument_structure": 0.5977142921515873, "determiner_noun_agreement": 0.5692499987781048, "subject_verb_agreement": 0.4961666663487752, "ellipsis": 0.28700000047683716, "control_raising": 0.5879999995231628, "quantifiers": 0.6500000096857548, "irregular_forms": 0.6399999856948853, "npi_licensing": 0.45014286999191555, "binding": 0.6217142854418073, "filler_gap_dependency": 0.6164285764098167}}, "paloma": 691.2418844854375}