{
    "accuracy": 0.6535223891485983,
    "by_phenomenon": {
        "anaphor_agreement": 0.7379999756813049,
        "argument_structure": 0.6474285764353616,
        "binding": 0.7091428594929832,
        "control_raising": 0.6680000007152558,
        "determiner_noun_agreement": 0.8157499954104424,
        "ellipsis": 0.6010000109672546,
        "filler_gap_dependency": 0.6371428562062127,
        "irregular_forms": 0.9145000278949738,
        "island_effects": 0.485124995931983,
        "npi_licensing": 0.5781428643635341,
        "quantifiers": 0.6317500099539757,
        "s-selection": 0.6699999868869781,
        "subject_verb_agreement": 0.6103333334128062
    },
    "by_uid": {
        "adjunct_island": 0.8149999976158142,
        "anaphor_gender_agreement": 0.6039999723434448,
        "anaphor_number_agreement": 0.871999979019165,
        "animate_subject_passive": 0.6990000009536743,
        "animate_subject_trans": 0.640999972820282,
        "causative": 0.49900001287460327,
        "complex_NP_island": 0.4690000116825104,
        "coordinate_structure_constraint_complex_left_branch": 0.2460000067949295,
        "coordinate_structure_constraint_object_extraction": 0.7599999904632568,
        "determiner_noun_agreement_1": 0.9139999747276306,
        "determiner_noun_agreement_2": 0.9120000004768372,
        "determiner_noun_agreement_irregular_1": 0.7440000176429749,
        "determiner_noun_agreement_irregular_2": 0.8640000224113464,
        "determiner_noun_agreement_with_adj_2": 0.8169999718666077,
        "determiner_noun_agreement_with_adj_irregular_1": 0.6779999732971191,
        "determiner_noun_agreement_with_adj_irregular_2": 0.7540000081062317,
        "determiner_noun_agreement_with_adjective_1": 0.8429999947547913,
        "distractor_agreement_relational_noun": 0.3190000057220459,
        "distractor_agreement_relative_clause": 0.25999999046325684,
        "drop_argument": 0.6840000152587891,
        "ellipsis_n_bar_1": 0.6019999980926514,
        "ellipsis_n_bar_2": 0.6000000238418579,
        "existential_there_object_raising": 0.7870000004768372,
        "existential_there_quantifiers_1": 0.8840000033378601,
        "existential_there_quantifiers_2": 0.5450000166893005,
        "existential_there_subject_raising": 0.7129999995231628,
        "expletive_it_object_raising": 0.703000009059906,
        "inchoative": 0.4000000059604645,
        "intransitive": 0.5400000214576721,
        "irregular_past_participle_adjectives": 0.984000027179718,
        "irregular_past_participle_verbs": 0.8450000286102295,
        "irregular_plural_subject_verb_agreement_1": 0.6819999814033508,
        "irregular_plural_subject_verb_agreement_2": 0.8230000138282776,
        "left_branch_island_echo_question": 0.5299999713897705,
        "left_branch_island_simple_question": 0.26899999380111694,
        "matrix_question_npi_licensor_present": 0.29100000858306885,
        "npi_present_1": 0.4909999966621399,
        "npi_present_2": 0.49000000953674316,
        "only_npi_licensor_present": 0.42500001192092896,
        "only_npi_scope": 0.8730000257492065,
        "passive_1": 0.8349999785423279,
        "passive_2": 0.8370000123977661,
        "principle_A_c_command": 0.5559999942779541,
        "principle_A_case_1": 1.0,
        "principle_A_case_2": 0.75,
        "principle_A_domain_1": 0.9990000128746033,
        "principle_A_domain_2": 0.6980000138282776,
        "principle_A_domain_3": 0.4429999887943268,
        "principle_A_reconstruction": 0.5180000066757202,
        "regular_plural_subject_verb_agreement_1": 0.7630000114440918,
        "regular_plural_subject_verb_agreement_2": 0.8149999976158142,
        "sentential_negation_npi_licensor_present": 0.9919999837875366,
        "sentential_negation_npi_scope": 0.48500001430511475,
        "sentential_subject_island": 0.3009999990463257,
        "superlative_quantifiers_1": 0.44699999690055847,
        "superlative_quantifiers_2": 0.6510000228881836,
        "tough_vs_raising_1": 0.41499999165534973,
        "tough_vs_raising_2": 0.722000002861023,
        "transitive": 0.7369999885559082,
        "wh_island": 0.4909999966621399,
        "wh_questions_object_gap": 0.4359999895095825,
        "wh_questions_subject_gap": 0.9010000228881836,
        "wh_questions_subject_gap_long_distance": 0.8769999742507935,
        "wh_vs_that_no_gap": 0.9120000004768372,
        "wh_vs_that_no_gap_long_distance": 0.9020000100135803,
        "wh_vs_that_with_gap": 0.2759999930858612,
        "wh_vs_that_with_gap_long_distance": 0.15600000321865082
    }
}