{
    "accuracy": 0.6567014913950393,
    "by_phenomenon": {
        "anaphor_agreement": 0.7509999871253967,
        "argument_structure": 0.653857137475695,
        "binding": 0.7087142893246242,
        "control_raising": 0.6679999947547912,
        "determiner_noun_agreement": 0.8146249949932098,
        "ellipsis": 0.6150000095367432,
        "filler_gap_dependency": 0.6438571470124381,
        "irregular_forms": 0.9214999973773956,
        "island_effects": 0.49174999445676804,
        "npi_licensing": 0.5811428640569959,
        "quantifiers": 0.6344999969005585,
        "s-selection": 0.68299999833107,
        "subject_verb_agreement": 0.6026666661103567
    },
    "by_uid": {
        "adjunct_island": 0.8029999732971191,
        "anaphor_gender_agreement": 0.6359999775886536,
        "anaphor_number_agreement": 0.8659999966621399,
        "animate_subject_passive": 0.7250000238418579,
        "animate_subject_trans": 0.640999972820282,
        "causative": 0.5059999823570251,
        "complex_NP_island": 0.4830000102519989,
        "coordinate_structure_constraint_complex_left_branch": 0.2549999952316284,
        "coordinate_structure_constraint_object_extraction": 0.7839999794960022,
        "determiner_noun_agreement_1": 0.902999997138977,
        "determiner_noun_agreement_2": 0.9079999923706055,
        "determiner_noun_agreement_irregular_1": 0.7639999985694885,
        "determiner_noun_agreement_irregular_2": 0.859000027179718,
        "determiner_noun_agreement_with_adj_2": 0.8100000023841858,
        "determiner_noun_agreement_with_adj_irregular_1": 0.6909999847412109,
        "determiner_noun_agreement_with_adj_irregular_2": 0.7519999742507935,
        "determiner_noun_agreement_with_adjective_1": 0.8299999833106995,
        "distractor_agreement_relational_noun": 0.32499998807907104,
        "distractor_agreement_relative_clause": 0.24500000476837158,
        "drop_argument": 0.7039999961853027,
        "ellipsis_n_bar_1": 0.6370000243186951,
        "ellipsis_n_bar_2": 0.5929999947547913,
        "existential_there_object_raising": 0.7839999794960022,
        "existential_there_quantifiers_1": 0.8939999938011169,
        "existential_there_quantifiers_2": 0.4950000047683716,
        "existential_there_subject_raising": 0.722000002861023,
        "expletive_it_object_raising": 0.6990000009536743,
        "inchoative": 0.41100001335144043,
        "intransitive": 0.5509999990463257,
        "irregular_past_participle_adjectives": 0.9950000047683716,
        "irregular_past_participle_verbs": 0.8479999899864197,
        "irregular_plural_subject_verb_agreement_1": 0.652999997138977,
        "irregular_plural_subject_verb_agreement_2": 0.8169999718666077,
        "left_branch_island_echo_question": 0.5329999923706055,
        "left_branch_island_simple_question": 0.2750000059604645,
        "matrix_question_npi_licensor_present": 0.2930000126361847,
        "npi_present_1": 0.47699999809265137,
        "npi_present_2": 0.4690000116825104,
        "only_npi_licensor_present": 0.4959999918937683,
        "only_npi_scope": 0.8830000162124634,
        "passive_1": 0.8259999752044678,
        "passive_2": 0.8399999737739563,
        "principle_A_c_command": 0.5370000004768372,
        "principle_A_case_1": 1.0,
        "principle_A_case_2": 0.7580000162124634,
        "principle_A_domain_1": 0.9959999918937683,
        "principle_A_domain_2": 0.6859999895095825,
        "principle_A_domain_3": 0.4440000057220459,
        "principle_A_reconstruction": 0.5400000214576721,
        "regular_plural_subject_verb_agreement_1": 0.7680000066757202,
        "regular_plural_subject_verb_agreement_2": 0.8080000281333923,
        "sentential_negation_npi_licensor_present": 0.9940000176429749,
        "sentential_negation_npi_scope": 0.4560000002384186,
        "sentential_subject_island": 0.3019999861717224,
        "superlative_quantifiers_1": 0.42500001192092896,
        "superlative_quantifiers_2": 0.7239999771118164,
        "tough_vs_raising_1": 0.3889999985694885,
        "tough_vs_raising_2": 0.7459999918937683,
        "transitive": 0.7390000224113464,
        "wh_island": 0.49900001287460327,
        "wh_questions_object_gap": 0.47699999809265137,
        "wh_questions_subject_gap": 0.8949999809265137,
        "wh_questions_subject_gap_long_distance": 0.8920000195503235,
        "wh_vs_that_no_gap": 0.9290000200271606,
        "wh_vs_that_no_gap_long_distance": 0.9190000295639038,
        "wh_vs_that_with_gap": 0.26499998569488525,
        "wh_vs_that_with_gap_long_distance": 0.12999999523162842
    }
}