{
    "accuracy": 0.6610746290256728,
    "by_phenomenon": {
        "anaphor_agreement": 0.7299999892711639,
        "argument_structure": 0.6547142905848367,
        "binding": 0.725857138633728,
        "control_raising": 0.6729999959468842,
        "determiner_noun_agreement": 0.8172499984502792,
        "ellipsis": 0.6215000152587891,
        "filler_gap_dependency": 0.6577142860208239,
        "irregular_forms": 0.9225000143051147,
        "island_effects": 0.5095000006258488,
        "npi_licensing": 0.5549999986376081,
        "quantifiers": 0.6505000069737434,
        "s-selection": 0.6755000054836273,
        "subject_verb_agreement": 0.6098333497842153
    },
    "by_uid": {
        "adjunct_island": 0.8029999732971191,
        "anaphor_gender_agreement": 0.6110000014305115,
        "anaphor_number_agreement": 0.8489999771118164,
        "animate_subject_passive": 0.7250000238418579,
        "animate_subject_trans": 0.6259999871253967,
        "causative": 0.5180000066757202,
        "complex_NP_island": 0.45100000500679016,
        "coordinate_structure_constraint_complex_left_branch": 0.2939999997615814,
        "coordinate_structure_constraint_object_extraction": 0.7900000214576721,
        "determiner_noun_agreement_1": 0.9129999876022339,
        "determiner_noun_agreement_2": 0.9120000004768372,
        "determiner_noun_agreement_irregular_1": 0.7549999952316284,
        "determiner_noun_agreement_irregular_2": 0.8539999723434448,
        "determiner_noun_agreement_with_adj_2": 0.8209999799728394,
        "determiner_noun_agreement_with_adj_irregular_1": 0.6800000071525574,
        "determiner_noun_agreement_with_adj_irregular_2": 0.7580000162124634,
        "determiner_noun_agreement_with_adjective_1": 0.8450000286102295,
        "distractor_agreement_relational_noun": 0.32100000977516174,
        "distractor_agreement_relative_clause": 0.25699999928474426,
        "drop_argument": 0.6890000104904175,
        "ellipsis_n_bar_1": 0.6420000195503235,
        "ellipsis_n_bar_2": 0.6010000109672546,
        "existential_there_object_raising": 0.8059999942779541,
        "existential_there_quantifiers_1": 0.8980000019073486,
        "existential_there_quantifiers_2": 0.5740000009536743,
        "existential_there_subject_raising": 0.7310000061988831,
        "expletive_it_object_raising": 0.6990000009536743,
        "inchoative": 0.40400001406669617,
        "intransitive": 0.5450000166893005,
        "irregular_past_participle_adjectives": 0.9810000061988831,
        "irregular_past_participle_verbs": 0.8640000224113464,
        "irregular_plural_subject_verb_agreement_1": 0.6740000247955322,
        "irregular_plural_subject_verb_agreement_2": 0.7940000295639038,
        "left_branch_island_echo_question": 0.5820000171661377,
        "left_branch_island_simple_question": 0.3199999928474426,
        "matrix_question_npi_licensor_present": 0.2590000033378601,
        "npi_present_1": 0.4819999933242798,
        "npi_present_2": 0.49399998784065247,
        "only_npi_licensor_present": 0.4480000138282776,
        "only_npi_scope": 0.777999997138977,
        "passive_1": 0.8370000123977661,
        "passive_2": 0.8569999933242798,
        "principle_A_c_command": 0.5720000267028809,
        "principle_A_case_1": 1.0,
        "principle_A_case_2": 0.765999972820282,
        "principle_A_domain_1": 0.9940000176429749,
        "principle_A_domain_2": 0.6919999718666077,
        "principle_A_domain_3": 0.4440000057220459,
        "principle_A_reconstruction": 0.6129999756813049,
        "regular_plural_subject_verb_agreement_1": 0.7770000100135803,
        "regular_plural_subject_verb_agreement_2": 0.8360000252723694,
        "sentential_negation_npi_licensor_present": 0.9959999918937683,
        "sentential_negation_npi_scope": 0.42800000309944153,
        "sentential_subject_island": 0.3310000002384186,
        "superlative_quantifiers_1": 0.3540000021457672,
        "superlative_quantifiers_2": 0.7760000228881836,
        "tough_vs_raising_1": 0.36399999260902405,
        "tough_vs_raising_2": 0.7649999856948853,
        "transitive": 0.7329999804496765,
        "wh_island": 0.5049999952316284,
        "wh_questions_object_gap": 0.5090000033378601,
        "wh_questions_subject_gap": 0.9309999942779541,
        "wh_questions_subject_gap_long_distance": 0.9079999923706055,
        "wh_vs_that_no_gap": 0.9390000104904175,
        "wh_vs_that_no_gap_long_distance": 0.9160000085830688,
        "wh_vs_that_with_gap": 0.25999999046325684,
        "wh_vs_that_with_gap_long_distance": 0.14100000262260437
    }
}