{
    "accuracy": 0.6390298498210623,
    "by_phenomenon": {
        "anaphor_agreement": 0.6045000106096268,
        "argument_structure": 0.642000002520425,
        "binding": 0.6877142829554421,
        "control_raising": 0.6552000045776367,
        "determiner_noun_agreement": 0.7919999957084656,
        "ellipsis": 0.6185000240802765,
        "filler_gap_dependency": 0.6602857134171894,
        "irregular_forms": 0.7754999995231628,
        "island_effects": 0.4999999925494194,
        "npi_licensing": 0.5688571333885193,
        "quantifiers": 0.6307500153779984,
        "s-selection": 0.6494999825954437,
        "subject_verb_agreement": 0.578666664659977
    },
    "by_uid": {
        "adjunct_island": 0.7099999785423279,
        "anaphor_gender_agreement": 0.4690000116825104,
        "anaphor_number_agreement": 0.7400000095367432,
        "animate_subject_passive": 0.6779999732971191,
        "animate_subject_trans": 0.6209999918937683,
        "causative": 0.4830000102519989,
        "complex_NP_island": 0.4729999899864197,
        "coordinate_structure_constraint_complex_left_branch": 0.34599998593330383,
        "coordinate_structure_constraint_object_extraction": 0.7279999852180481,
        "determiner_noun_agreement_1": 0.8759999871253967,
        "determiner_noun_agreement_2": 0.8830000162124634,
        "determiner_noun_agreement_irregular_1": 0.7310000061988831,
        "determiner_noun_agreement_irregular_2": 0.8420000076293945,
        "determiner_noun_agreement_with_adj_2": 0.7919999957084656,
        "determiner_noun_agreement_with_adj_irregular_1": 0.652999997138977,
        "determiner_noun_agreement_with_adj_irregular_2": 0.7559999823570251,
        "determiner_noun_agreement_with_adjective_1": 0.8029999732971191,
        "distractor_agreement_relational_noun": 0.23499999940395355,
        "distractor_agreement_relative_clause": 0.2540000081062317,
        "drop_argument": 0.6850000023841858,
        "ellipsis_n_bar_1": 0.6460000276565552,
        "ellipsis_n_bar_2": 0.5910000205039978,
        "existential_there_object_raising": 0.7540000081062317,
        "existential_there_quantifiers_1": 0.8870000243186951,
        "existential_there_quantifiers_2": 0.3240000009536743,
        "existential_there_subject_raising": 0.7210000157356262,
        "expletive_it_object_raising": 0.7160000205039978,
        "inchoative": 0.4059999883174896,
        "intransitive": 0.5509999990463257,
        "irregular_past_participle_adjectives": 0.7459999918937683,
        "irregular_past_participle_verbs": 0.8050000071525574,
        "irregular_plural_subject_verb_agreement_1": 0.699999988079071,
        "irregular_plural_subject_verb_agreement_2": 0.7599999904632568,
        "left_branch_island_echo_question": 0.5099999904632568,
        "left_branch_island_simple_question": 0.39899998903274536,
        "matrix_question_npi_licensor_present": 0.2919999957084656,
        "npi_present_1": 0.460999995470047,
        "npi_present_2": 0.421999990940094,
        "only_npi_licensor_present": 0.6309999823570251,
        "only_npi_scope": 0.796999990940094,
        "passive_1": 0.8420000076293945,
        "passive_2": 0.8270000219345093,
        "principle_A_c_command": 0.6489999890327454,
        "principle_A_case_1": 1.0,
        "principle_A_case_2": 0.718999981880188,
        "principle_A_domain_1": 0.9850000143051147,
        "principle_A_domain_2": 0.6079999804496765,
        "principle_A_domain_3": 0.4480000138282776,
        "principle_A_reconstruction": 0.4050000011920929,
        "regular_plural_subject_verb_agreement_1": 0.734000027179718,
        "regular_plural_subject_verb_agreement_2": 0.7889999747276306,
        "sentential_negation_npi_licensor_present": 0.9959999918937683,
        "sentential_negation_npi_scope": 0.382999986410141,
        "sentential_subject_island": 0.4090000092983246,
        "superlative_quantifiers_1": 0.5550000071525574,
        "superlative_quantifiers_2": 0.7570000290870667,
        "tough_vs_raising_1": 0.33799999952316284,
        "tough_vs_raising_2": 0.746999979019165,
        "transitive": 0.699999988079071,
        "wh_island": 0.42500001192092896,
        "wh_questions_object_gap": 0.5799999833106995,
        "wh_questions_subject_gap": 0.949999988079071,
        "wh_questions_subject_gap_long_distance": 0.9520000219345093,
        "wh_vs_that_no_gap": 0.9599999785423279,
        "wh_vs_that_no_gap_long_distance": 0.9480000138282776,
        "wh_vs_that_with_gap": 0.13500000536441803,
        "wh_vs_that_with_gap_long_distance": 0.09700000286102295
    }
}