{
    "accuracy": 0.6623283574607834,
    "by_phenomenon": {
        "anaphor_agreement": 0.7534999847412109,
        "argument_structure": 0.649857154914311,
        "binding": 0.7148571355002267,
        "control_raising": 0.6750000059604645,
        "determiner_noun_agreement": 0.8189999982714653,
        "ellipsis": 0.6089999973773956,
        "filler_gap_dependency": 0.653428570500442,
        "irregular_forms": 0.9184999763965607,
        "island_effects": 0.48762500286102295,
        "npi_licensing": 0.5740000009536743,
        "quantifiers": 0.7214999943971634,
        "s-selection": 0.6854999959468842,
        "subject_verb_agreement": 0.5973333319028219
    },
    "by_uid": {
        "adjunct_island": 0.7990000247955322,
        "anaphor_gender_agreement": 0.6309999823570251,
        "anaphor_number_agreement": 0.8759999871253967,
        "animate_subject_passive": 0.7279999852180481,
        "animate_subject_trans": 0.6430000066757202,
        "causative": 0.5130000114440918,
        "complex_NP_island": 0.4659999907016754,
        "coordinate_structure_constraint_complex_left_branch": 0.25,
        "coordinate_structure_constraint_object_extraction": 0.7730000019073486,
        "determiner_noun_agreement_1": 0.9139999747276306,
        "determiner_noun_agreement_2": 0.9070000052452087,
        "determiner_noun_agreement_irregular_1": 0.7580000162124634,
        "determiner_noun_agreement_irregular_2": 0.859000027179718,
        "determiner_noun_agreement_with_adj_2": 0.8109999895095825,
        "determiner_noun_agreement_with_adj_irregular_1": 0.699999988079071,
        "determiner_noun_agreement_with_adj_irregular_2": 0.7590000033378601,
        "determiner_noun_agreement_with_adjective_1": 0.843999981880188,
        "distractor_agreement_relational_noun": 0.31299999356269836,
        "distractor_agreement_relative_clause": 0.27000001072883606,
        "drop_argument": 0.6740000247955322,
        "ellipsis_n_bar_1": 0.6370000243186951,
        "ellipsis_n_bar_2": 0.5809999704360962,
        "existential_there_object_raising": 0.7950000166893005,
        "existential_there_quantifiers_1": 0.9210000038146973,
        "existential_there_quantifiers_2": 0.6449999809265137,
        "existential_there_subject_raising": 0.7300000190734863,
        "expletive_it_object_raising": 0.7049999833106995,
        "inchoative": 0.4169999957084656,
        "intransitive": 0.5590000152587891,
        "irregular_past_participle_adjectives": 0.9929999709129333,
        "irregular_past_participle_verbs": 0.843999981880188,
        "irregular_plural_subject_verb_agreement_1": 0.6579999923706055,
        "irregular_plural_subject_verb_agreement_2": 0.7860000133514404,
        "left_branch_island_echo_question": 0.5270000100135803,
        "left_branch_island_simple_question": 0.2529999911785126,
        "matrix_question_npi_licensor_present": 0.2939999997615814,
        "npi_present_1": 0.47099998593330383,
        "npi_present_2": 0.49799999594688416,
        "only_npi_licensor_present": 0.4490000009536743,
        "only_npi_scope": 0.8289999961853027,
        "passive_1": 0.8289999961853027,
        "passive_2": 0.8270000219345093,
        "principle_A_c_command": 0.5509999990463257,
        "principle_A_case_1": 1.0,
        "principle_A_case_2": 0.7459999918937683,
        "principle_A_domain_1": 0.9919999837875366,
        "principle_A_domain_2": 0.7089999914169312,
        "principle_A_domain_3": 0.4490000009536743,
        "principle_A_reconstruction": 0.5569999814033508,
        "regular_plural_subject_verb_agreement_1": 0.765999972820282,
        "regular_plural_subject_verb_agreement_2": 0.7910000085830688,
        "sentential_negation_npi_licensor_present": 0.9980000257492065,
        "sentential_negation_npi_scope": 0.4790000021457672,
        "sentential_subject_island": 0.33799999952316284,
        "superlative_quantifiers_1": 0.5370000004768372,
        "superlative_quantifiers_2": 0.7829999923706055,
        "tough_vs_raising_1": 0.36800000071525574,
        "tough_vs_raising_2": 0.7770000100135803,
        "transitive": 0.7300000190734863,
        "wh_island": 0.4950000047683716,
        "wh_questions_object_gap": 0.5249999761581421,
        "wh_questions_subject_gap": 0.9330000281333923,
        "wh_questions_subject_gap_long_distance": 0.9079999923706055,
        "wh_vs_that_no_gap": 0.9409999847412109,
        "wh_vs_that_no_gap_long_distance": 0.9430000185966492,
        "wh_vs_that_with_gap": 0.22599999606609344,
        "wh_vs_that_with_gap_long_distance": 0.09799999743700027
    }
}