{
    "accuracy": 0.6013582091945321,
    "by_phenomenon": {
        "anaphor_agreement": 0.5349999815225601,
        "argument_structure": 0.6294285612446922,
        "binding": 0.677571428673608,
        "control_raising": 0.6418000042438508,
        "determiner_noun_agreement": 0.7346250116825104,
        "ellipsis": 0.49800001084804535,
        "filler_gap_dependency": 0.6455714308789798,
        "irregular_forms": 0.7944999933242798,
        "island_effects": 0.5030000023543835,
        "npi_licensing": 0.4295714220830372,
        "quantifiers": 0.6022500023245811,
        "s-selection": 0.6220000088214874,
        "subject_verb_agreement": 0.5329999973376592
    },
    "by_uid": {
        "adjunct_island": 0.5009999871253967,
        "anaphor_gender_agreement": 0.4429999887943268,
        "anaphor_number_agreement": 0.6269999742507935,
        "animate_subject_passive": 0.6650000214576721,
        "animate_subject_trans": 0.5789999961853027,
        "causative": 0.460999995470047,
        "complex_NP_island": 0.5490000247955322,
        "coordinate_structure_constraint_complex_left_branch": 0.2980000078678131,
        "coordinate_structure_constraint_object_extraction": 0.671999990940094,
        "determiner_noun_agreement_1": 0.8149999976158142,
        "determiner_noun_agreement_2": 0.7990000247955322,
        "determiner_noun_agreement_irregular_1": 0.7120000123977661,
        "determiner_noun_agreement_irregular_2": 0.7689999938011169,
        "determiner_noun_agreement_with_adj_2": 0.7260000109672546,
        "determiner_noun_agreement_with_adj_irregular_1": 0.628000020980835,
        "determiner_noun_agreement_with_adj_irregular_2": 0.6970000267028809,
        "determiner_noun_agreement_with_adjective_1": 0.7310000061988831,
        "distractor_agreement_relational_noun": 0.23100000619888306,
        "distractor_agreement_relative_clause": 0.2840000092983246,
        "drop_argument": 0.7080000042915344,
        "ellipsis_n_bar_1": 0.5540000200271606,
        "ellipsis_n_bar_2": 0.44200000166893005,
        "existential_there_object_raising": 0.7670000195503235,
        "existential_there_quantifiers_1": 0.828000009059906,
        "existential_there_quantifiers_2": 0.1509999930858612,
        "existential_there_subject_raising": 0.6669999957084656,
        "expletive_it_object_raising": 0.7179999947547913,
        "inchoative": 0.38499999046325684,
        "intransitive": 0.5460000038146973,
        "irregular_past_participle_adjectives": 0.875,
        "irregular_past_participle_verbs": 0.7139999866485596,
        "irregular_plural_subject_verb_agreement_1": 0.6340000033378601,
        "irregular_plural_subject_verb_agreement_2": 0.7369999885559082,
        "left_branch_island_echo_question": 0.39800000190734863,
        "left_branch_island_simple_question": 0.4309999942779541,
        "matrix_question_npi_licensor_present": 0.33500000834465027,
        "npi_present_1": 0.382999986410141,
        "npi_present_2": 0.3199999928474426,
        "only_npi_licensor_present": 0.21699999272823334,
        "only_npi_scope": 0.42100000381469727,
        "passive_1": 0.8349999785423279,
        "passive_2": 0.7929999828338623,
        "principle_A_c_command": 0.6420000195503235,
        "principle_A_case_1": 1.0,
        "principle_A_case_2": 0.5989999771118164,
        "principle_A_domain_1": 0.9520000219345093,
        "principle_A_domain_2": 0.5789999961853027,
        "principle_A_domain_3": 0.45100000500679016,
        "principle_A_reconstruction": 0.5199999809265137,
        "regular_plural_subject_verb_agreement_1": 0.6549999713897705,
        "regular_plural_subject_verb_agreement_2": 0.6570000052452087,
        "sentential_negation_npi_licensor_present": 0.9929999709129333,
        "sentential_negation_npi_scope": 0.33799999952316284,
        "sentential_subject_island": 0.5580000281333923,
        "superlative_quantifiers_1": 0.7440000176429749,
        "superlative_quantifiers_2": 0.6859999895095825,
        "tough_vs_raising_1": 0.32600000500679016,
        "tough_vs_raising_2": 0.7310000061988831,
        "transitive": 0.6779999732971191,
        "wh_island": 0.6169999837875366,
        "wh_questions_object_gap": 0.6320000290870667,
        "wh_questions_subject_gap": 0.8980000019073486,
        "wh_questions_subject_gap_long_distance": 0.9490000009536743,
        "wh_vs_that_no_gap": 0.9409999847412109,
        "wh_vs_that_no_gap_long_distance": 0.9490000009536743,
        "wh_vs_that_with_gap": 0.09799999743700027,
        "wh_vs_that_with_gap_long_distance": 0.052000001072883606
    }
}