{
    "accuracy": 0.658373135128128,
    "by_phenomenon": {
        "anaphor_agreement": 0.7160000205039978,
        "argument_structure": 0.6455714234283992,
        "binding": 0.7211428582668304,
        "control_raising": 0.6700000047683716,
        "determiner_noun_agreement": 0.8323749974370003,
        "ellipsis": 0.6389999985694885,
        "filler_gap_dependency": 0.6559999978968075,
        "irregular_forms": 0.9159999787807465,
        "island_effects": 0.5100000016391277,
        "npi_licensing": 0.5364285686186382,
        "quantifiers": 0.6457500010728836,
        "s-selection": 0.675000011920929,
        "subject_verb_agreement": 0.6055000126361847
    },
    "by_uid": {
        "adjunct_island": 0.8159999847412109,
        "anaphor_gender_agreement": 0.5870000123977661,
        "anaphor_number_agreement": 0.8450000286102295,
        "animate_subject_passive": 0.7080000042915344,
        "animate_subject_trans": 0.6420000195503235,
        "causative": 0.49799999594688416,
        "complex_NP_island": 0.4650000035762787,
        "coordinate_structure_constraint_complex_left_branch": 0.289000004529953,
        "coordinate_structure_constraint_object_extraction": 0.7680000066757202,
        "determiner_noun_agreement_1": 0.9200000166893005,
        "determiner_noun_agreement_2": 0.9399999976158142,
        "determiner_noun_agreement_irregular_1": 0.7609999775886536,
        "determiner_noun_agreement_irregular_2": 0.8690000176429749,
        "determiner_noun_agreement_with_adj_2": 0.8389999866485596,
        "determiner_noun_agreement_with_adj_irregular_1": 0.6959999799728394,
        "determiner_noun_agreement_with_adj_irregular_2": 0.7749999761581421,
        "determiner_noun_agreement_with_adjective_1": 0.859000027179718,
        "distractor_agreement_relational_noun": 0.31299999356269836,
        "distractor_agreement_relative_clause": 0.2529999911785126,
        "drop_argument": 0.6819999814033508,
        "ellipsis_n_bar_1": 0.6549999713897705,
        "ellipsis_n_bar_2": 0.6230000257492065,
        "existential_there_object_raising": 0.7929999828338623,
        "existential_there_quantifiers_1": 0.8970000147819519,
        "existential_there_quantifiers_2": 0.5889999866485596,
        "existential_there_subject_raising": 0.7250000238418579,
        "expletive_it_object_raising": 0.6909999847412109,
        "inchoative": 0.40299999713897705,
        "intransitive": 0.5299999713897705,
        "irregular_past_participle_adjectives": 0.9919999837875366,
        "irregular_past_participle_verbs": 0.8399999737739563,
        "irregular_plural_subject_verb_agreement_1": 0.6830000281333923,
        "irregular_plural_subject_verb_agreement_2": 0.8080000281333923,
        "left_branch_island_echo_question": 0.5609999895095825,
        "left_branch_island_simple_question": 0.289000004529953,
        "matrix_question_npi_licensor_present": 0.24899999797344208,
        "npi_present_1": 0.4569999873638153,
        "npi_present_2": 0.46399998664855957,
        "only_npi_licensor_present": 0.36899998784065247,
        "only_npi_scope": 0.8130000233650208,
        "passive_1": 0.828000009059906,
        "passive_2": 0.8429999947547913,
        "principle_A_c_command": 0.5889999866485596,
        "principle_A_case_1": 1.0,
        "principle_A_case_2": 0.7450000047683716,
        "principle_A_domain_1": 0.9940000176429749,
        "principle_A_domain_2": 0.6819999814033508,
        "principle_A_domain_3": 0.44600000977516174,
        "principle_A_reconstruction": 0.5920000076293945,
        "regular_plural_subject_verb_agreement_1": 0.7580000162124634,
        "regular_plural_subject_verb_agreement_2": 0.8180000185966492,
        "sentential_negation_npi_licensor_present": 0.9959999918937683,
        "sentential_negation_npi_scope": 0.40700000524520874,
        "sentential_subject_island": 0.328000009059906,
        "superlative_quantifiers_1": 0.3840000033378601,
        "superlative_quantifiers_2": 0.7129999995231628,
        "tough_vs_raising_1": 0.3880000114440918,
        "tough_vs_raising_2": 0.753000020980835,
        "transitive": 0.7350000143051147,
        "wh_island": 0.5640000104904175,
        "wh_questions_object_gap": 0.5149999856948853,
        "wh_questions_subject_gap": 0.9229999780654907,
        "wh_questions_subject_gap_long_distance": 0.906000018119812,
        "wh_vs_that_no_gap": 0.9359999895095825,
        "wh_vs_that_no_gap_long_distance": 0.9390000104904175,
        "wh_vs_that_with_gap": 0.25200000405311584,
        "wh_vs_that_with_gap_long_distance": 0.12099999934434891
    }
}