{
    "accuracy": 0.5000596993894719,
    "by_phenomenon": {
        "anaphor_agreement": 0.48000000417232513,
        "argument_structure": 0.5501428544521332,
        "binding": 0.46542856097221375,
        "control_raising": 0.5352000057697296,
        "determiner_noun_agreement": 0.49537500366568565,
        "ellipsis": 0.45250001549720764,
        "filler_gap_dependency": 0.45414285574640545,
        "irregular_forms": 0.5209999978542328,
        "island_effects": 0.49299999698996544,
        "npi_licensing": 0.5754285710198539,
        "quantifiers": 0.3944999873638153,
        "s-selection": 0.5524999797344208,
        "subject_verb_agreement": 0.5024999976158142
    },
    "by_uid": {
        "adjunct_island": 0.5099999904632568,
        "anaphor_gender_agreement": 0.46000000834465027,
        "anaphor_number_agreement": 0.5,
        "animate_subject_passive": 0.5199999809265137,
        "animate_subject_trans": 0.5849999785423279,
        "causative": 0.4350000023841858,
        "complex_NP_island": 0.5299999713897705,
        "coordinate_structure_constraint_complex_left_branch": 0.578000009059906,
        "coordinate_structure_constraint_object_extraction": 0.5519999861717224,
        "determiner_noun_agreement_1": 0.4970000088214874,
        "determiner_noun_agreement_2": 0.515999972820282,
        "determiner_noun_agreement_irregular_1": 0.5009999871253967,
        "determiner_noun_agreement_irregular_2": 0.47200000286102295,
        "determiner_noun_agreement_with_adj_2": 0.5120000243186951,
        "determiner_noun_agreement_with_adj_irregular_1": 0.46700000762939453,
        "determiner_noun_agreement_with_adj_irregular_2": 0.4860000014305115,
        "determiner_noun_agreement_with_adjective_1": 0.5120000243186951,
        "distractor_agreement_relational_noun": 0.4909999966621399,
        "distractor_agreement_relative_clause": 0.49000000953674316,
        "drop_argument": 0.6990000009536743,
        "ellipsis_n_bar_1": 0.5680000185966492,
        "ellipsis_n_bar_2": 0.3370000123977661,
        "existential_there_object_raising": 0.5960000157356262,
        "existential_there_quantifiers_1": 0.210999995470047,
        "existential_there_quantifiers_2": 0.38499999046325684,
        "existential_there_subject_raising": 0.48500001430511475,
        "expletive_it_object_raising": 0.5759999752044678,
        "inchoative": 0.4189999997615814,
        "intransitive": 0.5889999866485596,
        "irregular_past_participle_adjectives": 0.5569999814033508,
        "irregular_past_participle_verbs": 0.48500001430511475,
        "irregular_plural_subject_verb_agreement_1": 0.47200000286102295,
        "irregular_plural_subject_verb_agreement_2": 0.5519999861717224,
        "left_branch_island_echo_question": 0.41600000858306885,
        "left_branch_island_simple_question": 0.5120000243186951,
        "matrix_question_npi_licensor_present": 0.6100000143051147,
        "npi_present_1": 0.4819999933242798,
        "npi_present_2": 0.4339999854564667,
        "only_npi_licensor_present": 0.4690000116825104,
        "only_npi_scope": 0.640999972820282,
        "passive_1": 0.5699999928474426,
        "passive_2": 0.6209999918937683,
        "principle_A_c_command": 0.48899999260902405,
        "principle_A_case_1": 0.48899999260902405,
        "principle_A_case_2": 0.44999998807907104,
        "principle_A_domain_1": 0.36899998784065247,
        "principle_A_domain_2": 0.5109999775886536,
        "principle_A_domain_3": 0.45399999618530273,
        "principle_A_reconstruction": 0.4959999918937683,
        "regular_plural_subject_verb_agreement_1": 0.5289999842643738,
        "regular_plural_subject_verb_agreement_2": 0.48100000619888306,
        "sentential_negation_npi_licensor_present": 0.8510000109672546,
        "sentential_negation_npi_scope": 0.5410000085830688,
        "sentential_subject_island": 0.4909999966621399,
        "superlative_quantifiers_1": 0.41999998688697815,
        "superlative_quantifiers_2": 0.5619999766349792,
        "tough_vs_raising_1": 0.43299999833106995,
        "tough_vs_raising_2": 0.5860000252723694,
        "transitive": 0.5180000066757202,
        "wh_island": 0.35499998927116394,
        "wh_questions_object_gap": 0.4339999854564667,
        "wh_questions_subject_gap": 0.3880000114440918,
        "wh_questions_subject_gap_long_distance": 0.3499999940395355,
        "wh_vs_that_no_gap": 0.31299999356269836,
        "wh_vs_that_no_gap_long_distance": 0.29100000858306885,
        "wh_vs_that_with_gap": 0.6729999780654907,
        "wh_vs_that_with_gap_long_distance": 0.7300000190734863
    }
}