{
    "accuracy": 0.6601492557952653,
    "by_phenomenon": {
        "anaphor_agreement": 0.718500018119812,
        "argument_structure": 0.6578571455819267,
        "binding": 0.705000000340598,
        "control_raising": 0.6682000041007996,
        "determiner_noun_agreement": 0.8183749988675117,
        "ellipsis": 0.6055000126361847,
        "filler_gap_dependency": 0.6458571425506047,
        "irregular_forms": 0.921999990940094,
        "island_effects": 0.4961250014603138,
        "npi_licensing": 0.5834285744598934,
        "quantifiers": 0.7094999998807907,
        "s-selection": 0.659500002861023,
        "subject_verb_agreement": 0.5965000043312708
    },
    "by_uid": {
        "adjunct_island": 0.777999997138977,
        "anaphor_gender_agreement": 0.5960000157356262,
        "anaphor_number_agreement": 0.8410000205039978,
        "animate_subject_passive": 0.6869999766349792,
        "animate_subject_trans": 0.6320000290870667,
        "causative": 0.5139999985694885,
        "complex_NP_island": 0.4560000002384186,
        "coordinate_structure_constraint_complex_left_branch": 0.2540000081062317,
        "coordinate_structure_constraint_object_extraction": 0.7680000066757202,
        "determiner_noun_agreement_1": 0.9129999876022339,
        "determiner_noun_agreement_2": 0.9150000214576721,
        "determiner_noun_agreement_irregular_1": 0.7559999823570251,
        "determiner_noun_agreement_irregular_2": 0.8690000176429749,
        "determiner_noun_agreement_with_adj_2": 0.8289999961853027,
        "determiner_noun_agreement_with_adj_irregular_1": 0.671999990940094,
        "determiner_noun_agreement_with_adj_irregular_2": 0.7490000128746033,
        "determiner_noun_agreement_with_adjective_1": 0.843999981880188,
        "distractor_agreement_relational_noun": 0.32199999690055847,
        "distractor_agreement_relative_clause": 0.2630000114440918,
        "drop_argument": 0.6930000185966492,
        "ellipsis_n_bar_1": 0.6190000176429749,
        "ellipsis_n_bar_2": 0.5920000076293945,
        "existential_there_object_raising": 0.7910000085830688,
        "existential_there_quantifiers_1": 0.8980000019073486,
        "existential_there_quantifiers_2": 0.621999979019165,
        "existential_there_subject_raising": 0.7089999914169312,
        "expletive_it_object_raising": 0.7039999961853027,
        "inchoative": 0.42100000381469727,
        "intransitive": 0.5789999961853027,
        "irregular_past_participle_adjectives": 0.9959999918937683,
        "irregular_past_participle_verbs": 0.8479999899864197,
        "irregular_plural_subject_verb_agreement_1": 0.6769999861717224,
        "irregular_plural_subject_verb_agreement_2": 0.7850000262260437,
        "left_branch_island_echo_question": 0.550000011920929,
        "left_branch_island_simple_question": 0.2939999997615814,
        "matrix_question_npi_licensor_present": 0.2770000100135803,
        "npi_present_1": 0.46700000762939453,
        "npi_present_2": 0.4790000021457672,
        "only_npi_licensor_present": 0.5339999794960022,
        "only_npi_scope": 0.8830000162124634,
        "passive_1": 0.8240000009536743,
        "passive_2": 0.8510000109672546,
        "principle_A_c_command": 0.5450000166893005,
        "principle_A_case_1": 1.0,
        "principle_A_case_2": 0.7630000114440918,
        "principle_A_domain_1": 0.9909999966621399,
        "principle_A_domain_2": 0.6919999718666077,
        "principle_A_domain_3": 0.45399999618530273,
        "principle_A_reconstruction": 0.49000000953674316,
        "regular_plural_subject_verb_agreement_1": 0.7360000014305115,
        "regular_plural_subject_verb_agreement_2": 0.7960000038146973,
        "sentential_negation_npi_licensor_present": 0.9909999966621399,
        "sentential_negation_npi_scope": 0.453000009059906,
        "sentential_subject_island": 0.3179999887943268,
        "superlative_quantifiers_1": 0.4909999966621399,
        "superlative_quantifiers_2": 0.8270000219345093,
        "tough_vs_raising_1": 0.3930000066757202,
        "tough_vs_raising_2": 0.7440000176429749,
        "transitive": 0.7229999899864197,
        "wh_island": 0.5509999990463257,
        "wh_questions_object_gap": 0.47699999809265137,
        "wh_questions_subject_gap": 0.9079999923706055,
        "wh_questions_subject_gap_long_distance": 0.9079999923706055,
        "wh_vs_that_no_gap": 0.9330000281333923,
        "wh_vs_that_no_gap_long_distance": 0.9359999895095825,
        "wh_vs_that_with_gap": 0.2409999966621399,
        "wh_vs_that_with_gap_long_distance": 0.11800000071525574
    }
}