{
    "accuracy": 0.6618059671192027,
    "by_phenomenon": {
        "anaphor_agreement": 0.7069999873638153,
        "argument_structure": 0.6475714189665658,
        "binding": 0.7195714243820736,
        "control_raising": 0.6727999925613404,
        "determiner_noun_agreement": 0.8243750035762787,
        "ellipsis": 0.6335000097751617,
        "filler_gap_dependency": 0.6494285698447909,
        "irregular_forms": 0.9180000126361847,
        "island_effects": 0.5076249949634075,
        "npi_licensing": 0.5787142813205719,
        "quantifiers": 0.666250005364418,
        "s-selection": 0.6669999957084656,
        "subject_verb_agreement": 0.6063333253065745
    },
    "by_uid": {
        "adjunct_island": 0.8299999833106995,
        "anaphor_gender_agreement": 0.593999981880188,
        "anaphor_number_agreement": 0.8199999928474426,
        "animate_subject_passive": 0.7099999785423279,
        "animate_subject_trans": 0.6240000128746033,
        "causative": 0.5059999823570251,
        "complex_NP_island": 0.46000000834465027,
        "coordinate_structure_constraint_complex_left_branch": 0.2680000066757202,
        "coordinate_structure_constraint_object_extraction": 0.7749999761581421,
        "determiner_noun_agreement_1": 0.9169999957084656,
        "determiner_noun_agreement_2": 0.9169999957084656,
        "determiner_noun_agreement_irregular_1": 0.7630000114440918,
        "determiner_noun_agreement_irregular_2": 0.8610000014305115,
        "determiner_noun_agreement_with_adj_2": 0.8399999737739563,
        "determiner_noun_agreement_with_adj_irregular_1": 0.6790000200271606,
        "determiner_noun_agreement_with_adj_irregular_2": 0.7680000066757202,
        "determiner_noun_agreement_with_adjective_1": 0.8500000238418579,
        "distractor_agreement_relational_noun": 0.3149999976158142,
        "distractor_agreement_relative_clause": 0.2540000081062317,
        "drop_argument": 0.6850000023841858,
        "ellipsis_n_bar_1": 0.6610000133514404,
        "ellipsis_n_bar_2": 0.6060000061988831,
        "existential_there_object_raising": 0.8009999990463257,
        "existential_there_quantifiers_1": 0.8830000162124634,
        "existential_there_quantifiers_2": 0.6380000114440918,
        "existential_there_subject_raising": 0.7269999980926514,
        "expletive_it_object_raising": 0.7049999833106995,
        "inchoative": 0.40799999237060547,
        "intransitive": 0.5339999794960022,
        "irregular_past_participle_adjectives": 0.9890000224113464,
        "irregular_past_participle_verbs": 0.847000002861023,
        "irregular_plural_subject_verb_agreement_1": 0.6710000038146973,
        "irregular_plural_subject_verb_agreement_2": 0.8109999895095825,
        "left_branch_island_echo_question": 0.5699999928474426,
        "left_branch_island_simple_question": 0.31200000643730164,
        "matrix_question_npi_licensor_present": 0.2619999945163727,
        "npi_present_1": 0.4909999966621399,
        "npi_present_2": 0.48100000619888306,
        "only_npi_licensor_present": 0.503000020980835,
        "only_npi_scope": 0.8209999799728394,
        "passive_1": 0.8309999704360962,
        "passive_2": 0.8330000042915344,
        "principle_A_c_command": 0.6039999723434448,
        "principle_A_case_1": 1.0,
        "principle_A_case_2": 0.7590000033378601,
        "principle_A_domain_1": 0.9940000176429749,
        "principle_A_domain_2": 0.6759999990463257,
        "principle_A_domain_3": 0.44200000166893005,
        "principle_A_reconstruction": 0.5619999766349792,
        "regular_plural_subject_verb_agreement_1": 0.7699999809265137,
        "regular_plural_subject_verb_agreement_2": 0.8169999718666077,
        "sentential_negation_npi_licensor_present": 0.996999979019165,
        "sentential_negation_npi_scope": 0.4959999918937683,
        "sentential_subject_island": 0.33000001311302185,
        "superlative_quantifiers_1": 0.40799999237060547,
        "superlative_quantifiers_2": 0.7360000014305115,
        "tough_vs_raising_1": 0.3659999966621399,
        "tough_vs_raising_2": 0.7649999856948853,
        "transitive": 0.7360000014305115,
        "wh_island": 0.515999972820282,
        "wh_questions_object_gap": 0.5049999952316284,
        "wh_questions_subject_gap": 0.9179999828338623,
        "wh_questions_subject_gap_long_distance": 0.8849999904632568,
        "wh_vs_that_no_gap": 0.9160000085830688,
        "wh_vs_that_no_gap_long_distance": 0.9070000052452087,
        "wh_vs_that_with_gap": 0.27000001072883606,
        "wh_vs_that_with_gap_long_distance": 0.14499999582767487
    }
}