{
    "accuracy": 0.6652686591468641,
    "by_phenomenon": {
        "anaphor_agreement": 0.6994999945163727,
        "argument_structure": 0.6577142902782985,
        "binding": 0.725857138633728,
        "control_raising": 0.6680000007152558,
        "determiner_noun_agreement": 0.8261249959468842,
        "ellipsis": 0.6169999837875366,
        "filler_gap_dependency": 0.6464285744088036,
        "irregular_forms": 0.9194999933242798,
        "island_effects": 0.5133750066161156,
        "npi_licensing": 0.594428579722132,
        "quantifiers": 0.6687500104308128,
        "s-selection": 0.6805000007152557,
        "subject_verb_agreement": 0.6063333451747894
    },
    "by_uid": {
        "adjunct_island": 0.7860000133514404,
        "anaphor_gender_agreement": 0.5759999752044678,
        "anaphor_number_agreement": 0.8230000138282776,
        "animate_subject_passive": 0.7350000143051147,
        "animate_subject_trans": 0.6259999871253967,
        "causative": 0.5180000066757202,
        "complex_NP_island": 0.4779999852180481,
        "coordinate_structure_constraint_complex_left_branch": 0.2840000092983246,
        "coordinate_structure_constraint_object_extraction": 0.7710000276565552,
        "determiner_noun_agreement_1": 0.9150000214576721,
        "determiner_noun_agreement_2": 0.9290000200271606,
        "determiner_noun_agreement_irregular_1": 0.7559999823570251,
        "determiner_noun_agreement_irregular_2": 0.8820000290870667,
        "determiner_noun_agreement_with_adj_2": 0.8309999704360962,
        "determiner_noun_agreement_with_adj_irregular_1": 0.6729999780654907,
        "determiner_noun_agreement_with_adj_irregular_2": 0.7789999842643738,
        "determiner_noun_agreement_with_adjective_1": 0.843999981880188,
        "distractor_agreement_relational_noun": 0.33000001311302185,
        "distractor_agreement_relative_clause": 0.25699999928474426,
        "drop_argument": 0.6880000233650208,
        "ellipsis_n_bar_1": 0.6269999742507935,
        "ellipsis_n_bar_2": 0.6069999933242798,
        "existential_there_object_raising": 0.7749999761581421,
        "existential_there_quantifiers_1": 0.8920000195503235,
        "existential_there_quantifiers_2": 0.48899999260902405,
        "existential_there_subject_raising": 0.7329999804496765,
        "expletive_it_object_raising": 0.6970000267028809,
        "inchoative": 0.4169999957084656,
        "intransitive": 0.5509999990463257,
        "irregular_past_participle_adjectives": 0.9929999709129333,
        "irregular_past_participle_verbs": 0.8460000157356262,
        "irregular_plural_subject_verb_agreement_1": 0.6710000038146973,
        "irregular_plural_subject_verb_agreement_2": 0.8190000057220459,
        "left_branch_island_echo_question": 0.5910000205039978,
        "left_branch_island_simple_question": 0.32199999690055847,
        "matrix_question_npi_licensor_present": 0.24199999868869781,
        "npi_present_1": 0.5590000152587891,
        "npi_present_2": 0.45399999618530273,
        "only_npi_licensor_present": 0.6190000176429749,
        "only_npi_scope": 0.8330000042915344,
        "passive_1": 0.8370000123977661,
        "passive_2": 0.8539999723434448,
        "principle_A_c_command": 0.5820000171661377,
        "principle_A_case_1": 1.0,
        "principle_A_case_2": 0.7760000228881836,
        "principle_A_domain_1": 0.9869999885559082,
        "principle_A_domain_2": 0.6779999732971191,
        "principle_A_domain_3": 0.45899999141693115,
        "principle_A_reconstruction": 0.5989999771118164,
        "regular_plural_subject_verb_agreement_1": 0.7570000290870667,
        "regular_plural_subject_verb_agreement_2": 0.8040000200271606,
        "sentential_negation_npi_licensor_present": 0.9990000128746033,
        "sentential_negation_npi_scope": 0.45500001311302185,
        "sentential_subject_island": 0.33799999952316284,
        "superlative_quantifiers_1": 0.42100000381469727,
        "superlative_quantifiers_2": 0.8730000257492065,
        "tough_vs_raising_1": 0.35899999737739563,
        "tough_vs_raising_2": 0.7760000228881836,
        "transitive": 0.7390000224113464,
        "wh_island": 0.5370000004768372,
        "wh_questions_object_gap": 0.49900001287460327,
        "wh_questions_subject_gap": 0.9020000100135803,
        "wh_questions_subject_gap_long_distance": 0.8840000033378601,
        "wh_vs_that_no_gap": 0.9210000038146973,
        "wh_vs_that_no_gap_long_distance": 0.9120000004768372,
        "wh_vs_that_with_gap": 0.26899999380111694,
        "wh_vs_that_with_gap_long_distance": 0.1379999965429306
    }
}