{
    "accuracy": 0.6592089533805847,
    "by_phenomenon": {
        "anaphor_agreement": 0.7419999837875366,
        "argument_structure": 0.6532857162611825,
        "binding": 0.7107142891202655,
        "control_raising": 0.6694000065326691,
        "determiner_noun_agreement": 0.813124991953373,
        "ellipsis": 0.6035000085830688,
        "filler_gap_dependency": 0.6568571478128433,
        "irregular_forms": 0.9169999957084656,
        "island_effects": 0.48449999280273914,
        "npi_licensing": 0.5812857108456748,
        "quantifiers": 0.684249997138977,
        "s-selection": 0.6854999959468842,
        "subject_verb_agreement": 0.5984999934832255
    },
    "by_uid": {
        "adjunct_island": 0.8169999718666077,
        "anaphor_gender_agreement": 0.6309999823570251,
        "anaphor_number_agreement": 0.8529999852180481,
        "animate_subject_passive": 0.7260000109672546,
        "animate_subject_trans": 0.6449999809265137,
        "causative": 0.5059999823570251,
        "complex_NP_island": 0.453000009059906,
        "coordinate_structure_constraint_complex_left_branch": 0.24199999868869781,
        "coordinate_structure_constraint_object_extraction": 0.765999972820282,
        "determiner_noun_agreement_1": 0.8980000019073486,
        "determiner_noun_agreement_2": 0.9179999828338623,
        "determiner_noun_agreement_irregular_1": 0.753000020980835,
        "determiner_noun_agreement_irregular_2": 0.8569999933242798,
        "determiner_noun_agreement_with_adj_2": 0.8100000023841858,
        "determiner_noun_agreement_with_adj_irregular_1": 0.6729999780654907,
        "determiner_noun_agreement_with_adj_irregular_2": 0.7649999856948853,
        "determiner_noun_agreement_with_adjective_1": 0.8309999704360962,
        "distractor_agreement_relational_noun": 0.3059999942779541,
        "distractor_agreement_relative_clause": 0.2540000081062317,
        "drop_argument": 0.6949999928474426,
        "ellipsis_n_bar_1": 0.6119999885559082,
        "ellipsis_n_bar_2": 0.5950000286102295,
        "existential_there_object_raising": 0.7950000166893005,
        "existential_there_quantifiers_1": 0.9079999923706055,
        "existential_there_quantifiers_2": 0.5870000123977661,
        "existential_there_subject_raising": 0.7170000076293945,
        "expletive_it_object_raising": 0.6980000138282776,
        "inchoative": 0.41100001335144043,
        "intransitive": 0.5519999861717224,
        "irregular_past_participle_adjectives": 0.9919999837875366,
        "irregular_past_participle_verbs": 0.8420000076293945,
        "irregular_plural_subject_verb_agreement_1": 0.6779999732971191,
        "irregular_plural_subject_verb_agreement_2": 0.8100000023841858,
        "left_branch_island_echo_question": 0.5600000023841858,
        "left_branch_island_simple_question": 0.2669999897480011,
        "matrix_question_npi_licensor_present": 0.2630000114440918,
        "npi_present_1": 0.4699999988079071,
        "npi_present_2": 0.46799999475479126,
        "only_npi_licensor_present": 0.5149999856948853,
        "only_npi_scope": 0.8489999771118164,
        "passive_1": 0.8339999914169312,
        "passive_2": 0.8450000286102295,
        "principle_A_c_command": 0.5640000104904175,
        "principle_A_case_1": 1.0,
        "principle_A_case_2": 0.753000020980835,
        "principle_A_domain_1": 0.9980000257492065,
        "principle_A_domain_2": 0.6769999861717224,
        "principle_A_domain_3": 0.4490000009536743,
        "principle_A_reconstruction": 0.5339999794960022,
        "regular_plural_subject_verb_agreement_1": 0.7519999742507935,
        "regular_plural_subject_verb_agreement_2": 0.7910000085830688,
        "sentential_negation_npi_licensor_present": 0.9959999918937683,
        "sentential_negation_npi_scope": 0.5080000162124634,
        "sentential_subject_island": 0.31700000166893005,
        "superlative_quantifiers_1": 0.46299999952316284,
        "superlative_quantifiers_2": 0.7789999842643738,
        "tough_vs_raising_1": 0.3779999911785126,
        "tough_vs_raising_2": 0.7590000033378601,
        "transitive": 0.7300000190734863,
        "wh_island": 0.45399999618530273,
        "wh_questions_object_gap": 0.531000018119812,
        "wh_questions_subject_gap": 0.9169999957084656,
        "wh_questions_subject_gap_long_distance": 0.9160000085830688,
        "wh_vs_that_no_gap": 0.9520000219345093,
        "wh_vs_that_no_gap_long_distance": 0.949999988079071,
        "wh_vs_that_with_gap": 0.23499999940395355,
        "wh_vs_that_with_gap_long_distance": 0.09700000286102295
    }
}