{
    "accuracy": 0.6616716398232019,
    "by_phenomenon": {
        "anaphor_agreement": 0.6879999935626984,
        "argument_structure": 0.65585715004376,
        "binding": 0.7031428515911102,
        "control_raising": 0.6723999977111816,
        "determiner_noun_agreement": 0.817624993622303,
        "ellipsis": 0.5999999940395355,
        "filler_gap_dependency": 0.647999997649874,
        "irregular_forms": 0.9025000035762787,
        "island_effects": 0.5011249966919422,
        "npi_licensing": 0.5900000035762787,
        "quantifiers": 0.7222499996423721,
        "s-selection": 0.6820000112056732,
        "subject_verb_agreement": 0.6011666556199392
    },
    "by_uid": {
        "adjunct_island": 0.8230000138282776,
        "anaphor_gender_agreement": 0.5740000009536743,
        "anaphor_number_agreement": 0.8019999861717224,
        "animate_subject_passive": 0.7210000157356262,
        "animate_subject_trans": 0.6430000066757202,
        "causative": 0.503000020980835,
        "complex_NP_island": 0.4650000035762787,
        "coordinate_structure_constraint_complex_left_branch": 0.25099998712539673,
        "coordinate_structure_constraint_object_extraction": 0.7689999938011169,
        "determiner_noun_agreement_1": 0.9089999794960022,
        "determiner_noun_agreement_2": 0.9139999747276306,
        "determiner_noun_agreement_irregular_1": 0.7630000114440918,
        "determiner_noun_agreement_irregular_2": 0.8640000224113464,
        "determiner_noun_agreement_with_adj_2": 0.8119999766349792,
        "determiner_noun_agreement_with_adj_irregular_1": 0.6800000071525574,
        "determiner_noun_agreement_with_adj_irregular_2": 0.7639999985694885,
        "determiner_noun_agreement_with_adjective_1": 0.8349999785423279,
        "distractor_agreement_relational_noun": 0.3109999895095825,
        "distractor_agreement_relative_clause": 0.25999999046325684,
        "drop_argument": 0.6899999976158142,
        "ellipsis_n_bar_1": 0.5929999947547913,
        "ellipsis_n_bar_2": 0.6069999933242798,
        "existential_there_object_raising": 0.8069999814033508,
        "existential_there_quantifiers_1": 0.9399999976158142,
        "existential_there_quantifiers_2": 0.6610000133514404,
        "existential_there_subject_raising": 0.7379999756813049,
        "expletive_it_object_raising": 0.6970000267028809,
        "inchoative": 0.42800000309944153,
        "intransitive": 0.5669999718666077,
        "irregular_past_participle_adjectives": 0.9639999866485596,
        "irregular_past_participle_verbs": 0.8410000205039978,
        "irregular_plural_subject_verb_agreement_1": 0.6869999766349792,
        "irregular_plural_subject_verb_agreement_2": 0.8019999861717224,
        "left_branch_island_echo_question": 0.5709999799728394,
        "left_branch_island_simple_question": 0.289000004529953,
        "matrix_question_npi_licensor_present": 0.2809999883174896,
        "npi_present_1": 0.5479999780654907,
        "npi_present_2": 0.4950000047683716,
        "only_npi_licensor_present": 0.48500001430511475,
        "only_npi_scope": 0.847000002861023,
        "passive_1": 0.8190000057220459,
        "passive_2": 0.8500000238418579,
        "principle_A_c_command": 0.5669999718666077,
        "principle_A_case_1": 1.0,
        "principle_A_case_2": 0.753000020980835,
        "principle_A_domain_1": 0.9919999837875366,
        "principle_A_domain_2": 0.6779999732971191,
        "principle_A_domain_3": 0.4560000002384186,
        "principle_A_reconstruction": 0.47600001096725464,
        "regular_plural_subject_verb_agreement_1": 0.7379999756813049,
        "regular_plural_subject_verb_agreement_2": 0.8090000152587891,
        "sentential_negation_npi_licensor_present": 0.9980000257492065,
        "sentential_negation_npi_scope": 0.47600001096725464,
        "sentential_subject_island": 0.3310000002384186,
        "superlative_quantifiers_1": 0.5239999890327454,
        "superlative_quantifiers_2": 0.7639999985694885,
        "tough_vs_raising_1": 0.375,
        "tough_vs_raising_2": 0.7450000047683716,
        "transitive": 0.734000027179718,
        "wh_island": 0.5099999904632568,
        "wh_questions_object_gap": 0.4779999852180481,
        "wh_questions_subject_gap": 0.9039999842643738,
        "wh_questions_subject_gap_long_distance": 0.9200000166893005,
        "wh_vs_that_no_gap": 0.9399999976158142,
        "wh_vs_that_no_gap_long_distance": 0.9490000009536743,
        "wh_vs_that_with_gap": 0.23600000143051147,
        "wh_vs_that_with_gap_long_distance": 0.10899999737739563
    }
}