{
    "accuracy": 0.6579253724706706,
    "by_phenomenon": {
        "anaphor_agreement": 0.715499997138977,
        "argument_structure": 0.6550000011920929,
        "binding": 0.709999999829701,
        "control_raising": 0.6752000093460083,
        "determiner_noun_agreement": 0.8252499848604202,
        "ellipsis": 0.6114999949932098,
        "filler_gap_dependency": 0.6437142810651234,
        "irregular_forms": 0.9144999980926514,
        "island_effects": 0.4755000062286854,
        "npi_licensing": 0.5598571385656085,
        "quantifiers": 0.7240000069141388,
        "s-selection": 0.6700000166893005,
        "subject_verb_agreement": 0.5999999990065893
    },
    "by_uid": {
        "adjunct_island": 0.7910000085830688,
        "anaphor_gender_agreement": 0.5989999771118164,
        "anaphor_number_agreement": 0.8320000171661377,
        "animate_subject_passive": 0.7070000171661377,
        "animate_subject_trans": 0.6330000162124634,
        "causative": 0.5059999823570251,
        "complex_NP_island": 0.45500001311302185,
        "coordinate_structure_constraint_complex_left_branch": 0.2770000100135803,
        "coordinate_structure_constraint_object_extraction": 0.7490000128746033,
        "determiner_noun_agreement_1": 0.9179999828338623,
        "determiner_noun_agreement_2": 0.9139999747276306,
        "determiner_noun_agreement_irregular_1": 0.746999979019165,
        "determiner_noun_agreement_irregular_2": 0.8709999918937683,
        "determiner_noun_agreement_with_adj_2": 0.8309999704360962,
        "determiner_noun_agreement_with_adj_irregular_1": 0.6909999847412109,
        "determiner_noun_agreement_with_adj_irregular_2": 0.7829999923706055,
        "determiner_noun_agreement_with_adjective_1": 0.847000002861023,
        "distractor_agreement_relational_noun": 0.3050000071525574,
        "distractor_agreement_relative_clause": 0.2619999945163727,
        "drop_argument": 0.6990000009536743,
        "ellipsis_n_bar_1": 0.6209999918937683,
        "ellipsis_n_bar_2": 0.6019999980926514,
        "existential_there_object_raising": 0.8050000071525574,
        "existential_there_quantifiers_1": 0.921999990940094,
        "existential_there_quantifiers_2": 0.6019999980926514,
        "existential_there_subject_raising": 0.7179999947547913,
        "expletive_it_object_raising": 0.7160000205039978,
        "inchoative": 0.4230000078678131,
        "intransitive": 0.5649999976158142,
        "irregular_past_participle_adjectives": 0.9890000224113464,
        "irregular_past_participle_verbs": 0.8399999737739563,
        "irregular_plural_subject_verb_agreement_1": 0.6779999732971191,
        "irregular_plural_subject_verb_agreement_2": 0.8059999942779541,
        "left_branch_island_echo_question": 0.4959999918937683,
        "left_branch_island_simple_question": 0.26100000739097595,
        "matrix_question_npi_licensor_present": 0.28200000524520874,
        "npi_present_1": 0.4860000014305115,
        "npi_present_2": 0.49300000071525574,
        "only_npi_licensor_present": 0.36000001430511475,
        "only_npi_scope": 0.8399999737739563,
        "passive_1": 0.8240000009536743,
        "passive_2": 0.8370000123977661,
        "principle_A_c_command": 0.5799999833106995,
        "principle_A_case_1": 1.0,
        "principle_A_case_2": 0.7080000042915344,
        "principle_A_domain_1": 0.9890000224113464,
        "principle_A_domain_2": 0.7059999704360962,
        "principle_A_domain_3": 0.460999995470047,
        "principle_A_reconstruction": 0.5260000228881836,
        "regular_plural_subject_verb_agreement_1": 0.7450000047683716,
        "regular_plural_subject_verb_agreement_2": 0.8040000200271606,
        "sentential_negation_npi_licensor_present": 0.9879999756813049,
        "sentential_negation_npi_scope": 0.4699999988079071,
        "sentential_subject_island": 0.289000004529953,
        "superlative_quantifiers_1": 0.5580000281333923,
        "superlative_quantifiers_2": 0.8140000104904175,
        "tough_vs_raising_1": 0.3659999966621399,
        "tough_vs_raising_2": 0.7710000276565552,
        "transitive": 0.7310000061988831,
        "wh_island": 0.4860000014305115,
        "wh_questions_object_gap": 0.4860000014305115,
        "wh_questions_subject_gap": 0.9070000052452087,
        "wh_questions_subject_gap_long_distance": 0.9089999794960022,
        "wh_vs_that_no_gap": 0.9350000023841858,
        "wh_vs_that_no_gap_long_distance": 0.9409999847412109,
        "wh_vs_that_with_gap": 0.2329999953508377,
        "wh_vs_that_with_gap_long_distance": 0.0949999988079071
    }
}