{
    "accuracy": 0.6579253734714949,
    "by_phenomenon": {
        "anaphor_agreement": 0.6504999995231628,
        "argument_structure": 0.6502857208251953,
        "binding": 0.6938571461609432,
        "control_raising": 0.6655999898910523,
        "determiner_noun_agreement": 0.8016250059008598,
        "ellipsis": 0.6114999949932098,
        "filler_gap_dependency": 0.6490000049982753,
        "irregular_forms": 0.8764999806880951,
        "island_effects": 0.5061250030994415,
        "npi_licensing": 0.6342857139451163,
        "quantifiers": 0.653999999165535,
        "s-selection": 0.6780000030994415,
        "subject_verb_agreement": 0.6083333243926367
    },
    "by_uid": {
        "adjunct_island": 0.7760000228881836,
        "anaphor_gender_agreement": 0.5389999747276306,
        "anaphor_number_agreement": 0.7620000243186951,
        "animate_subject_passive": 0.7229999899864197,
        "animate_subject_trans": 0.6330000162124634,
        "causative": 0.5130000114440918,
        "complex_NP_island": 0.46700000762939453,
        "coordinate_structure_constraint_complex_left_branch": 0.3140000104904175,
        "coordinate_structure_constraint_object_extraction": 0.718999981880188,
        "determiner_noun_agreement_1": 0.8880000114440918,
        "determiner_noun_agreement_2": 0.8799999952316284,
        "determiner_noun_agreement_irregular_1": 0.7480000257492065,
        "determiner_noun_agreement_irregular_2": 0.8640000224113464,
        "determiner_noun_agreement_with_adj_2": 0.8029999732971191,
        "determiner_noun_agreement_with_adj_irregular_1": 0.656000018119812,
        "determiner_noun_agreement_with_adj_irregular_2": 0.765999972820282,
        "determiner_noun_agreement_with_adjective_1": 0.8080000281333923,
        "distractor_agreement_relational_noun": 0.3440000116825104,
        "distractor_agreement_relative_clause": 0.2630000114440918,
        "drop_argument": 0.6890000104904175,
        "ellipsis_n_bar_1": 0.6340000033378601,
        "ellipsis_n_bar_2": 0.5889999866485596,
        "existential_there_object_raising": 0.7590000033378601,
        "existential_there_quantifiers_1": 0.8840000033378601,
        "existential_there_quantifiers_2": 0.4449999928474426,
        "existential_there_subject_raising": 0.746999979019165,
        "expletive_it_object_raising": 0.7289999723434448,
        "inchoative": 0.39800000190734863,
        "intransitive": 0.5640000104904175,
        "irregular_past_participle_adjectives": 0.8999999761581421,
        "irregular_past_participle_verbs": 0.8529999852180481,
        "irregular_plural_subject_verb_agreement_1": 0.6869999766349792,
        "irregular_plural_subject_verb_agreement_2": 0.7799999713897705,
        "left_branch_island_echo_question": 0.5149999856948853,
        "left_branch_island_simple_question": 0.39399999380111694,
        "matrix_question_npi_licensor_present": 0.3440000116825104,
        "npi_present_1": 0.5270000100135803,
        "npi_present_2": 0.49300000071525574,
        "only_npi_licensor_present": 0.7749999761581421,
        "only_npi_scope": 0.8190000057220459,
        "passive_1": 0.8349999785423279,
        "passive_2": 0.8360000252723694,
        "principle_A_c_command": 0.6200000047683716,
        "principle_A_case_1": 1.0,
        "principle_A_case_2": 0.7419999837875366,
        "principle_A_domain_1": 0.9890000224113464,
        "principle_A_domain_2": 0.6570000052452087,
        "principle_A_domain_3": 0.46700000762939453,
        "principle_A_reconstruction": 0.38199999928474426,
        "regular_plural_subject_verb_agreement_1": 0.7829999923706055,
        "regular_plural_subject_verb_agreement_2": 0.7929999828338623,
        "sentential_negation_npi_licensor_present": 0.9950000047683716,
        "sentential_negation_npi_scope": 0.4869999885559082,
        "sentential_subject_island": 0.36000001430511475,
        "superlative_quantifiers_1": 0.46299999952316284,
        "superlative_quantifiers_2": 0.8240000009536743,
        "tough_vs_raising_1": 0.3610000014305115,
        "tough_vs_raising_2": 0.7319999933242798,
        "transitive": 0.7170000076293945,
        "wh_island": 0.5040000081062317,
        "wh_questions_object_gap": 0.4819999933242798,
        "wh_questions_subject_gap": 0.9390000104904175,
        "wh_questions_subject_gap_long_distance": 0.9520000219345093,
        "wh_vs_that_no_gap": 0.953000009059906,
        "wh_vs_that_no_gap_long_distance": 0.9629999995231628,
        "wh_vs_that_with_gap": 0.16899999976158142,
        "wh_vs_that_with_gap_long_distance": 0.08500000089406967
    }
}