{
    "accuracy": 0.6596268646752657,
    "by_phenomenon": {
        "anaphor_agreement": 0.7054999768733978,
        "argument_structure": 0.6514285589967456,
        "binding": 0.7162857183388301,
        "control_raising": 0.6722000002861023,
        "determiner_noun_agreement": 0.8172499984502792,
        "ellipsis": 0.6240000128746033,
        "filler_gap_dependency": 0.6545714310237339,
        "irregular_forms": 0.9165000021457672,
        "island_effects": 0.4988749995827675,
        "npi_licensing": 0.5877142931733813,
        "quantifiers": 0.6307500004768372,
        "s-selection": 0.6710000038146973,
        "subject_verb_agreement": 0.6129999905824661
    },
    "by_uid": {
        "adjunct_island": 0.8100000023841858,
        "anaphor_gender_agreement": 0.5989999771118164,
        "anaphor_number_agreement": 0.8119999766349792,
        "animate_subject_passive": 0.7250000238418579,
        "animate_subject_trans": 0.6169999837875366,
        "causative": 0.5099999904632568,
        "complex_NP_island": 0.49399998784065247,
        "coordinate_structure_constraint_complex_left_branch": 0.25,
        "coordinate_structure_constraint_object_extraction": 0.7990000247955322,
        "determiner_noun_agreement_1": 0.9139999747276306,
        "determiner_noun_agreement_2": 0.9200000166893005,
        "determiner_noun_agreement_irregular_1": 0.7379999756813049,
        "determiner_noun_agreement_irregular_2": 0.8640000224113464,
        "determiner_noun_agreement_with_adj_2": 0.8159999847412109,
        "determiner_noun_agreement_with_adj_irregular_1": 0.6890000104904175,
        "determiner_noun_agreement_with_adj_irregular_2": 0.7519999742507935,
        "determiner_noun_agreement_with_adjective_1": 0.8450000286102295,
        "distractor_agreement_relational_noun": 0.3370000123977661,
        "distractor_agreement_relative_clause": 0.257999986410141,
        "drop_argument": 0.6819999814033508,
        "ellipsis_n_bar_1": 0.6480000019073486,
        "ellipsis_n_bar_2": 0.6000000238418579,
        "existential_there_object_raising": 0.7919999957084656,
        "existential_there_quantifiers_1": 0.8759999871253967,
        "existential_there_quantifiers_2": 0.5450000166893005,
        "existential_there_subject_raising": 0.7310000061988831,
        "expletive_it_object_raising": 0.699999988079071,
        "inchoative": 0.3959999978542328,
        "intransitive": 0.5379999876022339,
        "irregular_past_participle_adjectives": 0.9810000061988831,
        "irregular_past_participle_verbs": 0.8519999980926514,
        "irregular_plural_subject_verb_agreement_1": 0.6819999814033508,
        "irregular_plural_subject_verb_agreement_2": 0.8389999866485596,
        "left_branch_island_echo_question": 0.593999981880188,
        "left_branch_island_simple_question": 0.28999999165534973,
        "matrix_question_npi_licensor_present": 0.25,
        "npi_present_1": 0.531000018119812,
        "npi_present_2": 0.48399999737739563,
        "only_npi_licensor_present": 0.5720000267028809,
        "only_npi_scope": 0.8510000109672546,
        "passive_1": 0.843999981880188,
        "passive_2": 0.847000002861023,
        "principle_A_c_command": 0.6190000176429749,
        "principle_A_case_1": 1.0,
        "principle_A_case_2": 0.7369999885559082,
        "principle_A_domain_1": 0.9940000176429749,
        "principle_A_domain_2": 0.6480000019073486,
        "principle_A_domain_3": 0.46000000834465027,
        "principle_A_reconstruction": 0.5559999942779541,
        "regular_plural_subject_verb_agreement_1": 0.7549999952316284,
        "regular_plural_subject_verb_agreement_2": 0.8069999814033508,
        "sentential_negation_npi_licensor_present": 0.9959999918937683,
        "sentential_negation_npi_scope": 0.4300000071525574,
        "sentential_subject_island": 0.33000001311302185,
        "superlative_quantifiers_1": 0.28700000047683716,
        "superlative_quantifiers_2": 0.8149999976158142,
        "tough_vs_raising_1": 0.3709999918937683,
        "tough_vs_raising_2": 0.7670000195503235,
        "transitive": 0.7429999709129333,
        "wh_island": 0.42399999499320984,
        "wh_questions_object_gap": 0.5189999938011169,
        "wh_questions_subject_gap": 0.9200000166893005,
        "wh_questions_subject_gap_long_distance": 0.8980000019073486,
        "wh_vs_that_no_gap": 0.9210000038146973,
        "wh_vs_that_no_gap_long_distance": 0.9089999794960022,
        "wh_vs_that_with_gap": 0.2720000147819519,
        "wh_vs_that_with_gap_long_distance": 0.14300000667572021
    }
}