{
    "accuracy": 0.6530746261575329,
    "by_phenomenon": {
        "anaphor_agreement": 0.6554999947547913,
        "argument_structure": 0.648428567818233,
        "binding": 0.7005714220660073,
        "control_raising": 0.6693999946117402,
        "determiner_noun_agreement": 0.8165000081062317,
        "ellipsis": 0.5774999856948853,
        "filler_gap_dependency": 0.6532857205186572,
        "irregular_forms": 0.8285000026226044,
        "island_effects": 0.5177500024437904,
        "npi_licensing": 0.5921428459031242,
        "quantifiers": 0.6239999979734421,
        "s-selection": 0.6605000197887421,
        "subject_verb_agreement": 0.6056666672229767
    },
    "by_uid": {
        "adjunct_island": 0.753000020980835,
        "anaphor_gender_agreement": 0.5220000147819519,
        "anaphor_number_agreement": 0.7889999747276306,
        "animate_subject_passive": 0.6970000267028809,
        "animate_subject_trans": 0.6240000128746033,
        "causative": 0.5149999856948853,
        "complex_NP_island": 0.4480000138282776,
        "coordinate_structure_constraint_complex_left_branch": 0.3319999873638153,
        "coordinate_structure_constraint_object_extraction": 0.7699999809265137,
        "determiner_noun_agreement_1": 0.9070000052452087,
        "determiner_noun_agreement_2": 0.8920000195503235,
        "determiner_noun_agreement_irregular_1": 0.7590000033378601,
        "determiner_noun_agreement_irregular_2": 0.871999979019165,
        "determiner_noun_agreement_with_adj_2": 0.8190000057220459,
        "determiner_noun_agreement_with_adj_irregular_1": 0.6840000152587891,
        "determiner_noun_agreement_with_adj_irregular_2": 0.7620000243186951,
        "determiner_noun_agreement_with_adjective_1": 0.8370000123977661,
        "distractor_agreement_relational_noun": 0.31700000166893005,
        "distractor_agreement_relative_clause": 0.2619999945163727,
        "drop_argument": 0.6779999732971191,
        "ellipsis_n_bar_1": 0.5659999847412109,
        "ellipsis_n_bar_2": 0.5889999866485596,
        "existential_there_object_raising": 0.7720000147819519,
        "existential_there_quantifiers_1": 0.8889999985694885,
        "existential_there_quantifiers_2": 0.47699999809265137,
        "existential_there_subject_raising": 0.7409999966621399,
        "expletive_it_object_raising": 0.7329999804496765,
        "inchoative": 0.40700000524520874,
        "intransitive": 0.5479999780654907,
        "irregular_past_participle_adjectives": 0.8299999833106995,
        "irregular_past_participle_verbs": 0.8270000219345093,
        "irregular_plural_subject_verb_agreement_1": 0.6859999895095825,
        "irregular_plural_subject_verb_agreement_2": 0.7990000247955322,
        "left_branch_island_echo_question": 0.5690000057220459,
        "left_branch_island_simple_question": 0.39500001072883606,
        "matrix_question_npi_licensor_present": 0.29899999499320984,
        "npi_present_1": 0.48399999737739563,
        "npi_present_2": 0.527999997138977,
        "only_npi_licensor_present": 0.5759999752044678,
        "only_npi_scope": 0.8159999847412109,
        "passive_1": 0.8379999995231628,
        "passive_2": 0.8360000252723694,
        "principle_A_c_command": 0.621999979019165,
        "principle_A_case_1": 1.0,
        "principle_A_case_2": 0.7409999966621399,
        "principle_A_domain_1": 0.9879999756813049,
        "principle_A_domain_2": 0.6660000085830688,
        "principle_A_domain_3": 0.47099998593330383,
        "principle_A_reconstruction": 0.41600000858306885,
        "regular_plural_subject_verb_agreement_1": 0.7770000100135803,
        "regular_plural_subject_verb_agreement_2": 0.7929999828338623,
        "sentential_negation_npi_licensor_present": 0.9829999804496765,
        "sentential_negation_npi_scope": 0.45899999141693115,
        "sentential_subject_island": 0.34200000762939453,
        "superlative_quantifiers_1": 0.453000009059906,
        "superlative_quantifiers_2": 0.6769999861717224,
        "tough_vs_raising_1": 0.3779999911785126,
        "tough_vs_raising_2": 0.7229999899864197,
        "transitive": 0.7170000076293945,
        "wh_island": 0.5329999923706055,
        "wh_questions_object_gap": 0.5120000243186951,
        "wh_questions_subject_gap": 0.949999988079071,
        "wh_questions_subject_gap_long_distance": 0.9490000009536743,
        "wh_vs_that_no_gap": 0.9520000219345093,
        "wh_vs_that_no_gap_long_distance": 0.9710000157356262,
        "wh_vs_that_with_gap": 0.17299999296665192,
        "wh_vs_that_with_gap_long_distance": 0.06599999964237213
    }
}