{
    "accuracy": 0.6503880586641938,
    "by_phenomenon": {
        "anaphor_agreement": 0.6429999768733978,
        "argument_structure": 0.6438571384974888,
        "binding": 0.6998571412903922,
        "control_raising": 0.6646000027656556,
        "determiner_noun_agreement": 0.8118749931454659,
        "ellipsis": 0.6105000078678131,
        "filler_gap_dependency": 0.6489999954189573,
        "irregular_forms": 0.8230000138282776,
        "island_effects": 0.5176250003278255,
        "npi_licensing": 0.5962857135704586,
        "quantifiers": 0.6025000065565109,
        "s-selection": 0.676499992609024,
        "subject_verb_agreement": 0.5963333398103714
    },
    "by_uid": {
        "adjunct_island": 0.7570000290870667,
        "anaphor_gender_agreement": 0.5249999761581421,
        "anaphor_number_agreement": 0.7609999775886536,
        "animate_subject_passive": 0.7009999752044678,
        "animate_subject_trans": 0.6520000100135803,
        "causative": 0.5009999871253967,
        "complex_NP_island": 0.4440000057220459,
        "coordinate_structure_constraint_complex_left_branch": 0.35499998927116394,
        "coordinate_structure_constraint_object_extraction": 0.7549999952316284,
        "determiner_noun_agreement_1": 0.8970000147819519,
        "determiner_noun_agreement_2": 0.8859999775886536,
        "determiner_noun_agreement_irregular_1": 0.746999979019165,
        "determiner_noun_agreement_irregular_2": 0.8569999933242798,
        "determiner_noun_agreement_with_adj_2": 0.8109999895095825,
        "determiner_noun_agreement_with_adj_irregular_1": 0.6850000023841858,
        "determiner_noun_agreement_with_adj_irregular_2": 0.7789999842643738,
        "determiner_noun_agreement_with_adjective_1": 0.8330000042915344,
        "distractor_agreement_relational_noun": 0.26600000262260437,
        "distractor_agreement_relative_clause": 0.2720000147819519,
        "drop_argument": 0.6809999942779541,
        "ellipsis_n_bar_1": 0.656000018119812,
        "ellipsis_n_bar_2": 0.5649999976158142,
        "existential_there_object_raising": 0.7639999985694885,
        "existential_there_quantifiers_1": 0.871999979019165,
        "existential_there_quantifiers_2": 0.2590000033378601,
        "existential_there_subject_raising": 0.7419999837875366,
        "expletive_it_object_raising": 0.7200000286102295,
        "inchoative": 0.40299999713897705,
        "intransitive": 0.5429999828338623,
        "irregular_past_participle_adjectives": 0.8420000076293945,
        "irregular_past_participle_verbs": 0.8040000200271606,
        "irregular_plural_subject_verb_agreement_1": 0.7070000171661377,
        "irregular_plural_subject_verb_agreement_2": 0.7799999713897705,
        "left_branch_island_echo_question": 0.5099999904632568,
        "left_branch_island_simple_question": 0.40799999237060547,
        "matrix_question_npi_licensor_present": 0.32100000977516174,
        "npi_present_1": 0.45500001311302185,
        "npi_present_2": 0.4749999940395355,
        "only_npi_licensor_present": 0.6809999942779541,
        "only_npi_scope": 0.8230000138282776,
        "passive_1": 0.8339999914169312,
        "passive_2": 0.8379999995231628,
        "principle_A_c_command": 0.6389999985694885,
        "principle_A_case_1": 1.0,
        "principle_A_case_2": 0.7329999804496765,
        "principle_A_domain_1": 0.9850000143051147,
        "principle_A_domain_2": 0.6299999952316284,
        "principle_A_domain_3": 0.4790000021457672,
        "principle_A_reconstruction": 0.43299999833106995,
        "regular_plural_subject_verb_agreement_1": 0.7390000224113464,
        "regular_plural_subject_verb_agreement_2": 0.8140000104904175,
        "sentential_negation_npi_licensor_present": 0.996999979019165,
        "sentential_negation_npi_scope": 0.421999990940094,
        "sentential_subject_island": 0.37400001287460327,
        "superlative_quantifiers_1": 0.6190000176429749,
        "superlative_quantifiers_2": 0.6600000262260437,
        "tough_vs_raising_1": 0.3610000014305115,
        "tough_vs_raising_2": 0.7360000014305115,
        "transitive": 0.7070000171661377,
        "wh_island": 0.5379999876022339,
        "wh_questions_object_gap": 0.5249999761581421,
        "wh_questions_subject_gap": 0.9200000166893005,
        "wh_questions_subject_gap_long_distance": 0.9340000152587891,
        "wh_vs_that_no_gap": 0.949999988079071,
        "wh_vs_that_no_gap_long_distance": 0.9559999704360962,
        "wh_vs_that_with_gap": 0.16899999976158142,
        "wh_vs_that_with_gap_long_distance": 0.08900000154972076
    }
}