{
    "accuracy": 0.6663582064767382,
    "by_phenomenon": {
        "anaphor_agreement": 0.7119999825954437,
        "argument_structure": 0.6510000058582851,
        "binding": 0.718714279787881,
        "control_raising": 0.6753999948501587,
        "determiner_noun_agreement": 0.8316249996423721,
        "ellipsis": 0.6180000007152557,
        "filler_gap_dependency": 0.6542857076440539,
        "irregular_forms": 0.9180000126361847,
        "island_effects": 0.5163749940693378,
        "npi_licensing": 0.5887142866849899,
        "quantifiers": 0.6787499934434891,
        "s-selection": 0.6669999957084656,
        "subject_verb_agreement": 0.6084999988476435
    },
    "by_uid": {
        "adjunct_island": 0.7919999957084656,
        "anaphor_gender_agreement": 0.5929999947547913,
        "anaphor_number_agreement": 0.8309999704360962,
        "animate_subject_passive": 0.7260000109672546,
        "animate_subject_trans": 0.6079999804496765,
        "causative": 0.5099999904632568,
        "complex_NP_island": 0.47999998927116394,
        "coordinate_structure_constraint_complex_left_branch": 0.27799999713897705,
        "coordinate_structure_constraint_object_extraction": 0.7730000019073486,
        "determiner_noun_agreement_1": 0.9240000247955322,
        "determiner_noun_agreement_2": 0.9330000281333923,
        "determiner_noun_agreement_irregular_1": 0.7609999775886536,
        "determiner_noun_agreement_irregular_2": 0.875,
        "determiner_noun_agreement_with_adj_2": 0.8429999947547913,
        "determiner_noun_agreement_with_adj_irregular_1": 0.6729999780654907,
        "determiner_noun_agreement_with_adj_irregular_2": 0.7799999713897705,
        "determiner_noun_agreement_with_adjective_1": 0.8640000224113464,
        "distractor_agreement_relational_noun": 0.32499998807907104,
        "distractor_agreement_relative_clause": 0.24799999594688416,
        "drop_argument": 0.6850000023841858,
        "ellipsis_n_bar_1": 0.6169999837875366,
        "ellipsis_n_bar_2": 0.6190000176429749,
        "existential_there_object_raising": 0.7889999747276306,
        "existential_there_quantifiers_1": 0.8840000033378601,
        "existential_there_quantifiers_2": 0.5429999828338623,
        "existential_there_subject_raising": 0.7590000033378601,
        "expletive_it_object_raising": 0.6980000138282776,
        "inchoative": 0.41100001335144043,
        "intransitive": 0.5410000085830688,
        "irregular_past_participle_adjectives": 0.9800000190734863,
        "irregular_past_participle_verbs": 0.8560000061988831,
        "irregular_plural_subject_verb_agreement_1": 0.6660000085830688,
        "irregular_plural_subject_verb_agreement_2": 0.828000009059906,
        "left_branch_island_echo_question": 0.6179999709129333,
        "left_branch_island_simple_question": 0.3070000112056732,
        "matrix_question_npi_licensor_present": 0.2370000034570694,
        "npi_present_1": 0.5230000019073486,
        "npi_present_2": 0.43799999356269836,
        "only_npi_licensor_present": 0.625,
        "only_npi_scope": 0.8859999775886536,
        "passive_1": 0.8289999961853027,
        "passive_2": 0.8500000238418579,
        "principle_A_c_command": 0.5899999737739563,
        "principle_A_case_1": 1.0,
        "principle_A_case_2": 0.7609999775886536,
        "principle_A_domain_1": 0.9959999918937683,
        "principle_A_domain_2": 0.6769999861717224,
        "principle_A_domain_3": 0.4440000057220459,
        "principle_A_reconstruction": 0.5630000233650208,
        "regular_plural_subject_verb_agreement_1": 0.753000020980835,
        "regular_plural_subject_verb_agreement_2": 0.8309999704360962,
        "sentential_negation_npi_licensor_present": 0.9980000257492065,
        "sentential_negation_npi_scope": 0.414000004529953,
        "sentential_subject_island": 0.30300000309944153,
        "superlative_quantifiers_1": 0.40700000524520874,
        "superlative_quantifiers_2": 0.8809999823570251,
        "tough_vs_raising_1": 0.3610000014305115,
        "tough_vs_raising_2": 0.7699999809265137,
        "transitive": 0.7310000061988831,
        "wh_island": 0.5799999833106995,
        "wh_questions_object_gap": 0.5120000243186951,
        "wh_questions_subject_gap": 0.9049999713897705,
        "wh_questions_subject_gap_long_distance": 0.8999999761581421,
        "wh_vs_that_no_gap": 0.9390000104904175,
        "wh_vs_that_no_gap_long_distance": 0.9319999814033508,
        "wh_vs_that_with_gap": 0.257999986410141,
        "wh_vs_that_with_gap_long_distance": 0.1340000033378601
    }
}