{
    "accuracy": 0.6496417904967693,
    "by_phenomenon": {
        "anaphor_agreement": 0.6629999876022339,
        "argument_structure": 0.6455714149134499,
        "binding": 0.6844285811696734,
        "control_raising": 0.6614000082015992,
        "determiner_noun_agreement": 0.8082499876618385,
        "ellipsis": 0.590499997138977,
        "filler_gap_dependency": 0.6485714273793357,
        "irregular_forms": 0.8310000002384186,
        "island_effects": 0.5043750070035458,
        "npi_licensing": 0.613428567137037,
        "quantifiers": 0.6212500035762787,
        "s-selection": 0.6654999852180481,
        "subject_verb_agreement": 0.5981666793425878
    },
    "by_uid": {
        "adjunct_island": 0.7580000162124634,
        "anaphor_gender_agreement": 0.5299999713897705,
        "anaphor_number_agreement": 0.7960000038146973,
        "animate_subject_passive": 0.7049999833106995,
        "animate_subject_trans": 0.6259999871253967,
        "causative": 0.492000013589859,
        "complex_NP_island": 0.46000000834465027,
        "coordinate_structure_constraint_complex_left_branch": 0.3179999887943268,
        "coordinate_structure_constraint_object_extraction": 0.7250000238418579,
        "determiner_noun_agreement_1": 0.8939999938011169,
        "determiner_noun_agreement_2": 0.8769999742507935,
        "determiner_noun_agreement_irregular_1": 0.7609999775886536,
        "determiner_noun_agreement_irregular_2": 0.8790000081062317,
        "determiner_noun_agreement_with_adj_2": 0.7870000004768372,
        "determiner_noun_agreement_with_adj_irregular_1": 0.6759999990463257,
        "determiner_noun_agreement_with_adj_irregular_2": 0.765999972820282,
        "determiner_noun_agreement_with_adjective_1": 0.8259999752044678,
        "distractor_agreement_relational_noun": 0.296999990940094,
        "distractor_agreement_relative_clause": 0.2619999945163727,
        "drop_argument": 0.6909999847412109,
        "ellipsis_n_bar_1": 0.6019999980926514,
        "ellipsis_n_bar_2": 0.5789999961853027,
        "existential_there_object_raising": 0.7459999918937683,
        "existential_there_quantifiers_1": 0.8880000114440918,
        "existential_there_quantifiers_2": 0.3840000033378601,
        "existential_there_subject_raising": 0.7440000176429749,
        "expletive_it_object_raising": 0.7250000238418579,
        "inchoative": 0.39899998903274536,
        "intransitive": 0.5529999732971191,
        "irregular_past_participle_adjectives": 0.8299999833106995,
        "irregular_past_participle_verbs": 0.8320000171661377,
        "irregular_plural_subject_verb_agreement_1": 0.6790000200271606,
        "irregular_plural_subject_verb_agreement_2": 0.7850000262260437,
        "left_branch_island_echo_question": 0.49000000953674316,
        "left_branch_island_simple_question": 0.4180000126361847,
        "matrix_question_npi_licensor_present": 0.3240000009536743,
        "npi_present_1": 0.5170000195503235,
        "npi_present_2": 0.49900001287460327,
        "only_npi_licensor_present": 0.7009999752044678,
        "only_npi_scope": 0.8659999966621399,
        "passive_1": 0.8399999737739563,
        "passive_2": 0.8379999995231628,
        "principle_A_c_command": 0.6140000224113464,
        "principle_A_case_1": 1.0,
        "principle_A_case_2": 0.7480000257492065,
        "principle_A_domain_1": 0.9800000190734863,
        "principle_A_domain_2": 0.6449999809265137,
        "principle_A_domain_3": 0.4740000069141388,
        "principle_A_reconstruction": 0.33000001311302185,
        "regular_plural_subject_verb_agreement_1": 0.7570000290870667,
        "regular_plural_subject_verb_agreement_2": 0.8090000152587891,
        "sentential_negation_npi_licensor_present": 0.9929999709129333,
        "sentential_negation_npi_scope": 0.39399999380111694,
        "sentential_subject_island": 0.35199999809265137,
        "superlative_quantifiers_1": 0.5659999847412109,
        "superlative_quantifiers_2": 0.6470000147819519,
        "tough_vs_raising_1": 0.37599998712539673,
        "tough_vs_raising_2": 0.7160000205039978,
        "transitive": 0.7059999704360962,
        "wh_island": 0.5139999985694885,
        "wh_questions_object_gap": 0.4959999918937683,
        "wh_questions_subject_gap": 0.9440000057220459,
        "wh_questions_subject_gap_long_distance": 0.9409999847412109,
        "wh_vs_that_no_gap": 0.9440000057220459,
        "wh_vs_that_no_gap_long_distance": 0.9620000123977661,
        "wh_vs_that_with_gap": 0.17299999296665192,
        "wh_vs_that_with_gap_long_distance": 0.07999999821186066
    }
}