{
    "accuracy": 0.6671044775354329,
    "by_phenomenon": {
        "anaphor_agreement": 0.7210000157356262,
        "argument_structure": 0.6558571457862854,
        "binding": 0.7264285641057151,
        "control_raising": 0.6714000105857849,
        "determiner_noun_agreement": 0.8268750011920929,
        "ellipsis": 0.6209999918937683,
        "filler_gap_dependency": 0.6497142761945724,
        "irregular_forms": 0.9199999868869781,
        "island_effects": 0.5277500003576279,
        "npi_licensing": 0.5888571398598808,
        "quantifiers": 0.6592500135302544,
        "s-selection": 0.664000004529953,
        "subject_verb_agreement": 0.6111666659514109
    },
    "by_uid": {
        "adjunct_island": 0.8259999752044678,
        "anaphor_gender_agreement": 0.6100000143051147,
        "anaphor_number_agreement": 0.8320000171661377,
        "animate_subject_passive": 0.7129999995231628,
        "animate_subject_trans": 0.6150000095367432,
        "causative": 0.5130000114440918,
        "complex_NP_island": 0.4950000047683716,
        "coordinate_structure_constraint_complex_left_branch": 0.2759999930858612,
        "coordinate_structure_constraint_object_extraction": 0.7570000290870667,
        "determiner_noun_agreement_1": 0.9129999876022339,
        "determiner_noun_agreement_2": 0.9300000071525574,
        "determiner_noun_agreement_irregular_1": 0.7540000081062317,
        "determiner_noun_agreement_irregular_2": 0.878000020980835,
        "determiner_noun_agreement_with_adj_2": 0.8399999737739563,
        "determiner_noun_agreement_with_adj_irregular_1": 0.6700000166893005,
        "determiner_noun_agreement_with_adj_irregular_2": 0.7720000147819519,
        "determiner_noun_agreement_with_adjective_1": 0.8579999804496765,
        "distractor_agreement_relational_noun": 0.32600000500679016,
        "distractor_agreement_relative_clause": 0.2529999911785126,
        "drop_argument": 0.6850000023841858,
        "ellipsis_n_bar_1": 0.6340000033378601,
        "ellipsis_n_bar_2": 0.6079999804496765,
        "existential_there_object_raising": 0.7829999923706055,
        "existential_there_quantifiers_1": 0.8820000290870667,
        "existential_there_quantifiers_2": 0.5220000147819519,
        "existential_there_subject_raising": 0.7200000286102295,
        "expletive_it_object_raising": 0.7070000171661377,
        "inchoative": 0.4259999990463257,
        "intransitive": 0.5509999990463257,
        "irregular_past_participle_adjectives": 0.9829999804496765,
        "irregular_past_participle_verbs": 0.8569999933242798,
        "irregular_plural_subject_verb_agreement_1": 0.6859999895095825,
        "irregular_plural_subject_verb_agreement_2": 0.8209999799728394,
        "left_branch_island_echo_question": 0.597000002861023,
        "left_branch_island_simple_question": 0.3310000002384186,
        "matrix_question_npi_licensor_present": 0.27300000190734863,
        "npi_present_1": 0.5189999938011169,
        "npi_present_2": 0.4359999895095825,
        "only_npi_licensor_present": 0.6019999980926514,
        "only_npi_scope": 0.8169999718666077,
        "passive_1": 0.8339999914169312,
        "passive_2": 0.8560000061988831,
        "principle_A_c_command": 0.6110000014305115,
        "principle_A_case_1": 1.0,
        "principle_A_case_2": 0.7900000214576721,
        "principle_A_domain_1": 0.9929999709129333,
        "principle_A_domain_2": 0.6809999942779541,
        "principle_A_domain_3": 0.4569999873638153,
        "principle_A_reconstruction": 0.5529999732971191,
        "regular_plural_subject_verb_agreement_1": 0.7680000066757202,
        "regular_plural_subject_verb_agreement_2": 0.8130000233650208,
        "sentential_negation_npi_licensor_present": 0.9980000257492065,
        "sentential_negation_npi_scope": 0.47699999809265137,
        "sentential_subject_island": 0.30000001192092896,
        "superlative_quantifiers_1": 0.4339999854564667,
        "superlative_quantifiers_2": 0.7990000247955322,
        "tough_vs_raising_1": 0.35600000619888306,
        "tough_vs_raising_2": 0.7910000085830688,
        "transitive": 0.7260000109672546,
        "wh_island": 0.6399999856948853,
        "wh_questions_object_gap": 0.5040000081062317,
        "wh_questions_subject_gap": 0.9139999747276306,
        "wh_questions_subject_gap_long_distance": 0.8849999904632568,
        "wh_vs_that_no_gap": 0.9139999747276306,
        "wh_vs_that_no_gap_long_distance": 0.9089999794960022,
        "wh_vs_that_with_gap": 0.27000001072883606,
        "wh_vs_that_with_gap_long_distance": 0.15199999511241913
    }
}