{
    "accuracy": 0.664477611878025,
    "by_phenomenon": {
        "anaphor_agreement": 0.761000007390976,
        "argument_structure": 0.6512857164655413,
        "binding": 0.7135714207376752,
        "control_raising": 0.6707999885082245,
        "determiner_noun_agreement": 0.8163749948143959,
        "ellipsis": 0.6019999980926514,
        "filler_gap_dependency": 0.6621428706816265,
        "irregular_forms": 0.9160000085830688,
        "island_effects": 0.5126249976456165,
        "npi_licensing": 0.5880000037806374,
        "quantifiers": 0.6605000048875809,
        "s-selection": 0.6755000054836273,
        "subject_verb_agreement": 0.6129999955495199
    },
    "by_uid": {
        "adjunct_island": 0.8090000152587891,
        "anaphor_gender_agreement": 0.6579999923706055,
        "anaphor_number_agreement": 0.8640000224113464,
        "animate_subject_passive": 0.7300000190734863,
        "animate_subject_trans": 0.6209999918937683,
        "causative": 0.5189999938011169,
        "complex_NP_island": 0.4399999976158142,
        "coordinate_structure_constraint_complex_left_branch": 0.32499998807907104,
        "coordinate_structure_constraint_object_extraction": 0.7509999871253967,
        "determiner_noun_agreement_1": 0.9120000004768372,
        "determiner_noun_agreement_2": 0.9200000166893005,
        "determiner_noun_agreement_irregular_1": 0.7519999742507935,
        "determiner_noun_agreement_irregular_2": 0.8450000286102295,
        "determiner_noun_agreement_with_adj_2": 0.8299999833106995,
        "determiner_noun_agreement_with_adj_irregular_1": 0.6779999732971191,
        "determiner_noun_agreement_with_adj_irregular_2": 0.7599999904632568,
        "determiner_noun_agreement_with_adjective_1": 0.8339999914169312,
        "distractor_agreement_relational_noun": 0.36500000953674316,
        "distractor_agreement_relative_clause": 0.25999999046325684,
        "drop_argument": 0.6850000023841858,
        "ellipsis_n_bar_1": 0.6039999723434448,
        "ellipsis_n_bar_2": 0.6000000238418579,
        "existential_there_object_raising": 0.8069999814033508,
        "existential_there_quantifiers_1": 0.8960000276565552,
        "existential_there_quantifiers_2": 0.550000011920929,
        "existential_there_subject_raising": 0.7319999933242798,
        "expletive_it_object_raising": 0.6909999847412109,
        "inchoative": 0.40799999237060547,
        "intransitive": 0.5350000262260437,
        "irregular_past_participle_adjectives": 0.9800000190734863,
        "irregular_past_participle_verbs": 0.8519999980926514,
        "irregular_plural_subject_verb_agreement_1": 0.6729999780654907,
        "irregular_plural_subject_verb_agreement_2": 0.8069999814033508,
        "left_branch_island_echo_question": 0.5899999737739563,
        "left_branch_island_simple_question": 0.33500000834465027,
        "matrix_question_npi_licensor_present": 0.2720000147819519,
        "npi_present_1": 0.5149999856948853,
        "npi_present_2": 0.503000020980835,
        "only_npi_licensor_present": 0.5299999713897705,
        "only_npi_scope": 0.847000002861023,
        "passive_1": 0.8240000009536743,
        "passive_2": 0.8479999899864197,
        "principle_A_c_command": 0.6179999709129333,
        "principle_A_case_1": 1.0,
        "principle_A_case_2": 0.7319999933242798,
        "principle_A_domain_1": 0.996999979019165,
        "principle_A_domain_2": 0.6880000233650208,
        "principle_A_domain_3": 0.45399999618530273,
        "principle_A_reconstruction": 0.5059999823570251,
        "regular_plural_subject_verb_agreement_1": 0.7459999918937683,
        "regular_plural_subject_verb_agreement_2": 0.8270000219345093,
        "sentential_negation_npi_licensor_present": 0.9890000224113464,
        "sentential_negation_npi_scope": 0.46000000834465027,
        "sentential_subject_island": 0.2919999957084656,
        "superlative_quantifiers_1": 0.40700000524520874,
        "superlative_quantifiers_2": 0.7889999747276306,
        "tough_vs_raising_1": 0.37700000405311584,
        "tough_vs_raising_2": 0.746999979019165,
        "transitive": 0.7400000095367432,
        "wh_island": 0.5590000152587891,
        "wh_questions_object_gap": 0.5120000243186951,
        "wh_questions_subject_gap": 0.9330000281333923,
        "wh_questions_subject_gap_long_distance": 0.9100000262260437,
        "wh_vs_that_no_gap": 0.9409999847412109,
        "wh_vs_that_no_gap_long_distance": 0.9340000152587891,
        "wh_vs_that_with_gap": 0.27000001072883606,
        "wh_vs_that_with_gap_long_distance": 0.13500000536441803
    }
}