{
    "accuracy": 0.6449253734812808,
    "by_phenomenon": {
        "anaphor_agreement": 0.5980000048875809,
        "argument_structure": 0.6414285685334887,
        "binding": 0.6962857118674687,
        "control_raising": 0.6578000128269196,
        "determiner_noun_agreement": 0.7994999960064888,
        "ellipsis": 0.6055000126361847,
        "filler_gap_dependency": 0.647285710488047,
        "irregular_forms": 0.8350000083446503,
        "island_effects": 0.5121250003576279,
        "npi_licensing": 0.5602857087339673,
        "quantifiers": 0.6452500000596046,
        "s-selection": 0.6545000076293945,
        "subject_verb_agreement": 0.6073333372672399
    },
    "by_uid": {
        "adjunct_island": 0.753000020980835,
        "anaphor_gender_agreement": 0.47099998593330383,
        "anaphor_number_agreement": 0.7250000238418579,
        "animate_subject_passive": 0.6990000009536743,
        "animate_subject_trans": 0.6100000143051147,
        "causative": 0.5059999823570251,
        "complex_NP_island": 0.46399998664855957,
        "coordinate_structure_constraint_complex_left_branch": 0.32899999618530273,
        "coordinate_structure_constraint_object_extraction": 0.7329999804496765,
        "determiner_noun_agreement_1": 0.871999979019165,
        "determiner_noun_agreement_2": 0.890999972820282,
        "determiner_noun_agreement_irregular_1": 0.7300000190734863,
        "determiner_noun_agreement_irregular_2": 0.8569999933242798,
        "determiner_noun_agreement_with_adj_2": 0.8019999861717224,
        "determiner_noun_agreement_with_adj_irregular_1": 0.6660000085830688,
        "determiner_noun_agreement_with_adj_irregular_2": 0.7599999904632568,
        "determiner_noun_agreement_with_adjective_1": 0.8180000185966492,
        "distractor_agreement_relational_noun": 0.2980000078678131,
        "distractor_agreement_relative_clause": 0.2919999957084656,
        "drop_argument": 0.6859999895095825,
        "ellipsis_n_bar_1": 0.6480000019073486,
        "ellipsis_n_bar_2": 0.5630000233650208,
        "existential_there_object_raising": 0.7620000243186951,
        "existential_there_quantifiers_1": 0.8870000243186951,
        "existential_there_quantifiers_2": 0.3449999988079071,
        "existential_there_subject_raising": 0.7210000157356262,
        "expletive_it_object_raising": 0.7210000157356262,
        "inchoative": 0.3959999978542328,
        "intransitive": 0.5410000085830688,
        "irregular_past_participle_adjectives": 0.8450000286102295,
        "irregular_past_participle_verbs": 0.824999988079071,
        "irregular_plural_subject_verb_agreement_1": 0.7139999866485596,
        "irregular_plural_subject_verb_agreement_2": 0.7670000195503235,
        "left_branch_island_echo_question": 0.546999990940094,
        "left_branch_island_simple_question": 0.38600000739097595,
        "matrix_question_npi_licensor_present": 0.3009999990463257,
        "npi_present_1": 0.45500001311302185,
        "npi_present_2": 0.46799999475479126,
        "only_npi_licensor_present": 0.5529999732971191,
        "only_npi_scope": 0.765999972820282,
        "passive_1": 0.8220000267028809,
        "passive_2": 0.8429999947547913,
        "principle_A_c_command": 0.6579999923706055,
        "principle_A_case_1": 1.0,
        "principle_A_case_2": 0.7269999980926514,
        "principle_A_domain_1": 0.9919999837875366,
        "principle_A_domain_2": 0.6069999933242798,
        "principle_A_domain_3": 0.45500001311302185,
        "principle_A_reconstruction": 0.4350000023841858,
        "regular_plural_subject_verb_agreement_1": 0.7630000114440918,
        "regular_plural_subject_verb_agreement_2": 0.8100000023841858,
        "sentential_negation_npi_licensor_present": 0.9990000128746033,
        "sentential_negation_npi_scope": 0.3799999952316284,
        "sentential_subject_island": 0.3880000114440918,
        "superlative_quantifiers_1": 0.5979999899864197,
        "superlative_quantifiers_2": 0.7509999871253967,
        "tough_vs_raising_1": 0.3449999988079071,
        "tough_vs_raising_2": 0.7400000095367432,
        "transitive": 0.6959999799728394,
        "wh_island": 0.4970000088214874,
        "wh_questions_object_gap": 0.5370000004768372,
        "wh_questions_subject_gap": 0.9229999780654907,
        "wh_questions_subject_gap_long_distance": 0.949999988079071,
        "wh_vs_that_no_gap": 0.9649999737739563,
        "wh_vs_that_no_gap_long_distance": 0.9610000252723694,
        "wh_vs_that_with_gap": 0.12700000405311584,
        "wh_vs_that_with_gap_long_distance": 0.06800000369548798
    }
}