{
    "accuracy": 0.6356119421213421,
    "by_phenomenon": {
        "anaphor_agreement": 0.6000000089406967,
        "argument_structure": 0.6455714276858738,
        "binding": 0.6935714185237885,
        "control_raising": 0.6450000166893005,
        "determiner_noun_agreement": 0.7859999984502792,
        "ellipsis": 0.5769999921321869,
        "filler_gap_dependency": 0.6560000085404941,
        "irregular_forms": 0.859499990940094,
        "island_effects": 0.5042500011622906,
        "npi_licensing": 0.5285714311259133,
        "quantifiers": 0.6394999995827675,
        "s-selection": 0.640500009059906,
        "subject_verb_agreement": 0.5768333400289217
    },
    "by_uid": {
        "adjunct_island": 0.75,
        "anaphor_gender_agreement": 0.4690000116825104,
        "anaphor_number_agreement": 0.7310000061988831,
        "animate_subject_passive": 0.6700000166893005,
        "animate_subject_trans": 0.6110000014305115,
        "causative": 0.48399999737739563,
        "complex_NP_island": 0.4830000102519989,
        "coordinate_structure_constraint_complex_left_branch": 0.3310000002384186,
        "coordinate_structure_constraint_object_extraction": 0.7329999804496765,
        "determiner_noun_agreement_1": 0.8759999871253967,
        "determiner_noun_agreement_2": 0.8640000224113464,
        "determiner_noun_agreement_irregular_1": 0.7300000190734863,
        "determiner_noun_agreement_irregular_2": 0.8130000233650208,
        "determiner_noun_agreement_with_adj_2": 0.7879999876022339,
        "determiner_noun_agreement_with_adj_irregular_1": 0.6539999842643738,
        "determiner_noun_agreement_with_adj_irregular_2": 0.7559999823570251,
        "determiner_noun_agreement_with_adjective_1": 0.8069999814033508,
        "distractor_agreement_relational_noun": 0.23899999260902405,
        "distractor_agreement_relative_clause": 0.24899999797344208,
        "drop_argument": 0.6909999847412109,
        "ellipsis_n_bar_1": 0.6079999804496765,
        "ellipsis_n_bar_2": 0.5460000038146973,
        "existential_there_object_raising": 0.7570000290870667,
        "existential_there_quantifiers_1": 0.8880000114440918,
        "existential_there_quantifiers_2": 0.33500000834465027,
        "existential_there_subject_raising": 0.6740000247955322,
        "expletive_it_object_raising": 0.7170000076293945,
        "inchoative": 0.4090000092983246,
        "intransitive": 0.5509999990463257,
        "irregular_past_participle_adjectives": 0.8859999775886536,
        "irregular_past_participle_verbs": 0.8330000042915344,
        "irregular_plural_subject_verb_agreement_1": 0.675000011920929,
        "irregular_plural_subject_verb_agreement_2": 0.7590000033378601,
        "left_branch_island_echo_question": 0.49900001287460327,
        "left_branch_island_simple_question": 0.39100000262260437,
        "matrix_question_npi_licensor_present": 0.3089999854564667,
        "npi_present_1": 0.34200000762939453,
        "npi_present_2": 0.36000001430511475,
        "only_npi_licensor_present": 0.5740000009536743,
        "only_npi_scope": 0.7770000100135803,
        "passive_1": 0.8339999914169312,
        "passive_2": 0.8450000286102295,
        "principle_A_c_command": 0.6549999713897705,
        "principle_A_case_1": 1.0,
        "principle_A_case_2": 0.7179999947547913,
        "principle_A_domain_1": 0.9789999723434448,
        "principle_A_domain_2": 0.6129999756813049,
        "principle_A_domain_3": 0.45100000500679016,
        "principle_A_reconstruction": 0.4390000104904175,
        "regular_plural_subject_verb_agreement_1": 0.7480000257492065,
        "regular_plural_subject_verb_agreement_2": 0.7910000085830688,
        "sentential_negation_npi_licensor_present": 1.0,
        "sentential_negation_npi_scope": 0.33799999952316284,
        "sentential_subject_island": 0.3970000147819519,
        "superlative_quantifiers_1": 0.5230000019073486,
        "superlative_quantifiers_2": 0.8119999766349792,
        "tough_vs_raising_1": 0.328000009059906,
        "tough_vs_raising_2": 0.7490000128746033,
        "transitive": 0.7049999833106995,
        "wh_island": 0.44999998807907104,
        "wh_questions_object_gap": 0.5860000252723694,
        "wh_questions_subject_gap": 0.9330000281333923,
        "wh_questions_subject_gap_long_distance": 0.9539999961853027,
        "wh_vs_that_no_gap": 0.9639999866485596,
        "wh_vs_that_no_gap_long_distance": 0.9470000267028809,
        "wh_vs_that_with_gap": 0.11999999731779099,
        "wh_vs_that_with_gap_long_distance": 0.08799999952316284
    }
}