{
    "accuracy": 0.6614328367051794,
    "by_phenomenon": {
        "anaphor_agreement": 0.7560000121593475,
        "argument_structure": 0.6515714313302722,
        "binding": 0.7140000036784581,
        "control_raising": 0.6721999883651734,
        "determiner_noun_agreement": 0.8203750029206276,
        "ellipsis": 0.6285000145435333,
        "filler_gap_dependency": 0.6491428549800601,
        "irregular_forms": 0.9350000023841858,
        "island_effects": 0.5156249925494194,
        "npi_licensing": 0.5511428543499538,
        "quantifiers": 0.6740000173449516,
        "s-selection": 0.660999983549118,
        "subject_verb_agreement": 0.6081666747728983
    },
    "by_uid": {
        "adjunct_island": 0.8009999990463257,
        "anaphor_gender_agreement": 0.6570000052452087,
        "anaphor_number_agreement": 0.8550000190734863,
        "animate_subject_passive": 0.7099999785423279,
        "animate_subject_trans": 0.6119999885559082,
        "causative": 0.5099999904632568,
        "complex_NP_island": 0.44999998807907104,
        "coordinate_structure_constraint_complex_left_branch": 0.28700000047683716,
        "coordinate_structure_constraint_object_extraction": 0.7730000019073486,
        "determiner_noun_agreement_1": 0.9120000004768372,
        "determiner_noun_agreement_2": 0.9110000133514404,
        "determiner_noun_agreement_irregular_1": 0.7580000162124634,
        "determiner_noun_agreement_irregular_2": 0.8519999980926514,
        "determiner_noun_agreement_with_adj_2": 0.8309999704360962,
        "determiner_noun_agreement_with_adj_irregular_1": 0.6909999847412109,
        "determiner_noun_agreement_with_adj_irregular_2": 0.7620000243186951,
        "determiner_noun_agreement_with_adjective_1": 0.8460000157356262,
        "distractor_agreement_relational_noun": 0.3160000145435333,
        "distractor_agreement_relative_clause": 0.2529999911785126,
        "drop_argument": 0.6800000071525574,
        "ellipsis_n_bar_1": 0.6610000133514404,
        "ellipsis_n_bar_2": 0.5960000157356262,
        "existential_there_object_raising": 0.7919999957084656,
        "existential_there_quantifiers_1": 0.8880000114440918,
        "existential_there_quantifiers_2": 0.5770000219345093,
        "existential_there_subject_raising": 0.7239999771118164,
        "expletive_it_object_raising": 0.7080000042915344,
        "inchoative": 0.41999998688697815,
        "intransitive": 0.5479999780654907,
        "irregular_past_participle_adjectives": 0.9959999918937683,
        "irregular_past_participle_verbs": 0.8740000128746033,
        "irregular_plural_subject_verb_agreement_1": 0.6790000200271606,
        "irregular_plural_subject_verb_agreement_2": 0.8259999752044678,
        "left_branch_island_echo_question": 0.5989999771118164,
        "left_branch_island_simple_question": 0.3179999887943268,
        "matrix_question_npi_licensor_present": 0.2540000081062317,
        "npi_present_1": 0.43299999833106995,
        "npi_present_2": 0.42399999499320984,
        "only_npi_licensor_present": 0.4819999933242798,
        "only_npi_scope": 0.7739999890327454,
        "passive_1": 0.8240000009536743,
        "passive_2": 0.8450000286102295,
        "principle_A_c_command": 0.5669999718666077,
        "principle_A_case_1": 1.0,
        "principle_A_case_2": 0.7160000205039978,
        "principle_A_domain_1": 0.9950000047683716,
        "principle_A_domain_2": 0.6830000281333923,
        "principle_A_domain_3": 0.4399999976158142,
        "principle_A_reconstruction": 0.597000002861023,
        "regular_plural_subject_verb_agreement_1": 0.7670000195503235,
        "regular_plural_subject_verb_agreement_2": 0.8080000281333923,
        "sentential_negation_npi_licensor_present": 0.9919999837875366,
        "sentential_negation_npi_scope": 0.49900001287460327,
        "sentential_subject_island": 0.3310000002384186,
        "superlative_quantifiers_1": 0.4090000092983246,
        "superlative_quantifiers_2": 0.8220000267028809,
        "tough_vs_raising_1": 0.38499999046325684,
        "tough_vs_raising_2": 0.7519999742507935,
        "transitive": 0.734000027179718,
        "wh_island": 0.5659999847412109,
        "wh_questions_object_gap": 0.4950000047683716,
        "wh_questions_subject_gap": 0.9139999747276306,
        "wh_questions_subject_gap_long_distance": 0.8870000243186951,
        "wh_vs_that_no_gap": 0.9169999957084656,
        "wh_vs_that_no_gap_long_distance": 0.8980000019073486,
        "wh_vs_that_with_gap": 0.2809999883174896,
        "wh_vs_that_with_gap_long_distance": 0.15199999511241913
    }
}