{
    "accuracy": 0.667164176480094,
    "by_phenomenon": {
        "anaphor_agreement": 0.7184999883174896,
        "argument_structure": 0.6531428524426052,
        "binding": 0.7267142789704459,
        "control_raising": 0.6748000025749207,
        "determiner_noun_agreement": 0.8331249952316284,
        "ellipsis": 0.6120000183582306,
        "filler_gap_dependency": 0.6454285723822457,
        "irregular_forms": 0.9199999868869781,
        "island_effects": 0.5134999938309193,
        "npi_licensing": 0.5915714438472476,
        "quantifiers": 0.6874999850988388,
        "s-selection": 0.6639999747276306,
        "subject_verb_agreement": 0.6093333313862482
    },
    "by_uid": {
        "adjunct_island": 0.7839999794960022,
        "anaphor_gender_agreement": 0.6119999885559082,
        "anaphor_number_agreement": 0.824999988079071,
        "animate_subject_passive": 0.7099999785423279,
        "animate_subject_trans": 0.6179999709129333,
        "causative": 0.5260000228881836,
        "complex_NP_island": 0.4659999907016754,
        "coordinate_structure_constraint_complex_left_branch": 0.2639999985694885,
        "coordinate_structure_constraint_object_extraction": 0.7770000100135803,
        "determiner_noun_agreement_1": 0.9110000133514404,
        "determiner_noun_agreement_2": 0.9269999861717224,
        "determiner_noun_agreement_irregular_1": 0.7590000033378601,
        "determiner_noun_agreement_irregular_2": 0.8709999918937683,
        "determiner_noun_agreement_with_adj_2": 0.8529999852180481,
        "determiner_noun_agreement_with_adj_irregular_1": 0.6959999799728394,
        "determiner_noun_agreement_with_adj_irregular_2": 0.7860000133514404,
        "determiner_noun_agreement_with_adjective_1": 0.8619999885559082,
        "distractor_agreement_relational_noun": 0.31200000643730164,
        "distractor_agreement_relative_clause": 0.25099998712539673,
        "drop_argument": 0.6790000200271606,
        "ellipsis_n_bar_1": 0.6240000128746033,
        "ellipsis_n_bar_2": 0.6000000238418579,
        "existential_there_object_raising": 0.7900000214576721,
        "existential_there_quantifiers_1": 0.8809999823570251,
        "existential_there_quantifiers_2": 0.5809999704360962,
        "existential_there_subject_raising": 0.7450000047683716,
        "expletive_it_object_raising": 0.7049999833106995,
        "inchoative": 0.41200000047683716,
        "intransitive": 0.5429999828338623,
        "irregular_past_participle_adjectives": 0.9819999933242798,
        "irregular_past_participle_verbs": 0.8579999804496765,
        "irregular_plural_subject_verb_agreement_1": 0.6600000262260437,
        "irregular_plural_subject_verb_agreement_2": 0.824999988079071,
        "left_branch_island_echo_question": 0.6079999804496765,
        "left_branch_island_simple_question": 0.31299999356269836,
        "matrix_question_npi_licensor_present": 0.23499999940395355,
        "npi_present_1": 0.5220000147819519,
        "npi_present_2": 0.4410000145435333,
        "only_npi_licensor_present": 0.6000000238418579,
        "only_npi_scope": 0.8450000286102295,
        "passive_1": 0.824999988079071,
        "passive_2": 0.843999981880188,
        "principle_A_c_command": 0.6039999723434448,
        "principle_A_case_1": 1.0,
        "principle_A_case_2": 0.7519999742507935,
        "principle_A_domain_1": 0.9950000047683716,
        "principle_A_domain_2": 0.6819999814033508,
        "principle_A_domain_3": 0.4480000138282776,
        "principle_A_reconstruction": 0.6060000061988831,
        "regular_plural_subject_verb_agreement_1": 0.7829999923706055,
        "regular_plural_subject_verb_agreement_2": 0.824999988079071,
        "sentential_negation_npi_licensor_present": 0.9980000257492065,
        "sentential_negation_npi_scope": 0.5,
        "sentential_subject_island": 0.33500000834465027,
        "superlative_quantifiers_1": 0.38499999046325684,
        "superlative_quantifiers_2": 0.902999997138977,
        "tough_vs_raising_1": 0.36500000953674316,
        "tough_vs_raising_2": 0.7689999938011169,
        "transitive": 0.7429999709129333,
        "wh_island": 0.5609999895095825,
        "wh_questions_object_gap": 0.4749999940395355,
        "wh_questions_subject_gap": 0.9210000038146973,
        "wh_questions_subject_gap_long_distance": 0.8949999809265137,
        "wh_vs_that_no_gap": 0.9160000085830688,
        "wh_vs_that_no_gap_long_distance": 0.9120000004768372,
        "wh_vs_that_with_gap": 0.2630000114440918,
        "wh_vs_that_with_gap_long_distance": 0.13600000739097595
    }
}