{
    "accuracy": 0.6588955219112226,
    "by_phenomenon": {
        "anaphor_agreement": 0.7129999995231628,
        "argument_structure": 0.6489999975476947,
        "binding": 0.7067142852715084,
        "control_raising": 0.6735999882221222,
        "determiner_noun_agreement": 0.8099999949336052,
        "ellipsis": 0.6069999933242798,
        "filler_gap_dependency": 0.6531428609575544,
        "irregular_forms": 0.9129999876022339,
        "island_effects": 0.5,
        "npi_licensing": 0.5595714322158268,
        "quantifiers": 0.7202500104904175,
        "s-selection": 0.6714999973773956,
        "subject_verb_agreement": 0.6048333396514257
    },
    "by_uid": {
        "adjunct_island": 0.7870000004768372,
        "anaphor_gender_agreement": 0.5910000205039978,
        "anaphor_number_agreement": 0.8349999785423279,
        "animate_subject_passive": 0.7139999866485596,
        "animate_subject_trans": 0.6290000081062317,
        "causative": 0.5009999871253967,
        "complex_NP_island": 0.47099998593330383,
        "coordinate_structure_constraint_complex_left_branch": 0.25600001215934753,
        "coordinate_structure_constraint_object_extraction": 0.7590000033378601,
        "determiner_noun_agreement_1": 0.8989999890327454,
        "determiner_noun_agreement_2": 0.9129999876022339,
        "determiner_noun_agreement_irregular_1": 0.7559999823570251,
        "determiner_noun_agreement_irregular_2": 0.8629999756813049,
        "determiner_noun_agreement_with_adj_2": 0.8190000057220459,
        "determiner_noun_agreement_with_adj_irregular_1": 0.656000018119812,
        "determiner_noun_agreement_with_adj_irregular_2": 0.75,
        "determiner_noun_agreement_with_adjective_1": 0.8240000009536743,
        "distractor_agreement_relational_noun": 0.3149999976158142,
        "distractor_agreement_relative_clause": 0.2709999978542328,
        "drop_argument": 0.6940000057220459,
        "ellipsis_n_bar_1": 0.6209999918937683,
        "ellipsis_n_bar_2": 0.5929999947547913,
        "existential_there_object_raising": 0.8029999732971191,
        "existential_there_quantifiers_1": 0.9150000214576721,
        "existential_there_quantifiers_2": 0.6399999856948853,
        "existential_there_subject_raising": 0.7419999837875366,
        "expletive_it_object_raising": 0.6919999718666077,
        "inchoative": 0.41600000858306885,
        "intransitive": 0.5709999799728394,
        "irregular_past_participle_adjectives": 0.9729999899864197,
        "irregular_past_participle_verbs": 0.8529999852180481,
        "irregular_plural_subject_verb_agreement_1": 0.6790000200271606,
        "irregular_plural_subject_verb_agreement_2": 0.7950000166893005,
        "left_branch_island_echo_question": 0.5249999761581421,
        "left_branch_island_simple_question": 0.3050000071525574,
        "matrix_question_npi_licensor_present": 0.2770000100135803,
        "npi_present_1": 0.48399999737739563,
        "npi_present_2": 0.47200000286102295,
        "only_npi_licensor_present": 0.4099999964237213,
        "only_npi_scope": 0.8240000009536743,
        "passive_1": 0.8130000233650208,
        "passive_2": 0.8289999961853027,
        "principle_A_c_command": 0.5440000295639038,
        "principle_A_case_1": 1.0,
        "principle_A_case_2": 0.7360000014305115,
        "principle_A_domain_1": 0.9919999837875366,
        "principle_A_domain_2": 0.6890000104904175,
        "principle_A_domain_3": 0.4560000002384186,
        "principle_A_reconstruction": 0.5299999713897705,
        "regular_plural_subject_verb_agreement_1": 0.7580000162124634,
        "regular_plural_subject_verb_agreement_2": 0.8109999895095825,
        "sentential_negation_npi_licensor_present": 0.9950000047683716,
        "sentential_negation_npi_scope": 0.45500001311302185,
        "sentential_subject_island": 0.3370000123977661,
        "superlative_quantifiers_1": 0.5170000195503235,
        "superlative_quantifiers_2": 0.8090000152587891,
        "tough_vs_raising_1": 0.3779999911785126,
        "tough_vs_raising_2": 0.753000020980835,
        "transitive": 0.718999981880188,
        "wh_island": 0.5600000023841858,
        "wh_questions_object_gap": 0.5149999856948853,
        "wh_questions_subject_gap": 0.925000011920929,
        "wh_questions_subject_gap_long_distance": 0.9449999928474426,
        "wh_vs_that_no_gap": 0.9570000171661377,
        "wh_vs_that_no_gap_long_distance": 0.9660000205039978,
        "wh_vs_that_with_gap": 0.1979999989271164,
        "wh_vs_that_with_gap_long_distance": 0.06599999964237213
    }
}