{
    "accuracy": 0.6432686544843574,
    "by_phenomenon": {
        "anaphor_agreement": 0.6164999902248383,
        "argument_structure": 0.6380000029291425,
        "binding": 0.7012857156140464,
        "control_raising": 0.6691999912261963,
        "determiner_noun_agreement": 0.7932500019669533,
        "ellipsis": 0.6254999935626984,
        "filler_gap_dependency": 0.6531428428632873,
        "irregular_forms": 0.81700000166893,
        "island_effects": 0.5038749910891056,
        "npi_licensing": 0.5861428507736751,
        "quantifiers": 0.5647500082850456,
        "s-selection": 0.6720000207424164,
        "subject_verb_agreement": 0.6008333365122477
    },
    "by_uid": {
        "adjunct_island": 0.7409999966621399,
        "anaphor_gender_agreement": 0.4959999918937683,
        "anaphor_number_agreement": 0.7369999885559082,
        "animate_subject_passive": 0.7110000252723694,
        "animate_subject_trans": 0.6330000162124634,
        "causative": 0.4860000014305115,
        "complex_NP_island": 0.4449999928474426,
        "coordinate_structure_constraint_complex_left_branch": 0.31700000166893005,
        "coordinate_structure_constraint_object_extraction": 0.7419999837875366,
        "determiner_noun_agreement_1": 0.8709999918937683,
        "determiner_noun_agreement_2": 0.8849999904632568,
        "determiner_noun_agreement_irregular_1": 0.7210000157356262,
        "determiner_noun_agreement_irregular_2": 0.8450000286102295,
        "determiner_noun_agreement_with_adj_2": 0.8069999814033508,
        "determiner_noun_agreement_with_adj_irregular_1": 0.6460000276565552,
        "determiner_noun_agreement_with_adj_irregular_2": 0.7559999823570251,
        "determiner_noun_agreement_with_adjective_1": 0.8149999976158142,
        "distractor_agreement_relational_noun": 0.2919999957084656,
        "distractor_agreement_relative_clause": 0.296999990940094,
        "drop_argument": 0.6700000166893005,
        "ellipsis_n_bar_1": 0.675000011920929,
        "ellipsis_n_bar_2": 0.5759999752044678,
        "existential_there_object_raising": 0.7519999742507935,
        "existential_there_quantifiers_1": 0.8960000276565552,
        "existential_there_quantifiers_2": 0.33399999141693115,
        "existential_there_subject_raising": 0.7559999823570251,
        "expletive_it_object_raising": 0.7260000109672546,
        "inchoative": 0.40299999713897705,
        "intransitive": 0.5320000052452087,
        "irregular_past_participle_adjectives": 0.8009999990463257,
        "irregular_past_participle_verbs": 0.8330000042915344,
        "irregular_plural_subject_verb_agreement_1": 0.7039999961853027,
        "irregular_plural_subject_verb_agreement_2": 0.7390000224113464,
        "left_branch_island_echo_question": 0.5389999747276306,
        "left_branch_island_simple_question": 0.36800000071525574,
        "matrix_question_npi_licensor_present": 0.2809999883174896,
        "npi_present_1": 0.44699999690055847,
        "npi_present_2": 0.48399999737739563,
        "only_npi_licensor_present": 0.6269999742507935,
        "only_npi_scope": 0.8299999833106995,
        "passive_1": 0.8299999833106995,
        "passive_2": 0.8420000076293945,
        "principle_A_c_command": 0.6620000004768372,
        "principle_A_case_1": 1.0,
        "principle_A_case_2": 0.7559999823570251,
        "principle_A_domain_1": 0.9800000190734863,
        "principle_A_domain_2": 0.625,
        "principle_A_domain_3": 0.47200000286102295,
        "principle_A_reconstruction": 0.414000004529953,
        "regular_plural_subject_verb_agreement_1": 0.7580000162124634,
        "regular_plural_subject_verb_agreement_2": 0.8149999976158142,
        "sentential_negation_npi_licensor_present": 0.9990000128746033,
        "sentential_negation_npi_scope": 0.4350000023841858,
        "sentential_subject_island": 0.37299999594688416,
        "superlative_quantifiers_1": 0.4180000126361847,
        "superlative_quantifiers_2": 0.6110000014305115,
        "tough_vs_raising_1": 0.35100001096725464,
        "tough_vs_raising_2": 0.7609999775886536,
        "transitive": 0.703000009059906,
        "wh_island": 0.5059999823570251,
        "wh_questions_object_gap": 0.5289999842643738,
        "wh_questions_subject_gap": 0.9419999718666077,
        "wh_questions_subject_gap_long_distance": 0.9509999752044678,
        "wh_vs_that_no_gap": 0.9589999914169312,
        "wh_vs_that_no_gap_long_distance": 0.9639999866485596,
        "wh_vs_that_with_gap": 0.1509999930858612,
        "wh_vs_that_with_gap_long_distance": 0.07599999755620956
    }
}