{
    "accuracy": 0.6241044772427473,
    "by_phenomenon": {
        "anaphor_agreement": 0.5965000092983246,
        "argument_structure": 0.644857142652784,
        "binding": 0.6848571385656085,
        "control_raising": 0.6421999990940094,
        "determiner_noun_agreement": 0.7679999992251396,
        "ellipsis": 0.5855000019073486,
        "filler_gap_dependency": 0.6665714351194245,
        "irregular_forms": 0.8260000050067902,
        "island_effects": 0.48900000005960464,
        "npi_licensing": 0.48371428677013945,
        "quantifiers": 0.622249998152256,
        "s-selection": 0.6604999899864197,
        "subject_verb_agreement": 0.560333326458931
    },
    "by_uid": {
        "adjunct_island": 0.6840000152587891,
        "anaphor_gender_agreement": 0.4729999899864197,
        "anaphor_number_agreement": 0.7200000286102295,
        "animate_subject_passive": 0.7049999833106995,
        "animate_subject_trans": 0.6159999966621399,
        "causative": 0.4779999852180481,
        "complex_NP_island": 0.46799999475479126,
        "coordinate_structure_constraint_complex_left_branch": 0.296999990940094,
        "coordinate_structure_constraint_object_extraction": 0.7239999771118164,
        "determiner_noun_agreement_1": 0.8679999709129333,
        "determiner_noun_agreement_2": 0.8379999995231628,
        "determiner_noun_agreement_irregular_1": 0.7110000252723694,
        "determiner_noun_agreement_irregular_2": 0.7850000262260437,
        "determiner_noun_agreement_with_adj_2": 0.7829999923706055,
        "determiner_noun_agreement_with_adj_irregular_1": 0.6359999775886536,
        "determiner_noun_agreement_with_adj_irregular_2": 0.7229999899864197,
        "determiner_noun_agreement_with_adjective_1": 0.800000011920929,
        "distractor_agreement_relational_noun": 0.23600000143051147,
        "distractor_agreement_relative_clause": 0.23899999260902405,
        "drop_argument": 0.6890000104904175,
        "ellipsis_n_bar_1": 0.6110000014305115,
        "ellipsis_n_bar_2": 0.5600000023841858,
        "existential_there_object_raising": 0.7450000047683716,
        "existential_there_quantifiers_1": 0.8989999890327454,
        "existential_there_quantifiers_2": 0.2619999945163727,
        "existential_there_subject_raising": 0.6800000071525574,
        "expletive_it_object_raising": 0.7020000219345093,
        "inchoative": 0.41600000858306885,
        "intransitive": 0.5590000152587891,
        "irregular_past_participle_adjectives": 0.8320000171661377,
        "irregular_past_participle_verbs": 0.8199999928474426,
        "irregular_plural_subject_verb_agreement_1": 0.652999997138977,
        "irregular_plural_subject_verb_agreement_2": 0.7609999775886536,
        "left_branch_island_echo_question": 0.4390000104904175,
        "left_branch_island_simple_question": 0.3930000066757202,
        "matrix_question_npi_licensor_present": 0.3019999861717224,
        "npi_present_1": 0.3019999861717224,
        "npi_present_2": 0.3659999966621399,
        "only_npi_licensor_present": 0.36000001430511475,
        "only_npi_scope": 0.7670000195503235,
        "passive_1": 0.8429999947547913,
        "passive_2": 0.8349999785423279,
        "principle_A_c_command": 0.6320000290870667,
        "principle_A_case_1": 1.0,
        "principle_A_case_2": 0.6869999766349792,
        "principle_A_domain_1": 0.9829999804496765,
        "principle_A_domain_2": 0.6200000047683716,
        "principle_A_domain_3": 0.4429999887943268,
        "principle_A_reconstruction": 0.42899999022483826,
        "regular_plural_subject_verb_agreement_1": 0.7179999947547913,
        "regular_plural_subject_verb_agreement_2": 0.7549999952316284,
        "sentential_negation_npi_licensor_present": 1.0,
        "sentential_negation_npi_scope": 0.289000004529953,
        "sentential_subject_island": 0.4560000002384186,
        "superlative_quantifiers_1": 0.5550000071525574,
        "superlative_quantifiers_2": 0.7730000019073486,
        "tough_vs_raising_1": 0.3089999854564667,
        "tough_vs_raising_2": 0.7749999761581421,
        "transitive": 0.6940000057220459,
        "wh_island": 0.45100000500679016,
        "wh_questions_object_gap": 0.6430000066757202,
        "wh_questions_subject_gap": 0.9570000171661377,
        "wh_questions_subject_gap_long_distance": 0.9639999866485596,
        "wh_vs_that_no_gap": 0.9810000061988831,
        "wh_vs_that_no_gap_long_distance": 0.9700000286102295,
        "wh_vs_that_with_gap": 0.08900000154972076,
        "wh_vs_that_with_gap_long_distance": 0.06199999898672104
    }
}