{
    "accuracy": 0.6219253736867834,
    "by_phenomenon": {
        "anaphor_agreement": 0.6350000202655792,
        "argument_structure": 0.6430000024182456,
        "binding": 0.6811428495815822,
        "control_raising": 0.6328000009059906,
        "determiner_noun_agreement": 0.7646250128746033,
        "ellipsis": 0.5649999976158142,
        "filler_gap_dependency": 0.659999991101878,
        "irregular_forms": 0.8409999907016754,
        "island_effects": 0.49950000271201134,
        "npi_licensing": 0.4527142814227513,
        "quantifiers": 0.6419999971985817,
        "s-selection": 0.6599999964237213,
        "subject_verb_agreement": 0.5606666728854179
    },
    "by_uid": {
        "adjunct_island": 0.6460000276565552,
        "anaphor_gender_agreement": 0.5080000162124634,
        "anaphor_number_agreement": 0.7620000243186951,
        "animate_subject_passive": 0.6919999718666077,
        "animate_subject_trans": 0.628000020980835,
        "causative": 0.4749999940395355,
        "complex_NP_island": 0.46399998664855957,
        "coordinate_structure_constraint_complex_left_branch": 0.32899999618530273,
        "coordinate_structure_constraint_object_extraction": 0.6930000185966492,
        "determiner_noun_agreement_1": 0.8640000224113464,
        "determiner_noun_agreement_2": 0.8429999947547913,
        "determiner_noun_agreement_irregular_1": 0.7200000286102295,
        "determiner_noun_agreement_irregular_2": 0.777999997138977,
        "determiner_noun_agreement_with_adj_2": 0.7630000114440918,
        "determiner_noun_agreement_with_adj_irregular_1": 0.6520000100135803,
        "determiner_noun_agreement_with_adj_irregular_2": 0.7200000286102295,
        "determiner_noun_agreement_with_adjective_1": 0.7770000100135803,
        "distractor_agreement_relational_noun": 0.23899999260902405,
        "distractor_agreement_relative_clause": 0.23000000417232513,
        "drop_argument": 0.6980000138282776,
        "ellipsis_n_bar_1": 0.5759999752044678,
        "ellipsis_n_bar_2": 0.5540000200271606,
        "existential_there_object_raising": 0.7509999871253967,
        "existential_there_quantifiers_1": 0.8799999952316284,
        "existential_there_quantifiers_2": 0.26600000262260437,
        "existential_there_subject_raising": 0.6499999761581421,
        "expletive_it_object_raising": 0.6970000267028809,
        "inchoative": 0.4020000100135803,
        "intransitive": 0.5410000085830688,
        "irregular_past_participle_adjectives": 0.8840000033378601,
        "irregular_past_participle_verbs": 0.7979999780654907,
        "irregular_plural_subject_verb_agreement_1": 0.6700000166893005,
        "irregular_plural_subject_verb_agreement_2": 0.7950000166893005,
        "left_branch_island_echo_question": 0.4729999899864197,
        "left_branch_island_simple_question": 0.41600000858306885,
        "matrix_question_npi_licensor_present": 0.296999990940094,
        "npi_present_1": 0.26100000739097595,
        "npi_present_2": 0.3230000138282776,
        "only_npi_licensor_present": 0.2809999883174896,
        "only_npi_scope": 0.7369999885559082,
        "passive_1": 0.8379999995231628,
        "passive_2": 0.8460000157356262,
        "principle_A_c_command": 0.6159999966621399,
        "principle_A_case_1": 1.0,
        "principle_A_case_2": 0.6800000071525574,
        "principle_A_domain_1": 0.9829999804496765,
        "principle_A_domain_2": 0.6179999709129333,
        "principle_A_domain_3": 0.4399999976158142,
        "principle_A_reconstruction": 0.4309999942779541,
        "regular_plural_subject_verb_agreement_1": 0.6800000071525574,
        "regular_plural_subject_verb_agreement_2": 0.75,
        "sentential_negation_npi_licensor_present": 0.996999979019165,
        "sentential_negation_npi_scope": 0.27300000190734863,
        "sentential_subject_island": 0.5139999985694885,
        "superlative_quantifiers_1": 0.6259999871253967,
        "superlative_quantifiers_2": 0.7960000038146973,
        "tough_vs_raising_1": 0.3409999907016754,
        "tough_vs_raising_2": 0.7250000238418579,
        "transitive": 0.7009999752044678,
        "wh_island": 0.460999995470047,
        "wh_questions_object_gap": 0.621999979019165,
        "wh_questions_subject_gap": 0.9399999976158142,
        "wh_questions_subject_gap_long_distance": 0.9649999737739563,
        "wh_vs_that_no_gap": 0.9739999771118164,
        "wh_vs_that_no_gap_long_distance": 0.953000009059906,
        "wh_vs_that_with_gap": 0.09700000286102295,
        "wh_vs_that_with_gap_long_distance": 0.0689999982714653
    }
}