{
    "accuracy": 0.6617462717330278,
    "by_phenomenon": {
        "anaphor_agreement": 0.7184999883174896,
        "argument_structure": 0.6502857208251953,
        "binding": 0.7211428582668304,
        "control_raising": 0.6770000040531159,
        "determiner_noun_agreement": 0.8247500061988831,
        "ellipsis": 0.6130000054836273,
        "filler_gap_dependency": 0.6620000111205238,
        "irregular_forms": 0.9180000126361847,
        "island_effects": 0.5169999934732914,
        "npi_licensing": 0.5487142886434283,
        "quantifiers": 0.671499989926815,
        "s-selection": 0.6675000190734863,
        "subject_verb_agreement": 0.6038333376248678
    },
    "by_uid": {
        "adjunct_island": 0.8009999990463257,
        "anaphor_gender_agreement": 0.5979999899864197,
        "anaphor_number_agreement": 0.8389999866485596,
        "animate_subject_passive": 0.7210000157356262,
        "animate_subject_trans": 0.6140000224113464,
        "causative": 0.5130000114440918,
        "complex_NP_island": 0.4790000021457672,
        "coordinate_structure_constraint_complex_left_branch": 0.29499998688697815,
        "coordinate_structure_constraint_object_extraction": 0.7509999871253967,
        "determiner_noun_agreement_1": 0.9210000038146973,
        "determiner_noun_agreement_2": 0.9169999957084656,
        "determiner_noun_agreement_irregular_1": 0.7580000162124634,
        "determiner_noun_agreement_irregular_2": 0.8600000143051147,
        "determiner_noun_agreement_with_adj_2": 0.8339999914169312,
        "determiner_noun_agreement_with_adj_irregular_1": 0.6940000057220459,
        "determiner_noun_agreement_with_adj_irregular_2": 0.7630000114440918,
        "determiner_noun_agreement_with_adjective_1": 0.8510000109672546,
        "distractor_agreement_relational_noun": 0.3190000057220459,
        "distractor_agreement_relative_clause": 0.2630000114440918,
        "drop_argument": 0.6859999895095825,
        "ellipsis_n_bar_1": 0.6230000257492065,
        "ellipsis_n_bar_2": 0.6029999852180481,
        "existential_there_object_raising": 0.7900000214576721,
        "existential_there_quantifiers_1": 0.8899999856948853,
        "existential_there_quantifiers_2": 0.5830000042915344,
        "existential_there_subject_raising": 0.7509999871253967,
        "expletive_it_object_raising": 0.7039999961853027,
        "inchoative": 0.4129999876022339,
        "intransitive": 0.5580000281333923,
        "irregular_past_participle_adjectives": 0.9909999966621399,
        "irregular_past_participle_verbs": 0.8450000286102295,
        "irregular_plural_subject_verb_agreement_1": 0.6570000052452087,
        "irregular_plural_subject_verb_agreement_2": 0.8209999799728394,
        "left_branch_island_echo_question": 0.5870000123977661,
        "left_branch_island_simple_question": 0.3109999895095825,
        "matrix_question_npi_licensor_present": 0.2619999945163727,
        "npi_present_1": 0.4490000009536743,
        "npi_present_2": 0.453000009059906,
        "only_npi_licensor_present": 0.4909999966621399,
        "only_npi_scope": 0.7730000019073486,
        "passive_1": 0.8220000267028809,
        "passive_2": 0.8360000252723694,
        "principle_A_c_command": 0.5929999947547913,
        "principle_A_case_1": 1.0,
        "principle_A_case_2": 0.7369999885559082,
        "principle_A_domain_1": 0.9950000047683716,
        "principle_A_domain_2": 0.6800000071525574,
        "principle_A_domain_3": 0.44600000977516174,
        "principle_A_reconstruction": 0.597000002861023,
        "regular_plural_subject_verb_agreement_1": 0.7639999985694885,
        "regular_plural_subject_verb_agreement_2": 0.7990000247955322,
        "sentential_negation_npi_licensor_present": 0.9950000047683716,
        "sentential_negation_npi_scope": 0.4180000126361847,
        "sentential_subject_island": 0.3409999907016754,
        "superlative_quantifiers_1": 0.3869999945163727,
        "superlative_quantifiers_2": 0.8259999752044678,
        "tough_vs_raising_1": 0.3779999911785126,
        "tough_vs_raising_2": 0.7620000243186951,
        "transitive": 0.7239999771118164,
        "wh_island": 0.5709999799728394,
        "wh_questions_object_gap": 0.5540000200271606,
        "wh_questions_subject_gap": 0.921999990940094,
        "wh_questions_subject_gap_long_distance": 0.906000018119812,
        "wh_vs_that_no_gap": 0.9190000295639038,
        "wh_vs_that_no_gap_long_distance": 0.9110000133514404,
        "wh_vs_that_with_gap": 0.2639999985694885,
        "wh_vs_that_with_gap_long_distance": 0.15800000727176666
    }
}