{
    "accuracy": 0.6662985084216986,
    "by_phenomenon": {
        "anaphor_agreement": 0.7365000247955322,
        "argument_structure": 0.6522857163633619,
        "binding": 0.7225714240755353,
        "control_raising": 0.6690000057220459,
        "determiner_noun_agreement": 0.8197500109672546,
        "ellipsis": 0.621999979019165,
        "filler_gap_dependency": 0.6564285755157471,
        "irregular_forms": 0.9165000021457672,
        "island_effects": 0.5199999958276749,
        "npi_licensing": 0.5962857199566705,
        "quantifiers": 0.6587499901652336,
        "s-selection": 0.6705000102519989,
        "subject_verb_agreement": 0.6099999894698461
    },
    "by_uid": {
        "adjunct_island": 0.8240000009536743,
        "anaphor_gender_agreement": 0.6140000224113464,
        "anaphor_number_agreement": 0.859000027179718,
        "animate_subject_passive": 0.7200000286102295,
        "animate_subject_trans": 0.6209999918937683,
        "causative": 0.5049999952316284,
        "complex_NP_island": 0.4790000021457672,
        "coordinate_structure_constraint_complex_left_branch": 0.28999999165534973,
        "coordinate_structure_constraint_object_extraction": 0.7889999747276306,
        "determiner_noun_agreement_1": 0.9070000052452087,
        "determiner_noun_agreement_2": 0.9120000004768372,
        "determiner_noun_agreement_irregular_1": 0.7570000290870667,
        "determiner_noun_agreement_irregular_2": 0.8579999804496765,
        "determiner_noun_agreement_with_adj_2": 0.8270000219345093,
        "determiner_noun_agreement_with_adj_irregular_1": 0.6790000200271606,
        "determiner_noun_agreement_with_adj_irregular_2": 0.7720000147819519,
        "determiner_noun_agreement_with_adjective_1": 0.8460000157356262,
        "distractor_agreement_relational_noun": 0.31299999356269836,
        "distractor_agreement_relative_clause": 0.25999999046325684,
        "drop_argument": 0.6859999895095825,
        "ellipsis_n_bar_1": 0.640999972820282,
        "ellipsis_n_bar_2": 0.6029999852180481,
        "existential_there_object_raising": 0.7990000247955322,
        "existential_there_quantifiers_1": 0.8859999775886536,
        "existential_there_quantifiers_2": 0.6119999885559082,
        "existential_there_subject_raising": 0.7139999866485596,
        "expletive_it_object_raising": 0.6980000138282776,
        "inchoative": 0.4230000078678131,
        "intransitive": 0.550000011920929,
        "irregular_past_participle_adjectives": 0.996999979019165,
        "irregular_past_participle_verbs": 0.8360000252723694,
        "irregular_plural_subject_verb_agreement_1": 0.6549999713897705,
        "irregular_plural_subject_verb_agreement_2": 0.8220000267028809,
        "left_branch_island_echo_question": 0.6079999804496765,
        "left_branch_island_simple_question": 0.30300000309944153,
        "matrix_question_npi_licensor_present": 0.2460000067949295,
        "npi_present_1": 0.48500001430511475,
        "npi_present_2": 0.4480000138282776,
        "only_npi_licensor_present": 0.652999997138977,
        "only_npi_scope": 0.8730000257492065,
        "passive_1": 0.828000009059906,
        "passive_2": 0.8489999771118164,
        "principle_A_c_command": 0.5690000057220459,
        "principle_A_case_1": 1.0,
        "principle_A_case_2": 0.7429999709129333,
        "principle_A_domain_1": 0.9869999885559082,
        "principle_A_domain_2": 0.675000011920929,
        "principle_A_domain_3": 0.45399999618530273,
        "principle_A_reconstruction": 0.6299999952316284,
        "regular_plural_subject_verb_agreement_1": 0.7749999761581421,
        "regular_plural_subject_verb_agreement_2": 0.8349999785423279,
        "sentential_negation_npi_licensor_present": 0.9959999918937683,
        "sentential_negation_npi_scope": 0.4729999899864197,
        "sentential_subject_island": 0.33500000834465027,
        "superlative_quantifiers_1": 0.36800000071525574,
        "superlative_quantifiers_2": 0.7689999938011169,
        "tough_vs_raising_1": 0.36500000953674316,
        "tough_vs_raising_2": 0.7689999938011169,
        "transitive": 0.7250000238418579,
        "wh_island": 0.5320000052452087,
        "wh_questions_object_gap": 0.5170000195503235,
        "wh_questions_subject_gap": 0.9129999876022339,
        "wh_questions_subject_gap_long_distance": 0.8939999938011169,
        "wh_vs_that_no_gap": 0.9150000214576721,
        "wh_vs_that_no_gap_long_distance": 0.9110000133514404,
        "wh_vs_that_with_gap": 0.2849999964237213,
        "wh_vs_that_with_gap_long_distance": 0.1599999964237213
    }
}