{
    "accuracy": 0.6578059685764028,
    "by_phenomenon": {
        "anaphor_agreement": 0.7324999868869781,
        "argument_structure": 0.6430000066757202,
        "binding": 0.7248571387359074,
        "control_raising": 0.673199987411499,
        "determiner_noun_agreement": 0.8194999992847443,
        "ellipsis": 0.6255000233650208,
        "filler_gap_dependency": 0.6575714307171958,
        "irregular_forms": 0.9124999940395355,
        "island_effects": 0.5086250007152557,
        "npi_licensing": 0.5605714193412236,
        "quantifiers": 0.6234999969601631,
        "s-selection": 0.6814999878406525,
        "subject_verb_agreement": 0.597000002861023
    },
    "by_uid": {
        "adjunct_island": 0.796999990940094,
        "anaphor_gender_agreement": 0.6259999871253967,
        "anaphor_number_agreement": 0.8389999866485596,
        "animate_subject_passive": 0.7229999899864197,
        "animate_subject_trans": 0.6399999856948853,
        "causative": 0.49900001287460327,
        "complex_NP_island": 0.4490000009536743,
        "coordinate_structure_constraint_complex_left_branch": 0.2919999957084656,
        "coordinate_structure_constraint_object_extraction": 0.8009999990463257,
        "determiner_noun_agreement_1": 0.9139999747276306,
        "determiner_noun_agreement_2": 0.921999990940094,
        "determiner_noun_agreement_irregular_1": 0.753000020980835,
        "determiner_noun_agreement_irregular_2": 0.8659999966621399,
        "determiner_noun_agreement_with_adj_2": 0.8270000219345093,
        "determiner_noun_agreement_with_adj_irregular_1": 0.6729999780654907,
        "determiner_noun_agreement_with_adj_irregular_2": 0.7559999823570251,
        "determiner_noun_agreement_with_adjective_1": 0.8450000286102295,
        "distractor_agreement_relational_noun": 0.2879999876022339,
        "distractor_agreement_relative_clause": 0.2540000081062317,
        "drop_argument": 0.6830000281333923,
        "ellipsis_n_bar_1": 0.6600000262260437,
        "ellipsis_n_bar_2": 0.5910000205039978,
        "existential_there_object_raising": 0.7929999828338623,
        "existential_there_quantifiers_1": 0.8840000033378601,
        "existential_there_quantifiers_2": 0.5109999775886536,
        "existential_there_subject_raising": 0.7319999933242798,
        "expletive_it_object_raising": 0.6959999799728394,
        "inchoative": 0.4020000100135803,
        "intransitive": 0.5329999923706055,
        "irregular_past_participle_adjectives": 0.9860000014305115,
        "irregular_past_participle_verbs": 0.8389999866485596,
        "irregular_plural_subject_verb_agreement_1": 0.6710000038146973,
        "irregular_plural_subject_verb_agreement_2": 0.7929999828338623,
        "left_branch_island_echo_question": 0.546999990940094,
        "left_branch_island_simple_question": 0.30399999022483826,
        "matrix_question_npi_licensor_present": 0.24300000071525574,
        "npi_present_1": 0.4740000069141388,
        "npi_present_2": 0.4779999852180481,
        "only_npi_licensor_present": 0.43799999356269836,
        "only_npi_scope": 0.8389999866485596,
        "passive_1": 0.8100000023841858,
        "passive_2": 0.8320000171661377,
        "principle_A_c_command": 0.5929999947547913,
        "principle_A_case_1": 1.0,
        "principle_A_case_2": 0.7490000128746033,
        "principle_A_domain_1": 0.9959999918937683,
        "principle_A_domain_2": 0.6919999718666077,
        "principle_A_domain_3": 0.46000000834465027,
        "principle_A_reconstruction": 0.5839999914169312,
        "regular_plural_subject_verb_agreement_1": 0.7680000066757202,
        "regular_plural_subject_verb_agreement_2": 0.8080000281333923,
        "sentential_negation_npi_licensor_present": 0.9929999709129333,
        "sentential_negation_npi_scope": 0.45899999141693115,
        "sentential_subject_island": 0.3070000112056732,
        "superlative_quantifiers_1": 0.3310000002384186,
        "superlative_quantifiers_2": 0.7680000066757202,
        "tough_vs_raising_1": 0.4020000100135803,
        "tough_vs_raising_2": 0.7429999709129333,
        "transitive": 0.7419999837875366,
        "wh_island": 0.5720000267028809,
        "wh_questions_object_gap": 0.5339999794960022,
        "wh_questions_subject_gap": 0.9330000281333923,
        "wh_questions_subject_gap_long_distance": 0.9010000228881836,
        "wh_vs_that_no_gap": 0.9309999942779541,
        "wh_vs_that_no_gap_long_distance": 0.9300000071525574,
        "wh_vs_that_with_gap": 0.257999986410141,
        "wh_vs_that_with_gap_long_distance": 0.11599999666213989
    }
}