{
    "accuracy": 0.6268358206126228,
    "by_phenomenon": {
        "anaphor_agreement": 0.622999981045723,
        "argument_structure": 0.6415714280945914,
        "binding": 0.7007142858845847,
        "control_raising": 0.6416000008583069,
        "determiner_noun_agreement": 0.7668750062584877,
        "ellipsis": 0.5474999845027924,
        "filler_gap_dependency": 0.6590000007833753,
        "irregular_forms": 0.8110000193119049,
        "island_effects": 0.529999990016222,
        "npi_licensing": 0.468142854315894,
        "quantifiers": 0.6272500045597553,
        "s-selection": 0.648499995470047,
        "subject_verb_agreement": 0.5600000073512396
    },
    "by_uid": {
        "adjunct_island": 0.593999981880188,
        "anaphor_gender_agreement": 0.47999998927116394,
        "anaphor_number_agreement": 0.765999972820282,
        "animate_subject_passive": 0.6779999732971191,
        "animate_subject_trans": 0.6190000176429749,
        "causative": 0.48100000619888306,
        "complex_NP_island": 0.4779999852180481,
        "coordinate_structure_constraint_complex_left_branch": 0.35499998927116394,
        "coordinate_structure_constraint_object_extraction": 0.7120000123977661,
        "determiner_noun_agreement_1": 0.8560000061988831,
        "determiner_noun_agreement_2": 0.8330000042915344,
        "determiner_noun_agreement_irregular_1": 0.722000002861023,
        "determiner_noun_agreement_irregular_2": 0.777999997138977,
        "determiner_noun_agreement_with_adj_2": 0.7760000228881836,
        "determiner_noun_agreement_with_adj_irregular_1": 0.6669999957084656,
        "determiner_noun_agreement_with_adj_irregular_2": 0.7319999933242798,
        "determiner_noun_agreement_with_adjective_1": 0.7710000276565552,
        "distractor_agreement_relational_noun": 0.2800000011920929,
        "distractor_agreement_relative_clause": 0.25,
        "drop_argument": 0.699999988079071,
        "ellipsis_n_bar_1": 0.5609999895095825,
        "ellipsis_n_bar_2": 0.5339999794960022,
        "existential_there_object_raising": 0.7580000162124634,
        "existential_there_quantifiers_1": 0.8820000290870667,
        "existential_there_quantifiers_2": 0.20999999344348907,
        "existential_there_subject_raising": 0.6520000100135803,
        "expletive_it_object_raising": 0.718999981880188,
        "inchoative": 0.42100000381469727,
        "intransitive": 0.5619999766349792,
        "irregular_past_participle_adjectives": 0.800000011920929,
        "irregular_past_participle_verbs": 0.8220000267028809,
        "irregular_plural_subject_verb_agreement_1": 0.6600000262260437,
        "irregular_plural_subject_verb_agreement_2": 0.7429999709129333,
        "left_branch_island_echo_question": 0.44699999690055847,
        "left_branch_island_simple_question": 0.47999998927116394,
        "matrix_question_npi_licensor_present": 0.3149999976158142,
        "npi_present_1": 0.29600000381469727,
        "npi_present_2": 0.36899998784065247,
        "only_npi_licensor_present": 0.3490000069141388,
        "only_npi_scope": 0.6909999847412109,
        "passive_1": 0.8270000219345093,
        "passive_2": 0.8130000233650208,
        "principle_A_c_command": 0.6100000143051147,
        "principle_A_case_1": 1.0,
        "principle_A_case_2": 0.7149999737739563,
        "principle_A_domain_1": 0.9620000123977661,
        "principle_A_domain_2": 0.6140000224113464,
        "principle_A_domain_3": 0.44699999690055847,
        "principle_A_reconstruction": 0.5569999814033508,
        "regular_plural_subject_verb_agreement_1": 0.6650000214576721,
        "regular_plural_subject_verb_agreement_2": 0.7620000243186951,
        "sentential_negation_npi_licensor_present": 0.9900000095367432,
        "sentential_negation_npi_scope": 0.2669999897480011,
        "sentential_subject_island": 0.546999990940094,
        "superlative_quantifiers_1": 0.7070000171661377,
        "superlative_quantifiers_2": 0.7099999785423279,
        "tough_vs_raising_1": 0.3700000047683716,
        "tough_vs_raising_2": 0.7089999914169312,
        "transitive": 0.6869999766349792,
        "wh_island": 0.6269999742507935,
        "wh_questions_object_gap": 0.6370000243186951,
        "wh_questions_subject_gap": 0.9139999747276306,
        "wh_questions_subject_gap_long_distance": 0.9570000171661377,
        "wh_vs_that_no_gap": 0.9810000061988831,
        "wh_vs_that_no_gap_long_distance": 0.968999981880188,
        "wh_vs_that_with_gap": 0.09300000220537186,
        "wh_vs_that_with_gap_long_distance": 0.06199999898672104
    }
}