{
    "accuracy": 0.5398955209625523,
    "by_phenomenon": {
        "anaphor_agreement": 0.3994999974966049,
        "argument_structure": 0.5951428626264844,
        "binding": 0.6355714329651424,
        "control_raising": 0.5998000085353852,
        "determiner_noun_agreement": 0.5581250041723251,
        "ellipsis": 0.2809999957680702,
        "filler_gap_dependency": 0.657142851102565,
        "irregular_forms": 0.7514999806880951,
        "island_effects": 0.42162499111145735,
        "npi_licensing": 0.4540000004427774,
        "quantifiers": 0.4689999930560589,
        "s-selection": 0.5949999988079071,
        "subject_verb_agreement": 0.5021666586399078
    },
    "by_uid": {
        "adjunct_island": 0.6639999747276306,
        "anaphor_gender_agreement": 0.3149999976158142,
        "anaphor_number_agreement": 0.48399999737739563,
        "animate_subject_passive": 0.640999972820282,
        "animate_subject_trans": 0.5490000247955322,
        "causative": 0.4410000145435333,
        "complex_NP_island": 0.5429999828338623,
        "coordinate_structure_constraint_complex_left_branch": 0.11999999731779099,
        "coordinate_structure_constraint_object_extraction": 0.5199999809265137,
        "determiner_noun_agreement_1": 0.6200000047683716,
        "determiner_noun_agreement_2": 0.5830000042915344,
        "determiner_noun_agreement_irregular_1": 0.5550000071525574,
        "determiner_noun_agreement_irregular_2": 0.6069999933242798,
        "determiner_noun_agreement_with_adj_2": 0.5080000162124634,
        "determiner_noun_agreement_with_adj_irregular_1": 0.4950000047683716,
        "determiner_noun_agreement_with_adj_irregular_2": 0.5590000152587891,
        "determiner_noun_agreement_with_adjective_1": 0.5379999876022339,
        "distractor_agreement_relational_noun": 0.35899999737739563,
        "distractor_agreement_relative_clause": 0.3499999940395355,
        "drop_argument": 0.7350000143051147,
        "ellipsis_n_bar_1": 0.22300000488758087,
        "ellipsis_n_bar_2": 0.33899998664855957,
        "existential_there_object_raising": 0.7570000290870667,
        "existential_there_quantifiers_1": 0.8339999914169312,
        "existential_there_quantifiers_2": 0.09600000083446503,
        "existential_there_subject_raising": 0.5130000114440918,
        "expletive_it_object_raising": 0.6980000138282776,
        "inchoative": 0.36500000953674316,
        "intransitive": 0.5479999780654907,
        "irregular_past_participle_adjectives": 0.8479999899864197,
        "irregular_past_participle_verbs": 0.6549999713897705,
        "irregular_plural_subject_verb_agreement_1": 0.5090000033378601,
        "irregular_plural_subject_verb_agreement_2": 0.6349999904632568,
        "left_branch_island_echo_question": 0.49300000071525574,
        "left_branch_island_simple_question": 0.19200000166893005,
        "matrix_question_npi_licensor_present": 0.17399999499320984,
        "npi_present_1": 0.46399998664855957,
        "npi_present_2": 0.49000000953674316,
        "only_npi_licensor_present": 0.20100000500679016,
        "only_npi_scope": 0.4620000123977661,
        "passive_1": 0.7390000224113464,
        "passive_2": 0.7179999947547913,
        "principle_A_c_command": 0.675000011920929,
        "principle_A_case_1": 1.0,
        "principle_A_case_2": 0.531000018119812,
        "principle_A_domain_1": 0.9700000286102295,
        "principle_A_domain_2": 0.5669999718666077,
        "principle_A_domain_3": 0.45500001311302185,
        "principle_A_reconstruction": 0.25099998712539673,
        "regular_plural_subject_verb_agreement_1": 0.6589999794960022,
        "regular_plural_subject_verb_agreement_2": 0.5009999871253967,
        "sentential_negation_npi_licensor_present": 1.0,
        "sentential_negation_npi_scope": 0.3869999945163727,
        "sentential_subject_island": 0.46399998664855957,
        "superlative_quantifiers_1": 0.33399999141693115,
        "superlative_quantifiers_2": 0.6119999885559082,
        "tough_vs_raising_1": 0.37700000405311584,
        "tough_vs_raising_2": 0.6539999842643738,
        "transitive": 0.6200000047683716,
        "wh_island": 0.37700000405311584,
        "wh_questions_object_gap": 0.6549999713897705,
        "wh_questions_subject_gap": 0.9769999980926514,
        "wh_questions_subject_gap_long_distance": 0.9599999785423279,
        "wh_vs_that_no_gap": 0.9950000047683716,
        "wh_vs_that_no_gap_long_distance": 0.9950000047683716,
        "wh_vs_that_with_gap": 0.012000000104308128,
        "wh_vs_that_with_gap_long_distance": 0.006000000052154064
    }
}