{
    "accuracy": 0.664014925707632,
    "by_phenomenon": {
        "anaphor_agreement": 0.7055000066757202,
        "argument_structure": 0.6558571415288108,
        "binding": 0.7172857182366508,
        "control_raising": 0.6749999940395355,
        "determiner_noun_agreement": 0.8257499933242798,
        "ellipsis": 0.6074999868869781,
        "filler_gap_dependency": 0.6535714247397014,
        "irregular_forms": 0.9174999892711639,
        "island_effects": 0.5067500062286854,
        "npi_licensing": 0.6044285787003381,
        "quantifiers": 0.6467500030994415,
        "s-selection": 0.6565000116825104,
        "subject_verb_agreement": 0.6125000019868215
    },
    "by_uid": {
        "adjunct_island": 0.800000011920929,
        "anaphor_gender_agreement": 0.5680000185966492,
        "anaphor_number_agreement": 0.8429999947547913,
        "animate_subject_passive": 0.7070000171661377,
        "animate_subject_trans": 0.6060000061988831,
        "causative": 0.5130000114440918,
        "complex_NP_island": 0.4729999899864197,
        "coordinate_structure_constraint_complex_left_branch": 0.26600000262260437,
        "coordinate_structure_constraint_object_extraction": 0.7580000162124634,
        "determiner_noun_agreement_1": 0.9279999732971191,
        "determiner_noun_agreement_2": 0.9290000200271606,
        "determiner_noun_agreement_irregular_1": 0.7559999823570251,
        "determiner_noun_agreement_irregular_2": 0.8679999709129333,
        "determiner_noun_agreement_with_adj_2": 0.8180000185966492,
        "determiner_noun_agreement_with_adj_irregular_1": 0.6869999766349792,
        "determiner_noun_agreement_with_adj_irregular_2": 0.7609999775886536,
        "determiner_noun_agreement_with_adjective_1": 0.859000027179718,
        "distractor_agreement_relational_noun": 0.2919999957084656,
        "distractor_agreement_relative_clause": 0.2639999985694885,
        "drop_argument": 0.6800000071525574,
        "ellipsis_n_bar_1": 0.6079999804496765,
        "ellipsis_n_bar_2": 0.6069999933242798,
        "existential_there_object_raising": 0.7889999747276306,
        "existential_there_quantifiers_1": 0.8740000128746033,
        "existential_there_quantifiers_2": 0.5090000033378601,
        "existential_there_subject_raising": 0.7400000095367432,
        "expletive_it_object_raising": 0.7009999752044678,
        "inchoative": 0.43299999833106995,
        "intransitive": 0.5450000166893005,
        "irregular_past_participle_adjectives": 0.9869999885559082,
        "irregular_past_participle_verbs": 0.8479999899864197,
        "irregular_plural_subject_verb_agreement_1": 0.6980000138282776,
        "irregular_plural_subject_verb_agreement_2": 0.8289999961853027,
        "left_branch_island_echo_question": 0.5770000219345093,
        "left_branch_island_simple_question": 0.28999999165534973,
        "matrix_question_npi_licensor_present": 0.24899999797344208,
        "npi_present_1": 0.5789999961853027,
        "npi_present_2": 0.45500001311302185,
        "only_npi_licensor_present": 0.6389999985694885,
        "only_npi_scope": 0.8730000257492065,
        "passive_1": 0.8339999914169312,
        "passive_2": 0.8489999771118164,
        "principle_A_c_command": 0.5830000042915344,
        "principle_A_case_1": 1.0,
        "principle_A_case_2": 0.7670000195503235,
        "principle_A_domain_1": 0.9909999966621399,
        "principle_A_domain_2": 0.6610000133514404,
        "principle_A_domain_3": 0.46399998664855957,
        "principle_A_reconstruction": 0.5550000071525574,
        "regular_plural_subject_verb_agreement_1": 0.7739999890327454,
        "regular_plural_subject_verb_agreement_2": 0.8180000185966492,
        "sentential_negation_npi_licensor_present": 0.9940000176429749,
        "sentential_negation_npi_scope": 0.44200000166893005,
        "sentential_subject_island": 0.3319999873638153,
        "superlative_quantifiers_1": 0.33899998664855957,
        "superlative_quantifiers_2": 0.8650000095367432,
        "tough_vs_raising_1": 0.3630000054836273,
        "tough_vs_raising_2": 0.7820000052452087,
        "transitive": 0.7369999885559082,
        "wh_island": 0.5580000281333923,
        "wh_questions_object_gap": 0.5090000033378601,
        "wh_questions_subject_gap": 0.9110000133514404,
        "wh_questions_subject_gap_long_distance": 0.890999972820282,
        "wh_vs_that_no_gap": 0.9319999814033508,
        "wh_vs_that_no_gap_long_distance": 0.9309999942779541,
        "wh_vs_that_with_gap": 0.26600000262260437,
        "wh_vs_that_with_gap_long_distance": 0.13500000536441803
    }
}