{
    "accuracy": 0.6444776127142693,
    "by_phenomenon": {
        "anaphor_agreement": 0.6325000077486038,
        "argument_structure": 0.6451428490025657,
        "binding": 0.6991428647722516,
        "control_raising": 0.658000010251999,
        "determiner_noun_agreement": 0.8053750023245811,
        "ellipsis": 0.6114999949932098,
        "filler_gap_dependency": 0.6581428583179202,
        "irregular_forms": 0.8409999907016754,
        "island_effects": 0.48512499779462814,
        "npi_licensing": 0.5768571496009827,
        "quantifiers": 0.6170000061392784,
        "s-selection": 0.6704999804496765,
        "subject_verb_agreement": 0.5886666625738144
    },
    "by_uid": {
        "adjunct_island": 0.7149999737739563,
        "anaphor_gender_agreement": 0.492000013589859,
        "anaphor_number_agreement": 0.7730000019073486,
        "animate_subject_passive": 0.7139999866485596,
        "animate_subject_trans": 0.6269999742507935,
        "causative": 0.4869999885559082,
        "complex_NP_island": 0.43700000643730164,
        "coordinate_structure_constraint_complex_left_branch": 0.32600000500679016,
        "coordinate_structure_constraint_object_extraction": 0.7089999914169312,
        "determiner_noun_agreement_1": 0.8899999856948853,
        "determiner_noun_agreement_2": 0.8870000243186951,
        "determiner_noun_agreement_irregular_1": 0.7329999804496765,
        "determiner_noun_agreement_irregular_2": 0.8669999837875366,
        "determiner_noun_agreement_with_adj_2": 0.7990000247955322,
        "determiner_noun_agreement_with_adj_irregular_1": 0.6729999780654907,
        "determiner_noun_agreement_with_adj_irregular_2": 0.7670000195503235,
        "determiner_noun_agreement_with_adjective_1": 0.8270000219345093,
        "distractor_agreement_relational_noun": 0.2409999966621399,
        "distractor_agreement_relative_clause": 0.2529999911785126,
        "drop_argument": 0.6729999780654907,
        "ellipsis_n_bar_1": 0.6610000133514404,
        "ellipsis_n_bar_2": 0.5619999766349792,
        "existential_there_object_raising": 0.7549999952316284,
        "existential_there_quantifiers_1": 0.9200000166893005,
        "existential_there_quantifiers_2": 0.36500000953674316,
        "existential_there_subject_raising": 0.7440000176429749,
        "expletive_it_object_raising": 0.7200000286102295,
        "inchoative": 0.4099999964237213,
        "intransitive": 0.5619999766349792,
        "irregular_past_participle_adjectives": 0.8679999709129333,
        "irregular_past_participle_verbs": 0.8140000104904175,
        "irregular_plural_subject_verb_agreement_1": 0.718999981880188,
        "irregular_plural_subject_verb_agreement_2": 0.7519999742507935,
        "left_branch_island_echo_question": 0.5099999904632568,
        "left_branch_island_simple_question": 0.37400001287460327,
        "matrix_question_npi_licensor_present": 0.2919999957084656,
        "npi_present_1": 0.3790000081062317,
        "npi_present_2": 0.4000000059604645,
        "only_npi_licensor_present": 0.7540000081062317,
        "only_npi_scope": 0.7950000166893005,
        "passive_1": 0.8460000157356262,
        "passive_2": 0.8330000042915344,
        "principle_A_c_command": 0.6470000147819519,
        "principle_A_case_1": 1.0,
        "principle_A_case_2": 0.7319999933242798,
        "principle_A_domain_1": 0.9900000095367432,
        "principle_A_domain_2": 0.628000020980835,
        "principle_A_domain_3": 0.45500001311302185,
        "principle_A_reconstruction": 0.44200000166893005,
        "regular_plural_subject_verb_agreement_1": 0.7450000047683716,
        "regular_plural_subject_verb_agreement_2": 0.8220000267028809,
        "sentential_negation_npi_licensor_present": 1.0,
        "sentential_negation_npi_scope": 0.4180000126361847,
        "sentential_subject_island": 0.3630000054836273,
        "superlative_quantifiers_1": 0.3869999945163727,
        "superlative_quantifiers_2": 0.7960000038146973,
        "tough_vs_raising_1": 0.3319999873638153,
        "tough_vs_raising_2": 0.7390000224113464,
        "transitive": 0.7049999833106995,
        "wh_island": 0.44699999690055847,
        "wh_questions_object_gap": 0.5649999976158142,
        "wh_questions_subject_gap": 0.9409999847412109,
        "wh_questions_subject_gap_long_distance": 0.9629999995231628,
        "wh_vs_that_no_gap": 0.9660000205039978,
        "wh_vs_that_no_gap_long_distance": 0.9490000009536743,
        "wh_vs_that_with_gap": 0.13600000739097595,
        "wh_vs_that_with_gap_long_distance": 0.08699999749660492
    }
}