{
    "accuracy": 0.6621194012574295,
    "by_phenomenon": {
        "anaphor_agreement": 0.7364999949932098,
        "argument_structure": 0.6535714268684387,
        "binding": 0.7104285742555346,
        "control_raising": 0.6798000037670135,
        "determiner_noun_agreement": 0.8194999992847443,
        "ellipsis": 0.613999992609024,
        "filler_gap_dependency": 0.6604285729782922,
        "irregular_forms": 0.8964999914169312,
        "island_effects": 0.485750000923872,
        "npi_licensing": 0.5961428497518811,
        "quantifiers": 0.7000000029802322,
        "s-selection": 0.6674999892711639,
        "subject_verb_agreement": 0.591333324710528
    },
    "by_uid": {
        "adjunct_island": 0.8059999942779541,
        "anaphor_gender_agreement": 0.6150000095367432,
        "anaphor_number_agreement": 0.8579999804496765,
        "animate_subject_passive": 0.7049999833106995,
        "animate_subject_trans": 0.6299999952316284,
        "causative": 0.49000000953674316,
        "complex_NP_island": 0.4569999873638153,
        "coordinate_structure_constraint_complex_left_branch": 0.2549999952316284,
        "coordinate_structure_constraint_object_extraction": 0.7590000033378601,
        "determiner_noun_agreement_1": 0.9079999923706055,
        "determiner_noun_agreement_2": 0.9089999794960022,
        "determiner_noun_agreement_irregular_1": 0.7620000243186951,
        "determiner_noun_agreement_irregular_2": 0.8600000143051147,
        "determiner_noun_agreement_with_adj_2": 0.8259999752044678,
        "determiner_noun_agreement_with_adj_irregular_1": 0.6809999942779541,
        "determiner_noun_agreement_with_adj_irregular_2": 0.7639999985694885,
        "determiner_noun_agreement_with_adjective_1": 0.8460000157356262,
        "distractor_agreement_relational_noun": 0.28700000047683716,
        "distractor_agreement_relative_clause": 0.257999986410141,
        "drop_argument": 0.6909999847412109,
        "ellipsis_n_bar_1": 0.625,
        "ellipsis_n_bar_2": 0.6029999852180481,
        "existential_there_object_raising": 0.8100000023841858,
        "existential_there_quantifiers_1": 0.925000011920929,
        "existential_there_quantifiers_2": 0.6159999966621399,
        "existential_there_subject_raising": 0.7369999885559082,
        "expletive_it_object_raising": 0.7160000205039978,
        "inchoative": 0.4309999942779541,
        "intransitive": 0.5690000057220459,
        "irregular_past_participle_adjectives": 0.9459999799728394,
        "irregular_past_participle_verbs": 0.847000002861023,
        "irregular_plural_subject_verb_agreement_1": 0.6729999780654907,
        "irregular_plural_subject_verb_agreement_2": 0.7699999809265137,
        "left_branch_island_echo_question": 0.5130000114440918,
        "left_branch_island_simple_question": 0.26499998569488525,
        "matrix_question_npi_licensor_present": 0.26899999380111694,
        "npi_present_1": 0.5299999713897705,
        "npi_present_2": 0.5180000066757202,
        "only_npi_licensor_present": 0.5149999856948853,
        "only_npi_scope": 0.859000027179718,
        "passive_1": 0.8309999704360962,
        "passive_2": 0.8379999995231628,
        "principle_A_c_command": 0.5730000138282776,
        "principle_A_case_1": 1.0,
        "principle_A_case_2": 0.7459999918937683,
        "principle_A_domain_1": 0.9900000095367432,
        "principle_A_domain_2": 0.6940000057220459,
        "principle_A_domain_3": 0.45100000500679016,
        "principle_A_reconstruction": 0.5189999938011169,
        "regular_plural_subject_verb_agreement_1": 0.7519999742507935,
        "regular_plural_subject_verb_agreement_2": 0.8080000281333923,
        "sentential_negation_npi_licensor_present": 0.9929999709129333,
        "sentential_negation_npi_scope": 0.48899999260902405,
        "sentential_subject_island": 0.3140000104904175,
        "superlative_quantifiers_1": 0.527999997138977,
        "superlative_quantifiers_2": 0.7310000061988831,
        "tough_vs_raising_1": 0.382999986410141,
        "tough_vs_raising_2": 0.753000020980835,
        "transitive": 0.7250000238418579,
        "wh_island": 0.5170000195503235,
        "wh_questions_object_gap": 0.5270000100135803,
        "wh_questions_subject_gap": 0.9290000200271606,
        "wh_questions_subject_gap_long_distance": 0.9259999990463257,
        "wh_vs_that_no_gap": 0.9449999928474426,
        "wh_vs_that_no_gap_long_distance": 0.9539999961853027,
        "wh_vs_that_with_gap": 0.23999999463558197,
        "wh_vs_that_with_gap_long_distance": 0.10199999809265137
    }
}