{
    "accuracy": 0.6630298529765499,
    "by_phenomenon": {
        "anaphor_agreement": 0.729500025510788,
        "argument_structure": 0.658000009400504,
        "binding": 0.7184285776955741,
        "control_raising": 0.6694000005722046,
        "determiner_noun_agreement": 0.8122499957680702,
        "ellipsis": 0.6140000224113464,
        "filler_gap_dependency": 0.6511428579688072,
        "irregular_forms": 0.909500002861023,
        "island_effects": 0.4848749917000532,
        "npi_licensing": 0.5838571403707776,
        "quantifiers": 0.7267500013113022,
        "s-selection": 0.6865000128746033,
        "subject_verb_agreement": 0.6055000027020773
    },
    "by_uid": {
        "adjunct_island": 0.7749999761581421,
        "anaphor_gender_agreement": 0.609000027179718,
        "anaphor_number_agreement": 0.8500000238418579,
        "animate_subject_passive": 0.722000002861023,
        "animate_subject_trans": 0.6510000228881836,
        "causative": 0.503000020980835,
        "complex_NP_island": 0.45399999618530273,
        "coordinate_structure_constraint_complex_left_branch": 0.24699999392032623,
        "coordinate_structure_constraint_object_extraction": 0.7879999876022339,
        "determiner_noun_agreement_1": 0.9089999794960022,
        "determiner_noun_agreement_2": 0.9049999713897705,
        "determiner_noun_agreement_irregular_1": 0.7379999756813049,
        "determiner_noun_agreement_irregular_2": 0.8629999756813049,
        "determiner_noun_agreement_with_adj_2": 0.8130000233650208,
        "determiner_noun_agreement_with_adj_irregular_1": 0.6690000295639038,
        "determiner_noun_agreement_with_adj_irregular_2": 0.7670000195503235,
        "determiner_noun_agreement_with_adjective_1": 0.8339999914169312,
        "distractor_agreement_relational_noun": 0.3149999976158142,
        "distractor_agreement_relative_clause": 0.28200000524520874,
        "drop_argument": 0.6970000267028809,
        "ellipsis_n_bar_1": 0.6330000162124634,
        "ellipsis_n_bar_2": 0.5950000286102295,
        "existential_there_object_raising": 0.8019999861717224,
        "existential_there_quantifiers_1": 0.921999990940094,
        "existential_there_quantifiers_2": 0.5830000042915344,
        "existential_there_subject_raising": 0.7170000076293945,
        "expletive_it_object_raising": 0.6980000138282776,
        "inchoative": 0.4169999957084656,
        "intransitive": 0.5690000057220459,
        "irregular_past_participle_adjectives": 0.9710000157356262,
        "irregular_past_participle_verbs": 0.8479999899864197,
        "irregular_plural_subject_verb_agreement_1": 0.675000011920929,
        "irregular_plural_subject_verb_agreement_2": 0.8009999990463257,
        "left_branch_island_echo_question": 0.5479999780654907,
        "left_branch_island_simple_question": 0.2800000011920929,
        "matrix_question_npi_licensor_present": 0.3019999861717224,
        "npi_present_1": 0.5249999761581421,
        "npi_present_2": 0.5400000214576721,
        "only_npi_licensor_present": 0.4350000023841858,
        "only_npi_scope": 0.8339999914169312,
        "passive_1": 0.8410000205039978,
        "passive_2": 0.8379999995231628,
        "principle_A_c_command": 0.593999981880188,
        "principle_A_case_1": 1.0,
        "principle_A_case_2": 0.7670000195503235,
        "principle_A_domain_1": 0.9950000047683716,
        "principle_A_domain_2": 0.6600000262260437,
        "principle_A_domain_3": 0.453000009059906,
        "principle_A_reconstruction": 0.5600000023841858,
        "regular_plural_subject_verb_agreement_1": 0.7570000290870667,
        "regular_plural_subject_verb_agreement_2": 0.8029999732971191,
        "sentential_negation_npi_licensor_present": 0.9900000095367432,
        "sentential_negation_npi_scope": 0.460999995470047,
        "sentential_subject_island": 0.31299999356269836,
        "superlative_quantifiers_1": 0.5419999957084656,
        "superlative_quantifiers_2": 0.8600000143051147,
        "tough_vs_raising_1": 0.37599998712539673,
        "tough_vs_raising_2": 0.7540000081062317,
        "transitive": 0.7409999966621399,
        "wh_island": 0.4740000069141388,
        "wh_questions_object_gap": 0.4880000054836273,
        "wh_questions_subject_gap": 0.925000011920929,
        "wh_questions_subject_gap_long_distance": 0.9179999828338623,
        "wh_vs_that_no_gap": 0.9490000009536743,
        "wh_vs_that_no_gap_long_distance": 0.9629999995231628,
        "wh_vs_that_with_gap": 0.23100000619888306,
        "wh_vs_that_with_gap_long_distance": 0.08399999886751175
    }
}