{
    "accuracy": 0.6517313448573226,
    "by_phenomenon": {
        "anaphor_agreement": 0.659500002861023,
        "argument_structure": 0.6424285769462585,
        "binding": 0.6897142827510834,
        "control_raising": 0.666399997472763,
        "determiner_noun_agreement": 0.8077500090003014,
        "ellipsis": 0.6129999756813049,
        "filler_gap_dependency": 0.6554285766822951,
        "irregular_forms": 0.8425000011920929,
        "island_effects": 0.5006250031292439,
        "npi_licensing": 0.588857135602406,
        "quantifiers": 0.6609999909996986,
        "s-selection": 0.6625000238418579,
        "subject_verb_agreement": 0.6055000076691309
    },
    "by_uid": {
        "adjunct_island": 0.7730000019073486,
        "anaphor_gender_agreement": 0.5189999938011169,
        "anaphor_number_agreement": 0.800000011920929,
        "animate_subject_passive": 0.7300000190734863,
        "animate_subject_trans": 0.5950000286102295,
        "causative": 0.503000020980835,
        "complex_NP_island": 0.4580000042915344,
        "coordinate_structure_constraint_complex_left_branch": 0.2800000011920929,
        "coordinate_structure_constraint_object_extraction": 0.7509999871253967,
        "determiner_noun_agreement_1": 0.8889999985694885,
        "determiner_noun_agreement_2": 0.8809999823570251,
        "determiner_noun_agreement_irregular_1": 0.753000020980835,
        "determiner_noun_agreement_irregular_2": 0.8730000257492065,
        "determiner_noun_agreement_with_adj_2": 0.7960000038146973,
        "determiner_noun_agreement_with_adj_irregular_1": 0.6830000281333923,
        "determiner_noun_agreement_with_adj_irregular_2": 0.7630000114440918,
        "determiner_noun_agreement_with_adjective_1": 0.8240000009536743,
        "distractor_agreement_relational_noun": 0.2849999964237213,
        "distractor_agreement_relative_clause": 0.28200000524520874,
        "drop_argument": 0.6830000281333923,
        "ellipsis_n_bar_1": 0.6179999709129333,
        "ellipsis_n_bar_2": 0.6079999804496765,
        "existential_there_object_raising": 0.7749999761581421,
        "existential_there_quantifiers_1": 0.8980000019073486,
        "existential_there_quantifiers_2": 0.4650000035762787,
        "existential_there_subject_raising": 0.7559999823570251,
        "expletive_it_object_raising": 0.7170000076293945,
        "inchoative": 0.39399999380111694,
        "intransitive": 0.5339999794960022,
        "irregular_past_participle_adjectives": 0.8500000238418579,
        "irregular_past_participle_verbs": 0.8349999785423279,
        "irregular_plural_subject_verb_agreement_1": 0.7350000143051147,
        "irregular_plural_subject_verb_agreement_2": 0.7820000052452087,
        "left_branch_island_echo_question": 0.5180000066757202,
        "left_branch_island_simple_question": 0.33500000834465027,
        "matrix_question_npi_licensor_present": 0.28299999237060547,
        "npi_present_1": 0.5099999904632568,
        "npi_present_2": 0.4740000069141388,
        "only_npi_licensor_present": 0.6660000085830688,
        "only_npi_scope": 0.8679999709129333,
        "passive_1": 0.8429999947547913,
        "passive_2": 0.8420000076293945,
        "principle_A_c_command": 0.6340000033378601,
        "principle_A_case_1": 1.0,
        "principle_A_case_2": 0.7239999771118164,
        "principle_A_domain_1": 0.9860000014305115,
        "principle_A_domain_2": 0.656000018119812,
        "principle_A_domain_3": 0.4519999921321869,
        "principle_A_reconstruction": 0.37599998712539673,
        "regular_plural_subject_verb_agreement_1": 0.7480000257492065,
        "regular_plural_subject_verb_agreement_2": 0.8009999990463257,
        "sentential_negation_npi_licensor_present": 0.9829999804496765,
        "sentential_negation_npi_scope": 0.33799999952316284,
        "sentential_subject_island": 0.3499999940395355,
        "superlative_quantifiers_1": 0.5339999794960022,
        "superlative_quantifiers_2": 0.746999979019165,
        "tough_vs_raising_1": 0.335999995470047,
        "tough_vs_raising_2": 0.7480000257492065,
        "transitive": 0.6980000138282776,
        "wh_island": 0.5400000214576721,
        "wh_questions_object_gap": 0.5189999938011169,
        "wh_questions_subject_gap": 0.9480000138282776,
        "wh_questions_subject_gap_long_distance": 0.9520000219345093,
        "wh_vs_that_no_gap": 0.9599999785423279,
        "wh_vs_that_no_gap_long_distance": 0.9700000286102295,
        "wh_vs_that_with_gap": 0.1679999977350235,
        "wh_vs_that_with_gap_long_distance": 0.07100000232458115
    }
}