{
    "accuracy": 0.6656119438694484,
    "by_phenomenon": {
        "anaphor_agreement": 0.7180000245571136,
        "argument_structure": 0.6525714312280927,
        "binding": 0.7218571347849709,
        "control_raising": 0.6690000057220459,
        "determiner_noun_agreement": 0.8217500001192093,
        "ellipsis": 0.5845000147819519,
        "filler_gap_dependency": 0.6567142797367913,
        "irregular_forms": 0.9160000085830688,
        "island_effects": 0.533500000834465,
        "npi_licensing": 0.5840000084468296,
        "quantifiers": 0.6655000001192093,
        "s-selection": 0.6765000224113464,
        "subject_verb_agreement": 0.6085000137488047
    },
    "by_uid": {
        "adjunct_island": 0.8240000009536743,
        "anaphor_gender_agreement": 0.5910000205039978,
        "anaphor_number_agreement": 0.8450000286102295,
        "animate_subject_passive": 0.7300000190734863,
        "animate_subject_trans": 0.6230000257492065,
        "causative": 0.5130000114440918,
        "complex_NP_island": 0.4659999907016754,
        "coordinate_structure_constraint_complex_left_branch": 0.3240000009536743,
        "coordinate_structure_constraint_object_extraction": 0.7720000147819519,
        "determiner_noun_agreement_1": 0.9160000085830688,
        "determiner_noun_agreement_2": 0.9300000071525574,
        "determiner_noun_agreement_irregular_1": 0.7540000081062317,
        "determiner_noun_agreement_irregular_2": 0.8619999885559082,
        "determiner_noun_agreement_with_adj_2": 0.8289999961853027,
        "determiner_noun_agreement_with_adj_irregular_1": 0.6819999814033508,
        "determiner_noun_agreement_with_adj_irregular_2": 0.7689999938011169,
        "determiner_noun_agreement_with_adjective_1": 0.8320000171661377,
        "distractor_agreement_relational_noun": 0.3050000071525574,
        "distractor_agreement_relative_clause": 0.2540000081062317,
        "drop_argument": 0.6850000023841858,
        "ellipsis_n_bar_1": 0.5830000042915344,
        "ellipsis_n_bar_2": 0.5860000252723694,
        "existential_there_object_raising": 0.800000011920929,
        "existential_there_quantifiers_1": 0.8880000114440918,
        "existential_there_quantifiers_2": 0.6679999828338623,
        "existential_there_subject_raising": 0.7179999947547913,
        "expletive_it_object_raising": 0.703000009059906,
        "inchoative": 0.40799999237060547,
        "intransitive": 0.5419999957084656,
        "irregular_past_participle_adjectives": 0.972000002861023,
        "irregular_past_participle_verbs": 0.8600000143051147,
        "irregular_plural_subject_verb_agreement_1": 0.6840000152587891,
        "irregular_plural_subject_verb_agreement_2": 0.8220000267028809,
        "left_branch_island_echo_question": 0.5929999947547913,
        "left_branch_island_simple_question": 0.3499999940395355,
        "matrix_question_npi_licensor_present": 0.25699999928474426,
        "npi_present_1": 0.453000009059906,
        "npi_present_2": 0.45500001311302185,
        "only_npi_licensor_present": 0.656000018119812,
        "only_npi_scope": 0.8140000104904175,
        "passive_1": 0.8259999752044678,
        "passive_2": 0.8600000143051147,
        "principle_A_c_command": 0.5799999833106995,
        "principle_A_case_1": 1.0,
        "principle_A_case_2": 0.7599999904632568,
        "principle_A_domain_1": 0.9990000128746033,
        "principle_A_domain_2": 0.6769999861717224,
        "principle_A_domain_3": 0.460999995470047,
        "principle_A_reconstruction": 0.5759999752044678,
        "regular_plural_subject_verb_agreement_1": 0.753000020980835,
        "regular_plural_subject_verb_agreement_2": 0.8330000042915344,
        "sentential_negation_npi_licensor_present": 0.9990000128746033,
        "sentential_negation_npi_scope": 0.45399999618530273,
        "sentential_subject_island": 0.33799999952316284,
        "superlative_quantifiers_1": 0.3619999885559082,
        "superlative_quantifiers_2": 0.7440000176429749,
        "tough_vs_raising_1": 0.37599998712539673,
        "tough_vs_raising_2": 0.7480000257492065,
        "transitive": 0.734000027179718,
        "wh_island": 0.6010000109672546,
        "wh_questions_object_gap": 0.5109999775886536,
        "wh_questions_subject_gap": 0.9259999990463257,
        "wh_questions_subject_gap_long_distance": 0.9049999713897705,
        "wh_vs_that_no_gap": 0.9350000023841858,
        "wh_vs_that_no_gap_long_distance": 0.9259999990463257,
        "wh_vs_that_with_gap": 0.2540000081062317,
        "wh_vs_that_with_gap_long_distance": 0.14000000059604645
    }
}