{
    "accuracy": 0.6639104455487052,
    "by_phenomenon": {
        "anaphor_agreement": 0.6739999949932098,
        "argument_structure": 0.6467142871447972,
        "binding": 0.7034285707133157,
        "control_raising": 0.6752000033855439,
        "determiner_noun_agreement": 0.8172499909996986,
        "ellipsis": 0.6099999845027924,
        "filler_gap_dependency": 0.6588571422866413,
        "irregular_forms": 0.863999992609024,
        "island_effects": 0.5067499987781048,
        "npi_licensing": 0.6295714293207441,
        "quantifiers": 0.705499991774559,
        "s-selection": 0.6794999837875366,
        "subject_verb_agreement": 0.5945000052452087
    },
    "by_uid": {
        "adjunct_island": 0.7789999842643738,
        "anaphor_gender_agreement": 0.5559999942779541,
        "anaphor_number_agreement": 0.7919999957084656,
        "animate_subject_passive": 0.7179999947547913,
        "animate_subject_trans": 0.640999972820282,
        "causative": 0.49799999594688416,
        "complex_NP_island": 0.4620000123977661,
        "coordinate_structure_constraint_complex_left_branch": 0.30799999833106995,
        "coordinate_structure_constraint_object_extraction": 0.7570000290870667,
        "determiner_noun_agreement_1": 0.9089999794960022,
        "determiner_noun_agreement_2": 0.8980000019073486,
        "determiner_noun_agreement_irregular_1": 0.7419999837875366,
        "determiner_noun_agreement_irregular_2": 0.8659999966621399,
        "determiner_noun_agreement_with_adj_2": 0.8209999799728394,
        "determiner_noun_agreement_with_adj_irregular_1": 0.6859999895095825,
        "determiner_noun_agreement_with_adj_irregular_2": 0.765999972820282,
        "determiner_noun_agreement_with_adjective_1": 0.8500000238418579,
        "distractor_agreement_relational_noun": 0.3070000112056732,
        "distractor_agreement_relative_clause": 0.24300000071525574,
        "drop_argument": 0.6850000023841858,
        "ellipsis_n_bar_1": 0.621999979019165,
        "ellipsis_n_bar_2": 0.5979999899864197,
        "existential_there_object_raising": 0.7860000133514404,
        "existential_there_quantifiers_1": 0.9539999961853027,
        "existential_there_quantifiers_2": 0.5830000042915344,
        "existential_there_subject_raising": 0.7680000066757202,
        "expletive_it_object_raising": 0.7080000042915344,
        "inchoative": 0.4050000011920929,
        "intransitive": 0.5490000247955322,
        "irregular_past_participle_adjectives": 0.9110000133514404,
        "irregular_past_participle_verbs": 0.8169999718666077,
        "irregular_plural_subject_verb_agreement_1": 0.6840000152587891,
        "irregular_plural_subject_verb_agreement_2": 0.7870000004768372,
        "left_branch_island_echo_question": 0.5519999861717224,
        "left_branch_island_simple_question": 0.3709999918937683,
        "matrix_question_npi_licensor_present": 0.2939999997615814,
        "npi_present_1": 0.5410000085830688,
        "npi_present_2": 0.5260000228881836,
        "only_npi_licensor_present": 0.7459999918937683,
        "only_npi_scope": 0.843999981880188,
        "passive_1": 0.8299999833106995,
        "passive_2": 0.8420000076293945,
        "principle_A_c_command": 0.5889999866485596,
        "principle_A_case_1": 1.0,
        "principle_A_case_2": 0.7559999823570251,
        "principle_A_domain_1": 0.9890000224113464,
        "principle_A_domain_2": 0.6710000038146973,
        "principle_A_domain_3": 0.45500001311302185,
        "principle_A_reconstruction": 0.46399998664855957,
        "regular_plural_subject_verb_agreement_1": 0.7490000128746033,
        "regular_plural_subject_verb_agreement_2": 0.796999990940094,
        "sentential_negation_npi_licensor_present": 1.0,
        "sentential_negation_npi_scope": 0.4560000002384186,
        "sentential_subject_island": 0.3310000002384186,
        "superlative_quantifiers_1": 0.5389999747276306,
        "superlative_quantifiers_2": 0.7459999918937683,
        "tough_vs_raising_1": 0.38100001215934753,
        "tough_vs_raising_2": 0.7329999804496765,
        "transitive": 0.7179999947547913,
        "wh_island": 0.49399998784065247,
        "wh_questions_object_gap": 0.5519999861717224,
        "wh_questions_subject_gap": 0.9409999847412109,
        "wh_questions_subject_gap_long_distance": 0.9340000152587891,
        "wh_vs_that_no_gap": 0.9660000205039978,
        "wh_vs_that_no_gap_long_distance": 0.968999981880188,
        "wh_vs_that_with_gap": 0.18000000715255737,
        "wh_vs_that_with_gap_long_distance": 0.07000000029802322
    }
}