{
    "accuracy": 0.6531343284382749,
    "by_phenomenon": {
        "anaphor_agreement": 0.6700000166893005,
        "argument_structure": 0.6471428573131561,
        "binding": 0.6958571416991097,
        "control_raising": 0.6754000008106231,
        "determiner_noun_agreement": 0.8158750087022781,
        "ellipsis": 0.573500007390976,
        "filler_gap_dependency": 0.6531428588288171,
        "irregular_forms": 0.8314999938011169,
        "island_effects": 0.5111249946057796,
        "npi_licensing": 0.6014285726206643,
        "quantifiers": 0.6449999883770943,
        "s-selection": 0.659500002861023,
        "subject_verb_agreement": 0.5891666611035665
    },
    "by_uid": {
        "adjunct_island": 0.7609999775886536,
        "anaphor_gender_agreement": 0.5400000214576721,
        "anaphor_number_agreement": 0.800000011920929,
        "animate_subject_passive": 0.699999988079071,
        "animate_subject_trans": 0.6190000176429749,
        "causative": 0.5019999742507935,
        "complex_NP_island": 0.4659999907016754,
        "coordinate_structure_constraint_complex_left_branch": 0.30799999833106995,
        "coordinate_structure_constraint_object_extraction": 0.7549999952316284,
        "determiner_noun_agreement_1": 0.9010000228881836,
        "determiner_noun_agreement_2": 0.8960000276565552,
        "determiner_noun_agreement_irregular_1": 0.7549999952316284,
        "determiner_noun_agreement_irregular_2": 0.8730000257492065,
        "determiner_noun_agreement_with_adj_2": 0.8209999799728394,
        "determiner_noun_agreement_with_adj_irregular_1": 0.6790000200271606,
        "determiner_noun_agreement_with_adj_irregular_2": 0.7620000243186951,
        "determiner_noun_agreement_with_adjective_1": 0.8399999737739563,
        "distractor_agreement_relational_noun": 0.3050000071525574,
        "distractor_agreement_relative_clause": 0.24500000476837158,
        "drop_argument": 0.6899999976158142,
        "ellipsis_n_bar_1": 0.5649999976158142,
        "ellipsis_n_bar_2": 0.5820000171661377,
        "existential_there_object_raising": 0.7900000214576721,
        "existential_there_quantifiers_1": 0.9089999794960022,
        "existential_there_quantifiers_2": 0.5699999928474426,
        "existential_there_subject_raising": 0.7649999856948853,
        "expletive_it_object_raising": 0.7319999933242798,
        "inchoative": 0.4059999883174896,
        "intransitive": 0.546999990940094,
        "irregular_past_participle_adjectives": 0.8259999752044678,
        "irregular_past_participle_verbs": 0.8370000123977661,
        "irregular_plural_subject_verb_agreement_1": 0.6869999766349792,
        "irregular_plural_subject_verb_agreement_2": 0.7559999823570251,
        "left_branch_island_echo_question": 0.5490000247955322,
        "left_branch_island_simple_question": 0.36800000071525574,
        "matrix_question_npi_licensor_present": 0.3160000145435333,
        "npi_present_1": 0.550000011920929,
        "npi_present_2": 0.5059999823570251,
        "only_npi_licensor_present": 0.5460000038146973,
        "only_npi_scope": 0.8090000152587891,
        "passive_1": 0.8360000252723694,
        "passive_2": 0.8370000123977661,
        "principle_A_c_command": 0.574999988079071,
        "principle_A_case_1": 1.0,
        "principle_A_case_2": 0.7509999871253967,
        "principle_A_domain_1": 0.9819999933242798,
        "principle_A_domain_2": 0.6700000166893005,
        "principle_A_domain_3": 0.46000000834465027,
        "principle_A_reconstruction": 0.43299999833106995,
        "regular_plural_subject_verb_agreement_1": 0.75,
        "regular_plural_subject_verb_agreement_2": 0.7919999957084656,
        "sentential_negation_npi_licensor_present": 0.9869999885559082,
        "sentential_negation_npi_scope": 0.4959999918937683,
        "sentential_subject_island": 0.35199999809265137,
        "superlative_quantifiers_1": 0.48399999737739563,
        "superlative_quantifiers_2": 0.6169999837875366,
        "tough_vs_raising_1": 0.36800000071525574,
        "tough_vs_raising_2": 0.722000002861023,
        "transitive": 0.7120000123977661,
        "wh_island": 0.5299999713897705,
        "wh_questions_object_gap": 0.48100000619888306,
        "wh_questions_subject_gap": 0.9409999847412109,
        "wh_questions_subject_gap_long_distance": 0.9449999928474426,
        "wh_vs_that_no_gap": 0.9570000171661377,
        "wh_vs_that_no_gap_long_distance": 0.9620000123977661,
        "wh_vs_that_with_gap": 0.19599999487400055,
        "wh_vs_that_with_gap_long_distance": 0.09000000357627869
    }
}