{
    "accuracy": 0.6580298507391517,
    "by_phenomenon": {
        "anaphor_agreement": 0.6969999969005585,
        "argument_structure": 0.6512857207230159,
        "binding": 0.6940000057220459,
        "control_raising": 0.6730000138282776,
        "determiner_noun_agreement": 0.8242499977350235,
        "ellipsis": 0.6049999892711639,
        "filler_gap_dependency": 0.6589999965259007,
        "irregular_forms": 0.8869999945163727,
        "island_effects": 0.48499999940395355,
        "npi_licensing": 0.5935714202267783,
        "quantifiers": 0.699999988079071,
        "s-selection": 0.667000025510788,
        "subject_verb_agreement": 0.5919999976952871
    },
    "by_uid": {
        "adjunct_island": 0.8040000200271606,
        "anaphor_gender_agreement": 0.5690000057220459,
        "anaphor_number_agreement": 0.824999988079071,
        "animate_subject_passive": 0.7020000219345093,
        "animate_subject_trans": 0.6320000290870667,
        "causative": 0.5070000290870667,
        "complex_NP_island": 0.453000009059906,
        "coordinate_structure_constraint_complex_left_branch": 0.25699999928474426,
        "coordinate_structure_constraint_object_extraction": 0.7509999871253967,
        "determiner_noun_agreement_1": 0.9160000085830688,
        "determiner_noun_agreement_2": 0.9179999828338623,
        "determiner_noun_agreement_irregular_1": 0.7559999823570251,
        "determiner_noun_agreement_irregular_2": 0.8690000176429749,
        "determiner_noun_agreement_with_adj_2": 0.8109999895095825,
        "determiner_noun_agreement_with_adj_irregular_1": 0.7039999961853027,
        "determiner_noun_agreement_with_adj_irregular_2": 0.7720000147819519,
        "determiner_noun_agreement_with_adjective_1": 0.8479999899864197,
        "distractor_agreement_relational_noun": 0.28700000047683716,
        "distractor_agreement_relative_clause": 0.2630000114440918,
        "drop_argument": 0.6859999895095825,
        "ellipsis_n_bar_1": 0.6169999837875366,
        "ellipsis_n_bar_2": 0.5929999947547913,
        "existential_there_object_raising": 0.8140000104904175,
        "existential_there_quantifiers_1": 0.9139999747276306,
        "existential_there_quantifiers_2": 0.6620000004768372,
        "existential_there_subject_raising": 0.7200000286102295,
        "expletive_it_object_raising": 0.703000009059906,
        "inchoative": 0.41499999165534973,
        "intransitive": 0.5559999942779541,
        "irregular_past_participle_adjectives": 0.9430000185966492,
        "irregular_past_participle_verbs": 0.8309999704360962,
        "irregular_plural_subject_verb_agreement_1": 0.6840000152587891,
        "irregular_plural_subject_verb_agreement_2": 0.7799999713897705,
        "left_branch_island_echo_question": 0.5139999985694885,
        "left_branch_island_simple_question": 0.2849999964237213,
        "matrix_question_npi_licensor_present": 0.2630000114440918,
        "npi_present_1": 0.515999972820282,
        "npi_present_2": 0.49399998784065247,
        "only_npi_licensor_present": 0.5609999895095825,
        "only_npi_scope": 0.8169999718666077,
        "passive_1": 0.8339999914169312,
        "passive_2": 0.8450000286102295,
        "principle_A_c_command": 0.5649999976158142,
        "principle_A_case_1": 1.0,
        "principle_A_case_2": 0.7229999899864197,
        "principle_A_domain_1": 0.9940000176429749,
        "principle_A_domain_2": 0.6740000247955322,
        "principle_A_domain_3": 0.45399999618530273,
        "principle_A_reconstruction": 0.4480000138282776,
        "regular_plural_subject_verb_agreement_1": 0.7379999756813049,
        "regular_plural_subject_verb_agreement_2": 0.800000011920929,
        "sentential_negation_npi_licensor_present": 0.9950000047683716,
        "sentential_negation_npi_scope": 0.5090000033378601,
        "sentential_subject_island": 0.3179999887943268,
        "superlative_quantifiers_1": 0.5099999904632568,
        "superlative_quantifiers_2": 0.7139999866485596,
        "tough_vs_raising_1": 0.3659999966621399,
        "tough_vs_raising_2": 0.7620000243186951,
        "transitive": 0.7160000205039978,
        "wh_island": 0.49799999594688416,
        "wh_questions_object_gap": 0.5320000052452087,
        "wh_questions_subject_gap": 0.9259999990463257,
        "wh_questions_subject_gap_long_distance": 0.9309999942779541,
        "wh_vs_that_no_gap": 0.953000009059906,
        "wh_vs_that_no_gap_long_distance": 0.9649999737739563,
        "wh_vs_that_with_gap": 0.21799999475479126,
        "wh_vs_that_with_gap_long_distance": 0.08799999952316284
    }
}