{
    "accuracy": 0.6606119394079962,
    "by_phenomenon": {
        "anaphor_agreement": 0.6720000207424164,
        "argument_structure": 0.6395714240414756,
        "binding": 0.7077142809118543,
        "control_raising": 0.6665999948978424,
        "determiner_noun_agreement": 0.8061250001192093,
        "ellipsis": 0.5940000116825104,
        "filler_gap_dependency": 0.6595714251909938,
        "irregular_forms": 0.8445000052452087,
        "island_effects": 0.5356249958276749,
        "npi_licensing": 0.6158571456159864,
        "quantifiers": 0.6707500070333481,
        "s-selection": 0.6620000004768372,
        "subject_verb_agreement": 0.6011666605869929
    },
    "by_uid": {
        "adjunct_island": 0.7639999985694885,
        "anaphor_gender_agreement": 0.5440000295639038,
        "anaphor_number_agreement": 0.800000011920929,
        "animate_subject_passive": 0.7049999833106995,
        "animate_subject_trans": 0.6190000176429749,
        "causative": 0.4970000088214874,
        "complex_NP_island": 0.46399998664855957,
        "coordinate_structure_constraint_complex_left_branch": 0.3659999966621399,
        "coordinate_structure_constraint_object_extraction": 0.7379999756813049,
        "determiner_noun_agreement_1": 0.8939999938011169,
        "determiner_noun_agreement_2": 0.8820000290870667,
        "determiner_noun_agreement_irregular_1": 0.7540000081062317,
        "determiner_noun_agreement_irregular_2": 0.8709999918937683,
        "determiner_noun_agreement_with_adj_2": 0.796999990940094,
        "determiner_noun_agreement_with_adj_irregular_1": 0.6779999732971191,
        "determiner_noun_agreement_with_adj_irregular_2": 0.7580000162124634,
        "determiner_noun_agreement_with_adjective_1": 0.8149999976158142,
        "distractor_agreement_relational_noun": 0.3230000138282776,
        "distractor_agreement_relative_clause": 0.26100000739097595,
        "drop_argument": 0.671999990940094,
        "ellipsis_n_bar_1": 0.5929999947547913,
        "ellipsis_n_bar_2": 0.5950000286102295,
        "existential_there_object_raising": 0.7829999923706055,
        "existential_there_quantifiers_1": 0.8930000066757202,
        "existential_there_quantifiers_2": 0.5270000100135803,
        "existential_there_subject_raising": 0.7440000176429749,
        "expletive_it_object_raising": 0.7139999866485596,
        "inchoative": 0.39399999380111694,
        "intransitive": 0.5389999747276306,
        "irregular_past_participle_adjectives": 0.8669999837875366,
        "irregular_past_participle_verbs": 0.8220000267028809,
        "irregular_plural_subject_verb_agreement_1": 0.6679999828338623,
        "irregular_plural_subject_verb_agreement_2": 0.7870000004768372,
        "left_branch_island_echo_question": 0.578000009059906,
        "left_branch_island_simple_question": 0.4000000059604645,
        "matrix_question_npi_licensor_present": 0.3019999861717224,
        "npi_present_1": 0.5260000228881836,
        "npi_present_2": 0.5130000114440918,
        "only_npi_licensor_present": 0.7400000095367432,
        "only_npi_scope": 0.828000009059906,
        "passive_1": 0.8270000219345093,
        "passive_2": 0.8339999914169312,
        "principle_A_c_command": 0.625,
        "principle_A_case_1": 1.0,
        "principle_A_case_2": 0.7519999742507935,
        "principle_A_domain_1": 0.9860000014305115,
        "principle_A_domain_2": 0.6759999990463257,
        "principle_A_domain_3": 0.4650000035762787,
        "principle_A_reconstruction": 0.44999998807907104,
        "regular_plural_subject_verb_agreement_1": 0.7609999775886536,
        "regular_plural_subject_verb_agreement_2": 0.8069999814033508,
        "sentential_negation_npi_licensor_present": 0.9919999837875366,
        "sentential_negation_npi_scope": 0.4099999964237213,
        "sentential_subject_island": 0.4189999997615814,
        "superlative_quantifiers_1": 0.5770000219345093,
        "superlative_quantifiers_2": 0.6859999895095825,
        "tough_vs_raising_1": 0.3630000054836273,
        "tough_vs_raising_2": 0.7289999723434448,
        "transitive": 0.7139999866485596,
        "wh_island": 0.5559999942779541,
        "wh_questions_object_gap": 0.5460000038146973,
        "wh_questions_subject_gap": 0.9419999718666077,
        "wh_questions_subject_gap_long_distance": 0.949999988079071,
        "wh_vs_that_no_gap": 0.9620000123977661,
        "wh_vs_that_no_gap_long_distance": 0.972000002861023,
        "wh_vs_that_with_gap": 0.16200000047683716,
        "wh_vs_that_with_gap_long_distance": 0.08299999684095383
    }
}