{
    "accuracy": 0.6672686563054128,
    "by_phenomenon": {
        "anaphor_agreement": 0.7360000014305115,
        "argument_structure": 0.656285720212119,
        "binding": 0.7252857089042664,
        "control_raising": 0.6772000014781951,
        "determiner_noun_agreement": 0.8194999992847443,
        "ellipsis": 0.6180000007152557,
        "filler_gap_dependency": 0.6537142864295414,
        "irregular_forms": 0.9230000078678131,
        "island_effects": 0.5232499986886978,
        "npi_licensing": 0.600285719547953,
        "quantifiers": 0.6574999988079071,
        "s-selection": 0.6649999916553497,
        "subject_verb_agreement": 0.6026666561762491
    },
    "by_uid": {
        "adjunct_island": 0.8230000138282776,
        "anaphor_gender_agreement": 0.6299999952316284,
        "anaphor_number_agreement": 0.8420000076293945,
        "animate_subject_passive": 0.7179999947547913,
        "animate_subject_trans": 0.6119999885559082,
        "causative": 0.5180000066757202,
        "complex_NP_island": 0.4620000123977661,
        "coordinate_structure_constraint_complex_left_branch": 0.2919999957084656,
        "coordinate_structure_constraint_object_extraction": 0.7799999713897705,
        "determiner_noun_agreement_1": 0.9070000052452087,
        "determiner_noun_agreement_2": 0.9259999990463257,
        "determiner_noun_agreement_irregular_1": 0.7570000290870667,
        "determiner_noun_agreement_irregular_2": 0.859000027179718,
        "determiner_noun_agreement_with_adj_2": 0.8159999847412109,
        "determiner_noun_agreement_with_adj_irregular_1": 0.6729999780654907,
        "determiner_noun_agreement_with_adj_irregular_2": 0.7609999775886536,
        "determiner_noun_agreement_with_adjective_1": 0.8569999933242798,
        "distractor_agreement_relational_noun": 0.3019999861717224,
        "distractor_agreement_relative_clause": 0.2630000114440918,
        "drop_argument": 0.6850000023841858,
        "ellipsis_n_bar_1": 0.6269999742507935,
        "ellipsis_n_bar_2": 0.609000027179718,
        "existential_there_object_raising": 0.7870000004768372,
        "existential_there_quantifiers_1": 0.8930000066757202,
        "existential_there_quantifiers_2": 0.4659999907016754,
        "existential_there_subject_raising": 0.7450000047683716,
        "expletive_it_object_raising": 0.7129999995231628,
        "inchoative": 0.40700000524520874,
        "intransitive": 0.5540000200271606,
        "irregular_past_participle_adjectives": 0.9909999966621399,
        "irregular_past_participle_verbs": 0.8550000190734863,
        "irregular_plural_subject_verb_agreement_1": 0.6589999794960022,
        "irregular_plural_subject_verb_agreement_2": 0.8029999732971191,
        "left_branch_island_echo_question": 0.5720000267028809,
        "left_branch_island_simple_question": 0.33399999141693115,
        "matrix_question_npi_licensor_present": 0.24400000274181366,
        "npi_present_1": 0.5740000009536743,
        "npi_present_2": 0.4650000035762787,
        "only_npi_licensor_present": 0.5889999866485596,
        "only_npi_scope": 0.8460000157356262,
        "passive_1": 0.8399999737739563,
        "passive_2": 0.8510000109672546,
        "principle_A_c_command": 0.6079999804496765,
        "principle_A_case_1": 1.0,
        "principle_A_case_2": 0.7689999938011169,
        "principle_A_domain_1": 0.9929999709129333,
        "principle_A_domain_2": 0.6759999990463257,
        "principle_A_domain_3": 0.4390000104904175,
        "principle_A_reconstruction": 0.5920000076293945,
        "regular_plural_subject_verb_agreement_1": 0.7799999713897705,
        "regular_plural_subject_verb_agreement_2": 0.8090000152587891,
        "sentential_negation_npi_licensor_present": 0.9990000128746033,
        "sentential_negation_npi_scope": 0.48500001430511475,
        "sentential_subject_island": 0.33899998664855957,
        "superlative_quantifiers_1": 0.4339999854564667,
        "superlative_quantifiers_2": 0.8370000123977661,
        "tough_vs_raising_1": 0.3580000102519989,
        "tough_vs_raising_2": 0.7829999923706055,
        "transitive": 0.7390000224113464,
        "wh_island": 0.5839999914169312,
        "wh_questions_object_gap": 0.5189999938011169,
        "wh_questions_subject_gap": 0.9150000214576721,
        "wh_questions_subject_gap_long_distance": 0.8920000195503235,
        "wh_vs_that_no_gap": 0.9359999895095825,
        "wh_vs_that_no_gap_long_distance": 0.9319999814033508,
        "wh_vs_that_with_gap": 0.24899999797344208,
        "wh_vs_that_with_gap_long_distance": 0.13300000131130219
    }
}