{
    "accuracy": 0.6605970148942364,
    "by_phenomenon": {
        "anaphor_agreement": 0.7105000019073486,
        "argument_structure": 0.6490000060626439,
        "binding": 0.6972857160227639,
        "control_raising": 0.6851999938488007,
        "determiner_noun_agreement": 0.812624990940094,
        "ellipsis": 0.6200000047683716,
        "filler_gap_dependency": 0.6557142830320767,
        "irregular_forms": 0.8680000007152557,
        "island_effects": 0.4983750022947788,
        "npi_licensing": 0.5994285685675484,
        "quantifiers": 0.672499991953373,
        "s-selection": 0.6805000007152557,
        "subject_verb_agreement": 0.6146666804949442
    },
    "by_uid": {
        "adjunct_island": 0.7870000004768372,
        "anaphor_gender_agreement": 0.5799999833106995,
        "anaphor_number_agreement": 0.8410000205039978,
        "animate_subject_passive": 0.7129999995231628,
        "animate_subject_trans": 0.6480000019073486,
        "causative": 0.5070000290870667,
        "complex_NP_island": 0.4390000104904175,
        "coordinate_structure_constraint_complex_left_branch": 0.27900001406669617,
        "coordinate_structure_constraint_object_extraction": 0.7609999775886536,
        "determiner_noun_agreement_1": 0.8999999761581421,
        "determiner_noun_agreement_2": 0.8960000276565552,
        "determiner_noun_agreement_irregular_1": 0.7549999952316284,
        "determiner_noun_agreement_irregular_2": 0.8669999837875366,
        "determiner_noun_agreement_with_adj_2": 0.8050000071525574,
        "determiner_noun_agreement_with_adj_irregular_1": 0.6819999814033508,
        "determiner_noun_agreement_with_adj_irregular_2": 0.765999972820282,
        "determiner_noun_agreement_with_adjective_1": 0.8299999833106995,
        "distractor_agreement_relational_noun": 0.3230000138282776,
        "distractor_agreement_relative_clause": 0.2680000066757202,
        "drop_argument": 0.6940000057220459,
        "ellipsis_n_bar_1": 0.6299999952316284,
        "ellipsis_n_bar_2": 0.6100000143051147,
        "existential_there_object_raising": 0.8140000104904175,
        "existential_there_quantifiers_1": 0.9490000009536743,
        "existential_there_quantifiers_2": 0.5609999895095825,
        "existential_there_subject_raising": 0.765999972820282,
        "expletive_it_object_raising": 0.7229999899864197,
        "inchoative": 0.39899998903274536,
        "intransitive": 0.546999990940094,
        "irregular_past_participle_adjectives": 0.8989999890327454,
        "irregular_past_participle_verbs": 0.8370000123977661,
        "irregular_plural_subject_verb_agreement_1": 0.6930000185966492,
        "irregular_plural_subject_verb_agreement_2": 0.8080000281333923,
        "left_branch_island_echo_question": 0.546999990940094,
        "left_branch_island_simple_question": 0.33000001311302185,
        "matrix_question_npi_licensor_present": 0.3109999895095825,
        "npi_present_1": 0.5059999823570251,
        "npi_present_2": 0.5360000133514404,
        "only_npi_licensor_present": 0.5049999952316284,
        "only_npi_scope": 0.8579999804496765,
        "passive_1": 0.8330000042915344,
        "passive_2": 0.847000002861023,
        "principle_A_c_command": 0.5590000152587891,
        "principle_A_case_1": 1.0,
        "principle_A_case_2": 0.7390000224113464,
        "principle_A_domain_1": 0.9869999885559082,
        "principle_A_domain_2": 0.6899999976158142,
        "principle_A_domain_3": 0.460999995470047,
        "principle_A_reconstruction": 0.4449999928474426,
        "regular_plural_subject_verb_agreement_1": 0.7599999904632568,
        "regular_plural_subject_verb_agreement_2": 0.8360000252723694,
        "sentential_negation_npi_licensor_present": 0.9890000224113464,
        "sentential_negation_npi_scope": 0.4909999966621399,
        "sentential_subject_island": 0.27000001072883606,
        "superlative_quantifiers_1": 0.4740000069141388,
        "superlative_quantifiers_2": 0.7059999704360962,
        "tough_vs_raising_1": 0.3720000088214874,
        "tough_vs_raising_2": 0.7509999871253967,
        "transitive": 0.7160000205039978,
        "wh_island": 0.5740000009536743,
        "wh_questions_object_gap": 0.531000018119812,
        "wh_questions_subject_gap": 0.9430000185966492,
        "wh_questions_subject_gap_long_distance": 0.9419999718666077,
        "wh_vs_that_no_gap": 0.9549999833106995,
        "wh_vs_that_no_gap_long_distance": 0.9639999866485596,
        "wh_vs_that_with_gap": 0.17599999904632568,
        "wh_vs_that_with_gap_long_distance": 0.07900000363588333
    }
}