{
    "accuracy": 0.6598656689053151,
    "by_phenomenon": {
        "anaphor_agreement": 0.7229999899864197,
        "argument_structure": 0.6491428528513227,
        "binding": 0.6901428571769169,
        "control_raising": 0.6723999977111816,
        "determiner_noun_agreement": 0.8136250004172325,
        "ellipsis": 0.617000013589859,
        "filler_gap_dependency": 0.6515714270727975,
        "irregular_forms": 0.9054999947547913,
        "island_effects": 0.5021249949932098,
        "npi_licensing": 0.6068571337631771,
        "quantifiers": 0.6817499995231628,
        "s-selection": 0.6649999916553497,
        "subject_verb_agreement": 0.5984999984502792
    },
    "by_uid": {
        "adjunct_island": 0.7900000214576721,
        "anaphor_gender_agreement": 0.6129999756813049,
        "anaphor_number_agreement": 0.8330000042915344,
        "animate_subject_passive": 0.6940000057220459,
        "animate_subject_trans": 0.6359999775886536,
        "causative": 0.5130000114440918,
        "complex_NP_island": 0.45899999141693115,
        "coordinate_structure_constraint_complex_left_branch": 0.27300000190734863,
        "coordinate_structure_constraint_object_extraction": 0.7609999775886536,
        "determiner_noun_agreement_1": 0.9039999842643738,
        "determiner_noun_agreement_2": 0.8970000147819519,
        "determiner_noun_agreement_irregular_1": 0.7620000243186951,
        "determiner_noun_agreement_irregular_2": 0.8619999885559082,
        "determiner_noun_agreement_with_adj_2": 0.7919999957084656,
        "determiner_noun_agreement_with_adj_irregular_1": 0.6859999895095825,
        "determiner_noun_agreement_with_adj_irregular_2": 0.7599999904632568,
        "determiner_noun_agreement_with_adjective_1": 0.8460000157356262,
        "distractor_agreement_relational_noun": 0.3009999990463257,
        "distractor_agreement_relative_clause": 0.2669999897480011,
        "drop_argument": 0.6909999847412109,
        "ellipsis_n_bar_1": 0.6330000162124634,
        "ellipsis_n_bar_2": 0.6010000109672546,
        "existential_there_object_raising": 0.7979999780654907,
        "existential_there_quantifiers_1": 0.9359999895095825,
        "existential_there_quantifiers_2": 0.628000020980835,
        "existential_there_subject_raising": 0.7350000143051147,
        "expletive_it_object_raising": 0.703000009059906,
        "inchoative": 0.4129999876022339,
        "intransitive": 0.5609999895095825,
        "irregular_past_participle_adjectives": 0.972000002861023,
        "irregular_past_participle_verbs": 0.8389999866485596,
        "irregular_plural_subject_verb_agreement_1": 0.6809999942779541,
        "irregular_plural_subject_verb_agreement_2": 0.7960000038146973,
        "left_branch_island_echo_question": 0.5009999871253967,
        "left_branch_island_simple_question": 0.31299999356269836,
        "matrix_question_npi_licensor_present": 0.30000001192092896,
        "npi_present_1": 0.5659999847412109,
        "npi_present_2": 0.5419999957084656,
        "only_npi_licensor_present": 0.49799999594688416,
        "only_npi_scope": 0.8479999899864197,
        "passive_1": 0.824999988079071,
        "passive_2": 0.828000009059906,
        "principle_A_c_command": 0.5580000281333923,
        "principle_A_case_1": 1.0,
        "principle_A_case_2": 0.7310000061988831,
        "principle_A_domain_1": 0.9909999966621399,
        "principle_A_domain_2": 0.6959999799728394,
        "principle_A_domain_3": 0.4560000002384186,
        "principle_A_reconstruction": 0.39899998903274536,
        "regular_plural_subject_verb_agreement_1": 0.7480000257492065,
        "regular_plural_subject_verb_agreement_2": 0.7979999780654907,
        "sentential_negation_npi_licensor_present": 0.9919999837875366,
        "sentential_negation_npi_scope": 0.5019999742507935,
        "sentential_subject_island": 0.33000001311302185,
        "superlative_quantifiers_1": 0.5109999775886536,
        "superlative_quantifiers_2": 0.6520000100135803,
        "tough_vs_raising_1": 0.375,
        "tough_vs_raising_2": 0.7509999871253967,
        "transitive": 0.7129999995231628,
        "wh_island": 0.5899999737739563,
        "wh_questions_object_gap": 0.5070000290870667,
        "wh_questions_subject_gap": 0.9359999895095825,
        "wh_questions_subject_gap_long_distance": 0.9359999895095825,
        "wh_vs_that_no_gap": 0.9559999704360962,
        "wh_vs_that_no_gap_long_distance": 0.9580000042915344,
        "wh_vs_that_with_gap": 0.19300000369548798,
        "wh_vs_that_with_gap_long_distance": 0.07500000298023224
    }
}