{
    "accuracy": 0.6581791041057501,
    "by_phenomenon": {
        "anaphor_agreement": 0.6879999935626984,
        "argument_structure": 0.6421428620815277,
        "binding": 0.7002857157162258,
        "control_raising": 0.6697999894618988,
        "determiner_noun_agreement": 0.8121250048279762,
        "ellipsis": 0.5945000052452087,
        "filler_gap_dependency": 0.647999991263662,
        "irregular_forms": 0.8715000152587891,
        "island_effects": 0.5193750001490116,
        "npi_licensing": 0.6125714225428445,
        "quantifiers": 0.6227500140666962,
        "s-selection": 0.6789999902248383,
        "subject_verb_agreement": 0.6198333303133646
    },
    "by_uid": {
        "adjunct_island": 0.7720000147819519,
        "anaphor_gender_agreement": 0.5699999928474426,
        "anaphor_number_agreement": 0.8059999942779541,
        "animate_subject_passive": 0.7269999980926514,
        "animate_subject_trans": 0.6309999823570251,
        "causative": 0.5070000290870667,
        "complex_NP_island": 0.4819999933242798,
        "coordinate_structure_constraint_complex_left_branch": 0.3230000138282776,
        "coordinate_structure_constraint_object_extraction": 0.7429999709129333,
        "determiner_noun_agreement_1": 0.8889999985694885,
        "determiner_noun_agreement_2": 0.8980000019073486,
        "determiner_noun_agreement_irregular_1": 0.753000020980835,
        "determiner_noun_agreement_irregular_2": 0.875,
        "determiner_noun_agreement_with_adj_2": 0.8149999976158142,
        "determiner_noun_agreement_with_adj_irregular_1": 0.6800000071525574,
        "determiner_noun_agreement_with_adj_irregular_2": 0.7680000066757202,
        "determiner_noun_agreement_with_adjective_1": 0.8190000057220459,
        "distractor_agreement_relational_noun": 0.3319999873638153,
        "distractor_agreement_relative_clause": 0.27900001406669617,
        "drop_argument": 0.6729999780654907,
        "ellipsis_n_bar_1": 0.5920000076293945,
        "ellipsis_n_bar_2": 0.597000002861023,
        "existential_there_object_raising": 0.7799999713897705,
        "existential_there_quantifiers_1": 0.9190000295639038,
        "existential_there_quantifiers_2": 0.4749999940395355,
        "existential_there_subject_raising": 0.746999979019165,
        "expletive_it_object_raising": 0.7350000143051147,
        "inchoative": 0.4000000059604645,
        "intransitive": 0.5460000038146973,
        "irregular_past_participle_adjectives": 0.9190000295639038,
        "irregular_past_participle_verbs": 0.8240000009536743,
        "irregular_plural_subject_verb_agreement_1": 0.7229999899864197,
        "irregular_plural_subject_verb_agreement_2": 0.8159999847412109,
        "left_branch_island_echo_question": 0.5189999938011169,
        "left_branch_island_simple_question": 0.38600000739097595,
        "matrix_question_npi_licensor_present": 0.29499998688697815,
        "npi_present_1": 0.5429999828338623,
        "npi_present_2": 0.5090000033378601,
        "only_npi_licensor_present": 0.6909999847412109,
        "only_npi_scope": 0.8379999995231628,
        "passive_1": 0.828000009059906,
        "passive_2": 0.8330000042915344,
        "principle_A_c_command": 0.5950000286102295,
        "principle_A_case_1": 1.0,
        "principle_A_case_2": 0.7459999918937683,
        "principle_A_domain_1": 0.9879999756813049,
        "principle_A_domain_2": 0.6800000071525574,
        "principle_A_domain_3": 0.46700000762939453,
        "principle_A_reconstruction": 0.4259999990463257,
        "regular_plural_subject_verb_agreement_1": 0.7590000033378601,
        "regular_plural_subject_verb_agreement_2": 0.8100000023841858,
        "sentential_negation_npi_licensor_present": 0.9909999966621399,
        "sentential_negation_npi_scope": 0.42100000381469727,
        "sentential_subject_island": 0.36000001430511475,
        "superlative_quantifiers_1": 0.46000000834465027,
        "superlative_quantifiers_2": 0.6370000243186951,
        "tough_vs_raising_1": 0.37299999594688416,
        "tough_vs_raising_2": 0.7139999866485596,
        "transitive": 0.7080000042915344,
        "wh_island": 0.5699999928474426,
        "wh_questions_object_gap": 0.48399999737739563,
        "wh_questions_subject_gap": 0.9290000200271606,
        "wh_questions_subject_gap_long_distance": 0.9319999814033508,
        "wh_vs_that_no_gap": 0.9559999704360962,
        "wh_vs_that_no_gap_long_distance": 0.9419999718666077,
        "wh_vs_that_with_gap": 0.19900000095367432,
        "wh_vs_that_with_gap_long_distance": 0.09399999678134918
    }
}