{
    "accuracy": 0.6629701496949837,
    "by_phenomenon": {
        "anaphor_agreement": 0.7129999995231628,
        "argument_structure": 0.6457142787320274,
        "binding": 0.719857143504279,
        "control_raising": 0.6794000089168548,
        "determiner_noun_agreement": 0.8160000070929527,
        "ellipsis": 0.6305000185966492,
        "filler_gap_dependency": 0.6462857212339129,
        "irregular_forms": 0.9180000126361847,
        "island_effects": 0.5058749876916409,
        "npi_licensing": 0.5891428504671369,
        "quantifiers": 0.6777499988675117,
        "s-selection": 0.6845000088214874,
        "subject_verb_agreement": 0.6061666657527288
    },
    "by_uid": {
        "adjunct_island": 0.8069999814033508,
        "anaphor_gender_agreement": 0.5879999995231628,
        "anaphor_number_agreement": 0.8379999995231628,
        "animate_subject_passive": 0.7319999933242798,
        "animate_subject_trans": 0.6370000243186951,
        "causative": 0.49300000071525574,
        "complex_NP_island": 0.4779999852180481,
        "coordinate_structure_constraint_complex_left_branch": 0.3019999861717224,
        "coordinate_structure_constraint_object_extraction": 0.777999997138977,
        "determiner_noun_agreement_1": 0.9020000100135803,
        "determiner_noun_agreement_2": 0.9120000004768372,
        "determiner_noun_agreement_irregular_1": 0.7540000081062317,
        "determiner_noun_agreement_irregular_2": 0.8500000238418579,
        "determiner_noun_agreement_with_adj_2": 0.8379999995231628,
        "determiner_noun_agreement_with_adj_irregular_1": 0.6729999780654907,
        "determiner_noun_agreement_with_adj_irregular_2": 0.7630000114440918,
        "determiner_noun_agreement_with_adjective_1": 0.8360000252723694,
        "distractor_agreement_relational_noun": 0.33000001311302185,
        "distractor_agreement_relative_clause": 0.25099998712539673,
        "drop_argument": 0.6890000104904175,
        "ellipsis_n_bar_1": 0.6610000133514404,
        "ellipsis_n_bar_2": 0.6000000238418579,
        "existential_there_object_raising": 0.8109999895095825,
        "existential_there_quantifiers_1": 0.9129999876022339,
        "existential_there_quantifiers_2": 0.6669999957084656,
        "existential_there_subject_raising": 0.734000027179718,
        "expletive_it_object_raising": 0.703000009059906,
        "inchoative": 0.39899998903274536,
        "intransitive": 0.5479999780654907,
        "irregular_past_participle_adjectives": 0.9890000224113464,
        "irregular_past_participle_verbs": 0.847000002861023,
        "irregular_plural_subject_verb_agreement_1": 0.6710000038146973,
        "irregular_plural_subject_verb_agreement_2": 0.8040000200271606,
        "left_branch_island_echo_question": 0.5699999928474426,
        "left_branch_island_simple_question": 0.3089999854564667,
        "matrix_question_npi_licensor_present": 0.2669999897480011,
        "npi_present_1": 0.546999990940094,
        "npi_present_2": 0.4819999933242798,
        "only_npi_licensor_present": 0.5680000185966492,
        "only_npi_scope": 0.824999988079071,
        "passive_1": 0.8190000057220459,
        "passive_2": 0.8389999866485596,
        "principle_A_c_command": 0.609000027179718,
        "principle_A_case_1": 1.0,
        "principle_A_case_2": 0.7459999918937683,
        "principle_A_domain_1": 0.9940000176429749,
        "principle_A_domain_2": 0.6869999766349792,
        "principle_A_domain_3": 0.44600000977516174,
        "principle_A_reconstruction": 0.5569999814033508,
        "regular_plural_subject_verb_agreement_1": 0.7609999775886536,
        "regular_plural_subject_verb_agreement_2": 0.8199999928474426,
        "sentential_negation_npi_licensor_present": 0.9919999837875366,
        "sentential_negation_npi_scope": 0.4429999887943268,
        "sentential_subject_island": 0.3089999854564667,
        "superlative_quantifiers_1": 0.3490000069141388,
        "superlative_quantifiers_2": 0.7820000052452087,
        "tough_vs_raising_1": 0.39100000262260437,
        "tough_vs_raising_2": 0.7580000162124634,
        "transitive": 0.7329999804496765,
        "wh_island": 0.49399998784065247,
        "wh_questions_object_gap": 0.47200000286102295,
        "wh_questions_subject_gap": 0.9079999923706055,
        "wh_questions_subject_gap_long_distance": 0.8930000066757202,
        "wh_vs_that_no_gap": 0.9200000166893005,
        "wh_vs_that_no_gap_long_distance": 0.9110000133514404,
        "wh_vs_that_with_gap": 0.2770000100135803,
        "wh_vs_that_with_gap_long_distance": 0.14300000667572021
    }
}