{
    "accuracy": 0.6518059713182165,
    "by_phenomenon": {
        "anaphor_agreement": 0.6509999930858612,
        "argument_structure": 0.6379999986716679,
        "binding": 0.7028571452413287,
        "control_raising": 0.6674000024795532,
        "determiner_noun_agreement": 0.8045000061392784,
        "ellipsis": 0.6019999980926514,
        "filler_gap_dependency": 0.650142850620406,
        "irregular_forms": 0.8379999995231628,
        "island_effects": 0.5258750021457672,
        "npi_licensing": 0.5912857140813556,
        "quantifiers": 0.6322500109672546,
        "s-selection": 0.6735000014305115,
        "subject_verb_agreement": 0.5928333352009455
    },
    "by_uid": {
        "adjunct_island": 0.7749999761581421,
        "anaphor_gender_agreement": 0.5230000019073486,
        "anaphor_number_agreement": 0.7789999842643738,
        "animate_subject_passive": 0.7149999737739563,
        "animate_subject_trans": 0.6320000290870667,
        "causative": 0.5059999823570251,
        "complex_NP_island": 0.47200000286102295,
        "coordinate_structure_constraint_complex_left_branch": 0.3529999852180481,
        "coordinate_structure_constraint_object_extraction": 0.7480000257492065,
        "determiner_noun_agreement_1": 0.9010000228881836,
        "determiner_noun_agreement_2": 0.8820000290870667,
        "determiner_noun_agreement_irregular_1": 0.7540000081062317,
        "determiner_noun_agreement_irregular_2": 0.8709999918937683,
        "determiner_noun_agreement_with_adj_2": 0.7900000214576721,
        "determiner_noun_agreement_with_adj_irregular_1": 0.6650000214576721,
        "determiner_noun_agreement_with_adj_irregular_2": 0.7559999823570251,
        "determiner_noun_agreement_with_adjective_1": 0.8169999718666077,
        "distractor_agreement_relational_noun": 0.2759999930858612,
        "distractor_agreement_relative_clause": 0.2630000114440918,
        "drop_argument": 0.6710000038146973,
        "ellipsis_n_bar_1": 0.6159999966621399,
        "ellipsis_n_bar_2": 0.5879999995231628,
        "existential_there_object_raising": 0.7699999809265137,
        "existential_there_quantifiers_1": 0.8999999761581421,
        "existential_there_quantifiers_2": 0.5210000276565552,
        "existential_there_subject_raising": 0.7480000257492065,
        "expletive_it_object_raising": 0.7310000061988831,
        "inchoative": 0.38600000739097595,
        "intransitive": 0.5320000052452087,
        "irregular_past_participle_adjectives": 0.8650000095367432,
        "irregular_past_participle_verbs": 0.8109999895095825,
        "irregular_plural_subject_verb_agreement_1": 0.6940000057220459,
        "irregular_plural_subject_verb_agreement_2": 0.781000018119812,
        "left_branch_island_echo_question": 0.5220000147819519,
        "left_branch_island_simple_question": 0.4050000011920929,
        "matrix_question_npi_licensor_present": 0.2759999930858612,
        "npi_present_1": 0.5099999904632568,
        "npi_present_2": 0.47200000286102295,
        "only_npi_licensor_present": 0.6620000004768372,
        "only_npi_scope": 0.8790000081062317,
        "passive_1": 0.8349999785423279,
        "passive_2": 0.8410000205039978,
        "principle_A_c_command": 0.6330000162124634,
        "principle_A_case_1": 1.0,
        "principle_A_case_2": 0.7480000257492065,
        "principle_A_domain_1": 0.9829999804496765,
        "principle_A_domain_2": 0.671999990940094,
        "principle_A_domain_3": 0.47200000286102295,
        "principle_A_reconstruction": 0.41200000047683716,
        "regular_plural_subject_verb_agreement_1": 0.7329999804496765,
        "regular_plural_subject_verb_agreement_2": 0.8100000023841858,
        "sentential_negation_npi_licensor_present": 0.9940000176429749,
        "sentential_negation_npi_scope": 0.34599998593330383,
        "sentential_subject_island": 0.36800000071525574,
        "superlative_quantifiers_1": 0.4620000123977661,
        "superlative_quantifiers_2": 0.6460000276565552,
        "tough_vs_raising_1": 0.3479999899864197,
        "tough_vs_raising_2": 0.7400000095367432,
        "transitive": 0.6949999928474426,
        "wh_island": 0.5640000104904175,
        "wh_questions_object_gap": 0.5180000066757202,
        "wh_questions_subject_gap": 0.9269999861717224,
        "wh_questions_subject_gap_long_distance": 0.9459999799728394,
        "wh_vs_that_no_gap": 0.9449999928474426,
        "wh_vs_that_no_gap_long_distance": 0.9639999866485596,
        "wh_vs_that_with_gap": 0.17000000178813934,
        "wh_vs_that_with_gap_long_distance": 0.08100000023841858
    }
}