{
    "accuracy": 0.6608208951665394,
    "by_phenomenon": {
        "anaphor_agreement": 0.7355000078678131,
        "argument_structure": 0.6550000011920929,
        "binding": 0.7230000070163182,
        "control_raising": 0.672599983215332,
        "determiner_noun_agreement": 0.8135000020265579,
        "ellipsis": 0.6184999942779541,
        "filler_gap_dependency": 0.6498571442706245,
        "irregular_forms": 0.9174999892711639,
        "island_effects": 0.5163750015199184,
        "npi_licensing": 0.5442857146263123,
        "quantifiers": 0.6850000098347664,
        "s-selection": 0.6654999852180481,
        "subject_verb_agreement": 0.6089999948938688
    },
    "by_uid": {
        "adjunct_island": 0.8090000152587891,
        "anaphor_gender_agreement": 0.6330000162124634,
        "anaphor_number_agreement": 0.8379999995231628,
        "animate_subject_passive": 0.7089999914169312,
        "animate_subject_trans": 0.621999979019165,
        "causative": 0.5239999890327454,
        "complex_NP_island": 0.46000000834465027,
        "coordinate_structure_constraint_complex_left_branch": 0.2770000100135803,
        "coordinate_structure_constraint_object_extraction": 0.8019999861717224,
        "determiner_noun_agreement_1": 0.9020000100135803,
        "determiner_noun_agreement_2": 0.9079999923706055,
        "determiner_noun_agreement_irregular_1": 0.7519999742507935,
        "determiner_noun_agreement_irregular_2": 0.8500000238418579,
        "determiner_noun_agreement_with_adj_2": 0.828000009059906,
        "determiner_noun_agreement_with_adj_irregular_1": 0.6759999990463257,
        "determiner_noun_agreement_with_adj_irregular_2": 0.7549999952316284,
        "determiner_noun_agreement_with_adjective_1": 0.8370000123977661,
        "distractor_agreement_relational_noun": 0.3109999895095825,
        "distractor_agreement_relative_clause": 0.24899999797344208,
        "drop_argument": 0.6869999766349792,
        "ellipsis_n_bar_1": 0.6200000047683716,
        "ellipsis_n_bar_2": 0.6169999837875366,
        "existential_there_object_raising": 0.7979999780654907,
        "existential_there_quantifiers_1": 0.8790000081062317,
        "existential_there_quantifiers_2": 0.5920000076293945,
        "existential_there_subject_raising": 0.7289999723434448,
        "expletive_it_object_raising": 0.699999988079071,
        "inchoative": 0.41999998688697815,
        "intransitive": 0.5440000295639038,
        "irregular_past_participle_adjectives": 0.9959999918937683,
        "irregular_past_participle_verbs": 0.8389999866485596,
        "irregular_plural_subject_verb_agreement_1": 0.6809999942779541,
        "irregular_plural_subject_verb_agreement_2": 0.824999988079071,
        "left_branch_island_echo_question": 0.5640000104904175,
        "left_branch_island_simple_question": 0.3149999976158142,
        "matrix_question_npi_licensor_present": 0.2630000114440918,
        "npi_present_1": 0.4569999873638153,
        "npi_present_2": 0.453000009059906,
        "only_npi_licensor_present": 0.43700000643730164,
        "only_npi_scope": 0.781000018119812,
        "passive_1": 0.8270000219345093,
        "passive_2": 0.8500000238418579,
        "principle_A_c_command": 0.5740000009536743,
        "principle_A_case_1": 1.0,
        "principle_A_case_2": 0.7590000033378601,
        "principle_A_domain_1": 0.9940000176429749,
        "principle_A_domain_2": 0.703000009059906,
        "principle_A_domain_3": 0.4440000057220459,
        "principle_A_reconstruction": 0.5870000123977661,
        "regular_plural_subject_verb_agreement_1": 0.765999972820282,
        "regular_plural_subject_verb_agreement_2": 0.8220000267028809,
        "sentential_negation_npi_licensor_present": 0.9929999709129333,
        "sentential_negation_npi_scope": 0.4259999990463257,
        "sentential_subject_island": 0.35100001096725464,
        "superlative_quantifiers_1": 0.4880000054836273,
        "superlative_quantifiers_2": 0.781000018119812,
        "tough_vs_raising_1": 0.3930000066757202,
        "tough_vs_raising_2": 0.7429999709129333,
        "transitive": 0.7329999804496765,
        "wh_island": 0.5529999732971191,
        "wh_questions_object_gap": 0.49300000071525574,
        "wh_questions_subject_gap": 0.9150000214576721,
        "wh_questions_subject_gap_long_distance": 0.8960000276565552,
        "wh_vs_that_no_gap": 0.9369999766349792,
        "wh_vs_that_no_gap_long_distance": 0.921999990940094,
        "wh_vs_that_with_gap": 0.25099998712539673,
        "wh_vs_that_with_gap_long_distance": 0.13500000536441803
    }
}