{
    "accuracy": 0.6193134313199058,
    "by_phenomenon": {
        "anaphor_agreement": 0.6119999885559082,
        "argument_structure": 0.6455714191709246,
        "binding": 0.6709999995572227,
        "control_raising": 0.6286000072956085,
        "determiner_noun_agreement": 0.757374994456768,
        "ellipsis": 0.5244999974966049,
        "filler_gap_dependency": 0.6507142867360797,
        "irregular_forms": 0.8624999821186066,
        "island_effects": 0.4975000023841858,
        "npi_licensing": 0.4909999966621399,
        "quantifiers": 0.6195000074803829,
        "s-selection": 0.6464999914169312,
        "subject_verb_agreement": 0.5558333372076353
    },
    "by_uid": {
        "adjunct_island": 0.609000027179718,
        "anaphor_gender_agreement": 0.47699999809265137,
        "anaphor_number_agreement": 0.746999979019165,
        "animate_subject_passive": 0.6800000071525574,
        "animate_subject_trans": 0.6129999756813049,
        "causative": 0.49399998784065247,
        "complex_NP_island": 0.48399999737739563,
        "coordinate_structure_constraint_complex_left_branch": 0.32600000500679016,
        "coordinate_structure_constraint_object_extraction": 0.6840000152587891,
        "determiner_noun_agreement_1": 0.8479999899864197,
        "determiner_noun_agreement_2": 0.8270000219345093,
        "determiner_noun_agreement_irregular_1": 0.7170000076293945,
        "determiner_noun_agreement_irregular_2": 0.777999997138977,
        "determiner_noun_agreement_with_adj_2": 0.7590000033378601,
        "determiner_noun_agreement_with_adj_irregular_1": 0.6399999856948853,
        "determiner_noun_agreement_with_adj_irregular_2": 0.7239999771118164,
        "determiner_noun_agreement_with_adjective_1": 0.765999972820282,
        "distractor_agreement_relational_noun": 0.27300000190734863,
        "distractor_agreement_relative_clause": 0.23999999463558197,
        "drop_argument": 0.7039999961853027,
        "ellipsis_n_bar_1": 0.5509999990463257,
        "ellipsis_n_bar_2": 0.49799999594688416,
        "existential_there_object_raising": 0.7440000176429749,
        "existential_there_quantifiers_1": 0.8519999980926514,
        "existential_there_quantifiers_2": 0.20200000703334808,
        "existential_there_subject_raising": 0.6430000066757202,
        "expletive_it_object_raising": 0.7160000205039978,
        "inchoative": 0.4189999997615814,
        "intransitive": 0.5600000023841858,
        "irregular_past_participle_adjectives": 0.9129999876022339,
        "irregular_past_participle_verbs": 0.8119999766349792,
        "irregular_plural_subject_verb_agreement_1": 0.6850000023841858,
        "irregular_plural_subject_verb_agreement_2": 0.7350000143051147,
        "left_branch_island_echo_question": 0.38999998569488525,
        "left_branch_island_simple_question": 0.4020000100135803,
        "matrix_question_npi_licensor_present": 0.3190000057220459,
        "npi_present_1": 0.421999990940094,
        "npi_present_2": 0.36899998784065247,
        "only_npi_licensor_present": 0.40700000524520874,
        "only_npi_scope": 0.6779999732971191,
        "passive_1": 0.8349999785423279,
        "passive_2": 0.8199999928474426,
        "principle_A_c_command": 0.6029999852180481,
        "principle_A_case_1": 1.0,
        "principle_A_case_2": 0.6430000066757202,
        "principle_A_domain_1": 0.9580000042915344,
        "principle_A_domain_2": 0.6069999933242798,
        "principle_A_domain_3": 0.44200000166893005,
        "principle_A_reconstruction": 0.4440000057220459,
        "regular_plural_subject_verb_agreement_1": 0.6660000085830688,
        "regular_plural_subject_verb_agreement_2": 0.7360000014305115,
        "sentential_negation_npi_licensor_present": 0.9850000143051147,
        "sentential_negation_npi_scope": 0.25699999928474426,
        "sentential_subject_island": 0.5460000038146973,
        "superlative_quantifiers_1": 0.6690000295639038,
        "superlative_quantifiers_2": 0.7549999952316284,
        "tough_vs_raising_1": 0.36899998784065247,
        "tough_vs_raising_2": 0.6710000038146973,
        "transitive": 0.6869999766349792,
        "wh_island": 0.5389999747276306,
        "wh_questions_object_gap": 0.6060000061988831,
        "wh_questions_subject_gap": 0.9169999957084656,
        "wh_questions_subject_gap_long_distance": 0.9459999799728394,
        "wh_vs_that_no_gap": 0.9670000076293945,
        "wh_vs_that_no_gap_long_distance": 0.9570000171661377,
        "wh_vs_that_with_gap": 0.08500000089406967,
        "wh_vs_that_with_gap_long_distance": 0.07699999958276749
    }
}