{
    "accuracy": 0.660044778750014,
    "by_phenomenon": {
        "anaphor_agreement": 0.7170000076293945,
        "argument_structure": 0.6472857211317334,
        "binding": 0.703428579228265,
        "control_raising": 0.6748000025749207,
        "determiner_noun_agreement": 0.8129999935626984,
        "ellipsis": 0.6064999997615814,
        "filler_gap_dependency": 0.6550000022564616,
        "irregular_forms": 0.8840000033378601,
        "island_effects": 0.49137499928474426,
        "npi_licensing": 0.5857142848627908,
        "quantifiers": 0.7202500104904175,
        "s-selection": 0.675000011920929,
        "subject_verb_agreement": 0.6046666701634725
    },
    "by_uid": {
        "adjunct_island": 0.7839999794960022,
        "anaphor_gender_agreement": 0.597000002861023,
        "anaphor_number_agreement": 0.8370000123977661,
        "animate_subject_passive": 0.7260000109672546,
        "animate_subject_trans": 0.6240000128746033,
        "causative": 0.503000020980835,
        "complex_NP_island": 0.4699999988079071,
        "coordinate_structure_constraint_complex_left_branch": 0.26600000262260437,
        "coordinate_structure_constraint_object_extraction": 0.7440000176429749,
        "determiner_noun_agreement_1": 0.9020000100135803,
        "determiner_noun_agreement_2": 0.8949999809265137,
        "determiner_noun_agreement_irregular_1": 0.7599999904632568,
        "determiner_noun_agreement_irregular_2": 0.8629999756813049,
        "determiner_noun_agreement_with_adj_2": 0.8050000071525574,
        "determiner_noun_agreement_with_adj_irregular_1": 0.6800000071525574,
        "determiner_noun_agreement_with_adj_irregular_2": 0.7559999823570251,
        "determiner_noun_agreement_with_adjective_1": 0.8429999947547913,
        "distractor_agreement_relational_noun": 0.30799999833106995,
        "distractor_agreement_relative_clause": 0.26600000262260437,
        "drop_argument": 0.6790000200271606,
        "ellipsis_n_bar_1": 0.6190000176429749,
        "ellipsis_n_bar_2": 0.593999981880188,
        "existential_there_object_raising": 0.8009999990463257,
        "existential_there_quantifiers_1": 0.9610000252723694,
        "existential_there_quantifiers_2": 0.550000011920929,
        "existential_there_subject_raising": 0.7570000290870667,
        "expletive_it_object_raising": 0.7099999785423279,
        "inchoative": 0.41499999165534973,
        "intransitive": 0.5590000152587891,
        "irregular_past_participle_adjectives": 0.9449999928474426,
        "irregular_past_participle_verbs": 0.8230000138282776,
        "irregular_plural_subject_verb_agreement_1": 0.7089999914169312,
        "irregular_plural_subject_verb_agreement_2": 0.8090000152587891,
        "left_branch_island_echo_question": 0.5289999842643738,
        "left_branch_island_simple_question": 0.3190000057220459,
        "matrix_question_npi_licensor_present": 0.2919999957084656,
        "npi_present_1": 0.5350000262260437,
        "npi_present_2": 0.5370000004768372,
        "only_npi_licensor_present": 0.4440000057220459,
        "only_npi_scope": 0.8399999737739563,
        "passive_1": 0.8199999928474426,
        "passive_2": 0.843999981880188,
        "principle_A_c_command": 0.5770000219345093,
        "principle_A_case_1": 1.0,
        "principle_A_case_2": 0.7540000081062317,
        "principle_A_domain_1": 0.9950000047683716,
        "principle_A_domain_2": 0.6740000247955322,
        "principle_A_domain_3": 0.4519999921321869,
        "principle_A_reconstruction": 0.47200000286102295,
        "regular_plural_subject_verb_agreement_1": 0.7250000238418579,
        "regular_plural_subject_verb_agreement_2": 0.8109999895095825,
        "sentential_negation_npi_licensor_present": 0.9869999885559082,
        "sentential_negation_npi_scope": 0.4650000035762787,
        "sentential_subject_island": 0.33500000834465027,
        "superlative_quantifiers_1": 0.531000018119812,
        "superlative_quantifiers_2": 0.8389999866485596,
        "tough_vs_raising_1": 0.3840000033378601,
        "tough_vs_raising_2": 0.722000002861023,
        "transitive": 0.7110000252723694,
        "wh_island": 0.48399999737739563,
        "wh_questions_object_gap": 0.5120000243186951,
        "wh_questions_subject_gap": 0.9390000104904175,
        "wh_questions_subject_gap_long_distance": 0.9309999942779541,
        "wh_vs_that_no_gap": 0.9490000009536743,
        "wh_vs_that_no_gap_long_distance": 0.9599999785423279,
        "wh_vs_that_with_gap": 0.20200000703334808,
        "wh_vs_that_with_gap_long_distance": 0.09200000017881393
    }
}