{
    "accuracy": 0.6535522406225773,
    "by_phenomenon": {
        "anaphor_agreement": 0.6965000033378601,
        "argument_structure": 0.6491428485938481,
        "binding": 0.7175714373588562,
        "control_raising": 0.6685999929904938,
        "determiner_noun_agreement": 0.8142500072717667,
        "ellipsis": 0.6130000054836273,
        "filler_gap_dependency": 0.6497142825807843,
        "irregular_forms": 0.921999990940094,
        "island_effects": 0.4885000064969063,
        "npi_licensing": 0.5591428577899933,
        "quantifiers": 0.6410000026226044,
        "s-selection": 0.6745000183582306,
        "subject_verb_agreement": 0.6030000026027361
    },
    "by_uid": {
        "adjunct_island": 0.8230000138282776,
        "anaphor_gender_agreement": 0.5709999799728394,
        "anaphor_number_agreement": 0.8220000267028809,
        "animate_subject_passive": 0.7260000109672546,
        "animate_subject_trans": 0.6230000257492065,
        "causative": 0.5109999775886536,
        "complex_NP_island": 0.47200000286102295,
        "coordinate_structure_constraint_complex_left_branch": 0.2720000147819519,
        "coordinate_structure_constraint_object_extraction": 0.777999997138977,
        "determiner_noun_agreement_1": 0.9120000004768372,
        "determiner_noun_agreement_2": 0.9100000262260437,
        "determiner_noun_agreement_irregular_1": 0.7540000081062317,
        "determiner_noun_agreement_irregular_2": 0.8519999980926514,
        "determiner_noun_agreement_with_adj_2": 0.8149999976158142,
        "determiner_noun_agreement_with_adj_irregular_1": 0.6759999990463257,
        "determiner_noun_agreement_with_adj_irregular_2": 0.7580000162124634,
        "determiner_noun_agreement_with_adjective_1": 0.8370000123977661,
        "distractor_agreement_relational_noun": 0.3179999887943268,
        "distractor_agreement_relative_clause": 0.2460000067949295,
        "drop_argument": 0.6869999766349792,
        "ellipsis_n_bar_1": 0.6209999918937683,
        "ellipsis_n_bar_2": 0.6050000190734863,
        "existential_there_object_raising": 0.7929999828338623,
        "existential_there_quantifiers_1": 0.8970000147819519,
        "existential_there_quantifiers_2": 0.5540000200271606,
        "existential_there_subject_raising": 0.718999981880188,
        "expletive_it_object_raising": 0.6980000138282776,
        "inchoative": 0.40400001406669617,
        "intransitive": 0.5400000214576721,
        "irregular_past_participle_adjectives": 0.9950000047683716,
        "irregular_past_participle_verbs": 0.8489999771118164,
        "irregular_plural_subject_verb_agreement_1": 0.6790000200271606,
        "irregular_plural_subject_verb_agreement_2": 0.7879999876022339,
        "left_branch_island_echo_question": 0.5260000228881836,
        "left_branch_island_simple_question": 0.3149999976158142,
        "matrix_question_npi_licensor_present": 0.289000004529953,
        "npi_present_1": 0.492000013589859,
        "npi_present_2": 0.5019999742507935,
        "only_npi_licensor_present": 0.34299999475479126,
        "only_npi_scope": 0.8420000076293945,
        "passive_1": 0.824999988079071,
        "passive_2": 0.8399999737739563,
        "principle_A_c_command": 0.6029999852180481,
        "principle_A_case_1": 1.0,
        "principle_A_case_2": 0.7480000257492065,
        "principle_A_domain_1": 0.9980000257492065,
        "principle_A_domain_2": 0.6740000247955322,
        "principle_A_domain_3": 0.4480000138282776,
        "principle_A_reconstruction": 0.5519999861717224,
        "regular_plural_subject_verb_agreement_1": 0.7639999985694885,
        "regular_plural_subject_verb_agreement_2": 0.8230000138282776,
        "sentential_negation_npi_licensor_present": 0.9950000047683716,
        "sentential_negation_npi_scope": 0.45100000500679016,
        "sentential_subject_island": 0.30300000309944153,
        "superlative_quantifiers_1": 0.39800000190734863,
        "superlative_quantifiers_2": 0.7149999737739563,
        "tough_vs_raising_1": 0.35499998927116394,
        "tough_vs_raising_2": 0.777999997138977,
        "transitive": 0.7369999885559082,
        "wh_island": 0.4189999997615814,
        "wh_questions_object_gap": 0.515999972820282,
        "wh_questions_subject_gap": 0.9010000228881836,
        "wh_questions_subject_gap_long_distance": 0.902999997138977,
        "wh_vs_that_no_gap": 0.9319999814033508,
        "wh_vs_that_no_gap_long_distance": 0.9110000133514404,
        "wh_vs_that_with_gap": 0.25099998712539673,
        "wh_vs_that_with_gap_long_distance": 0.1340000033378601
    }
}