{
    "accuracy": 0.6543731346948823,
    "by_phenomenon": {
        "anaphor_agreement": 0.7349999845027924,
        "argument_structure": 0.6517142823764256,
        "binding": 0.7041428685188293,
        "control_raising": 0.671399998664856,
        "determiner_noun_agreement": 0.8197499960660934,
        "ellipsis": 0.6130000054836273,
        "filler_gap_dependency": 0.6458571404218674,
        "irregular_forms": 0.9160000085830688,
        "island_effects": 0.49037500098347664,
        "npi_licensing": 0.5497142842837742,
        "quantifiers": 0.6705000028014183,
        "s-selection": 0.6820000112056732,
        "subject_verb_agreement": 0.5951666658123335
    },
    "by_uid": {
        "adjunct_island": 0.7879999876022339,
        "anaphor_gender_agreement": 0.6169999837875366,
        "anaphor_number_agreement": 0.8529999852180481,
        "animate_subject_passive": 0.7250000238418579,
        "animate_subject_trans": 0.6389999985694885,
        "causative": 0.49799999594688416,
        "complex_NP_island": 0.4390000104904175,
        "coordinate_structure_constraint_complex_left_branch": 0.27300000190734863,
        "coordinate_structure_constraint_object_extraction": 0.777999997138977,
        "determiner_noun_agreement_1": 0.9100000262260437,
        "determiner_noun_agreement_2": 0.9110000133514404,
        "determiner_noun_agreement_irregular_1": 0.765999972820282,
        "determiner_noun_agreement_irregular_2": 0.8529999852180481,
        "determiner_noun_agreement_with_adj_2": 0.8259999752044678,
        "determiner_noun_agreement_with_adj_irregular_1": 0.6909999847412109,
        "determiner_noun_agreement_with_adj_irregular_2": 0.7590000033378601,
        "determiner_noun_agreement_with_adjective_1": 0.8420000076293945,
        "distractor_agreement_relational_noun": 0.29499998688697815,
        "distractor_agreement_relative_clause": 0.23999999463558197,
        "drop_argument": 0.6869999766349792,
        "ellipsis_n_bar_1": 0.6259999871253967,
        "ellipsis_n_bar_2": 0.6000000238418579,
        "existential_there_object_raising": 0.796999990940094,
        "existential_there_quantifiers_1": 0.8799999952316284,
        "existential_there_quantifiers_2": 0.6520000100135803,
        "existential_there_subject_raising": 0.7279999852180481,
        "expletive_it_object_raising": 0.699999988079071,
        "inchoative": 0.4090000092983246,
        "intransitive": 0.550000011920929,
        "irregular_past_participle_adjectives": 0.9959999918937683,
        "irregular_past_participle_verbs": 0.8360000252723694,
        "irregular_plural_subject_verb_agreement_1": 0.6710000038146973,
        "irregular_plural_subject_verb_agreement_2": 0.8109999895095825,
        "left_branch_island_echo_question": 0.5680000185966492,
        "left_branch_island_simple_question": 0.29899999499320984,
        "matrix_question_npi_licensor_present": 0.3050000071525574,
        "npi_present_1": 0.47999998927116394,
        "npi_present_2": 0.4790000021457672,
        "only_npi_licensor_present": 0.3019999861717224,
        "only_npi_scope": 0.8149999976158142,
        "passive_1": 0.8309999704360962,
        "passive_2": 0.8420000076293945,
        "principle_A_c_command": 0.5680000185966492,
        "principle_A_case_1": 1.0,
        "principle_A_case_2": 0.7390000224113464,
        "principle_A_domain_1": 0.9940000176429749,
        "principle_A_domain_2": 0.6669999957084656,
        "principle_A_domain_3": 0.4490000009536743,
        "principle_A_reconstruction": 0.5120000243186951,
        "regular_plural_subject_verb_agreement_1": 0.7620000243186951,
        "regular_plural_subject_verb_agreement_2": 0.7919999957084656,
        "sentential_negation_npi_licensor_present": 0.9950000047683716,
        "sentential_negation_npi_scope": 0.47200000286102295,
        "sentential_subject_island": 0.3019999861717224,
        "superlative_quantifiers_1": 0.4880000054836273,
        "superlative_quantifiers_2": 0.6620000004768372,
        "tough_vs_raising_1": 0.42500001192092896,
        "tough_vs_raising_2": 0.7070000171661377,
        "transitive": 0.7450000047683716,
        "wh_island": 0.47600001096725464,
        "wh_questions_object_gap": 0.460999995470047,
        "wh_questions_subject_gap": 0.902999997138977,
        "wh_questions_subject_gap_long_distance": 0.9100000262260437,
        "wh_vs_that_no_gap": 0.9229999780654907,
        "wh_vs_that_no_gap_long_distance": 0.9229999780654907,
        "wh_vs_that_with_gap": 0.2750000059604645,
        "wh_vs_that_with_gap_long_distance": 0.12600000202655792
    }
}