{
    "accuracy": 0.6584179091142185,
    "by_phenomenon": {
        "anaphor_agreement": 0.6820000112056732,
        "argument_structure": 0.6447142873491559,
        "binding": 0.6915714315005711,
        "control_raising": 0.6751999914646148,
        "determiner_noun_agreement": 0.8137499988079071,
        "ellipsis": 0.5855000019073486,
        "filler_gap_dependency": 0.6507142835429737,
        "irregular_forms": 0.8474999964237213,
        "island_effects": 0.5097499936819077,
        "npi_licensing": 0.6178571368966784,
        "quantifiers": 0.6630000025033951,
        "s-selection": 0.6840000152587891,
        "subject_verb_agreement": 0.6109999964634577
    },
    "by_uid": {
        "adjunct_island": 0.7549999952316284,
        "anaphor_gender_agreement": 0.5580000281333923,
        "anaphor_number_agreement": 0.8059999942779541,
        "animate_subject_passive": 0.722000002861023,
        "animate_subject_trans": 0.6460000276565552,
        "causative": 0.4950000047683716,
        "complex_NP_island": 0.46299999952316284,
        "coordinate_structure_constraint_complex_left_branch": 0.34599998593330383,
        "coordinate_structure_constraint_object_extraction": 0.7459999918937683,
        "determiner_noun_agreement_1": 0.9039999842643738,
        "determiner_noun_agreement_2": 0.8899999856948853,
        "determiner_noun_agreement_irregular_1": 0.7490000128746033,
        "determiner_noun_agreement_irregular_2": 0.8730000257492065,
        "determiner_noun_agreement_with_adj_2": 0.8169999718666077,
        "determiner_noun_agreement_with_adj_irregular_1": 0.671999990940094,
        "determiner_noun_agreement_with_adj_irregular_2": 0.7670000195503235,
        "determiner_noun_agreement_with_adjective_1": 0.8379999995231628,
        "distractor_agreement_relational_noun": 0.3269999921321869,
        "distractor_agreement_relative_clause": 0.28299999237060547,
        "drop_argument": 0.6840000152587891,
        "ellipsis_n_bar_1": 0.5649999976158142,
        "ellipsis_n_bar_2": 0.6060000061988831,
        "existential_there_object_raising": 0.7829999923706055,
        "existential_there_quantifiers_1": 0.9039999842643738,
        "existential_there_quantifiers_2": 0.49900001287460327,
        "existential_there_subject_raising": 0.7609999775886536,
        "expletive_it_object_raising": 0.7300000190734863,
        "inchoative": 0.4020000100135803,
        "intransitive": 0.5559999942779541,
        "irregular_past_participle_adjectives": 0.8579999804496765,
        "irregular_past_participle_verbs": 0.8370000123977661,
        "irregular_plural_subject_verb_agreement_1": 0.699999988079071,
        "irregular_plural_subject_verb_agreement_2": 0.7879999876022339,
        "left_branch_island_echo_question": 0.5419999957084656,
        "left_branch_island_simple_question": 0.4000000059604645,
        "matrix_question_npi_licensor_present": 0.31299999356269836,
        "npi_present_1": 0.550000011920929,
        "npi_present_2": 0.5090000033378601,
        "only_npi_licensor_present": 0.6890000104904175,
        "only_npi_scope": 0.8169999718666077,
        "passive_1": 0.8299999833106995,
        "passive_2": 0.8389999866485596,
        "principle_A_c_command": 0.6110000014305115,
        "principle_A_case_1": 1.0,
        "principle_A_case_2": 0.7210000157356262,
        "principle_A_domain_1": 0.984000027179718,
        "principle_A_domain_2": 0.6579999923706055,
        "principle_A_domain_3": 0.4659999907016754,
        "principle_A_reconstruction": 0.4009999930858612,
        "regular_plural_subject_verb_agreement_1": 0.7689999938011169,
        "regular_plural_subject_verb_agreement_2": 0.7990000247955322,
        "sentential_negation_npi_licensor_present": 0.9929999709129333,
        "sentential_negation_npi_scope": 0.45399999618530273,
        "sentential_subject_island": 0.3619999885559082,
        "superlative_quantifiers_1": 0.5830000042915344,
        "superlative_quantifiers_2": 0.6660000085830688,
        "tough_vs_raising_1": 0.37299999594688416,
        "tough_vs_raising_2": 0.7289999723434448,
        "transitive": 0.7070000171661377,
        "wh_island": 0.46399998664855957,
        "wh_questions_object_gap": 0.48500001430511475,
        "wh_questions_subject_gap": 0.9409999847412109,
        "wh_questions_subject_gap_long_distance": 0.9369999766349792,
        "wh_vs_that_no_gap": 0.953000009059906,
        "wh_vs_that_no_gap_long_distance": 0.9679999947547913,
        "wh_vs_that_with_gap": 0.1860000044107437,
        "wh_vs_that_with_gap_long_distance": 0.08500000089406967
    }
}