{
    "accuracy": 0.6133283559622159,
    "by_phenomenon": {
        "anaphor_agreement": 0.5724999904632568,
        "argument_structure": 0.6291428548949105,
        "binding": 0.673714280128479,
        "control_raising": 0.6365999937057495,
        "determiner_noun_agreement": 0.7386250048875809,
        "ellipsis": 0.5269999951124191,
        "filler_gap_dependency": 0.6451428623071739,
        "irregular_forms": 0.8129999935626984,
        "island_effects": 0.5257500000298023,
        "npi_licensing": 0.46957142438207355,
        "quantifiers": 0.6119999922811985,
        "s-selection": 0.6449999809265137,
        "subject_verb_agreement": 0.5515000000596046
    },
    "by_uid": {
        "adjunct_island": 0.5299999713897705,
        "anaphor_gender_agreement": 0.4449999928474426,
        "anaphor_number_agreement": 0.699999988079071,
        "animate_subject_passive": 0.6919999718666077,
        "animate_subject_trans": 0.5979999899864197,
        "causative": 0.45399999618530273,
        "complex_NP_island": 0.5220000147819519,
        "coordinate_structure_constraint_complex_left_branch": 0.3659999966621399,
        "coordinate_structure_constraint_object_extraction": 0.7400000095367432,
        "determiner_noun_agreement_1": 0.8330000042915344,
        "determiner_noun_agreement_2": 0.7990000247955322,
        "determiner_noun_agreement_irregular_1": 0.7260000109672546,
        "determiner_noun_agreement_irregular_2": 0.7459999918937683,
        "determiner_noun_agreement_with_adj_2": 0.7289999723434448,
        "determiner_noun_agreement_with_adj_irregular_1": 0.6230000257492065,
        "determiner_noun_agreement_with_adj_irregular_2": 0.7129999995231628,
        "determiner_noun_agreement_with_adjective_1": 0.7400000095367432,
        "distractor_agreement_relational_noun": 0.2370000034570694,
        "distractor_agreement_relative_clause": 0.25600001215934753,
        "drop_argument": 0.7160000205039978,
        "ellipsis_n_bar_1": 0.5830000042915344,
        "ellipsis_n_bar_2": 0.47099998593330383,
        "existential_there_object_raising": 0.7670000195503235,
        "existential_there_quantifiers_1": 0.8370000123977661,
        "existential_there_quantifiers_2": 0.15399999916553497,
        "existential_there_subject_raising": 0.6489999890327454,
        "expletive_it_object_raising": 0.7179999947547913,
        "inchoative": 0.38999998569488525,
        "intransitive": 0.5440000295639038,
        "irregular_past_participle_adjectives": 0.8809999823570251,
        "irregular_past_participle_verbs": 0.7450000047683716,
        "irregular_plural_subject_verb_agreement_1": 0.6639999747276306,
        "irregular_plural_subject_verb_agreement_2": 0.7549999952316284,
        "left_branch_island_echo_question": 0.3889999985694885,
        "left_branch_island_simple_question": 0.4650000035762787,
        "matrix_question_npi_licensor_present": 0.3089999854564667,
        "npi_present_1": 0.3569999933242798,
        "npi_present_2": 0.3400000035762787,
        "only_npi_licensor_present": 0.328000009059906,
        "only_npi_scope": 0.6349999904632568,
        "passive_1": 0.824999988079071,
        "passive_2": 0.7979999780654907,
        "principle_A_c_command": 0.6209999918937683,
        "principle_A_case_1": 1.0,
        "principle_A_case_2": 0.5899999737739563,
        "principle_A_domain_1": 0.972000002861023,
        "principle_A_domain_2": 0.5979999899864197,
        "principle_A_domain_3": 0.43799999356269836,
        "principle_A_reconstruction": 0.4970000088214874,
        "regular_plural_subject_verb_agreement_1": 0.6740000247955322,
        "regular_plural_subject_verb_agreement_2": 0.7229999899864197,
        "sentential_negation_npi_licensor_present": 0.9909999966621399,
        "sentential_negation_npi_scope": 0.3269999921321869,
        "sentential_subject_island": 0.5770000219345093,
        "superlative_quantifiers_1": 0.7519999742507935,
        "superlative_quantifiers_2": 0.7049999833106995,
        "tough_vs_raising_1": 0.3529999852180481,
        "tough_vs_raising_2": 0.6959999799728394,
        "transitive": 0.6769999861717224,
        "wh_island": 0.6169999837875366,
        "wh_questions_object_gap": 0.6060000061988831,
        "wh_questions_subject_gap": 0.9089999794960022,
        "wh_questions_subject_gap_long_distance": 0.9380000233650208,
        "wh_vs_that_no_gap": 0.9620000123977661,
        "wh_vs_that_no_gap_long_distance": 0.9620000123977661,
        "wh_vs_that_with_gap": 0.08500000089406967,
        "wh_vs_that_with_gap_long_distance": 0.05400000140070915
    }
}