{
    "accuracy": 0.6442985073176782,
    "by_phenomenon": {
        "anaphor_agreement": 0.6380000114440918,
        "argument_structure": 0.6467142914022718,
        "binding": 0.70414286000388,
        "control_raising": 0.6587999939918519,
        "determiner_noun_agreement": 0.8051249980926514,
        "ellipsis": 0.609499990940094,
        "filler_gap_dependency": 0.6519999983055251,
        "irregular_forms": 0.801499992609024,
        "island_effects": 0.5121250040829182,
        "npi_licensing": 0.5801428513867515,
        "quantifiers": 0.5600000098347664,
        "s-selection": 0.6674999892711639,
        "subject_verb_agreement": 0.5969999978939692
    },
    "by_uid": {
        "adjunct_island": 0.7440000176429749,
        "anaphor_gender_agreement": 0.5210000276565552,
        "anaphor_number_agreement": 0.7549999952316284,
        "animate_subject_passive": 0.7080000042915344,
        "animate_subject_trans": 0.6269999742507935,
        "causative": 0.49900001287460327,
        "complex_NP_island": 0.45399999618530273,
        "coordinate_structure_constraint_complex_left_branch": 0.32199999690055847,
        "coordinate_structure_constraint_object_extraction": 0.7440000176429749,
        "determiner_noun_agreement_1": 0.890999972820282,
        "determiner_noun_agreement_2": 0.8880000114440918,
        "determiner_noun_agreement_irregular_1": 0.7419999837875366,
        "determiner_noun_agreement_irregular_2": 0.8659999966621399,
        "determiner_noun_agreement_with_adj_2": 0.800000011920929,
        "determiner_noun_agreement_with_adj_irregular_1": 0.671999990940094,
        "determiner_noun_agreement_with_adj_irregular_2": 0.7630000114440918,
        "determiner_noun_agreement_with_adjective_1": 0.8190000057220459,
        "distractor_agreement_relational_noun": 0.28999999165534973,
        "distractor_agreement_relative_clause": 0.2639999985694885,
        "drop_argument": 0.6909999847412109,
        "ellipsis_n_bar_1": 0.6349999904632568,
        "ellipsis_n_bar_2": 0.5839999914169312,
        "existential_there_object_raising": 0.7559999823570251,
        "existential_there_quantifiers_1": 0.8619999885559082,
        "existential_there_quantifiers_2": 0.2980000078678131,
        "existential_there_subject_raising": 0.7450000047683716,
        "expletive_it_object_raising": 0.7129999995231628,
        "inchoative": 0.4050000011920929,
        "intransitive": 0.5609999895095825,
        "irregular_past_participle_adjectives": 0.7879999876022339,
        "irregular_past_participle_verbs": 0.8149999976158142,
        "irregular_plural_subject_verb_agreement_1": 0.699999988079071,
        "irregular_plural_subject_verb_agreement_2": 0.7720000147819519,
        "left_branch_island_echo_question": 0.5360000133514404,
        "left_branch_island_simple_question": 0.3569999933242798,
        "matrix_question_npi_licensor_present": 0.2930000126361847,
        "npi_present_1": 0.4440000057220459,
        "npi_present_2": 0.45100000500679016,
        "only_npi_licensor_present": 0.6819999814033508,
        "only_npi_scope": 0.843999981880188,
        "passive_1": 0.8270000219345093,
        "passive_2": 0.8360000252723694,
        "principle_A_c_command": 0.6579999923706055,
        "principle_A_case_1": 1.0,
        "principle_A_case_2": 0.734000027179718,
        "principle_A_domain_1": 0.9879999756813049,
        "principle_A_domain_2": 0.6370000243186951,
        "principle_A_domain_3": 0.47099998593330383,
        "principle_A_reconstruction": 0.4410000145435333,
        "regular_plural_subject_verb_agreement_1": 0.7490000128746033,
        "regular_plural_subject_verb_agreement_2": 0.8069999814033508,
        "sentential_negation_npi_licensor_present": 0.9919999837875366,
        "sentential_negation_npi_scope": 0.35499998927116394,
        "sentential_subject_island": 0.37599998712539673,
        "superlative_quantifiers_1": 0.5580000281333923,
        "superlative_quantifiers_2": 0.5220000147819519,
        "tough_vs_raising_1": 0.3659999966621399,
        "tough_vs_raising_2": 0.7139999866485596,
        "transitive": 0.7080000042915344,
        "wh_island": 0.5640000104904175,
        "wh_questions_object_gap": 0.5379999876022339,
        "wh_questions_subject_gap": 0.925000011920929,
        "wh_questions_subject_gap_long_distance": 0.9409999847412109,
        "wh_vs_that_no_gap": 0.9539999961853027,
        "wh_vs_that_no_gap_long_distance": 0.953000009059906,
        "wh_vs_that_with_gap": 0.16699999570846558,
        "wh_vs_that_with_gap_long_distance": 0.0860000029206276
    }
}