{
    "accuracy": 0.558746268189123,
    "by_phenomenon": {
        "anaphor_agreement": 0.3525000065565109,
        "argument_structure": 0.5768571453435081,
        "binding": 0.6471428530556815,
        "control_raising": 0.601800000667572,
        "determiner_noun_agreement": 0.4937500022351742,
        "ellipsis": 0.28699999302625656,
        "filler_gap_dependency": 0.6692857201643554,
        "irregular_forms": 0.664000004529953,
        "island_effects": 0.4781249947845936,
        "npi_licensing": 0.576285719871521,
        "quantifiers": 0.5784999914467335,
        "s-selection": 0.6299999952316284,
        "subject_verb_agreement": 0.5306666592756907
    },
    "by_uid": {
        "adjunct_island": 0.5009999871253967,
        "anaphor_gender_agreement": 0.24300000071525574,
        "anaphor_number_agreement": 0.4620000123977661,
        "animate_subject_passive": 0.6520000100135803,
        "animate_subject_trans": 0.6079999804496765,
        "causative": 0.43700000643730164,
        "complex_NP_island": 0.5170000195503235,
        "coordinate_structure_constraint_complex_left_branch": 0.4699999988079071,
        "coordinate_structure_constraint_object_extraction": 0.49300000071525574,
        "determiner_noun_agreement_1": 0.5320000052452087,
        "determiner_noun_agreement_2": 0.4880000054836273,
        "determiner_noun_agreement_irregular_1": 0.460999995470047,
        "determiner_noun_agreement_irregular_2": 0.531000018119812,
        "determiner_noun_agreement_with_adj_2": 0.47600001096725464,
        "determiner_noun_agreement_with_adj_irregular_1": 0.4399999976158142,
        "determiner_noun_agreement_with_adj_irregular_2": 0.5329999923706055,
        "determiner_noun_agreement_with_adjective_1": 0.48899999260902405,
        "distractor_agreement_relational_noun": 0.4580000042915344,
        "distractor_agreement_relative_clause": 0.4909999966621399,
        "drop_argument": 0.7260000109672546,
        "ellipsis_n_bar_1": 0.33399999141693115,
        "ellipsis_n_bar_2": 0.23999999463558197,
        "existential_there_object_raising": 0.7319999933242798,
        "existential_there_quantifiers_1": 0.6439999938011169,
        "existential_there_quantifiers_2": 0.7039999961853027,
        "existential_there_subject_raising": 0.5950000286102295,
        "expletive_it_object_raising": 0.6399999856948853,
        "inchoative": 0.33399999141693115,
        "intransitive": 0.531000018119812,
        "irregular_past_participle_adjectives": 0.8320000171661377,
        "irregular_past_participle_verbs": 0.4959999918937683,
        "irregular_plural_subject_verb_agreement_1": 0.5049999952316284,
        "irregular_plural_subject_verb_agreement_2": 0.593999981880188,
        "left_branch_island_echo_question": 0.4749999940395355,
        "left_branch_island_simple_question": 0.49799999594688416,
        "matrix_question_npi_licensor_present": 0.2879999876022339,
        "npi_present_1": 0.5860000252723694,
        "npi_present_2": 0.5690000057220459,
        "only_npi_licensor_present": 0.4269999861717224,
        "only_npi_scope": 0.5870000123977661,
        "passive_1": 0.7210000157356262,
        "passive_2": 0.7009999752044678,
        "principle_A_c_command": 0.6629999876022339,
        "principle_A_case_1": 0.9990000128746033,
        "principle_A_case_2": 0.44600000977516174,
        "principle_A_domain_1": 1.0,
        "principle_A_domain_2": 0.5799999833106995,
        "principle_A_domain_3": 0.44999998807907104,
        "principle_A_reconstruction": 0.3919999897480011,
        "regular_plural_subject_verb_agreement_1": 0.6449999809265137,
        "regular_plural_subject_verb_agreement_2": 0.4909999966621399,
        "sentential_negation_npi_licensor_present": 0.9980000257492065,
        "sentential_negation_npi_scope": 0.5789999961853027,
        "sentential_subject_island": 0.5249999761581421,
        "superlative_quantifiers_1": 0.17299999296665192,
        "superlative_quantifiers_2": 0.7929999828338623,
        "tough_vs_raising_1": 0.3370000123977661,
        "tough_vs_raising_2": 0.7049999833106995,
        "transitive": 0.5879999995231628,
        "wh_island": 0.34599998593330383,
        "wh_questions_object_gap": 0.7919999957084656,
        "wh_questions_subject_gap": 0.9520000219345093,
        "wh_questions_subject_gap_long_distance": 0.9440000057220459,
        "wh_vs_that_no_gap": 0.9950000047683716,
        "wh_vs_that_no_gap_long_distance": 0.9990000128746033,
        "wh_vs_that_with_gap": 0.0010000000474974513,
        "wh_vs_that_with_gap_long_distance": 0.0020000000949949026
    }
}