{
    "accuracy": 0.6655074658233728,
    "by_phenomenon": {
        "anaphor_agreement": 0.6969999969005585,
        "argument_structure": 0.6485714273793357,
        "binding": 0.6957142863954816,
        "control_raising": 0.676800012588501,
        "determiner_noun_agreement": 0.8126250058412552,
        "ellipsis": 0.6120000183582306,
        "filler_gap_dependency": 0.6498571527855737,
        "irregular_forms": 0.898499995470047,
        "island_effects": 0.5081250034272671,
        "npi_licensing": 0.6132857118334089,
        "quantifiers": 0.7502500116825104,
        "s-selection": 0.6674999892711639,
        "subject_verb_agreement": 0.6059999962647756
    },
    "by_uid": {
        "adjunct_island": 0.796999990940094,
        "anaphor_gender_agreement": 0.5820000171661377,
        "anaphor_number_agreement": 0.8119999766349792,
        "animate_subject_passive": 0.7049999833106995,
        "animate_subject_trans": 0.6299999952316284,
        "causative": 0.492000013589859,
        "complex_NP_island": 0.45500001311302185,
        "coordinate_structure_constraint_complex_left_branch": 0.30300000309944153,
        "coordinate_structure_constraint_object_extraction": 0.7739999890327454,
        "determiner_noun_agreement_1": 0.9010000228881836,
        "determiner_noun_agreement_2": 0.9049999713897705,
        "determiner_noun_agreement_irregular_1": 0.7549999952316284,
        "determiner_noun_agreement_irregular_2": 0.8610000014305115,
        "determiner_noun_agreement_with_adj_2": 0.8050000071525574,
        "determiner_noun_agreement_with_adj_irregular_1": 0.675000011920929,
        "determiner_noun_agreement_with_adj_irregular_2": 0.7580000162124634,
        "determiner_noun_agreement_with_adjective_1": 0.8410000205039978,
        "distractor_agreement_relational_noun": 0.29899999499320984,
        "distractor_agreement_relative_clause": 0.2709999978542328,
        "drop_argument": 0.6819999814033508,
        "ellipsis_n_bar_1": 0.628000020980835,
        "ellipsis_n_bar_2": 0.5960000157356262,
        "existential_there_object_raising": 0.8080000281333923,
        "existential_there_quantifiers_1": 0.9240000247955322,
        "existential_there_quantifiers_2": 0.675000011920929,
        "existential_there_subject_raising": 0.7400000095367432,
        "expletive_it_object_raising": 0.7129999995231628,
        "inchoative": 0.4129999876022339,
        "intransitive": 0.5619999766349792,
        "irregular_past_participle_adjectives": 0.9660000205039978,
        "irregular_past_participle_verbs": 0.8309999704360962,
        "irregular_plural_subject_verb_agreement_1": 0.6859999895095825,
        "irregular_plural_subject_verb_agreement_2": 0.8109999895095825,
        "left_branch_island_echo_question": 0.5490000247955322,
        "left_branch_island_simple_question": 0.34299999475479126,
        "matrix_question_npi_licensor_present": 0.2919999957084656,
        "npi_present_1": 0.5699999928474426,
        "npi_present_2": 0.5609999895095825,
        "only_npi_licensor_present": 0.5109999775886536,
        "only_npi_scope": 0.878000020980835,
        "passive_1": 0.8339999914169312,
        "passive_2": 0.8460000157356262,
        "principle_A_c_command": 0.5860000252723694,
        "principle_A_case_1": 1.0,
        "principle_A_case_2": 0.7260000109672546,
        "principle_A_domain_1": 0.9929999709129333,
        "principle_A_domain_2": 0.6620000004768372,
        "principle_A_domain_3": 0.4729999899864197,
        "principle_A_reconstruction": 0.4300000071525574,
        "regular_plural_subject_verb_agreement_1": 0.7590000033378601,
        "regular_plural_subject_verb_agreement_2": 0.8100000023841858,
        "sentential_negation_npi_licensor_present": 0.9990000128746033,
        "sentential_negation_npi_scope": 0.4819999933242798,
        "sentential_subject_island": 0.30799999833106995,
        "superlative_quantifiers_1": 0.6470000147819519,
        "superlative_quantifiers_2": 0.7549999952316284,
        "tough_vs_raising_1": 0.36000001430511475,
        "tough_vs_raising_2": 0.7630000114440918,
        "transitive": 0.7110000252723694,
        "wh_island": 0.5360000133514404,
        "wh_questions_object_gap": 0.503000020980835,
        "wh_questions_subject_gap": 0.9240000247955322,
        "wh_questions_subject_gap_long_distance": 0.9240000247955322,
        "wh_vs_that_no_gap": 0.9520000219345093,
        "wh_vs_that_no_gap_long_distance": 0.9599999785423279,
        "wh_vs_that_with_gap": 0.19699999690055847,
        "wh_vs_that_with_gap_long_distance": 0.08900000154972076
    }
}