{
    "accuracy": 0.6596567143700016,
    "by_phenomenon": {
        "anaphor_agreement": 0.6584999859333038,
        "argument_structure": 0.6461428574153355,
        "binding": 0.6988571456500462,
        "control_raising": 0.6716000020503998,
        "determiner_noun_agreement": 0.8150000050663948,
        "ellipsis": 0.5965000092983246,
        "filler_gap_dependency": 0.6621428579092026,
        "irregular_forms": 0.8774999976158142,
        "island_effects": 0.5148749947547913,
        "npi_licensing": 0.613999992609024,
        "quantifiers": 0.6574999913573265,
        "s-selection": 0.6724999845027924,
        "subject_verb_agreement": 0.6019999931255976
    },
    "by_uid": {
        "adjunct_island": 0.7879999876022339,
        "anaphor_gender_agreement": 0.5329999923706055,
        "anaphor_number_agreement": 0.7839999794960022,
        "animate_subject_passive": 0.7059999704360962,
        "animate_subject_trans": 0.6389999985694885,
        "causative": 0.4970000088214874,
        "complex_NP_island": 0.4860000014305115,
        "coordinate_structure_constraint_complex_left_branch": 0.3190000057220459,
        "coordinate_structure_constraint_object_extraction": 0.7450000047683716,
        "determiner_noun_agreement_1": 0.8980000019073486,
        "determiner_noun_agreement_2": 0.8960000276565552,
        "determiner_noun_agreement_irregular_1": 0.7580000162124634,
        "determiner_noun_agreement_irregular_2": 0.8669999837875366,
        "determiner_noun_agreement_with_adj_2": 0.8050000071525574,
        "determiner_noun_agreement_with_adj_irregular_1": 0.6869999766349792,
        "determiner_noun_agreement_with_adj_irregular_2": 0.7630000114440918,
        "determiner_noun_agreement_with_adjective_1": 0.8460000157356262,
        "distractor_agreement_relational_noun": 0.32499998807907104,
        "distractor_agreement_relative_clause": 0.2669999897480011,
        "drop_argument": 0.6729999780654907,
        "ellipsis_n_bar_1": 0.5929999947547913,
        "ellipsis_n_bar_2": 0.6000000238418579,
        "existential_there_object_raising": 0.7929999828338623,
        "existential_there_quantifiers_1": 0.9350000023841858,
        "existential_there_quantifiers_2": 0.5199999809265137,
        "existential_there_subject_raising": 0.7450000047683716,
        "expletive_it_object_raising": 0.7160000205039978,
        "inchoative": 0.41499999165534973,
        "intransitive": 0.5490000247955322,
        "irregular_past_participle_adjectives": 0.9169999957084656,
        "irregular_past_participle_verbs": 0.8379999995231628,
        "irregular_plural_subject_verb_agreement_1": 0.703000009059906,
        "irregular_plural_subject_verb_agreement_2": 0.7829999923706055,
        "left_branch_island_echo_question": 0.5410000085830688,
        "left_branch_island_simple_question": 0.3619999885559082,
        "matrix_question_npi_licensor_present": 0.3140000104904175,
        "npi_present_1": 0.5619999766349792,
        "npi_present_2": 0.515999972820282,
        "only_npi_licensor_present": 0.6019999980926514,
        "only_npi_scope": 0.8659999966621399,
        "passive_1": 0.8339999914169312,
        "passive_2": 0.8339999914169312,
        "principle_A_c_command": 0.5860000252723694,
        "principle_A_case_1": 1.0,
        "principle_A_case_2": 0.7400000095367432,
        "principle_A_domain_1": 0.9919999837875366,
        "principle_A_domain_2": 0.6679999828338623,
        "principle_A_domain_3": 0.4650000035762787,
        "principle_A_reconstruction": 0.4410000145435333,
        "regular_plural_subject_verb_agreement_1": 0.7279999852180481,
        "regular_plural_subject_verb_agreement_2": 0.8059999942779541,
        "sentential_negation_npi_licensor_present": 0.9909999966621399,
        "sentential_negation_npi_scope": 0.44699999690055847,
        "sentential_subject_island": 0.32499998807907104,
        "superlative_quantifiers_1": 0.41999998688697815,
        "superlative_quantifiers_2": 0.7549999952316284,
        "tough_vs_raising_1": 0.382999986410141,
        "tough_vs_raising_2": 0.7210000157356262,
        "transitive": 0.7210000157356262,
        "wh_island": 0.5529999732971191,
        "wh_questions_object_gap": 0.5350000262260437,
        "wh_questions_subject_gap": 0.9449999928474426,
        "wh_questions_subject_gap_long_distance": 0.9549999833106995,
        "wh_vs_that_no_gap": 0.9589999914169312,
        "wh_vs_that_no_gap_long_distance": 0.972000002861023,
        "wh_vs_that_with_gap": 0.1940000057220459,
        "wh_vs_that_with_gap_long_distance": 0.07500000298023224
    }
}