{
    "accuracy": 0.6623134301669562,
    "by_phenomenon": {
        "anaphor_agreement": 0.7100000083446503,
        "argument_structure": 0.6548571501459394,
        "binding": 0.718714292560305,
        "control_raising": 0.6581999957561493,
        "determiner_noun_agreement": 0.8219999969005585,
        "ellipsis": 0.6180000007152557,
        "filler_gap_dependency": 0.6549999926771436,
        "irregular_forms": 0.9259999990463257,
        "island_effects": 0.5264999940991402,
        "npi_licensing": 0.5785714260169438,
        "quantifiers": 0.63349998742342,
        "s-selection": 0.6704999804496765,
        "subject_verb_agreement": 0.6104999929666519
    },
    "by_uid": {
        "adjunct_island": 0.8100000023841858,
        "anaphor_gender_agreement": 0.597000002861023,
        "anaphor_number_agreement": 0.8230000138282776,
        "animate_subject_passive": 0.7149999737739563,
        "animate_subject_trans": 0.6259999871253967,
        "causative": 0.5139999985694885,
        "complex_NP_island": 0.4729999899864197,
        "coordinate_structure_constraint_complex_left_branch": 0.3240000009536743,
        "coordinate_structure_constraint_object_extraction": 0.7549999952316284,
        "determiner_noun_agreement_1": 0.9089999794960022,
        "determiner_noun_agreement_2": 0.9290000200271606,
        "determiner_noun_agreement_irregular_1": 0.7509999871253967,
        "determiner_noun_agreement_irregular_2": 0.8619999885559082,
        "determiner_noun_agreement_with_adj_2": 0.8420000076293945,
        "determiner_noun_agreement_with_adj_irregular_1": 0.6700000166893005,
        "determiner_noun_agreement_with_adj_irregular_2": 0.7699999809265137,
        "determiner_noun_agreement_with_adjective_1": 0.8429999947547913,
        "distractor_agreement_relational_noun": 0.32899999618530273,
        "distractor_agreement_relative_clause": 0.2669999897480011,
        "drop_argument": 0.6930000185966492,
        "ellipsis_n_bar_1": 0.6359999775886536,
        "ellipsis_n_bar_2": 0.6000000238418579,
        "existential_there_object_raising": 0.7609999775886536,
        "existential_there_quantifiers_1": 0.890999972820282,
        "existential_there_quantifiers_2": 0.47099998593330383,
        "existential_there_subject_raising": 0.7229999899864197,
        "expletive_it_object_raising": 0.6859999895095825,
        "inchoative": 0.41600000858306885,
        "intransitive": 0.5400000214576721,
        "irregular_past_participle_adjectives": 0.9929999709129333,
        "irregular_past_participle_verbs": 0.859000027179718,
        "irregular_plural_subject_verb_agreement_1": 0.6909999847412109,
        "irregular_plural_subject_verb_agreement_2": 0.828000009059906,
        "left_branch_island_echo_question": 0.6449999809265137,
        "left_branch_island_simple_question": 0.3269999921321869,
        "matrix_question_npi_licensor_present": 0.25,
        "npi_present_1": 0.5709999799728394,
        "npi_present_2": 0.4480000138282776,
        "only_npi_licensor_present": 0.5410000085830688,
        "only_npi_scope": 0.828000009059906,
        "passive_1": 0.8259999752044678,
        "passive_2": 0.8450000286102295,
        "principle_A_c_command": 0.6000000238418579,
        "principle_A_case_1": 1.0,
        "principle_A_case_2": 0.7870000004768372,
        "principle_A_domain_1": 0.9940000176429749,
        "principle_A_domain_2": 0.6549999713897705,
        "principle_A_domain_3": 0.46000000834465027,
        "principle_A_reconstruction": 0.5350000262260437,
        "regular_plural_subject_verb_agreement_1": 0.7639999985694885,
        "regular_plural_subject_verb_agreement_2": 0.7839999794960022,
        "sentential_negation_npi_licensor_present": 0.996999979019165,
        "sentential_negation_npi_scope": 0.41499999165534973,
        "sentential_subject_island": 0.2939999997615814,
        "superlative_quantifiers_1": 0.34200000762939453,
        "superlative_quantifiers_2": 0.8299999833106995,
        "tough_vs_raising_1": 0.3580000102519989,
        "tough_vs_raising_2": 0.7630000114440918,
        "transitive": 0.75,
        "wh_island": 0.5839999914169312,
        "wh_questions_object_gap": 0.5109999775886536,
        "wh_questions_subject_gap": 0.9089999794960022,
        "wh_questions_subject_gap_long_distance": 0.9079999923706055,
        "wh_vs_that_no_gap": 0.9359999895095825,
        "wh_vs_that_no_gap_long_distance": 0.9380000233650208,
        "wh_vs_that_with_gap": 0.257999986410141,
        "wh_vs_that_with_gap_long_distance": 0.125
    }
}