{
    "accuracy": 0.6441492552855121,
    "by_phenomenon": {
        "anaphor_agreement": 0.6370000243186951,
        "argument_structure": 0.6398571389062064,
        "binding": 0.6971428607191358,
        "control_raising": 0.665200012922287,
        "determiner_noun_agreement": 0.8021249994635582,
        "ellipsis": 0.5900000035762787,
        "filler_gap_dependency": 0.6545714257018906,
        "irregular_forms": 0.8075000047683716,
        "island_effects": 0.5054999999701977,
        "npi_licensing": 0.5857142891202655,
        "quantifiers": 0.5729999989271164,
        "s-selection": 0.6665000021457672,
        "subject_verb_agreement": 0.6059999962647756
    },
    "by_uid": {
        "adjunct_island": 0.7369999885559082,
        "anaphor_gender_agreement": 0.5120000243186951,
        "anaphor_number_agreement": 0.7620000243186951,
        "animate_subject_passive": 0.7170000076293945,
        "animate_subject_trans": 0.6159999966621399,
        "causative": 0.49900001287460327,
        "complex_NP_island": 0.44699999690055847,
        "coordinate_structure_constraint_complex_left_branch": 0.34200000762939453,
        "coordinate_structure_constraint_object_extraction": 0.7239999771118164,
        "determiner_noun_agreement_1": 0.8889999985694885,
        "determiner_noun_agreement_2": 0.8849999904632568,
        "determiner_noun_agreement_irregular_1": 0.7310000061988831,
        "determiner_noun_agreement_irregular_2": 0.8539999723434448,
        "determiner_noun_agreement_with_adj_2": 0.8009999990463257,
        "determiner_noun_agreement_with_adj_irregular_1": 0.6660000085830688,
        "determiner_noun_agreement_with_adj_irregular_2": 0.7670000195503235,
        "determiner_noun_agreement_with_adjective_1": 0.8240000009536743,
        "distractor_agreement_relational_noun": 0.31200000643730164,
        "distractor_agreement_relative_clause": 0.28999999165534973,
        "drop_argument": 0.6769999861717224,
        "ellipsis_n_bar_1": 0.6110000014305115,
        "ellipsis_n_bar_2": 0.5690000057220459,
        "existential_there_object_raising": 0.7730000019073486,
        "existential_there_quantifiers_1": 0.871999979019165,
        "existential_there_quantifiers_2": 0.35600000619888306,
        "existential_there_subject_raising": 0.753000020980835,
        "expletive_it_object_raising": 0.7110000252723694,
        "inchoative": 0.39800000190734863,
        "intransitive": 0.5389999747276306,
        "irregular_past_participle_adjectives": 0.7929999828338623,
        "irregular_past_participle_verbs": 0.8220000267028809,
        "irregular_plural_subject_verb_agreement_1": 0.6949999928474426,
        "irregular_plural_subject_verb_agreement_2": 0.7839999794960022,
        "left_branch_island_echo_question": 0.492000013589859,
        "left_branch_island_simple_question": 0.4009999930858612,
        "matrix_question_npi_licensor_present": 0.2939999997615814,
        "npi_present_1": 0.4749999940395355,
        "npi_present_2": 0.5070000290870667,
        "only_npi_licensor_present": 0.6480000019073486,
        "only_npi_scope": 0.8299999833106995,
        "passive_1": 0.8299999833106995,
        "passive_2": 0.8320000171661377,
        "principle_A_c_command": 0.6340000033378601,
        "principle_A_case_1": 1.0,
        "principle_A_case_2": 0.7450000047683716,
        "principle_A_domain_1": 0.984000027179718,
        "principle_A_domain_2": 0.6349999904632568,
        "principle_A_domain_3": 0.4749999940395355,
        "principle_A_reconstruction": 0.40700000524520874,
        "regular_plural_subject_verb_agreement_1": 0.7559999823570251,
        "regular_plural_subject_verb_agreement_2": 0.7990000247955322,
        "sentential_negation_npi_licensor_present": 0.9950000047683716,
        "sentential_negation_npi_scope": 0.35100001096725464,
        "sentential_subject_island": 0.375,
        "superlative_quantifiers_1": 0.4490000009536743,
        "superlative_quantifiers_2": 0.6150000095367432,
        "tough_vs_raising_1": 0.3400000035762787,
        "tough_vs_raising_2": 0.7490000128746033,
        "transitive": 0.7039999961853027,
        "wh_island": 0.5260000228881836,
        "wh_questions_object_gap": 0.5519999861717224,
        "wh_questions_subject_gap": 0.9419999718666077,
        "wh_questions_subject_gap_long_distance": 0.9589999914169312,
        "wh_vs_that_no_gap": 0.953000009059906,
        "wh_vs_that_no_gap_long_distance": 0.9620000123977661,
        "wh_vs_that_with_gap": 0.14300000667572021,
        "wh_vs_that_with_gap_long_distance": 0.07100000232458115
    }
}